Rank,Correlation
255,0.030447397734576123
182,0.053532946405048354
46,0.1144020225998642
1,0.22330257196346234
4,0.18318218677908732
0,0.26771768913649086
0,0.27591853955497536
2,0.16462567676726483
137,0.06208970500173017
2,0.16918767460881176
2,0.27089441778520307
0,0.25451754160764023
