dataset_id,train_ratio,input_dim,output_dim,num_epochs,batch_size,learning_rate,loss_function,embedding_type,negative_ratio,temperature,train_auc,valid_auc,test_auc,train_pr_auc,valid_pr_auc,test_pr_auc,train_f1,valid_f1,test_f1,train_k_precision,valid_k_precision,test_k_precision,train_mcc,valid_mcc,test_mcc,train_k_recall,valid_k_recall,test_k_recall
1006,0.8,64,16,50,32,0.001,SNN,pca,50,1.0,0.9541,0.9581,0.9418,0.3792,0.414,0.384,0.0819,0.0821,0.0817,0.3816,0.4393,0.3699,-0.0045,0.0033,-0.0391,0.3816,0.4393,0.3699
1005,0.8,64,16,50,32,0.001,SNN,pca,50,1.0,0.7964,0.7886,0.7985,0.257,0.2414,0.2485,0.1664,0.1667,0.1661,0.2872,0.2807,0.2779,-0.0083,0.0122,-0.0317,0.2872,0.2807,0.2779
1003,0.8,64,16,50,32,0.001,SNN,pca,50,1.0,0.9827794440612896,0.9854081286443009,0.9777780429928693,0.35348148698766646,0.05294527245682173,0.05652156958574346,0.01623549409437874,0.002067929690390527,0.002015983872129023,,,,,,,,,
1003,0.8,64,16,50,32,0.001,SNN,pca,50,1.0,0.9822928348336498,0.9772568623682341,0.9778183388577514,0.35328281574315673,0.04167800024503339,0.05103735699356766,0.01630639825577932,0.001980019800198002,0.002031967488520184,0.3609352167559669,0.03434343434343434,0.06299212598425197,,,,,,
1003,0.8,64,16,50,32,0.001,SNN,pca,50,1.0,0.9781,0.9817,0.9737,0.3014,0.3191,0.3267,0.0162,0.0162,0.0162,0.2919,0.3105,0.3381,0.0005,-0.0026,-0.0044,0.2919,0.3105,0.3381
1003,0.8,64,16,50,32,0.001,SNN,pca,50,1.0,0.9816,0.9735,0.9767,0.3114,0.0394,0.0447,0.0162,0.002,0.0021,0.3073,0.0318,0.0457,0.0,0.0,0.0,0.3073,0.0318,0.0457
1003,0.8,64,16,50,32,0.001,SNN,pca,50,1.0,0.9805278251710039,0.9788737621439516,0.9833969258402893,,,,,,,,,,,,,,,
1,0.8,64,16,5,16,0.001,SNN,pca,100,0.1,0.4859,0.4954,0.4996,0.0233,0.0244,0.0277,0.0503,0.0508,0.0506,0.0049,0.0,0.0385,0.006,0.009,0.0,0.0049,0.0,0.0385
1,0.3,64,16,5,16,0.0005,SNN,pca,50,0.1,0.5407,0.5314,0.5034,0.0271,0.0305,0.0253,0.0501,0.0502,0.0507,0.013,0.0444,0.0,0.0059,0.0048,0.0062,0.013,0.0444,0.0
1,0.3,64,16,5,64,0.001,SNN,pca,100,0.1,0.5645,0.5971,0.5765,0.0317,0.0316,0.0324,0.0501,0.0503,0.0507,0.026,0.0222,0.022,0.0059,0.0078,0.0055,0.026,0.0222,0.022
1,0.3,64,16,5,64,0.001,SNN,pca,20,0.1,0.5125,0.5838,0.5541,0.0274,0.031,0.0303,0.0501,0.0503,0.0508,0.039,0.0333,0.022,0.003,0.0078,0.0087,0.039,0.0333,0.022
1,0.5,64,16,5,16,0.0005,SNN,pca,5,1.0,0.883,0.8741,0.8598,0.2961,0.3125,0.3721,0.05,0.0508,0.0508,0.3906,0.4462,0.5538,0.0046,0.008,0.0073,0.3906,0.4462,0.5538
1,0.8,64,16,5,16,0.001,SNN,pca,50,1.0,0.9494,0.9579,0.9668,0.2605,0.4051,0.355,0.0503,0.0506,0.0507,0.3058,0.5,0.3462,0.0063,0.0,0.0052,0.3058,0.5,0.3462
1,0.8,64,16,200,32,0.001,SNN,pca,50,1.0,0.9405,0.9316,0.9413,0.2128,0.203,0.2163,0.0503,0.0508,0.0507,0.2087,0.1923,0.1538,0.0055,0.009,0.0052,0.2087,0.1923,0.1538
1,0.3,64,16,5,32,0.005,SNN,pca,5,0.1,0.5602,0.5344,0.548,0.0295,0.0258,0.0276,0.0502,0.0502,0.0507,0.026,0.0222,0.022,0.0073,0.0061,0.0048,0.026,0.0222,0.022
1,0.3,64,16,5,64,0.001,SNN,pca,10,0.1,0.4794,0.4844,0.5461,0.0237,0.0226,0.0265,0.0502,0.0502,0.0508,0.013,0.0111,0.0,0.0079,0.0039,0.0087,0.013,0.0111,0.0
1,0.5,64,16,5,16,0.0005,SNN,pca,200,1.0,0.949,0.9566,0.9444,0.2066,0.2619,0.2943,0.05,0.0508,0.0507,0.2031,0.2769,0.3077,0.0065,0.0073,0.0033,0.2031,0.2769,0.3077
1,0.5,64,16,5,32,0.001,SNN,pca,200,10.0,0.9039,0.9418,0.9487,0.1901,0.2877,0.345,0.05,0.0507,0.0507,0.2891,0.3077,0.3538,0.0051,0.0065,0.0033,0.2891,0.3077,0.3538
1,0.8,64,16,5,16,0.001,SNN,pca,200,1.0,0.9515,0.9325,0.9371,0.3017,0.3281,0.3013,0.0503,0.0507,0.0508,0.3835,0.3846,0.3077,0.0063,0.0052,0.009,0.3835,0.3846,0.3077
1,0.3,64,16,5,64,0.005,SNN,pca,20,1.0,0.7846,0.885,0.8697,0.1043,0.2657,0.1896,0.0501,0.0502,0.0507,0.1558,0.3111,0.2527,0.0051,0.0061,0.0039,0.1558,0.3111,0.2527
1,0.5,64,16,5,64,0.001,SNN,pca,20,10.0,0.8161,0.9083,0.8849,0.1335,0.2674,0.2398,0.05,0.0508,0.0507,0.2109,0.2923,0.2923,0.0061,0.0073,0.0057,0.2109,0.2923,0.2923
1,0.5,64,16,5,16,0.001,SNN,pca,20,1.0,0.9517,0.949,0.9649,0.2547,0.3486,0.4145,0.05,0.0507,0.0507,0.3281,0.4,0.4769,0.0069,0.0046,0.0033,0.3281,0.4,0.4769
1,0.8,64,16,5,16,0.0001,SNN,pca,200,1.0,0.9594,0.9519,0.9695,0.2659,0.2709,0.3168,0.0502,0.0508,0.0506,0.2767,0.1923,0.3462,0.0031,0.009,0.0,0.2767,0.1923,0.3462
1,0.3,64,16,5,32,0.005,SNN,pca,200,1.0,0.7822,0.8608,0.864,0.1138,0.2309,0.2255,0.0501,0.0502,0.0508,0.1948,0.2778,0.2967,0.003,0.0061,0.0096,0.1948,0.2778,0.2967
1,0.6,64,16,50,32,0.001,SNN,pca,50,1.0,0.9487333667087486,0.9486193226866009,0.9547744727952425,,,,,,,,,,,,,,,
1,0.3,64,16,5,64,0.0001,SNN,pca,50,0.1,0.5877,0.643,0.5988,0.0338,0.0533,0.0397,0.0502,0.0502,0.0507,0.039,0.0778,0.0549,0.0079,0.0073,0.0062,0.039,0.0778,0.0549
1,0.5,64,16,5,16,0.001,SNN,pca,20,1.0,0.9333,0.9445,0.9638,0.2363,0.3719,0.3627,0.05,0.0507,0.0507,0.2969,0.4154,0.4154,0.0046,0.0065,0.0046,0.2969,0.4154,0.4154
1,0.5,64,16,5,32,0.0005,SNN,pca,100,10.0,0.9211,0.9425,0.9708,0.1886,0.2782,0.4209,0.05,0.0508,0.0507,0.2109,0.2769,0.4615,0.0056,0.0073,0.0065,0.2109,0.2769,0.4615
1,0.3,64,16,5,64,0.0001,SNN,pca,5,0.1,0.6091,0.5971,0.621,0.038,0.05,0.0355,0.0502,0.0502,0.0507,0.039,0.0667,0.022,0.0079,0.0048,0.0062,0.039,0.0667,0.022
1,0.3,64,16,5,64,0.005,SNN,pca,20,0.1,0.5555,0.676,0.6314,0.0289,0.0396,0.0367,0.0501,0.0502,0.0507,0.026,0.0222,0.033,0.0059,0.0073,0.0048,0.026,0.0222,0.033
1,0.3,64,16,5,64,0.001,SNN,pca,50,1.0,0.5552,0.7536,0.7608,0.0385,0.1578,0.1518,0.0501,0.0502,0.0507,0.0649,0.2667,0.2637,0.0042,0.0055,0.0055,0.0649,0.2667,0.2637
1,0.5,64,16,5,16,0.0001,SNN,pca,100,1.0,0.9293,0.9545,0.9627,0.2126,0.3609,0.38,0.05,0.0507,0.0508,0.2031,0.4,0.3692,0.0069,0.0057,0.008,0.2031,0.4,0.3692
1,0.5,64,16,5,32,0.0005,SNN,pca,10,1.0,0.9189,0.9172,0.9312,0.2325,0.2547,0.3482,0.05,0.0508,0.0507,0.3594,0.4,0.4462,0.004,0.008,0.0046,0.3594,0.4,0.4462
1,0.3,64,16,5,32,0.001,SNN,pca,50,1.0,0.7714,0.8479,0.8212,0.0993,0.2426,0.2044,0.0501,0.0503,0.0508,0.1948,0.3222,0.2637,0.0059,0.0078,0.0087,0.1948,0.3222,0.2637
1,0.3,64,16,5,32,0.001,SNN,pca,20,0.1,0.4295,0.4954,0.5667,0.0212,0.0239,0.031,0.0501,0.0502,0.0507,0.026,0.0,0.033,0.0051,0.0067,0.0055,0.026,0.0,0.033
1,0.3,64,16,5,16,0.0001,SNN,pca,100,0.1,0.576,0.5905,0.6282,0.0316,0.0358,0.0605,0.0502,0.0502,0.0507,0.039,0.0333,0.1429,0.0098,0.0055,0.0055,0.039,0.0333,0.1429
1,0.3,64,16,5,64,0.005,SNN,pca,5,1.0,0.4145,0.6253,0.6808,0.0248,0.078,0.0842,0.0501,0.0502,0.0507,0.026,0.1333,0.1978,0.0059,0.0055,0.0062,0.026,0.1333,0.1978
1,0.8,64,16,50,32,0.001,SNN,pca,50,1.0,0.9511,0.9603,0.9475,0.2854,0.0654,0.0394,0.0603,0.0092,0.0084,0.2883,0.087,0.0381,0.0,0.0,0.0,0.2883,0.087,0.0381
1,0.3,64,16,5,16,0.0005,SNN,pca,20,1.0,0.8431,0.9104,0.9001,0.1635,0.3141,0.2346,0.0501,0.0502,0.0508,0.2078,0.3778,0.3077,0.0066,0.0061,0.0078,0.2078,0.3778,0.3077
1,0.3,64,16,5,32,0.005,SNN,pca,10,0.1,0.5859,0.622,0.6324,0.0304,0.036,0.0442,0.0501,0.0502,0.0507,0.013,0.0333,0.0769,0.0051,0.0055,0.0048,0.013,0.0333,0.0769
1,0.3,64,16,5,64,0.001,SNN,pca,50,10.0,0.5796,0.8171,0.7387,0.0589,0.1481,0.1357,0.0501,0.0502,0.0507,0.1558,0.2667,0.1868,0.0066,0.0048,0.0055,0.1558,0.2667,0.1868
1,0.5,64,16,5,32,0.0001,SNN,pca,200,10.0,0.9466,0.9531,0.934,0.2654,0.3983,0.2745,0.05,0.0507,0.0508,0.3047,0.4923,0.3231,0.0056,0.0057,0.008,0.3047,0.4923,0.3231
1,0.5,64,16,5,32,0.0001,SNN,pca,200,0.1,0.6209,0.5902,0.6854,0.0408,0.0517,0.0527,0.05,0.0507,0.0508,0.0547,0.1077,0.0615,0.0076,0.0057,0.008,0.0547,0.1077,0.0615
1,0.5,64,16,5,64,0.0001,SNN,pca,100,10.0,0.8364,0.8266,0.8694,0.1876,0.2508,0.291,0.05,0.0507,0.0507,0.2891,0.3538,0.3538,0.0069,0.0046,0.0065,0.2891,0.3538,0.3538
1,0.5,64,16,5,32,0.001,SNN,pca,100,1.0,0.9322,0.9534,0.9698,0.2426,0.3706,0.3773,0.0501,0.0508,0.0508,0.2969,0.4154,0.4154,0.0089,0.008,0.0087,0.2969,0.4154,0.4154
1,0.3,64,16,5,64,0.0001,SNN,pca,200,10.0,0.6642,0.7143,0.7128,0.0635,0.0828,0.1041,0.0501,0.0503,0.0507,0.1039,0.1667,0.1538,0.0059,0.0082,0.0039,0.1039,0.1667,0.1538
1,0.5,64,16,5,16,0.0005,SNN,pca,50,10.0,0.7889,0.8795,0.9012,0.1306,0.2471,0.2621,0.05,0.0507,0.0508,0.1953,0.3077,0.3538,0.0061,0.0065,0.0093,0.1953,0.3077,0.3538
1,0.3,64,16,5,32,0.0001,SNN,pca,200,1.0,0.7535,0.8576,0.8073,0.0853,0.2463,0.226,0.0501,0.0502,0.0507,0.1558,0.3556,0.2637,0.0066,0.0048,0.0062,0.1558,0.3556,0.2637
1,0.5,64,16,5,64,0.001,SNN,pca,10,1.0,0.7777,0.8947,0.872,0.1432,0.2636,0.2421,0.05,0.0508,0.0507,0.2891,0.4154,0.3538,0.0056,0.0073,0.0065,0.2891,0.4154,0.3538
1,0.3,64,16,5,16,0.005,SNN,pca,20,1.0,0.6959,0.8408,0.8543,0.1061,0.1643,0.2025,0.0501,0.0502,0.0507,0.2338,0.2444,0.2747,0.0042,0.0067,0.0039,0.2338,0.2444,0.2747
1,0.3,64,16,5,32,0.0001,SNN,pca,100,0.1,0.5932,0.641,0.6335,0.0342,0.0429,0.0637,0.0501,0.0502,0.0508,0.026,0.0556,0.0769,0.0042,0.0048,0.0083,0.026,0.0556,0.0769
1,0.3,64,16,5,64,0.001,SNN,pca,5,1.0,0.6624,0.7604,0.8402,0.068,0.1281,0.2138,0.0502,0.0502,0.0508,0.1299,0.2222,0.2527,0.0084,0.0067,0.0073,0.1299,0.2222,0.2527
1,0.3,64,16,5,32,0.001,SNN,pca,5,1.0,0.4556,0.6801,0.6794,0.0255,0.151,0.096,0.0501,0.0502,0.0508,0.039,0.2111,0.1538,0.0059,0.0073,0.0083,0.039,0.2111,0.1538
1,0.5,64,16,5,32,0.005,SNN,pca,200,0.1,0.485,0.5253,0.5235,0.0236,0.0273,0.0265,0.05,0.0507,0.0507,0.0078,0.0154,0.0154,0.0073,0.0065,0.0046,0.0078,0.0154,0.0154
1,0.3,64,16,5,16,0.005,SNN,pca,5,0.1,0.5581,0.6194,0.555,0.0289,0.0369,0.0313,0.0501,0.0502,0.0507,0.013,0.0222,0.0549,0.0059,0.0048,0.0048,0.013,0.0222,0.0549
1,0.3,64,16,5,32,0.0005,SNN,pca,200,1.0,0.9066,0.8451,0.8635,0.2582,0.2354,0.2811,0.0502,0.0502,0.0507,0.3896,0.4,0.4176,0.0079,0.0027,0.0055,0.3896,0.4,0.4176
1,0.3,64,16,5,64,0.005,SNN,pca,10,0.1,0.5585,0.5903,0.5713,0.0288,0.0329,0.0292,0.0501,0.0502,0.0507,0.026,0.0333,0.022,0.0066,0.0061,0.0039,0.026,0.0333,0.022
1,0.3,64,16,5,32,0.001,SNN,pca,10,1.0,0.7001,0.8891,0.8163,0.0862,0.2093,0.2329,0.0502,0.0502,0.0507,0.1688,0.3111,0.3297,0.0073,0.0055,0.0055,0.1688,0.3111,0.3297
1,0.3,64,16,5,32,0.005,SNN,pca,10,0.1,0.497,0.5536,0.555,0.0272,0.03,0.0287,0.0501,0.0502,0.0508,0.039,0.0333,0.022,0.0066,0.0048,0.0068,0.039,0.0333,0.022
1,0.3,64,16,5,32,0.0005,SNN,pca,200,0.1,0.5319,0.5152,0.5619,0.0273,0.0289,0.0316,0.0502,0.0502,0.0507,0.026,0.0556,0.044,0.0073,0.0061,0.0048,0.026,0.0556,0.044
1,0.5,64,16,5,64,0.001,SNN,pca,5,10.0,0.7678,0.8287,0.8229,0.098,0.1667,0.2263,0.05,0.0507,0.0508,0.1328,0.2154,0.2615,0.0065,0.0046,0.0073,0.1328,0.2154,0.2615
1,0.3,64,16,5,32,0.005,SNN,pca,50,0.1,0.5721,0.5561,0.5477,0.0321,0.0283,0.0281,0.0501,0.0503,0.0507,0.026,0.0222,0.011,0.0059,0.0078,0.0028,0.026,0.0222,0.011
1,0.5,64,16,5,32,0.005,SNN,pca,100,10.0,0.8477,0.8511,0.8675,0.0924,0.0942,0.0932,0.05,0.0507,0.0508,0.0859,0.0308,0.0769,0.0061,0.0057,0.0073,0.0859,0.0308,0.0769
1,0.3,64,16,5,32,0.005,SNN,pca,10,10.0,0.4438,0.6384,0.6584,0.0389,0.1103,0.1156,0.0501,0.0503,0.0507,0.0519,0.2,0.1978,0.0059,0.0082,0.0062,0.0519,0.2,0.1978
1,0.8,64,16,5,16,0.001,SNN,pca,20,10.0,0.9292,0.9412,0.9542,0.3139,0.3802,0.3262,0.0503,0.0506,0.0507,0.4078,0.4231,0.4615,0.0068,0.0,0.0073,0.4078,0.4231,0.4615
1,0.3,64,16,5,16,0.0001,SNN,pca,50,10.0,0.9206,0.9236,0.9011,0.3078,0.3376,0.2702,0.0501,0.0502,0.0507,0.4545,0.4444,0.3736,0.0066,0.0061,0.0062,0.4545,0.4444,0.3736
1,0.8,64,16,50,32,0.001,SNN,pca,50,1.0,0.9451,0.9548,0.942,0.4506,0.1218,0.0695,0.1315,0.0187,0.0178,0.4667,0.14,0.0632,0.0,0.0,0.0,0.4667,0.14,0.0632
1,0.3,64,16,5,32,0.001,SNN,pca,10,0.1,0.4418,0.5788,0.5474,0.0224,0.0305,0.0268,0.0501,0.0502,0.0508,0.026,0.0222,0.0,0.0042,0.0061,0.0068,0.026,0.0222,0.0
1,0.3,64,16,5,32,0.0001,SNN,pca,20,10.0,0.7957,0.8457,0.8148,0.1813,0.2175,0.2386,0.0501,0.0502,0.0507,0.2727,0.3667,0.3516,0.0066,0.0073,0.0062,0.2727,0.3667,0.3516
1,0.5,64,16,5,64,0.005,SNN,pca,50,0.1,0.5033,0.6107,0.5297,0.0277,0.0374,0.0301,0.05,0.0507,0.0507,0.0469,0.0615,0.0462,0.0046,0.0,0.0033,0.0469,0.0615,0.0462
1,0.3,64,16,5,16,0.0005,SNN,pca,50,1.0,0.7272,0.882,0.8548,0.078,0.1946,0.2105,0.0501,0.0503,0.0507,0.1169,0.2111,0.2857,0.0059,0.0078,0.0028,0.1169,0.2111,0.2857
1,0.3,64,16,5,16,0.005,SNN,pca,10,1.0,0.9277,0.9522,0.9494,0.2094,0.2783,0.3392,0.0501,0.0502,0.0508,0.2597,0.2778,0.3187,0.0042,0.0039,0.0083,0.2597,0.2778,0.3187
1,0.3,64,16,5,16,0.0005,SNN,pca,20,1.0,0.8798,0.9203,0.9202,0.1742,0.2567,0.2685,0.0501,0.0502,0.0508,0.2208,0.3222,0.2967,0.0066,0.0039,0.0092,0.2208,0.3222,0.2967
1,0.5,64,16,5,16,0.0005,SNN,pca,20,0.1,0.5035,0.561,0.5703,0.0258,0.0362,0.0283,0.05,0.0507,0.0507,0.0312,0.0615,0.0,0.0065,0.0,0.0057,0.0312,0.0615,0.0
1,0.5,64,16,5,32,0.001,SNN,pca,50,0.1,0.5282,0.4965,0.6603,0.0265,0.0241,0.0508,0.05,0.0507,0.0507,0.0078,0.0,0.0923,0.0065,0.0065,0.0057,0.0078,0.0,0.0923
1,0.3,64,16,5,32,0.001,SNN,pca,5,1.0,0.5014,0.726,0.7,0.0299,0.1617,0.125,0.0501,0.0503,0.0508,0.039,0.2556,0.2198,0.0066,0.0078,0.0078,0.039,0.2556,0.2198
1,0.5,64,16,5,16,0.0001,SNN,pca,5,0.1,0.647,0.7041,0.643,0.0385,0.0509,0.0498,0.05,0.0507,0.0507,0.0391,0.0308,0.0923,0.0069,0.0057,0.0033,0.0391,0.0308,0.0923
1,0.3,64,16,5,16,0.001,SNN,pca,100,0.1,0.5404,0.5491,0.4932,0.0267,0.0296,0.0255,0.0501,0.0502,0.0508,0.013,0.0333,0.033,0.0059,0.0048,0.0073,0.013,0.0333,0.033
1,0.5,64,16,5,64,0.005,SNN,pca,5,1.0,0.644,0.7983,0.7897,0.0858,0.1428,0.1528,0.05,0.0507,0.0507,0.1953,0.2615,0.2615,0.0046,0.0,0.0065,0.1953,0.2615,0.2615
1,0.3,64,16,5,32,0.0005,SNN,pca,50,10.0,0.85,0.8093,0.7862,0.1371,0.1502,0.1606,0.0501,0.0502,0.0507,0.2078,0.2,0.2637,0.0051,0.0073,0.0055,0.2078,0.2,0.2637
1,0.5,64,16,5,16,0.0005,SNN,pca,5,0.1,0.6316,0.6914,0.6797,0.036,0.0456,0.0424,0.05,0.0507,0.0508,0.0312,0.0462,0.0,0.0056,0.0057,0.008,0.0312,0.0462,0.0
1,0.8,64,16,50,32,0.001,SNN,pca,50,1.0,0.9494,0.9422,0.9487,0.4553,0.1582,0.2172,0.1322,0.0348,0.0501,0.4612,0.1889,0.13,0.0,0.0,0.0,0.4612,0.1889,0.13
1,0.3,64,16,5,16,0.0005,SNN,pca,10,0.1,0.5711,0.549,0.6633,0.0341,0.0292,0.0475,0.0501,0.0502,0.0508,0.0519,0.0556,0.044,0.0051,0.0073,0.0087,0.0519,0.0556,0.044
1,0.3,64,16,5,32,0.005,SNN,pca,5,0.1,0.747,0.7179,0.7421,0.0634,0.0524,0.0622,0.0501,0.0502,0.0508,0.1039,0.0889,0.044,0.0066,0.0073,0.0083,0.1039,0.0889,0.044
1,0.3,64,16,5,16,0.001,SNN,pca,100,1.0,0.7992,0.9198,0.9132,0.0997,0.2228,0.2418,0.0501,0.0503,0.0508,0.1429,0.2778,0.2967,0.0059,0.0078,0.0078,0.1429,0.2778,0.2967
1,0.3,64,16,5,32,0.005,SNN,pca,20,0.1,0.5098,0.5436,0.5046,0.0253,0.026,0.0246,0.0501,0.0502,0.0508,0.013,0.0222,0.011,0.0051,0.0073,0.0068,0.013,0.0222,0.011
1,0.3,64,16,5,64,0.0001,SNN,pca,5,0.1,0.5785,0.5937,0.5948,0.0319,0.0423,0.0332,0.0501,0.0502,0.0507,0.039,0.0444,0.022,0.0066,0.0067,0.0039,0.039,0.0444,0.022
1,0.3,64,16,5,16,0.0001,SNN,pca,20,10.0,0.8569,0.8824,0.9055,0.1374,0.2464,0.3491,0.0502,0.0502,0.0507,0.2208,0.3778,0.4396,0.0073,0.0039,0.0062,0.2208,0.3778,0.4396
1,0.5,64,16,5,16,0.001,SNN,pca,5,1.0,0.8983,0.831,0.8742,0.2525,0.199,0.3479,0.05,0.0507,0.0507,0.3516,0.2923,0.4,0.0065,0.0033,0.0057,0.3516,0.2923,0.4
1,0.5,64,16,5,16,0.005,SNN,pca,50,10.0,0.9085,0.9408,0.9276,0.1697,0.2275,0.1848,0.05,0.0507,0.0507,0.1562,0.2769,0.1846,0.0051,0.0033,0.0065,0.1562,0.2769,0.1846
1,0.3,64,16,5,64,0.0001,SNN,pca,5,1.0,0.6436,0.6958,0.7099,0.0633,0.068,0.0683,0.0501,0.0503,0.0508,0.0779,0.1222,0.1209,0.003,0.0082,0.0083,0.0779,0.1222,0.1209
1,0.3,64,16,5,64,0.001,SNN,pca,5,0.1,0.4705,0.4988,0.5592,0.0219,0.0242,0.0287,0.0501,0.0503,0.0508,0.013,0.0,0.033,0.0066,0.0078,0.0078,0.013,0.0,0.033
1,0.5,64,16,5,16,0.005,SNN,pca,5,0.1,0.6037,0.5521,0.5325,0.0385,0.0293,0.0282,0.05,0.0508,0.0507,0.0312,0.0308,0.0308,0.0056,0.0073,0.0046,0.0312,0.0308,0.0308
1,0.5,64,16,5,16,0.005,SNN,pca,20,10.0,0.7506,0.8055,0.845,0.062,0.0718,0.1015,0.05,0.0507,0.0508,0.0625,0.0154,0.0769,0.0032,0.0033,0.0093,0.0625,0.0154,0.0769
1,0.5,64,16,5,32,0.005,SNN,pca,20,0.1,0.5885,0.5556,0.6483,0.0319,0.0309,0.0416,0.05,0.0507,0.0508,0.0391,0.0462,0.0308,0.0051,0.0057,0.008,0.0391,0.0462,0.0308
1,0.3,64,16,5,32,0.0005,SNN,pca,20,1.0,0.6879,0.8891,0.8584,0.0593,0.2139,0.1923,0.0501,0.0502,0.0507,0.0909,0.2778,0.2637,0.0066,0.0055,0.0055,0.0909,0.2778,0.2637
1,0.8,64,16,5,16,0.001,SNN,pca,20,0.1,0.5025,0.4417,0.5449,0.0264,0.0294,0.0284,0.0503,0.0507,0.0507,0.0291,0.0769,0.0,0.006,0.0073,0.0052,0.0291,0.0769,0.0
1,0.3,64,16,5,32,0.005,SNN,pca,5,10.0,0.656,0.8385,0.8297,0.0516,0.1607,0.2436,0.0501,0.0502,0.0508,0.0779,0.2,0.2527,0.0051,0.0073,0.0068,0.0779,0.2,0.2527
1,0.5,64,16,5,16,0.0005,SNN,pca,100,10.0,0.7689,0.8922,0.8546,0.1155,0.2707,0.322,0.05,0.0507,0.0508,0.2188,0.4154,0.3846,0.0076,0.0057,0.008,0.2188,0.4154,0.3846
1,0.3,64,16,5,64,0.005,SNN,pca,10,10.0,0.3893,0.5528,0.498,0.0196,0.0379,0.032,0.0501,0.0502,0.0507,0.0,0.0556,0.0549,0.0066,0.0048,0.0055,0.0,0.0556,0.0549
1,0.3,64,16,5,32,0.001,SNN,pca,100,10.0,0.4541,0.7393,0.7104,0.0275,0.1966,0.0851,0.0502,0.0502,0.0508,0.0519,0.2556,0.1209,0.0073,0.0048,0.0068,0.0519,0.2556,0.1209
1,0.3,64,16,5,32,0.0001,SNN,pca,20,0.1,0.5984,0.6036,0.6049,0.0359,0.0537,0.0354,0.0501,0.0502,0.0508,0.039,0.0667,0.033,0.0059,0.0055,0.0078,0.039,0.0667,0.033
1,0.3,64,16,5,16,0.005,SNN,pca,20,0.1,0.4885,0.5596,0.5551,0.0245,0.0289,0.029,0.0501,0.0502,0.0507,0.0,0.0222,0.022,0.0059,0.0067,0.0039,0.0,0.0222,0.022
1,0.3,64,16,5,32,0.0005,SNN,pca,50,10.0,0.9105,0.9001,0.8922,0.1871,0.2157,0.2537,0.0501,0.0502,0.0508,0.2338,0.3111,0.3077,0.0059,0.0061,0.0083,0.2338,0.3111,0.3077
1,0.5,64,16,5,16,0.0001,SNN,pca,5,1.0,0.847,0.8316,0.8609,0.1912,0.1923,0.2012,0.05,0.0507,0.0507,0.2422,0.2308,0.2615,0.0065,0.0033,0.0065,0.2422,0.2308,0.2615
1,0.3,64,16,5,16,0.005,SNN,pca,10,1.0,0.8475,0.9317,0.9216,0.1792,0.2935,0.3035,0.0502,0.0502,0.0508,0.2208,0.3444,0.4066,0.0084,0.0067,0.0073,0.2208,0.3444,0.4066
1,0.8,64,16,5,16,0.005,SNN,pca,5,10.0,0.7965,0.7442,0.7253,0.1335,0.1678,0.1595,0.0503,0.0507,0.0507,0.2039,0.3077,0.1923,0.0079,0.0052,0.0052,0.2039,0.3077,0.1923
1,0.3,64,16,5,64,0.0005,SNN,pca,10,1.0,0.8152,0.8619,0.8553,0.195,0.266,0.1969,0.0502,0.0502,0.0507,0.3117,0.3778,0.3077,0.0094,0.0067,0.0055,0.3117,0.3778,0.3077
1,0.8,64,16,5,16,0.0001,SNN,pca,20,0.1,0.5438,0.5216,0.506,0.0297,0.0312,0.027,0.0503,0.0507,0.0507,0.0388,0.0385,0.0385,0.0058,0.0052,0.0052,0.0388,0.0385,0.0385
1,0.8,64,16,5,16,0.005,SNN,pca,20,0.1,0.4747,0.6244,0.5677,0.0236,0.0345,0.0287,0.0503,0.0506,0.0508,0.0146,0.0,0.0,0.0063,0.0,0.0103,0.0146,0.0,0.0
1,0.3,64,16,5,16,0.005,SNN,pca,5,10.0,0.873,0.8613,0.8734,0.1946,0.2874,0.2634,0.0501,0.0502,0.0508,0.2727,0.3667,0.3407,0.0059,0.0027,0.0073,0.2727,0.3667,0.3407
1,0.3,64,16,5,16,0.0005,SNN,pca,5,1.0,0.8876,0.8253,0.8461,0.2975,0.273,0.2651,0.0502,0.0502,0.0508,0.3766,0.4222,0.4066,0.0079,0.0061,0.0087,0.3766,0.4222,0.4066
1,0.5,64,16,5,32,0.0005,SNN,pca,20,10.0,0.9405,0.9578,0.9726,0.2496,0.3506,0.3889,0.05,0.0508,0.0508,0.2891,0.4462,0.4462,0.0061,0.008,0.0073,0.2891,0.4462,0.4462
1,0.3,64,16,5,32,0.0001,SNN,pca,50,1.0,0.7249,0.8165,0.8202,0.1115,0.1892,0.2193,0.0501,0.0503,0.0508,0.2338,0.2889,0.2857,0.0059,0.0078,0.0073,0.2338,0.2889,0.2857
1,0.3,64,16,5,16,0.0001,SNN,pca,10,0.1,0.6227,0.6029,0.6628,0.039,0.0391,0.0566,0.0502,0.0502,0.0508,0.0649,0.0444,0.1099,0.0079,0.0061,0.0073,0.0649,0.0444,0.1099
1,0.5,64,16,5,64,0.0005,SNN,pca,100,1.0,0.9121,0.9201,0.9444,0.2406,0.3267,0.2891,0.0501,0.0508,0.0508,0.3203,0.4154,0.3077,0.0083,0.0073,0.008,0.3203,0.4154,0.3077
1,0.3,64,16,5,64,0.001,SNN,pca,100,10.0,0.746,0.7557,0.8411,0.0766,0.0979,0.1729,0.0501,0.0502,0.0508,0.1169,0.1556,0.2527,0.0051,0.0061,0.0073,0.1169,0.1556,0.2527
1,0.5,64,16,5,16,0.001,SNN,pca,50,0.1,0.4486,0.486,0.4012,0.0213,0.0245,0.0199,0.05,0.0508,0.0507,0.0078,0.0154,0.0,0.0056,0.008,0.0065,0.0078,0.0154,0.0
1,0.3,64,16,5,16,0.005,SNN,pca,50,1.0,0.8768,0.897,0.9121,0.1544,0.2478,0.2713,0.0501,0.0503,0.0507,0.2338,0.3222,0.3407,0.0051,0.0087,0.0048,0.2338,0.3222,0.3407
1,0.3,64,16,5,32,0.0001,SNN,pca,5,0.1,0.6001,0.656,0.6751,0.0387,0.0397,0.0646,0.0502,0.0502,0.0507,0.0519,0.0333,0.1099,0.0073,0.0067,0.0055,0.0519,0.0333,0.1099
1,0.5,64,16,5,64,0.001,SNN,pca,100,10.0,0.8505,0.9166,0.9154,0.1813,0.3187,0.3559,0.05,0.0507,0.0507,0.2578,0.3692,0.4462,0.0069,0.0057,0.0065,0.2578,0.3692,0.4462
1,0.3,64,16,5,32,0.0005,SNN,pca,50,1.0,0.8964,0.9325,0.9253,0.2233,0.3338,0.2802,0.0501,0.0502,0.0507,0.3377,0.4222,0.3956,0.0066,0.0061,0.0055,0.3377,0.4222,0.3956
1,0.3,64,16,5,64,0.0005,SNN,pca,200,0.1,0.7577,0.6844,0.6804,0.0746,0.0523,0.0956,0.0501,0.0503,0.0507,0.1299,0.0778,0.1429,0.0059,0.0087,0.0062,0.1299,0.0778,0.1429
1,0.3,64,16,5,64,0.005,SNN,pca,20,10.0,0.3536,0.5755,0.6283,0.0206,0.0648,0.0809,0.0501,0.0502,0.0508,0.0519,0.1333,0.1648,0.0051,0.0067,0.0068,0.0519,0.1333,0.1648
1,0.3,64,16,5,64,0.0005,SNN,pca,20,10.0,0.8684,0.7886,0.8036,0.2101,0.1792,0.2042,0.0501,0.0502,0.0507,0.2727,0.3111,0.3187,0.0059,0.0061,0.0048,0.2727,0.3111,0.3187
1,0.5,64,16,5,64,0.001,SNN,pca,50,10.0,0.8695,0.8818,0.9038,0.1809,0.3063,0.2734,0.0501,0.0507,0.0507,0.2344,0.4154,0.3692,0.008,0.0057,0.0065,0.2344,0.4154,0.3692
1,0.3,64,16,5,16,0.005,SNN,pca,20,1.0,0.9234,0.9221,0.9458,0.2766,0.3052,0.3581,0.0501,0.0502,0.0508,0.3636,0.4,0.4176,0.0066,0.0061,0.0073,0.3636,0.4,0.4176
1,0.3,64,16,5,64,0.0005,SNN,pca,10,0.1,0.5998,0.6365,0.6394,0.0377,0.0418,0.0495,0.0501,0.0503,0.0507,0.039,0.0889,0.044,0.0042,0.0091,0.0062,0.039,0.0889,0.044
1,0.5,64,16,5,64,0.0005,SNN,pca,50,1.0,0.94,0.948,0.9607,0.3185,0.3009,0.3662,0.05,0.0508,0.0507,0.3984,0.4,0.4154,0.004,0.0073,0.0057,0.3984,0.4,0.4154
1,0.3,64,16,5,32,0.001,SNN,pca,50,0.1,0.5102,0.5304,0.5362,0.0248,0.0268,0.0272,0.0501,0.0502,0.0507,0.013,0.0444,0.011,0.0051,0.0048,0.0062,0.013,0.0444,0.011
1,0.3,64,16,5,32,0.001,SNN,pca,10,10.0,0.5938,0.7723,0.7654,0.0605,0.161,0.1379,0.0501,0.0502,0.0507,0.1169,0.2222,0.1978,0.0059,0.0073,0.0028,0.1169,0.2222,0.1978
1,0.3,64,16,5,16,0.0005,SNN,pca,5,0.1,0.6354,0.6415,0.6208,0.0403,0.0361,0.0342,0.0502,0.0502,0.0508,0.039,0.0,0.011,0.0073,0.0067,0.0078,0.039,0.0,0.011
1,0.8,64,16,5,16,0.0001,SNN,pca,10,0.1,0.57,0.5819,0.5817,0.0412,0.0371,0.0325,0.0503,0.0506,0.0507,0.0631,0.0385,0.0385,0.0063,0.0,0.0052,0.0631,0.0385,0.0385
1,0.8,64,16,5,16,0.001,SNN,pca,200,0.1,0.5593,0.6107,0.629,0.0314,0.0398,0.034,0.0503,0.0508,0.0507,0.0485,0.0,0.0,0.0073,0.009,0.0073,0.0485,0.0,0.0
1,0.3,64,16,5,32,0.0005,SNN,pca,50,0.1,0.6111,0.618,0.6016,0.0433,0.0391,0.0415,0.0502,0.0503,0.0508,0.0779,0.0444,0.0879,0.0073,0.0091,0.0068,0.0779,0.0444,0.0879
1,0.5,64,16,5,64,0.005,SNN,pca,20,10.0,0.8036,0.896,0.8249,0.1369,0.2423,0.1178,0.05,0.0507,0.0507,0.2109,0.2769,0.1692,0.0065,0.0065,0.0046,0.2109,0.2769,0.1692
1,0.3,64,16,5,32,0.005,SNN,pca,20,0.1,0.3642,0.3872,0.4066,0.0181,0.0189,0.0197,0.0502,0.0502,0.0507,0.0,0.0,0.0,0.0089,0.0061,0.0028,0.0,0.0,0.0
1,0.3,64,16,5,16,0.001,SNN,pca,100,1.0,0.8503,0.9074,0.9171,0.1388,0.2423,0.2271,0.0501,0.0502,0.0508,0.2078,0.3333,0.3077,0.0042,0.0039,0.0092,0.2078,0.3333,0.3077
1,0.5,64,16,5,64,0.001,SNN,pca,200,10.0,0.9106,0.9189,0.9282,0.2288,0.3094,0.321,0.05,0.0507,0.0507,0.3203,0.3077,0.4,0.0051,0.0065,0.0046,0.3203,0.3077,0.4
1,0.3,64,16,5,64,0.001,SNN,pca,20,1.0,0.4524,0.6121,0.6357,0.029,0.1084,0.0864,0.0501,0.0502,0.0508,0.0519,0.1778,0.1648,0.0051,0.0048,0.0073,0.0519,0.1778,0.1648
1,0.8,64,16,5,16,0.001,SNN,pca,100,10.0,0.9149,0.9251,0.9197,0.2806,0.3412,0.2475,0.0503,0.0507,0.0507,0.3981,0.4231,0.3462,0.006,0.0073,0.0052,0.3981,0.4231,0.3462
1,0.5,64,16,5,64,0.001,SNN,pca,100,1.0,0.8637,0.9256,0.9363,0.1916,0.2809,0.3054,0.05,0.0507,0.0507,0.2734,0.3077,0.3538,0.0076,0.0057,0.0065,0.2734,0.3077,0.3538
1,0.3,64,16,5,16,0.005,SNN,pca,5,0.1,0.5957,0.686,0.6418,0.0372,0.0467,0.0724,0.0501,0.0502,0.0507,0.0649,0.0556,0.0879,0.0051,0.0048,0.0055,0.0649,0.0556,0.0879
1,0.3,64,16,5,16,0.0005,SNN,pca,50,10.0,0.8611,0.9429,0.9097,0.1206,0.2618,0.2407,0.0501,0.0502,0.0508,0.1558,0.3111,0.3187,0.003,0.0067,0.0073,0.1558,0.3111,0.3187
1,0.3,64,16,5,16,0.0005,SNN,pca,5,10.0,0.8666,0.8649,0.821,0.1387,0.1691,0.1746,0.0501,0.0502,0.0507,0.1558,0.2333,0.2527,0.0066,0.0073,0.0062,0.1558,0.2333,0.2527
1,0.3,64,16,5,16,0.001,SNN,pca,5,1.0,0.885,0.9139,0.9163,0.1784,0.2506,0.2407,0.0501,0.0502,0.0507,0.2338,0.3556,0.3407,0.0042,0.0055,0.0062,0.2338,0.3556,0.3407
1,0.1,64,16,50,32,0.001,SNN,pca,50,10.0,0.8730287465080653,0.8036444112179146,0.9050305794481466,,,,,,,,,,,,,,,
1,0.3,64,16,5,32,0.0001,SNN,pca,5,10.0,0.8049,0.7827,0.7852,0.1836,0.1785,0.2471,0.0502,0.0502,0.0508,0.2987,0.3,0.3736,0.0073,0.0061,0.0068,0.2987,0.3,0.3736
1,0.3,64,16,5,32,0.0005,SNN,pca,10,1.0,0.757,0.852,0.8728,0.0992,0.2411,0.25,0.0501,0.0502,0.0507,0.1688,0.3444,0.3407,0.0066,0.0027,0.0039,0.1688,0.3444,0.3407
1,0.5,64,16,5,32,0.0005,SNN,pca,10,10.0,0.6881,0.8147,0.8467,0.0599,0.1712,0.1802,0.05,0.0507,0.0507,0.0859,0.2923,0.2462,0.0051,0.0046,0.0057,0.0859,0.2923,0.2462
1,0.3,64,16,5,16,0.0001,SNN,pca,200,1.0,0.8885,0.8919,0.8899,0.199,0.3119,0.2649,0.0501,0.0502,0.0507,0.3247,0.3778,0.3956,0.0066,0.0055,0.0055,0.3247,0.3778,0.3956
1,0.8,64,16,50,32,0.001,SNN,pca,50,1.0,0.9402,0.9555,0.96,0.2225,0.2639,0.2976,0.0503,0.0507,0.0507,0.2311,0.2462,0.2462,0.0061,0.0056,0.0031,0.2311,0.2462,0.2462
1,0.3,64,16,5,32,0.0001,SNN,pca,10,1.0,0.8053,0.8328,0.8072,0.21,0.2578,0.2575,0.0502,0.0503,0.0507,0.3377,0.3556,0.3846,0.0079,0.0091,0.0039,0.3377,0.3556,0.3846
1,0.5,64,16,5,64,0.0001,SNN,pca,200,0.1,0.6727,0.6411,0.6504,0.0633,0.0458,0.0418,0.05,0.0508,0.0507,0.0703,0.0615,0.0462,0.0076,0.0073,0.0065,0.0703,0.0615,0.0462
1,0.3,64,16,5,32,0.0005,SNN,pca,10,1.0,0.7353,0.8937,0.8791,0.1162,0.2451,0.2304,0.0501,0.0503,0.0507,0.1948,0.3,0.2857,0.0051,0.0082,0.0055,0.1948,0.3,0.2857
1,0.3,64,16,5,32,0.001,SNN,pca,50,10.0,0.7835,0.798,0.7972,0.0606,0.123,0.0936,0.0501,0.0502,0.0508,0.026,0.1778,0.1429,0.0051,0.0061,0.0068,0.026,0.1778,0.1429
1,0.3,64,16,5,16,0.0005,SNN,pca,20,0.1,0.5665,0.5422,0.4954,0.0297,0.0347,0.0243,0.0501,0.0502,0.0507,0.013,0.0667,0.022,0.0059,0.0055,0.0055,0.013,0.0667,0.022
1,0.6,64,16,50,32,0.001,SNN,pca,50,10.0,0.8800276052449965,0.83533076890108,0.880091649694501,,,,,,,,,,,,,,,
1,0.3,64,16,5,64,0.001,SNN,pca,20,10.0,0.6948,0.8226,0.805,0.084,0.2247,0.173,0.0501,0.0502,0.0507,0.1688,0.3333,0.2418,0.0066,0.0067,0.0055,0.1688,0.3333,0.2418
1,0.3,64,16,5,64,0.0005,SNN,pca,20,0.1,0.6506,0.6689,0.6671,0.0504,0.0499,0.0474,0.0501,0.0502,0.0508,0.0779,0.1,0.0549,0.0051,0.0061,0.0068,0.0779,0.1,0.0549
1,0.3,64,16,5,64,0.0001,SNN,pca,50,1.0,0.7004,0.7437,0.7166,0.1021,0.1199,0.0857,0.0501,0.0502,0.0508,0.1818,0.1667,0.1648,0.0042,0.0067,0.0073,0.1818,0.1667,0.1648
1,0.3,64,16,5,64,0.001,SNN,pca,5,1.0,0.6812,0.7738,0.8087,0.0953,0.1201,0.2796,0.0502,0.0503,0.0507,0.1818,0.2,0.2637,0.0079,0.0078,0.0062,0.1818,0.2,0.2637
1,0.5,64,16,5,16,0.0001,SNN,pca,200,0.1,0.546,0.5603,0.5319,0.0283,0.0332,0.0315,0.05,0.0507,0.0508,0.0156,0.0462,0.0462,0.0061,0.0057,0.0073,0.0156,0.0462,0.0462
1,0.3,64,16,5,16,0.0005,SNN,pca,10,10.0,0.7773,0.8937,0.9062,0.0905,0.2092,0.2228,0.0501,0.0502,0.0507,0.1169,0.2667,0.3187,0.0042,0.0055,0.0055,0.1169,0.2667,0.3187
1,0.5,64,16,5,32,0.0005,SNN,pca,20,0.1,0.5577,0.5002,0.5148,0.0283,0.0253,0.0475,0.05,0.0508,0.0508,0.0156,0.0154,0.0615,0.0065,0.0087,0.0073,0.0156,0.0154,0.0615
1,0.6,64,16,50,32,0.001,SNN,pca,50,100.0,0.9064957488421368,0.8541702895130399,0.8656009300973695,,,,,,,,,,,,,,,
1,0.5,64,16,50,32,0.001,SNN,pca,50,100.0,0.7925253548246143,0.7642225112199102,0.8795810101228819,,,,,,,,,,,,,,,
1,0.5,64,16,5,16,0.0001,SNN,pca,50,1.0,0.9548,0.9682,0.965,0.2487,0.3151,0.33,0.05,0.0507,0.0508,0.2422,0.3385,0.3077,0.0061,0.0033,0.0073,0.2422,0.3385,0.3077
1,0.3,64,16,5,32,0.005,SNN,pca,5,10.0,0.6055,0.7719,0.7605,0.0587,0.145,0.1666,0.0501,0.0502,0.0508,0.1299,0.2444,0.2418,0.0059,0.0061,0.0068,0.1299,0.2444,0.2418
1,0.5,64,16,5,32,0.0001,SNN,pca,20,0.1,0.6147,0.5941,0.6244,0.0495,0.0415,0.0614,0.0501,0.0507,0.0507,0.0781,0.0615,0.0923,0.008,0.0065,0.0065,0.0781,0.0615,0.0923
1,0.3,64,16,5,16,0.0001,SNN,pca,50,1.0,0.9053,0.931,0.9307,0.2251,0.2875,0.2963,0.0501,0.0503,0.0508,0.3117,0.3667,0.3516,0.0066,0.0078,0.0083,0.3117,0.3667,0.3516
1,0.5,64,16,5,16,0.0001,SNN,pca,50,0.1,0.5484,0.546,0.5891,0.0277,0.0308,0.0331,0.05,0.0507,0.0508,0.0234,0.0308,0.0308,0.0051,0.0033,0.0073,0.0234,0.0308,0.0308
1,0.3,64,16,5,32,0.005,SNN,pca,10,1.0,0.4959,0.6998,0.6566,0.0844,0.1279,0.1643,0.0502,0.0502,0.0507,0.1429,0.2222,0.2527,0.0079,0.0067,0.0048,0.1429,0.2222,0.2527
1,0.8,64,16,5,16,0.0001,SNN,pca,100,10.0,0.9525,0.9588,0.9567,0.2551,0.2856,0.2642,0.0503,0.0507,0.0507,0.2816,0.2692,0.2692,0.0058,0.0052,0.0052,0.2816,0.2692,0.2692
1,0.3,64,16,5,16,0.001,SNN,pca,100,0.1,0.5799,0.4717,0.5072,0.0326,0.0243,0.0254,0.0501,0.0502,0.0508,0.039,0.0333,0.022,0.0059,0.0055,0.0078,0.039,0.0333,0.022
1,0.3,64,16,5,16,0.005,SNN,pca,10,10.0,0.873,0.8097,0.8641,0.231,0.1568,0.23,0.0501,0.0502,0.0507,0.3506,0.2667,0.2857,0.0051,0.0048,0.0062,0.3506,0.2667,0.2857
1,0.3,64,16,5,64,0.0005,SNN,pca,5,0.1,0.6029,0.6043,0.6155,0.039,0.0357,0.0335,0.0501,0.0502,0.0507,0.0649,0.0444,0.033,0.0066,0.0067,0.0048,0.0649,0.0444,0.033
1,0.5,64,16,5,16,0.005,SNN,pca,50,1.0,0.8867,0.9321,0.9138,0.2747,0.3913,0.2992,0.05,0.0508,0.0507,0.3984,0.4769,0.4615,0.0051,0.0073,0.0057,0.3984,0.4769,0.4615
1,0.3,64,16,5,32,0.0001,SNN,pca,200,10.0,0.8342,0.8198,0.8434,0.22,0.2755,0.2106,0.0502,0.0502,0.0507,0.3506,0.4,0.3407,0.0079,0.0073,0.0055,0.3506,0.4,0.3407
1,0.8,64,16,5,16,0.0001,SNN,pca,10,1.0,0.9646,0.9532,0.9557,0.382,0.4848,0.3162,0.0503,0.0507,0.0507,0.4029,0.5,0.3462,0.0055,0.0052,0.0073,0.4029,0.5,0.3462
1,0.8,64,16,5,16,0.005,SNN,pca,50,10.0,0.9005,0.9109,0.9181,0.1836,0.1712,0.2089,0.0503,0.0506,0.0507,0.233,0.2308,0.2308,0.0058,0.0,0.0073,0.233,0.2308,0.2308
1,0.3,64,16,5,32,0.0001,SNN,pca,50,10.0,0.7785,0.8613,0.8168,0.1159,0.2745,0.222,0.0501,0.0502,0.0507,0.1688,0.3667,0.2857,0.0059,0.0048,0.0062,0.1688,0.3667,0.2857
1,0.5,64,16,5,32,0.005,SNN,pca,100,0.1,0.5143,0.5417,0.5665,0.0267,0.0304,0.0295,0.05,0.0507,0.0507,0.0156,0.0462,0.0154,0.0056,0.0033,0.0065,0.0156,0.0462,0.0154
1,0.3,64,16,5,16,0.005,SNN,pca,100,0.1,0.5111,0.5384,0.5437,0.0268,0.0274,0.0323,0.0501,0.0502,0.0508,0.039,0.0222,0.044,0.0066,0.0067,0.0068,0.039,0.0222,0.044
1,0.5,64,16,5,32,0.001,SNN,pca,100,10.0,0.8703,0.917,0.9086,0.1473,0.3189,0.2405,0.05,0.0508,0.0507,0.1953,0.3538,0.3077,0.0065,0.0073,0.0065,0.1953,0.3538,0.3077
1,0.3,64,16,5,32,0.0001,SNN,pca,20,0.1,0.5983,0.5719,0.6201,0.0351,0.0299,0.0471,0.0501,0.0502,0.0507,0.0519,0.0333,0.0549,0.0051,0.0027,0.0039,0.0519,0.0333,0.0549
1,0.3,64,16,5,64,0.0001,SNN,pca,10,0.1,0.5838,0.6193,0.6103,0.0358,0.0381,0.0405,0.0502,0.0502,0.0508,0.026,0.0333,0.0659,0.0079,0.0055,0.0092,0.026,0.0333,0.0659
1,0.5,64,16,5,32,0.001,SNN,pca,10,10.0,0.8083,0.8812,0.8789,0.1455,0.2697,0.2035,0.05,0.0507,0.0507,0.2188,0.2923,0.2769,0.0051,0.0046,0.0057,0.2188,0.2923,0.2769
1,0.3,64,16,5,16,0.005,SNN,pca,100,1.0,0.9265,0.9605,0.9693,0.2179,0.3478,0.4365,0.0501,0.0502,0.0507,0.2338,0.3889,0.4725,0.0051,0.0061,0.0055,0.2338,0.3889,0.4725
1,0.5,64,16,5,32,0.0005,SNN,pca,5,1.0,0.8009,0.8928,0.9228,0.1111,0.2368,0.3428,0.05,0.0507,0.0507,0.1797,0.2923,0.3385,0.0046,0.0065,0.0057,0.1797,0.2923,0.3385
1,0.3,64,16,5,32,0.0001,SNN,pca,10,1.0,0.8457,0.7995,0.8037,0.2724,0.2427,0.2136,0.0502,0.0502,0.0507,0.4156,0.4,0.3077,0.0084,0.0061,0.0062,0.4156,0.4,0.3077
1,0.5,64,16,5,16,0.001,SNN,pca,10,10.0,0.9043,0.9267,0.9195,0.2388,0.3563,0.3306,0.05,0.0507,0.0507,0.3203,0.4,0.3846,0.0069,0.0046,0.0033,0.3203,0.4,0.3846
1,0.3,64,16,5,64,0.0005,SNN,pca,5,10.0,0.6456,0.7738,0.7017,0.0735,0.18,0.129,0.0501,0.0502,0.0507,0.1948,0.2444,0.1758,0.0059,0.0061,0.0055,0.1948,0.2444,0.1758
1,0.5,64,16,5,64,0.0001,SNN,pca,20,10.0,0.8336,0.7942,0.8533,0.2732,0.2143,0.2834,0.05,0.0508,0.0507,0.3906,0.3692,0.4,0.0051,0.0073,0.0065,0.3906,0.3692,0.4
1,0.3,64,16,5,32,0.0005,SNN,pca,200,10.0,0.7933,0.8822,0.9212,0.1052,0.261,0.2862,0.0501,0.0502,0.0508,0.1558,0.2889,0.2967,0.0051,0.0055,0.0068,0.1558,0.2889,0.2967
1,0.5,64,16,5,64,0.0001,SNN,pca,5,0.1,0.6352,0.5799,0.6188,0.046,0.0301,0.0421,0.05,0.0507,0.0507,0.0547,0.0,0.0462,0.0065,0.0057,0.0046,0.0547,0.0,0.0462
1,0.3,64,16,5,32,0.001,SNN,pca,5,10.0,0.807,0.8998,0.8938,0.1181,0.2035,0.2978,0.0501,0.0503,0.0508,0.1299,0.2444,0.3407,0.0059,0.0078,0.0073,0.1299,0.2444,0.3407
1,0.5,64,16,5,32,0.001,SNN,pca,20,10.0,0.8426,0.8919,0.8766,0.155,0.2349,0.2277,0.05,0.0507,0.0507,0.2109,0.2615,0.3077,0.0056,0.0033,0.0057,0.2109,0.2615,0.3077
1,0.3,64,16,5,16,0.005,SNN,pca,5,10.0,0.8475,0.8546,0.8191,0.086,0.0946,0.0743,0.0501,0.0502,0.0507,0.0,0.0111,0.011,0.0051,0.0061,0.0055,0.0,0.0111,0.011
1,0.3,64,16,5,32,0.0001,SNN,pca,5,10.0,0.8256,0.8219,0.7667,0.2041,0.2619,0.2329,0.0502,0.0502,0.0508,0.3117,0.3889,0.3407,0.0079,0.0048,0.0073,0.3117,0.3889,0.3407
1,0.3,64,16,5,16,0.0005,SNN,pca,100,10.0,0.8388,0.9155,0.9251,0.1138,0.2471,0.2415,0.0501,0.0502,0.0508,0.1558,0.2667,0.3297,0.0066,0.0067,0.0073,0.1558,0.2667,0.3297
1,0.5,64,16,5,16,0.0005,SNN,pca,200,10.0,0.9348,0.9297,0.9182,0.2401,0.3471,0.3056,0.05,0.0507,0.0508,0.3203,0.4308,0.3077,0.0076,0.0033,0.0087,0.3203,0.4308,0.3077
1,0.5,64,16,5,16,0.0001,SNN,pca,50,10.0,0.9541,0.9689,0.955,0.2626,0.3495,0.2623,0.05,0.0507,0.0507,0.2656,0.3846,0.3385,0.0061,0.0057,0.0057,0.2656,0.3846,0.3385
1,0.5,64,16,5,16,0.005,SNN,pca,10,0.1,0.6053,0.6542,0.5506,0.0396,0.0397,0.0336,0.05,0.0508,0.0508,0.0312,0.0308,0.0769,0.0051,0.0073,0.0073,0.0312,0.0308,0.0769
1,0.5,64,16,5,16,0.001,SNN,pca,100,0.1,0.498,0.4718,0.5293,0.025,0.0235,0.0264,0.05,0.0508,0.0508,0.0312,0.0308,0.0308,0.0065,0.0073,0.0073,0.0312,0.0308,0.0308
1,0.5,64,16,5,64,0.005,SNN,pca,50,10.0,0.8079,0.8306,0.8629,0.136,0.2159,0.1482,0.0501,0.0508,0.0507,0.2266,0.2615,0.2,0.008,0.0087,0.0065,0.2266,0.2615,0.2
1,0.5,64,16,5,16,0.001,SNN,pca,10,0.1,0.5535,0.5537,0.5837,0.0283,0.0272,0.0301,0.05,0.0508,0.0507,0.0234,0.0,0.0154,0.0076,0.0087,0.0046,0.0234,0.0,0.0154
1,0.3,64,16,5,16,0.001,SNN,pca,50,10.0,0.8413,0.9058,0.9137,0.1244,0.2661,0.308,0.0501,0.0502,0.0508,0.1818,0.3444,0.3956,0.0042,0.0073,0.0068,0.1818,0.3444,0.3956
1,0.3,64,16,5,16,0.001,SNN,pca,5,10.0,0.8167,0.8648,0.8535,0.1027,0.1838,0.1765,0.0502,0.0503,0.0507,0.1558,0.2667,0.2637,0.0073,0.0091,0.0039,0.1558,0.2667,0.2637
1,0.3,64,16,5,16,0.0005,SNN,pca,20,0.1,0.494,0.5502,0.5305,0.0242,0.0294,0.0262,0.0501,0.0503,0.0507,0.026,0.0111,0.011,0.0066,0.0082,0.0048,0.026,0.0111,0.011
1,0.1,64,16,50,32,0.001,SNN,pca,50,0.1,0.39922873959813276,0.5288703581583668,0.5563729385587675,,,,,,,,,,,,,,,
1,0.3,64,16,5,32,0.001,SNN,pca,5,10.0,0.5462,0.6926,0.7074,0.0356,0.1117,0.1056,0.0501,0.0502,0.0507,0.0519,0.1778,0.1868,0.0066,0.0073,0.0055,0.0519,0.1778,0.1868
1,0.8,64,16,5,16,0.001,SNN,pca,5,0.1,0.6792,0.7175,0.6447,0.043,0.0473,0.0427,0.0503,0.0507,0.0507,0.0291,0.0,0.0,0.0066,0.0073,0.0052,0.0291,0.0,0.0
1,0.3,64,16,5,64,0.0005,SNN,pca,5,10.0,0.7663,0.7914,0.8346,0.0891,0.1991,0.2596,0.0501,0.0503,0.0507,0.1429,0.3111,0.3407,0.0051,0.0078,0.0048,0.1429,0.3111,0.3407
1,0.5,64,16,5,32,0.0001,SNN,pca,100,10.0,0.9394,0.9258,0.9493,0.2672,0.3408,0.3278,0.05,0.0507,0.0509,0.3281,0.4308,0.3538,0.0073,0.0046,0.0103,0.3281,0.4308,0.3538
1,0.3,64,16,5,16,0.001,SNN,pca,5,0.1,0.6066,0.5876,0.5964,0.0337,0.0323,0.0307,0.0502,0.0502,0.0507,0.026,0.0111,0.022,0.0079,0.0067,0.0048,0.026,0.0111,0.022
1,0.5,64,16,5,16,0.001,SNN,pca,50,10.0,0.8606,0.8864,0.9097,0.1704,0.1897,0.3094,0.05,0.0508,0.0507,0.2656,0.3231,0.4154,0.0051,0.008,0.0065,0.2656,0.3231,0.4154
1,0.3,64,16,5,16,0.0005,SNN,pca,10,1.0,0.9281,0.87,0.89,0.2918,0.2374,0.2745,0.0501,0.0502,0.0508,0.4416,0.3889,0.4066,0.0051,0.0067,0.0083,0.4416,0.3889,0.4066
1,0.3,64,16,5,64,0.005,SNN,pca,20,1.0,0.792,0.8735,0.8821,0.1156,0.2519,0.2386,0.0501,0.0502,0.0507,0.1948,0.3222,0.3516,0.0042,0.0055,0.0055,0.1948,0.3222,0.3516
1,0.3,64,16,5,16,0.001,SNN,pca,10,0.1,0.5676,0.6128,0.509,0.0296,0.0328,0.0241,0.0501,0.0502,0.0507,0.0,0.0333,0.011,0.0051,0.0055,0.0055,0.0,0.0333,0.011
1,0.3,64,16,5,64,0.0005,SNN,pca,200,10.0,0.8207,0.8058,0.7532,0.1623,0.1768,0.2093,0.0501,0.0503,0.0508,0.2597,0.2444,0.3297,0.0059,0.0082,0.0068,0.2597,0.2444,0.3297
1,0.3,64,16,5,16,0.0001,SNN,pca,100,0.1,0.6249,0.5621,0.5902,0.0508,0.0387,0.0381,0.0501,0.0502,0.0507,0.0779,0.1,0.0659,0.0051,0.0048,0.0062,0.0779,0.1,0.0659
1,0.5,64,16,5,32,0.001,SNN,pca,100,0.1,0.5006,0.4762,0.5229,0.0247,0.0226,0.0269,0.05,0.0507,0.0508,0.0156,0.0154,0.0154,0.0073,0.0046,0.0073,0.0156,0.0154,0.0154
1,0.3,64,16,5,64,0.0001,SNN,pca,10,10.0,0.7296,0.7175,0.7022,0.0755,0.0916,0.112,0.0502,0.0502,0.0507,0.1429,0.1667,0.1868,0.0073,0.0039,0.0062,0.1429,0.1667,0.1868
1,0.3,64,16,5,16,0.005,SNN,pca,5,1.0,0.9066,0.8923,0.8861,0.2241,0.3655,0.2856,0.0501,0.0502,0.0507,0.3636,0.4444,0.4176,0.0051,0.0061,0.0048,0.3636,0.4444,0.4176
1,0.6,64,16,50,32,0.001,SNN,pca,50,0.1,0.524669310245093,0.5259020827133227,0.526487227841591,,,,,,,,,,,,,,,
1,0.3,64,16,5,16,0.0005,SNN,pca,200,1.0,0.8032,0.9275,0.8794,0.0931,0.3556,0.3255,0.0501,0.0502,0.0507,0.1429,0.4444,0.3736,0.0059,0.0073,0.0055,0.1429,0.4444,0.3736
1,0.3,64,16,5,64,0.001,SNN,pca,10,1.0,0.6324,0.7904,0.8055,0.0538,0.1205,0.1454,0.0501,0.0502,0.0508,0.1039,0.1667,0.2418,0.0042,0.0055,0.0068,0.1039,0.1667,0.2418
1,0.5,64,16,5,64,0.005,SNN,pca,10,10.0,0.5963,0.7413,0.7918,0.052,0.1389,0.1203,0.05,0.0507,0.0508,0.0938,0.2,0.1692,0.0056,0.0033,0.008,0.0938,0.2,0.1692
1,0.5,64,16,5,32,0.005,SNN,pca,5,1.0,0.9464,0.9616,0.9464,0.2951,0.4326,0.3352,0.0501,0.0507,0.0507,0.3828,0.5077,0.4615,0.008,0.0057,0.0046,0.3828,0.5077,0.4615
1,0.5,64,16,5,64,0.0005,SNN,pca,100,0.1,0.6374,0.6002,0.684,0.0463,0.0399,0.0617,0.05,0.0507,0.0508,0.0938,0.0308,0.0923,0.004,0.0065,0.0073,0.0938,0.0308,0.0923
1,0.3,64,16,5,32,0.0005,SNN,pca,20,0.1,0.6341,0.5567,0.5721,0.0376,0.0305,0.031,0.0501,0.0502,0.0507,0.026,0.0333,0.033,0.0051,0.0048,0.0048,0.026,0.0333,0.033
1,0.3,64,16,5,16,0.0001,SNN,pca,10,0.1,0.5871,0.6689,0.6634,0.0367,0.0709,0.0552,0.0501,0.0502,0.0508,0.0519,0.1333,0.0769,0.0059,0.0061,0.0073,0.0519,0.1333,0.0769
1,0.5,64,16,5,32,0.0001,SNN,pca,5,1.0,0.9001,0.9329,0.9318,0.2898,0.3175,0.4275,0.05,0.0507,0.0507,0.4062,0.4154,0.4615,0.0061,0.0046,0.0033,0.4062,0.4154,0.4615
1,0.5,64,16,5,64,0.0005,SNN,pca,10,10.0,0.8851,0.9199,0.9207,0.196,0.2643,0.2782,0.05,0.0508,0.0507,0.2578,0.3231,0.3231,0.0069,0.0093,0.0065,0.2578,0.3231,0.3231
1,0.5,64,16,5,32,0.005,SNN,pca,50,1.0,0.9584,0.9686,0.9604,0.3019,0.3771,0.3914,0.05,0.0507,0.0507,0.3281,0.3538,0.4,0.0056,0.0065,0.0065,0.3281,0.3538,0.4
1,0.3,64,16,5,16,0.001,SNN,pca,200,0.1,0.549,0.51,0.5618,0.0265,0.0254,0.0306,0.0501,0.0502,0.0508,0.0,0.0111,0.022,0.0051,0.0061,0.0078,0.0,0.0111,0.022
1,0.3,64,16,5,64,0.0001,SNN,pca,10,0.1,0.6444,0.5864,0.6154,0.0527,0.0314,0.0486,0.0501,0.0502,0.0508,0.0649,0.0111,0.0769,0.0066,0.0061,0.0078,0.0649,0.0111,0.0769
1,0.3,64,16,5,64,0.0001,SNN,pca,200,0.1,0.635,0.6106,0.6115,0.0395,0.0418,0.0454,0.0502,0.0502,0.0507,0.039,0.0778,0.044,0.0073,0.0061,0.0062,0.039,0.0778,0.044
1,0.5,64,16,5,64,0.0005,SNN,pca,5,1.0,0.9367,0.9295,0.9583,0.321,0.3092,0.3585,0.05,0.0507,0.0507,0.3984,0.3846,0.4462,0.0061,0.0046,0.0057,0.3984,0.3846,0.4462
1,0.3,64,16,5,32,0.001,SNN,pca,100,0.1,0.5373,0.5498,0.5921,0.0265,0.0301,0.0372,0.0502,0.0502,0.0508,0.0,0.0444,0.044,0.0079,0.0027,0.0068,0.0,0.0444,0.044
1,0.3,64,16,5,16,0.0001,SNN,pca,20,0.1,0.5764,0.5918,0.6171,0.0407,0.0443,0.0469,0.0502,0.0502,0.0508,0.0779,0.0556,0.0879,0.0073,0.0073,0.0068,0.0779,0.0556,0.0879
1,0.3,64,16,5,16,0.001,SNN,pca,50,1.0,0.8513,0.9115,0.9513,0.1314,0.2208,0.3195,0.0501,0.0502,0.0507,0.1948,0.2556,0.3407,0.003,0.0061,0.0062,0.1948,0.2556,0.3407
1,0.3,64,16,5,16,0.005,SNN,pca,100,10.0,0.6507,0.8051,0.7701,0.0421,0.081,0.0641,0.0501,0.0502,0.0508,0.0519,0.1111,0.0659,0.0042,0.0067,0.0073,0.0519,0.1111,0.0659
1,0.3,64,16,5,64,0.0001,SNN,pca,20,1.0,0.6591,0.7201,0.7531,0.0597,0.0776,0.0851,0.0501,0.0502,0.0508,0.0909,0.1222,0.1538,0.0059,0.0055,0.0068,0.0909,0.1222,0.1538
1,0.8,64,16,5,16,0.0001,SNN,pca,200,10.0,0.9351,0.971,0.969,0.2203,0.3348,0.4155,0.0503,0.0507,0.0507,0.2524,0.3077,0.3846,0.0048,0.0073,0.0073,0.2524,0.3077,0.3846
1,0.8,64,16,5,16,0.005,SNN,pca,100,0.1,0.5796,0.6852,0.6256,0.0298,0.0419,0.0407,0.0503,0.0507,0.0508,0.0146,0.0,0.0769,0.0083,0.0052,0.009,0.0146,0.0,0.0769
1,0.5,64,16,5,16,0.001,SNN,pca,200,10.0,0.8649,0.9313,0.9272,0.1439,0.2208,0.251,0.0501,0.0507,0.0507,0.1797,0.2615,0.2615,0.0083,0.0065,0.0065,0.1797,0.2615,0.2615
1,0.8,64,16,5,16,0.005,SNN,pca,5,1.0,0.9182,0.9176,0.8799,0.2818,0.4021,0.3058,0.0503,0.0507,0.0507,0.3883,0.5385,0.3846,0.0045,0.0052,0.0073,0.3883,0.5385,0.3846
1,0.5,64,16,5,16,0.001,SNN,pca,50,0.1,0.5384,0.4982,0.5476,0.0295,0.0284,0.032,0.05,0.0507,0.0507,0.0156,0.0308,0.0308,0.0073,0.0046,0.0046,0.0156,0.0308,0.0308
1,0.3,64,16,5,16,0.001,SNN,pca,20,0.1,0.5205,0.4613,0.5255,0.03,0.0236,0.0264,0.0501,0.0502,0.0507,0.0649,0.0222,0.011,0.0051,0.0055,0.0055,0.0649,0.0222,0.011
1,0.5,64,16,5,32,0.0001,SNN,pca,10,1.0,0.9274,0.9151,0.9462,0.2705,0.349,0.3823,0.0501,0.0507,0.0507,0.375,0.4769,0.4462,0.0086,0.0057,0.0033,0.375,0.4769,0.4462
1,0.3,64,16,5,64,0.0001,SNN,pca,20,10.0,0.6648,0.6884,0.687,0.08,0.0759,0.0823,0.0501,0.0502,0.0507,0.1169,0.1333,0.1209,0.0042,0.0061,0.0062,0.1169,0.1333,0.1209
1,0.5,64,16,5,32,0.0005,SNN,pca,100,1.0,0.9612,0.9645,0.9636,0.2728,0.3048,0.3057,0.05,0.0507,0.0507,0.2812,0.3077,0.3077,0.0061,0.0065,0.0046,0.2812,0.3077,0.3077
1,0.3,64,16,5,16,0.0005,SNN,pca,5,1.0,0.8704,0.8201,0.8517,0.231,0.2729,0.3279,0.0502,0.0502,0.0508,0.3377,0.4222,0.4835,0.0084,0.0067,0.0083,0.3377,0.4222,0.4835
1,0.3,64,16,5,16,0.005,SNN,pca,50,10.0,0.6267,0.7867,0.7542,0.044,0.0672,0.0713,0.0502,0.0502,0.0507,0.0909,0.0556,0.0769,0.0084,0.0039,0.0048,0.0909,0.0556,0.0769
1,0.3,64,16,5,64,0.005,SNN,pca,10,0.1,0.5061,0.5544,0.5623,0.0242,0.0275,0.0283,0.0502,0.0502,0.0507,0.026,0.0111,0.011,0.0079,0.0061,0.0055,0.026,0.0111,0.011
1,0.5,64,16,5,32,0.0005,SNN,pca,50,10.0,0.9372,0.9502,0.9515,0.2363,0.2913,0.3245,0.0501,0.0507,0.0508,0.25,0.3538,0.3692,0.0083,0.0,0.0087,0.25,0.3538,0.3692
1,0.5,64,16,5,32,0.005,SNN,pca,50,10.0,0.777,0.8597,0.8596,0.0656,0.1081,0.1151,0.05,0.0507,0.0508,0.0703,0.1077,0.1231,0.0069,0.0046,0.008,0.0703,0.1077,0.1231
1,0.5,64,16,5,16,0.0001,SNN,pca,10,0.1,0.6358,0.6458,0.654,0.0524,0.0437,0.0423,0.05,0.0507,0.0508,0.0938,0.0615,0.0615,0.0046,0.0057,0.008,0.0938,0.0615,0.0615
1,0.3,64,16,5,32,0.0005,SNN,pca,5,1.0,0.7495,0.862,0.8639,0.0758,0.203,0.2352,0.0501,0.0502,0.0507,0.1299,0.3,0.2857,0.0051,0.0039,0.0062,0.1299,0.3,0.2857
1,0.3,64,16,5,64,0.001,SNN,pca,5,10.0,0.7908,0.8426,0.8291,0.119,0.1943,0.2001,0.0502,0.0502,0.0508,0.1688,0.2889,0.2637,0.0073,0.0039,0.0068,0.1688,0.2889,0.2637
1,0.5,64,16,5,16,0.0005,SNN,pca,20,1.0,0.8901,0.9412,0.9501,0.1524,0.2947,0.3246,0.05,0.0507,0.0508,0.1719,0.3846,0.3385,0.0056,0.0057,0.0073,0.1719,0.3846,0.3385
1,0.5,64,16,50,32,0.001,SNN,pca,50,1.0,0.9509606810572538,0.9500039558773928,0.9623772758746282,,,,,,,,,,,,,,,
1,0.5,64,16,5,16,0.001,SNN,pca,50,10.0,0.8394,0.913,0.9287,0.147,0.2438,0.3477,0.05,0.0507,0.0507,0.25,0.2769,0.3846,0.0069,0.0046,0.0057,0.25,0.2769,0.3846
1,0.3,64,16,5,32,0.0005,SNN,pca,5,10.0,0.9294,0.9361,0.9425,0.2341,0.3281,0.2911,0.0502,0.0502,0.0508,0.2597,0.3667,0.3956,0.0089,0.0039,0.0073,0.2597,0.3667,0.3956
1,0.3,64,16,5,32,0.001,SNN,pca,50,10.0,0.8102,0.8729,0.8903,0.1028,0.2043,0.2638,0.0502,0.0502,0.0507,0.1429,0.3333,0.3297,0.0073,0.0048,0.0039,0.1429,0.3333,0.3297
1,0.3,64,16,5,16,0.0001,SNN,pca,50,1.0,0.9152,0.9569,0.9221,0.3002,0.3622,0.3012,0.0501,0.0502,0.0508,0.3506,0.4222,0.4176,0.0066,0.0073,0.0078,0.3506,0.4222,0.4176
1,0.5,64,16,5,64,0.005,SNN,pca,20,0.1,0.5791,0.5925,0.6203,0.0331,0.038,0.0346,0.05,0.0507,0.0507,0.0625,0.0615,0.0308,0.0056,0.0057,0.0046,0.0625,0.0615,0.0308
1,0.3,64,16,5,32,0.001,SNN,pca,100,1.0,0.692,0.8667,0.8474,0.0595,0.1824,0.1826,0.0501,0.0502,0.0507,0.0779,0.2667,0.2308,0.0066,0.0055,0.0048,0.0779,0.2667,0.2308
1,0.3,64,16,5,64,0.001,SNN,pca,200,0.1,0.4995,0.5634,0.5524,0.0263,0.029,0.0301,0.0501,0.0502,0.0507,0.026,0.0333,0.044,0.0051,0.0061,0.0055,0.026,0.0333,0.044
1,0.3,64,16,5,16,0.001,SNN,pca,10,0.1,0.5385,0.5413,0.5268,0.0278,0.0283,0.0272,0.0502,0.0502,0.0507,0.039,0.0333,0.022,0.0079,0.0048,0.0055,0.039,0.0333,0.022
1,0.4,64,16,50,32,0.001,SNN,pca,50,10.0,0.8783253510182975,0.830345137461481,0.9158319705641864,,,,,,,,,,,,,,,
1,0.2,64,16,50,32,0.001,SNN,pca,50,100.0,0.8343460741594582,0.8370750164367258,0.8484892741358259,,,,,,,,,,,,,,,
1,0.3,64,16,5,16,0.0005,SNN,pca,100,10.0,0.8429,0.8606,0.8335,0.0986,0.2183,0.2165,0.0501,0.0502,0.0507,0.0779,0.2667,0.2747,0.0066,0.0061,0.0048,0.0779,0.2667,0.2747
1,0.3,64,16,5,32,0.001,SNN,pca,20,0.1,0.5084,0.5094,0.5336,0.0239,0.024,0.0276,0.0501,0.0503,0.0508,0.013,0.0,0.011,0.0066,0.0078,0.0068,0.013,0.0,0.011
1,0.3,64,16,5,16,0.005,SNN,pca,20,10.0,0.7122,0.8084,0.7969,0.0456,0.0622,0.0592,0.0501,0.0503,0.0507,0.0,0.0111,0.011,0.0059,0.0078,0.0048,0.0,0.0111,0.011
1,0.3,64,16,5,32,0.005,SNN,pca,50,1.0,0.7516,0.8826,0.8718,0.0992,0.2563,0.2246,0.0501,0.0502,0.0507,0.1558,0.3,0.2857,0.0051,0.0055,0.0055,0.1558,0.3,0.2857
1,0.5,64,16,5,64,0.0005,SNN,pca,50,0.1,0.6107,0.6484,0.6364,0.0422,0.0447,0.0404,0.05,0.0507,0.0508,0.0625,0.0615,0.0462,0.0065,0.0065,0.0073,0.0625,0.0615,0.0462
1,0.5,64,16,5,16,0.0001,SNN,pca,20,0.1,0.531,0.6207,0.5767,0.0286,0.0447,0.0369,0.05,0.0508,0.0507,0.0312,0.0923,0.0615,0.0065,0.008,0.0046,0.0312,0.0923,0.0615
1,0.5,64,16,5,64,0.001,SNN,pca,20,0.1,0.4453,0.486,0.5223,0.0209,0.0235,0.0253,0.05,0.0507,0.0508,0.0078,0.0154,0.0,0.0061,0.0057,0.0073,0.0078,0.0154,0.0
1,0.8,64,16,5,16,0.005,SNN,pca,50,0.1,0.6744,0.6447,0.6037,0.0566,0.0473,0.0335,0.0503,0.0507,0.0507,0.0825,0.1154,0.0385,0.0051,0.0052,0.0052,0.0825,0.1154,0.0385
1,0.3,64,16,5,16,0.005,SNN,pca,200,0.1,0.4538,0.4812,0.5442,0.0216,0.0235,0.0288,0.0501,0.0502,0.0507,0.0,0.0111,0.011,0.0059,0.0055,0.0062,0.0,0.0111,0.011
1,0.8,64,16,5,16,0.005,SNN,pca,20,10.0,0.8784,0.9228,0.9116,0.1815,0.3133,0.2465,0.0503,0.0506,0.0507,0.2718,0.2692,0.2692,0.0073,0.0,0.0073,0.2718,0.2692,0.2692
1,0.3,64,16,5,32,0.0001,SNN,pca,100,10.0,0.8046,0.8212,0.836,0.1562,0.2527,0.2541,0.0502,0.0502,0.0508,0.2727,0.3556,0.3297,0.0084,0.0048,0.0073,0.2727,0.3556,0.3297
1,0.8,64,16,5,16,0.005,SNN,pca,10,10.0,0.8802,0.8956,0.9283,0.1623,0.2118,0.2529,0.0503,0.0507,0.0506,0.2233,0.2308,0.3077,0.0058,0.0052,0.0,0.2233,0.2308,0.3077
1,0.5,64,16,5,32,0.001,SNN,pca,5,0.1,0.6373,0.6259,0.5672,0.0429,0.0359,0.0293,0.05,0.0508,0.0507,0.0469,0.0308,0.0462,0.0073,0.0073,0.0065,0.0469,0.0308,0.0462
1,0.3,64,16,5,32,0.0005,SNN,pca,20,1.0,0.8041,0.9091,0.9039,0.1178,0.281,0.2795,0.0501,0.0502,0.0507,0.1818,0.3444,0.3077,0.0042,0.0067,0.0048,0.1818,0.3444,0.3077
1,0.3,64,16,5,32,0.0005,SNN,pca,100,10.0,0.7516,0.8655,0.8784,0.0907,0.2174,0.2238,0.0502,0.0502,0.0508,0.1558,0.3333,0.3077,0.0079,0.0055,0.0068,0.1558,0.3333,0.3077
1,0.3,64,16,5,64,0.005,SNN,pca,5,10.0,0.4101,0.6798,0.6182,0.0234,0.1024,0.0764,0.0501,0.0502,0.0507,0.026,0.1889,0.1429,0.0042,0.0048,0.0055,0.026,0.1889,0.1429
1,0.8,64,16,5,16,0.001,SNN,pca,200,10.0,0.9526,0.9087,0.9613,0.2297,0.2799,0.307,0.0503,0.0507,0.0507,0.2524,0.3077,0.3462,0.0041,0.0073,0.0052,0.2524,0.3077,0.3462
1,0.3,64,16,5,16,0.005,SNN,pca,5,1.0,0.8539,0.9038,0.8585,0.1703,0.3114,0.2266,0.0501,0.0502,0.0507,0.3247,0.4889,0.4066,0.0059,0.0073,0.0055,0.3247,0.4889,0.4066
1,0.3,64,16,5,32,0.005,SNN,pca,100,1.0,0.8347,0.8628,0.8357,0.1731,0.2695,0.2001,0.0501,0.0502,0.0508,0.2338,0.3667,0.3077,0.0059,0.0061,0.0073,0.2338,0.3667,0.3077
1,0.3,64,16,50,32,0.001,SNN,pca,50,10.0,0.8000339606818473,0.8444584291978557,0.8996659397064848,,,,,,,,,,,,,,,
1,0.3,64,16,5,16,0.001,SNN,pca,50,0.1,0.4779,0.4423,0.4464,0.0226,0.0214,0.0215,0.0502,0.0502,0.0507,0.013,0.0222,0.011,0.0079,0.0073,0.0062,0.013,0.0222,0.011
1,0.3,64,16,5,16,0.0001,SNN,pca,50,10.0,0.9364,0.9666,0.9302,0.3212,0.4138,0.2497,0.0501,0.0502,0.0508,0.3896,0.4333,0.2637,0.0066,0.0067,0.0083,0.3896,0.4333,0.2637
1,0.3,64,16,5,32,0.0001,SNN,pca,100,1.0,0.8342,0.8346,0.8311,0.2253,0.2122,0.3441,0.0502,0.0502,0.0507,0.3766,0.3444,0.4615,0.0079,0.0073,0.0055,0.3766,0.3444,0.4615
1,0.5,64,16,5,64,0.001,SNN,pca,200,0.1,0.4636,0.5423,0.4951,0.0233,0.0273,0.0246,0.05,0.0507,0.0507,0.0391,0.0,0.0154,0.0073,0.0057,0.0057,0.0391,0.0,0.0154
1,0.5,64,16,5,32,0.005,SNN,pca,5,0.1,0.527,0.5478,0.5522,0.0268,0.0343,0.0327,0.05,0.0507,0.0507,0.0078,0.0462,0.0154,0.0061,0.0046,0.0057,0.0078,0.0462,0.0154
1,0.3,64,16,5,32,0.001,SNN,pca,20,1.0,0.6502,0.8717,0.8414,0.051,0.2094,0.1757,0.0502,0.0503,0.0507,0.0649,0.2556,0.2527,0.0073,0.0095,0.0062,0.0649,0.2556,0.2527
1,0.5,64,16,5,64,0.0001,SNN,pca,100,0.1,0.641,0.6766,0.652,0.0543,0.0632,0.051,0.05,0.0507,0.0507,0.0625,0.0923,0.1077,0.0056,0.0033,0.0057,0.0625,0.0923,0.1077
1,0.3,64,16,5,16,0.0005,SNN,pca,100,1.0,0.8792,0.9381,0.9255,0.1532,0.2706,0.26,0.0502,0.0503,0.0507,0.1688,0.3111,0.3187,0.0073,0.0087,0.0055,0.1688,0.3111,0.3187
1,0.3,64,16,5,64,0.0001,SNN,pca,50,10.0,0.6635,0.6834,0.6952,0.0526,0.0684,0.0709,0.0501,0.0502,0.0507,0.0779,0.1,0.1538,0.0066,0.0067,0.0062,0.0779,0.1,0.1538
1,0.3,64,16,5,16,0.001,SNN,pca,100,10.0,0.6905,0.8158,0.8957,0.0584,0.1576,0.2208,0.0501,0.0502,0.0508,0.0779,0.1778,0.2637,0.0051,0.0039,0.0068,0.0779,0.1778,0.2637
1,0.3,64,16,5,16,0.0001,SNN,pca,50,0.1,0.6065,0.6212,0.5994,0.0431,0.0502,0.038,0.0502,0.0502,0.0507,0.0649,0.1111,0.044,0.0073,0.0067,0.0062,0.0649,0.1111,0.044
1,0.5,64,16,5,16,0.001,SNN,pca,20,0.1,0.5221,0.5359,0.597,0.0257,0.0292,0.0481,0.05,0.0507,0.0508,0.0234,0.0154,0.0308,0.0046,0.0057,0.0073,0.0234,0.0154,0.0308
1,0.5,64,16,5,32,0.0005,SNN,pca,20,1.0,0.9155,0.9363,0.931,0.1634,0.2832,0.2546,0.05,0.0508,0.0507,0.1406,0.3538,0.3077,0.0051,0.008,0.0065,0.1406,0.3538,0.3077
1,0.3,64,16,5,64,0.0001,SNN,pca,100,1.0,0.6733,0.7153,0.742,0.0565,0.082,0.1187,0.0501,0.0502,0.0508,0.0909,0.1444,0.1868,0.0042,0.0073,0.0068,0.0909,0.1444,0.1868
1,0.3,64,16,5,64,0.005,SNN,pca,100,10.0,0.3271,0.5523,0.5925,0.0175,0.058,0.0553,0.0502,0.0502,0.0507,0.0,0.1222,0.1099,0.0079,0.0055,0.0028,0.0,0.1222,0.1099
1,0.5,64,16,5,16,0.005,SNN,pca,10,0.1,0.5775,0.5681,0.5157,0.0346,0.0299,0.031,0.05,0.0507,0.0507,0.0547,0.0462,0.0308,0.0069,0.0057,0.0057,0.0547,0.0462,0.0308
1,0.3,64,16,5,64,0.005,SNN,pca,20,10.0,0.4571,0.7422,0.6748,0.0378,0.1378,0.1094,0.0501,0.0502,0.0507,0.1039,0.2,0.2198,0.003,0.0039,0.0062,0.1039,0.2,0.2198
1,0.8,64,16,5,16,0.0001,SNN,pca,100,1.0,0.9525,0.9356,0.9594,0.2244,0.4033,0.3568,0.0503,0.0507,0.0506,0.2233,0.4231,0.2308,0.0068,0.0052,0.0,0.2233,0.4231,0.2308
1,0.3,64,16,5,16,0.001,SNN,pca,50,1.0,0.8128,0.9159,0.9132,0.101,0.2715,0.3277,0.0502,0.0502,0.0507,0.1688,0.3,0.3626,0.0073,0.0067,0.0055,0.1688,0.3,0.3626
1,0.3,64,16,5,64,0.0005,SNN,pca,200,1.0,0.8479,0.8437,0.895,0.1941,0.2043,0.3011,0.0501,0.0502,0.0507,0.2727,0.2889,0.4286,0.0051,0.0061,0.0062,0.2727,0.2889,0.4286
1,0.5,64,16,5,64,0.001,SNN,pca,50,1.0,0.8333,0.8684,0.8657,0.1599,0.2163,0.2394,0.05,0.0507,0.0507,0.25,0.3231,0.3692,0.0061,0.0033,0.0046,0.25,0.3231,0.3692
1,0.5,64,16,5,16,0.001,SNN,pca,5,0.1,0.565,0.5428,0.5942,0.0306,0.0258,0.0331,0.05,0.0508,0.0507,0.0312,0.0,0.0462,0.0076,0.0073,0.0065,0.0312,0.0,0.0462
1,0.8,64,16,5,16,0.005,SNN,pca,5,0.1,0.5702,0.6299,0.6698,0.03,0.0396,0.0445,0.0503,0.0508,0.0507,0.0049,0.0385,0.0769,0.007,0.009,0.0052,0.0049,0.0385,0.0769
1,0.8,64,16,5,16,0.0001,SNN,pca,100,0.1,0.5099,0.5311,0.4702,0.0264,0.0301,0.0242,0.0503,0.0507,0.0507,0.0243,0.0,0.0385,0.0051,0.0052,0.0052,0.0243,0.0,0.0385
1,0.5,64,16,5,32,0.001,SNN,pca,50,1.0,0.953,0.9386,0.9508,0.297,0.286,0.2998,0.05,0.0508,0.0507,0.2812,0.3538,0.3231,0.0076,0.008,0.0046,0.2812,0.3538,0.3231
1,0.3,64,16,5,32,0.001,SNN,pca,5,0.1,0.399,0.4766,0.4686,0.0194,0.0225,0.023,0.0502,0.0502,0.0507,0.0,0.0111,0.022,0.0079,0.0055,0.0062,0.0,0.0111,0.022
1,0.3,64,16,5,64,0.0005,SNN,pca,100,1.0,0.8203,0.8486,0.8573,0.2029,0.2414,0.1962,0.0501,0.0502,0.0508,0.2727,0.3,0.2308,0.0066,0.0061,0.0068,0.2727,0.3,0.2308
1,0.5,64,16,5,16,0.0001,SNN,pca,100,10.0,0.9534,0.9604,0.9383,0.2274,0.3904,0.2824,0.05,0.0507,0.0507,0.2031,0.4,0.3231,0.0061,0.0065,0.0057,0.2031,0.4,0.3231
1,0.3,64,16,5,32,0.001,SNN,pca,200,10.0,0.7456,0.867,0.8398,0.0911,0.1778,0.1943,0.0502,0.0502,0.0508,0.1688,0.2556,0.2637,0.0098,0.0067,0.0073,0.1688,0.2556,0.2637
1,0.5,64,16,5,16,0.005,SNN,pca,20,0.1,0.5531,0.5221,0.5123,0.0272,0.0257,0.0269,0.05,0.0508,0.0507,0.0156,0.0,0.0154,0.0073,0.008,0.0033,0.0156,0.0,0.0154
1,0.8,64,16,5,16,0.0001,SNN,pca,20,10.0,0.9525,0.9675,0.9467,0.2515,0.3209,0.2722,0.0503,0.0507,0.0506,0.2767,0.3077,0.1923,0.006,0.0073,0.0,0.2767,0.3077,0.1923
1,0.5,64,16,5,16,0.001,SNN,pca,10,1.0,0.9233,0.9148,0.9452,0.3034,0.3014,0.3242,0.05,0.0508,0.0507,0.3906,0.4308,0.4154,0.0061,0.0073,0.0057,0.3906,0.4308,0.4154
1,0.3,64,16,5,32,0.005,SNN,pca,20,10.0,0.6195,0.7441,0.7195,0.0574,0.1202,0.079,0.0501,0.0502,0.0507,0.0779,0.2111,0.1319,0.0042,0.0067,0.0055,0.0779,0.2111,0.1319
1,0.3,64,16,5,16,0.005,SNN,pca,200,10.0,0.7586,0.8421,0.8375,0.1195,0.1065,0.1085,0.0501,0.0502,0.0507,0.2338,0.1444,0.1429,0.0042,0.0055,0.0039,0.2338,0.1444,0.1429
1,0.3,64,16,5,64,0.0005,SNN,pca,5,0.1,0.6137,0.6144,0.6423,0.0345,0.0365,0.0429,0.0501,0.0502,0.0507,0.039,0.0444,0.0549,0.0059,0.0067,0.0062,0.039,0.0444,0.0549
1,0.5,64,16,5,64,0.0005,SNN,pca,20,0.1,0.6016,0.6103,0.6433,0.035,0.0382,0.0403,0.0501,0.0507,0.0508,0.0469,0.0462,0.0462,0.0083,0.0065,0.0073,0.0469,0.0462,0.0462
1,0.3,64,16,5,64,0.0005,SNN,pca,20,1.0,0.8823,0.8336,0.8624,0.1885,0.2642,0.3099,0.0501,0.0502,0.0508,0.2468,0.3889,0.3956,0.0059,0.0061,0.0073,0.2468,0.3889,0.3956
1,0.5,64,16,5,64,0.0001,SNN,pca,20,1.0,0.8594,0.8253,0.8311,0.243,0.2982,0.2551,0.05,0.0508,0.0508,0.3672,0.4462,0.4,0.0073,0.008,0.008,0.3672,0.4462,0.4
1,0.8,64,16,5,16,0.0001,SNN,pca,50,10.0,0.9526,0.9712,0.954,0.2452,0.3973,0.2997,0.0503,0.0508,0.0508,0.2524,0.3846,0.2692,0.0063,0.009,0.0103,0.2524,0.3846,0.2692
1,0.5,64,16,5,64,0.0001,SNN,pca,200,1.0,0.8289,0.8672,0.8818,0.277,0.3031,0.2054,0.05,0.0508,0.0507,0.3828,0.4462,0.3077,0.0065,0.008,0.0065,0.3828,0.4462,0.3077
1,0.3,64,16,5,64,0.0001,SNN,pca,20,0.1,0.5861,0.5913,0.6187,0.0339,0.0381,0.0522,0.0501,0.0502,0.0508,0.0519,0.0333,0.0549,0.003,0.0067,0.0068,0.0519,0.0333,0.0549
1,0.5,64,16,5,16,0.005,SNN,pca,50,0.1,0.5173,0.546,0.4934,0.026,0.0266,0.0234,0.05,0.0507,0.0507,0.0156,0.0,0.0,0.0076,0.0065,0.0065,0.0156,0.0,0.0
1,0.3,64,16,5,16,0.0005,SNN,pca,5,10.0,0.8987,0.8847,0.8541,0.2684,0.3037,0.2283,0.0502,0.0503,0.0508,0.4026,0.4444,0.3736,0.0073,0.0078,0.0092,0.4026,0.4444,0.3736
1,0.3,64,16,5,32,0.005,SNN,pca,10,10.0,0.6599,0.7947,0.7984,0.0725,0.1865,0.175,0.0502,0.0503,0.0508,0.1429,0.2444,0.2418,0.0073,0.0082,0.0078,0.1429,0.2444,0.2418
1,0.5,64,16,5,16,0.001,SNN,pca,200,0.1,0.5207,0.4941,0.5011,0.0258,0.0247,0.0251,0.05,0.0508,0.0507,0.0156,0.0,0.0154,0.0046,0.0087,0.0,0.0156,0.0,0.0154
1,0.5,64,16,5,64,0.0001,SNN,pca,20,0.1,0.6533,0.6134,0.6719,0.0506,0.0385,0.0577,0.0501,0.0507,0.0507,0.0859,0.0308,0.0615,0.008,0.0065,0.0046,0.0859,0.0308,0.0615
1,0.3,64,16,5,64,0.001,SNN,pca,100,1.0,0.859,0.9033,0.9092,0.167,0.2973,0.2052,0.0501,0.0502,0.0507,0.2338,0.3,0.2967,0.0059,0.0067,0.0055,0.2338,0.3,0.2967
1,0.5,64,16,5,64,0.0001,SNN,pca,5,10.0,0.809,0.8589,0.8045,0.2366,0.288,0.2382,0.05,0.0507,0.0508,0.3906,0.4,0.4154,0.0061,0.0057,0.0073,0.3906,0.4,0.4154
1,0.3,64,16,5,64,0.0005,SNN,pca,20,0.1,0.6926,0.6316,0.6229,0.0834,0.0589,0.0539,0.0502,0.0502,0.0508,0.1169,0.0889,0.1099,0.0084,0.0067,0.0073,0.1169,0.0889,0.1099
1,0.3,64,16,5,32,0.001,SNN,pca,20,10.0,0.546,0.7499,0.7444,0.0621,0.1203,0.1072,0.0501,0.0503,0.0507,0.0779,0.1333,0.1758,0.0042,0.0091,0.0062,0.0779,0.1333,0.1758
1,0.5,64,16,5,64,0.0005,SNN,pca,200,10.0,0.8837,0.9253,0.9405,0.1693,0.243,0.3698,0.05,0.0507,0.0507,0.25,0.3077,0.3846,0.0061,0.0057,0.0057,0.25,0.3077,0.3846
1,0.3,64,16,5,64,0.0005,SNN,pca,10,1.0,0.7771,0.856,0.8367,0.1576,0.2321,0.2173,0.0501,0.0502,0.0508,0.2987,0.3333,0.3297,0.0066,0.0039,0.0073,0.2987,0.3333,0.3297
1,0.5,64,16,5,32,0.0001,SNN,pca,20,1.0,0.9555,0.9398,0.9458,0.3307,0.4483,0.3618,0.05,0.0507,0.0507,0.3906,0.4615,0.3846,0.0061,0.0057,0.0,0.3906,0.4615,0.3846
1,0.5,64,16,5,16,0.0005,SNN,pca,200,0.1,0.4908,0.5622,0.5555,0.0266,0.0298,0.0298,0.05,0.0507,0.0507,0.0469,0.0308,0.0308,0.0056,0.0065,0.0033,0.0469,0.0308,0.0308
1,0.5,64,16,5,16,0.005,SNN,pca,10,10.0,0.8799,0.9049,0.892,0.1086,0.146,0.1281,0.05,0.0507,0.0508,0.1094,0.1692,0.1692,0.004,0.0057,0.0073,0.1094,0.1692,0.1692
1,0.8,64,16,5,16,0.001,SNN,pca,20,1.0,0.9621,0.9804,0.9464,0.3157,0.5324,0.2283,0.0503,0.0507,0.0506,0.3641,0.5385,0.3077,0.006,0.0052,0.0,0.3641,0.5385,0.3077
1,0.5,64,16,5,64,0.005,SNN,pca,100,1.0,0.902,0.8965,0.8962,0.3035,0.2866,0.2556,0.05,0.0507,0.0507,0.4219,0.4154,0.4,0.0056,0.0065,0.0065,0.4219,0.4154,0.4
1,0.3,64,16,5,32,0.001,SNN,pca,20,10.0,0.7079,0.8493,0.8863,0.0918,0.1958,0.2306,0.0502,0.0502,0.0507,0.1688,0.2556,0.3077,0.0084,0.0067,0.0062,0.1688,0.2556,0.3077
1,0.3,64,16,5,64,0.0005,SNN,pca,10,10.0,0.746,0.8014,0.8409,0.1329,0.2107,0.2099,0.0501,0.0502,0.0507,0.2468,0.3222,0.3297,0.0066,0.0061,0.0062,0.2468,0.3222,0.3297
1,0.3,64,16,5,16,0.005,SNN,pca,50,10.0,0.6321,0.7822,0.7902,0.0449,0.0724,0.0915,0.0501,0.0502,0.0507,0.026,0.0778,0.1429,0.0042,0.0073,0.0048,0.026,0.0778,0.1429
1,0.3,64,16,5,64,0.001,SNN,pca,10,10.0,0.5377,0.7384,0.8058,0.0338,0.0819,0.1579,0.0501,0.0503,0.0507,0.026,0.1444,0.2418,0.0059,0.0082,0.0048,0.026,0.1444,0.2418
1,0.8,64,16,200,32,0.005,SNN,pca,50,1.0,0.9245,0.9231,0.9112,0.1575,0.1636,0.1427,0.0503,0.0508,0.0508,0.1262,0.0385,0.0,0.0066,0.009,0.009,0.1262,0.0385,0.0
1,0.5,64,16,50,32,0.001,SNN,pca,50,0.1,0.5105092783505154,0.4722076366618787,0.5893799855112488,,,,,,,,,,,,,,,
1,0.8,64,16,5,16,0.0005,SNN,pca,5,1.0,0.9054,0.8966,0.7907,0.3338,0.2651,0.2089,0.0503,0.0508,0.0507,0.4515,0.3077,0.2308,0.006,0.009,0.0052,0.4515,0.3077,0.2308
1,0.3,64,16,5,64,0.0005,SNN,pca,5,1.0,0.8276,0.8142,0.7844,0.1561,0.2263,0.1748,0.0502,0.0502,0.0507,0.2468,0.3222,0.2308,0.0073,0.0048,0.0048,0.2468,0.3222,0.2308
1,0.5,64,16,5,32,0.0005,SNN,pca,5,0.1,0.5833,0.5626,0.5497,0.0401,0.0321,0.04,0.05,0.0507,0.0507,0.0391,0.0154,0.0769,0.0073,0.0065,0.0065,0.0391,0.0154,0.0769
1,0.3,64,16,5,16,0.0005,SNN,pca,10,0.1,0.6787,0.6914,0.6488,0.0433,0.0514,0.0455,0.0501,0.0503,0.0507,0.026,0.0667,0.0659,0.0042,0.0078,0.0055,0.026,0.0667,0.0659
1,0.4,64,16,50,32,0.001,SNN,pca,50,100.0,0.806510160931519,0.8302876617700962,0.9232050215693461,,,,,,,,,,,,,,,
1,0.3,64,16,5,32,0.0005,SNN,pca,20,10.0,0.7371,0.8715,0.866,0.0882,0.193,0.1629,0.0502,0.0503,0.0507,0.1299,0.2222,0.2418,0.0079,0.0087,0.0048,0.1299,0.2222,0.2418
1,0.5,64,16,5,16,0.0005,SNN,pca,10,1.0,0.9319,0.9123,0.9093,0.3039,0.3259,0.3421,0.05,0.0507,0.0508,0.3984,0.4769,0.4154,0.0051,0.0057,0.0073,0.3984,0.4769,0.4154
1,0.3,64,16,5,16,0.0001,SNN,pca,5,1.0,0.7642,0.8226,0.8379,0.1734,0.2038,0.2883,0.0501,0.0502,0.0507,0.2597,0.2778,0.3956,0.0051,0.0027,0.0039,0.2597,0.2778,0.3956
1,0.3,64,16,5,16,0.0001,SNN,pca,100,10.0,0.8623,0.8806,0.8889,0.1868,0.2506,0.2857,0.0502,0.0502,0.0507,0.3247,0.3111,0.3736,0.0079,0.0061,0.0062,0.3247,0.3111,0.3736
1,0.4,64,16,50,32,0.001,SNN,pca,50,0.1,0.5265776702263466,0.4943550090702111,0.5602488070892979,,,,,,,,,,,,,,,
1,0.5,64,16,5,64,0.005,SNN,pca,50,1.0,0.8664,0.9062,0.8865,0.1904,0.3496,0.2797,0.05,0.0508,0.0507,0.2656,0.4615,0.3538,0.0065,0.0073,0.0065,0.2656,0.4615,0.3538
1,0.3,64,16,5,16,0.0005,SNN,pca,10,1.0,0.7228,0.8393,0.8393,0.0802,0.2146,0.2354,0.0501,0.0502,0.0508,0.1688,0.2889,0.2967,0.0066,0.0039,0.0068,0.1688,0.2889,0.2967
1,0.5,64,16,5,16,0.001,SNN,pca,100,10.0,0.896,0.8987,0.9301,0.2401,0.2749,0.2602,0.05,0.0508,0.0507,0.3281,0.4462,0.3385,0.0065,0.008,0.0033,0.3281,0.4462,0.3385
1,0.5,64,16,5,32,0.001,SNN,pca,50,10.0,0.6366,0.8307,0.7713,0.0643,0.1645,0.1794,0.05,0.0507,0.0508,0.125,0.2308,0.2769,0.0069,0.0057,0.0073,0.125,0.2308,0.2769
1,0.3,64,16,5,32,0.0001,SNN,pca,10,0.1,0.6357,0.5979,0.6333,0.0445,0.0358,0.0612,0.0502,0.0503,0.0507,0.039,0.0667,0.0659,0.0089,0.0087,0.0055,0.039,0.0667,0.0659
1,0.3,64,16,5,32,0.0005,SNN,pca,20,0.1,0.5156,0.5829,0.5871,0.0309,0.032,0.0335,0.0501,0.0502,0.0508,0.039,0.0222,0.022,0.0051,0.0061,0.0068,0.039,0.0222,0.022
1,0.5,64,16,5,32,0.005,SNN,pca,10,10.0,0.8184,0.8645,0.863,0.2032,0.2365,0.2951,0.05,0.0507,0.0508,0.3203,0.3692,0.3692,0.0051,0.0065,0.0087,0.3203,0.3692,0.3692
1,0.3,64,16,5,32,0.005,SNN,pca,200,0.1,0.5511,0.6083,0.5848,0.0311,0.0365,0.0307,0.0502,0.0502,0.0508,0.039,0.0333,0.011,0.0079,0.0061,0.0068,0.039,0.0333,0.011
1,0.3,64,16,5,16,0.0001,SNN,pca,200,0.1,0.5765,0.5689,0.6572,0.0426,0.0315,0.0665,0.0501,0.0502,0.0508,0.0779,0.0444,0.1209,0.0051,0.0048,0.0068,0.0779,0.0444,0.1209
1,0.3,64,16,5,64,0.001,SNN,pca,10,1.0,0.8473,0.854,0.7731,0.1512,0.1909,0.103,0.0502,0.0502,0.0508,0.1169,0.2111,0.1429,0.0079,0.0048,0.0073,0.1169,0.2111,0.1429
1,0.3,64,16,5,16,0.0001,SNN,pca,20,0.1,0.5962,0.6151,0.6132,0.038,0.0411,0.0484,0.0502,0.0502,0.0508,0.0779,0.0667,0.0769,0.0073,0.0061,0.0068,0.0779,0.0667,0.0769
1,0.5,64,16,5,64,0.0001,SNN,pca,10,1.0,0.8467,0.8446,0.7941,0.2461,0.295,0.2936,0.0501,0.0507,0.0508,0.3828,0.4615,0.3692,0.0097,0.0065,0.0093,0.3828,0.4615,0.3692
1,0.5,64,16,5,32,0.005,SNN,pca,100,1.0,0.9444,0.946,0.9456,0.3033,0.3722,0.3114,0.05,0.0507,0.0507,0.3281,0.4769,0.3538,0.0051,0.0046,0.0065,0.3281,0.4769,0.3538
1,0.5,64,16,5,64,0.005,SNN,pca,5,10.0,0.6732,0.814,0.7683,0.0975,0.1839,0.1963,0.05,0.0508,0.0507,0.1797,0.2923,0.3077,0.0069,0.0073,0.0065,0.1797,0.2923,0.3077
1,0.5,64,16,5,16,0.001,SNN,pca,100,1.0,0.9071,0.9203,0.9302,0.1863,0.2163,0.2522,0.05,0.0507,0.0507,0.2344,0.2615,0.2923,0.0056,0.0057,0.0046,0.2344,0.2615,0.2923
1,0.8,64,16,5,16,0.0001,SNN,pca,20,1.0,0.9412,0.9622,0.9633,0.2065,0.2704,0.28,0.0503,0.0507,0.0507,0.233,0.3077,0.2692,0.0058,0.0073,0.0073,0.233,0.3077,0.2692
1,0.3,64,16,5,16,0.0005,SNN,pca,200,0.1,0.4699,0.5005,0.5479,0.0249,0.0262,0.0297,0.0501,0.0502,0.0508,0.039,0.0333,0.033,0.0051,0.0055,0.0073,0.039,0.0333,0.033
1,0.5,64,16,5,64,0.0001,SNN,pca,100,1.0,0.867,0.7964,0.8114,0.2932,0.2493,0.2197,0.05,0.0508,0.0507,0.4453,0.4308,0.3231,0.0073,0.008,0.0057,0.4453,0.4308,0.3231
1,0.8,64,16,5,16,0.0001,SNN,pca,5,0.1,0.5476,0.5472,0.6841,0.0277,0.0326,0.0421,0.0503,0.0507,0.0507,0.0097,0.0769,0.0,0.0066,0.0052,0.0073,0.0097,0.0769,0.0
1,0.5,64,16,5,32,0.001,SNN,pca,200,0.1,0.5536,0.5598,0.5607,0.0313,0.0288,0.0307,0.05,0.0507,0.0507,0.0391,0.0462,0.0308,0.0056,0.0033,0.0033,0.0391,0.0462,0.0308
1,0.3,64,16,5,16,0.0005,SNN,pca,50,0.1,0.5995,0.5607,0.5036,0.0362,0.0339,0.025,0.0501,0.0502,0.0507,0.039,0.0556,0.0,0.0051,0.0061,0.0055,0.039,0.0556,0.0
1,0.5,64,16,5,16,0.001,SNN,pca,100,0.1,0.4862,0.5377,0.4866,0.0245,0.0301,0.0234,0.05,0.0508,0.0508,0.0234,0.0308,0.0154,0.0073,0.0073,0.0073,0.0234,0.0308,0.0154
1,0.5,64,16,5,32,0.0005,SNN,pca,200,10.0,0.9284,0.9552,0.9481,0.2075,0.3404,0.2837,0.05,0.0507,0.0508,0.25,0.2923,0.3231,0.0061,0.0065,0.0073,0.25,0.2923,0.3231
1,0.8,64,16,5,16,0.005,SNN,pca,200,1.0,0.9524,0.9699,0.9587,0.3307,0.3859,0.3642,0.0503,0.0507,0.0507,0.3981,0.4231,0.3846,0.0068,0.0073,0.0052,0.3981,0.4231,0.3846
1,0.3,64,16,5,64,0.005,SNN,pca,100,0.1,0.6762,0.6885,0.7187,0.0558,0.0552,0.0509,0.0501,0.0502,0.0507,0.026,0.0889,0.044,0.0059,0.0061,0.0062,0.026,0.0889,0.044
1,0.5,64,16,5,16,0.0005,SNN,pca,20,10.0,0.829,0.8966,0.8944,0.1484,0.2753,0.2374,0.05,0.0507,0.0507,0.2266,0.3385,0.2923,0.0069,0.0046,0.0065,0.2266,0.3385,0.2923
1,0.3,64,16,5,64,0.0001,SNN,pca,5,10.0,0.7319,0.7175,0.6735,0.0801,0.1032,0.0926,0.0501,0.0502,0.0508,0.1429,0.1667,0.1319,0.0066,0.0055,0.0078,0.1429,0.1667,0.1319
1,0.3,64,16,5,64,0.0001,SNN,pca,200,1.0,0.7309,0.7149,0.718,0.0719,0.1246,0.0741,0.0501,0.0503,0.0507,0.1169,0.1667,0.1429,0.0042,0.0078,0.0048,0.1169,0.1667,0.1429
1,0.5,64,16,5,16,0.0001,SNN,pca,200,1.0,0.944,0.9633,0.9523,0.2523,0.4174,0.2787,0.05,0.0508,0.0508,0.2969,0.4154,0.2923,0.0051,0.0073,0.0073,0.2969,0.4154,0.2923
1,0.3,64,16,5,32,0.0001,SNN,pca,5,0.1,0.6368,0.6147,0.6522,0.0543,0.0395,0.0431,0.0501,0.0503,0.0508,0.0779,0.0556,0.044,0.0059,0.0087,0.0073,0.0779,0.0556,0.044
1,0.5,64,16,5,32,0.005,SNN,pca,200,1.0,0.9527,0.949,0.9706,0.3747,0.3021,0.4144,0.05,0.0507,0.0508,0.3984,0.3692,0.4769,0.0046,0.0065,0.0073,0.3984,0.3692,0.4769
1,0.3,64,16,5,64,0.005,SNN,pca,20,0.1,0.6368,0.5965,0.6575,0.038,0.0306,0.0419,0.0501,0.0503,0.0507,0.039,0.0,0.033,0.0051,0.0078,0.0048,0.039,0.0,0.033
1,0.5,64,16,5,32,0.005,SNN,pca,20,10.0,0.8271,0.868,0.8368,0.1132,0.2249,0.1443,0.05,0.0507,0.0507,0.1562,0.2308,0.2,0.0056,0.0,0.0057,0.1562,0.2308,0.2
1,0.5,64,16,5,64,0.0001,SNN,pca,5,1.0,0.8422,0.8669,0.8154,0.2904,0.297,0.1931,0.05,0.0507,0.0508,0.4297,0.4615,0.2769,0.0051,0.0046,0.0073,0.4297,0.4615,0.2769
1,0.8,64,16,5,16,0.005,SNN,pca,10,0.1,0.5035,0.427,0.537,0.0263,0.0208,0.0304,0.0503,0.0507,0.0507,0.0243,0.0,0.0769,0.0051,0.0052,0.0073,0.0243,0.0,0.0769
1,0.3,64,16,5,16,0.005,SNN,pca,50,0.1,0.5512,0.5324,0.566,0.027,0.0261,0.0295,0.0502,0.0502,0.0507,0.0,0.0111,0.011,0.0073,0.0048,0.0039,0.0,0.0111,0.011
1,0.5,64,16,5,16,0.005,SNN,pca,10,1.0,0.8026,0.8713,0.8755,0.0849,0.1128,0.159,0.05,0.0508,0.0507,0.1016,0.0923,0.1692,0.0076,0.0073,0.0,0.1016,0.0923,0.1692
1,0.3,64,16,5,16,0.0001,SNN,pca,5,10.0,0.8576,0.8192,0.8138,0.3758,0.2465,0.228,0.0501,0.0503,0.0508,0.4286,0.3778,0.3846,0.0051,0.0082,0.0087,0.4286,0.3778,0.3846
1,0.5,64,16,5,16,0.005,SNN,pca,200,0.1,0.4168,0.449,0.4658,0.0206,0.022,0.0272,0.05,0.0507,0.0507,0.0156,0.0,0.0615,0.0073,0.0046,0.0065,0.0156,0.0,0.0615
1,0.3,64,16,5,16,0.001,SNN,pca,20,1.0,0.6671,0.8739,0.8811,0.0565,0.2537,0.2754,0.0501,0.0503,0.0508,0.0779,0.3222,0.3407,0.0051,0.0078,0.0068,0.0779,0.3222,0.3407
1,0.3,64,16,5,32,0.005,SNN,pca,100,0.1,0.4823,0.5256,0.6078,0.0238,0.029,0.0598,0.0502,0.0502,0.0507,0.026,0.0556,0.044,0.0073,0.0073,0.0028,0.026,0.0556,0.044
1,0.5,64,16,5,64,0.0005,SNN,pca,200,1.0,0.9089,0.9269,0.9323,0.2165,0.2711,0.3278,0.05,0.0507,0.0507,0.2578,0.2923,0.3846,0.0051,0.0046,0.0057,0.2578,0.2923,0.3846
1,0.8,64,16,10,16,0.001,SNN,pca,20,10.0,0.849,0.8509,0.945,0.2093,0.2329,0.3121,0.0503,0.0507,0.0508,0.2718,0.3077,0.3846,0.0066,0.0052,0.0103,0.2718,0.3077,0.3846
1,0.3,64,16,5,16,0.0001,SNN,pca,20,1.0,0.8783,0.9435,0.9228,0.1953,0.3533,0.3052,0.0501,0.0502,0.0507,0.2857,0.4444,0.3956,0.0066,0.0055,0.0055,0.2857,0.4444,0.3956
1,0.5,64,16,5,32,0.001,SNN,pca,5,10.0,0.8788,0.9604,0.9159,0.1963,0.3959,0.2778,0.0501,0.0508,0.0507,0.2812,0.4923,0.3846,0.008,0.0073,0.0046,0.2812,0.4923,0.3846
1,0.5,64,16,5,32,0.0005,SNN,pca,50,1.0,0.9392,0.9602,0.9611,0.2132,0.3234,0.2897,0.05,0.0507,0.0508,0.2188,0.3538,0.2769,0.0056,0.0065,0.0073,0.2188,0.3538,0.2769
1,0.2,64,16,50,32,0.001,SNN,pca,50,10.0,0.8287118126272912,0.7533776496911454,0.8841996938741037,,,,,,,,,,,,,,,
1,0.3,64,16,5,64,0.0005,SNN,pca,50,0.1,0.6841,0.6161,0.5964,0.0538,0.068,0.0586,0.0501,0.0502,0.0507,0.0909,0.1333,0.0989,0.0059,0.0067,0.0055,0.0909,0.1333,0.0989
1,0.3,64,16,5,64,0.005,SNN,pca,5,10.0,0.6646,0.8332,0.8655,0.0829,0.1774,0.1579,0.0501,0.0502,0.0507,0.1688,0.2556,0.2747,0.0051,0.0073,0.0039,0.1688,0.2556,0.2747
1,0.5,64,16,5,16,0.0005,SNN,pca,50,0.1,0.5142,0.5245,0.5165,0.0255,0.0257,0.0266,0.05,0.0508,0.0508,0.0234,0.0,0.0308,0.0061,0.008,0.0073,0.0234,0.0,0.0308
1,0.3,64,16,5,32,0.0001,SNN,pca,50,0.1,0.616,0.6485,0.654,0.0651,0.0457,0.0602,0.0502,0.0502,0.0507,0.0649,0.0667,0.044,0.0073,0.0027,0.0039,0.0649,0.0667,0.044
1,0.3,64,16,5,16,0.0001,SNN,pca,100,1.0,0.8952,0.937,0.9286,0.2493,0.3382,0.3117,0.0501,0.0502,0.0508,0.3766,0.4444,0.3956,0.0042,0.0039,0.0068,0.3766,0.4444,0.3956
1,0.5,64,16,5,64,0.0005,SNN,pca,50,10.0,0.855,0.8578,0.8316,0.1226,0.1564,0.1646,0.05,0.0508,0.0507,0.1562,0.2308,0.2308,0.0056,0.0087,0.0065,0.1562,0.2308,0.2308
1,0.5,64,16,5,32,0.0001,SNN,pca,50,1.0,0.9441,0.9612,0.9485,0.2808,0.3468,0.2635,0.05,0.0507,0.0507,0.3047,0.4,0.3231,0.0061,0.0057,0.0,0.3047,0.4,0.3231
1,0.3,64,16,5,32,0.0001,SNN,pca,10,10.0,0.8137,0.7943,0.8373,0.1556,0.2202,0.3053,0.0501,0.0503,0.0507,0.2727,0.3556,0.4066,0.0051,0.0087,0.0055,0.2727,0.3556,0.4066
1,0.5,64,16,5,32,0.001,SNN,pca,20,1.0,0.8648,0.9459,0.927,0.185,0.3446,0.3263,0.05,0.0507,0.0508,0.2656,0.4615,0.4154,0.0061,0.0057,0.0073,0.2656,0.4615,0.4154
1,0.8,64,16,50,32,0.001,SNN,pca,50,1.0,0.9456,0.9453,0.9521,0.4166,0.1034,0.0985,0.1279,0.0205,0.0205,0.4325,0.1091,0.1,0.0,0.0,0.0,0.4325,0.1091,0.1
1,0.3,64,16,5,16,0.001,SNN,pca,20,0.1,0.4562,0.4808,0.446,0.0215,0.0269,0.0213,0.0501,0.0503,0.0507,0.013,0.0444,0.0,0.0042,0.0082,0.0062,0.013,0.0444,0.0
1,0.3,64,16,5,16,0.0001,SNN,pca,100,10.0,0.8745,0.9178,0.9324,0.1932,0.2483,0.3333,0.0501,0.0502,0.0508,0.3117,0.2889,0.3956,0.0066,0.0073,0.0068,0.3117,0.2889,0.3956
1,0.3,64,16,5,32,0.0005,SNN,pca,20,10.0,0.9023,0.8497,0.8497,0.246,0.2499,0.276,0.0502,0.0502,0.0507,0.3117,0.3667,0.3956,0.0073,0.0067,0.0048,0.3117,0.3667,0.3956
1,0.5,64,16,5,64,0.0005,SNN,pca,200,0.1,0.6375,0.6397,0.6307,0.0502,0.046,0.0618,0.05,0.0508,0.0508,0.0938,0.0462,0.0769,0.0051,0.0073,0.0087,0.0938,0.0462,0.0769
1,0.5,64,16,5,64,0.0005,SNN,pca,10,0.1,0.5541,0.56,0.5599,0.0295,0.0297,0.0286,0.05,0.0507,0.0507,0.0391,0.0154,0.0,0.0065,0.0065,0.0065,0.0391,0.0154,0.0
1,0.3,64,16,5,16,0.0001,SNN,pca,5,0.1,0.6679,0.7236,0.6437,0.0488,0.0699,0.041,0.0502,0.0502,0.0508,0.0649,0.1333,0.022,0.0079,0.0061,0.0078,0.0649,0.1333,0.022
1,0.8,64,16,5,16,0.001,SNN,pca,10,1.0,0.9562,0.9368,0.9678,0.3284,0.2536,0.4592,0.0503,0.0506,0.0507,0.4078,0.2308,0.4615,0.0058,0.0,0.0052,0.4078,0.2308,0.4615
1,0.5,64,16,5,64,0.0005,SNN,pca,10,1.0,0.9286,0.9576,0.9427,0.2632,0.3565,0.2541,0.05,0.0507,0.0507,0.3359,0.4154,0.2923,0.0076,0.0057,0.0046,0.3359,0.4154,0.2923
1,0.3,64,16,5,32,0.001,SNN,pca,10,10.0,0.647,0.8562,0.8248,0.0475,0.327,0.1618,0.0502,0.0502,0.0507,0.0649,0.3,0.2198,0.0079,0.0067,0.0055,0.0649,0.3,0.2198
1,0.3,64,16,5,16,0.001,SNN,pca,20,10.0,0.8543,0.9027,0.907,0.1657,0.3223,0.2706,0.0501,0.0502,0.0507,0.2727,0.4,0.3736,0.0051,0.0061,0.0048,0.2727,0.4,0.3736
1,0.3,64,16,5,64,0.0001,SNN,pca,20,0.1,0.6381,0.5642,0.6159,0.0573,0.0316,0.0436,0.0502,0.0502,0.0508,0.0519,0.0333,0.0769,0.0079,0.0067,0.0068,0.0519,0.0333,0.0769
1,0.5,64,16,5,64,0.0001,SNN,pca,50,1.0,0.8359,0.8498,0.858,0.2399,0.2339,0.2292,0.05,0.0507,0.0507,0.3281,0.3846,0.3538,0.0065,0.0057,0.0065,0.3281,0.3846,0.3538
1,0.8,64,16,5,16,0.0001,SNN,pca,50,0.1,0.5269,0.4969,0.3922,0.0267,0.0273,0.0195,0.0503,0.0507,0.0508,0.0388,0.0,0.0,0.0051,0.0073,0.009,0.0388,0.0,0.0
1,0.5,64,16,5,64,0.0001,SNN,pca,200,10.0,0.8415,0.8551,0.8236,0.2214,0.3248,0.2859,0.05,0.0507,0.0507,0.3594,0.4308,0.4308,0.0056,0.0065,0.0057,0.3594,0.4308,0.4308
1,0.3,64,16,5,32,0.001,SNN,pca,5,0.1,0.5547,0.6056,0.5983,0.0273,0.0345,0.0401,0.0501,0.0502,0.0508,0.013,0.0444,0.0659,0.003,0.0048,0.0078,0.013,0.0444,0.0659
1,0.3,64,16,5,64,0.0001,SNN,pca,10,1.0,0.677,0.7103,0.6608,0.0872,0.091,0.0695,0.0501,0.0502,0.0507,0.1558,0.1222,0.1429,0.0059,0.0073,0.0055,0.1558,0.1222,0.1429
1,0.5,64,16,5,32,0.005,SNN,pca,5,10.0,0.7761,0.7938,0.7825,0.1819,0.2129,0.1701,0.05,0.0507,0.0508,0.2891,0.3538,0.2923,0.0046,0.0065,0.0073,0.2891,0.3538,0.2923
1,0.3,64,16,5,16,0.005,SNN,pca,50,0.1,0.5911,0.5524,0.5585,0.0377,0.0272,0.0282,0.0501,0.0503,0.0507,0.0519,0.0111,0.011,0.0059,0.0087,0.0048,0.0519,0.0111,0.011
1,0.3,64,16,5,32,0.005,SNN,pca,5,1.0,0.9261,0.939,0.9446,0.2532,0.4164,0.3135,0.0501,0.0502,0.0508,0.3377,0.4556,0.3736,0.0042,0.0048,0.0068,0.3377,0.4556,0.3736
1,0.8,64,16,5,16,0.005,SNN,pca,50,1.0,0.905,0.8666,0.9383,0.15,0.1663,0.2126,0.0503,0.0506,0.0507,0.1311,0.1923,0.1154,0.0075,0.0,0.0052,0.1311,0.1923,0.1154
1,0.8,64,16,50,32,0.001,SNN,pca,50,1.0,0.9572,0.9539,0.9472,0.5216,0.105,0.0953,0.1301,0.0159,0.0223,0.5146,0.1059,0.075,0.0,0.0,0.0,0.5146,0.1059,0.075
1,0.8,64,16,50,32,0.001,SNN,pca,50,1.0,0.9339,0.9684,0.9264,0.1959,0.3203,0.1696,0.0503,0.0507,0.0507,0.2136,0.3077,0.1154,0.0068,0.0052,0.0073,0.2136,0.3077,0.1154
1,0.5,64,16,5,16,0.005,SNN,pca,10,1.0,0.8723,0.8837,0.917,0.1596,0.1718,0.1973,0.05,0.0507,0.0507,0.1797,0.2154,0.2,0.0056,0.0046,0.0046,0.1797,0.2154,0.2
1,0.3,64,16,5,16,0.005,SNN,pca,20,10.0,0.8412,0.8633,0.8168,0.1198,0.1723,0.1058,0.0501,0.0502,0.0508,0.1948,0.2333,0.1758,0.0051,0.0073,0.0073,0.1948,0.2333,0.1758
1,0.8,64,16,5,16,0.0001,SNN,pca,200,0.1,0.5371,0.4527,0.5123,0.0295,0.0216,0.0256,0.0503,0.0507,0.0507,0.0291,0.0,0.0,0.0051,0.0052,0.0073,0.0291,0.0,0.0
1,0.3,64,16,5,32,0.0005,SNN,pca,100,1.0,0.8552,0.9175,0.9186,0.1465,0.2804,0.2746,0.0501,0.0502,0.0508,0.1948,0.2778,0.3297,0.0059,0.0048,0.0068,0.1948,0.2778,0.3297
1,0.5,64,16,5,16,0.0001,SNN,pca,20,1.0,0.9339,0.9573,0.9597,0.2219,0.3171,0.3476,0.05,0.0508,0.0507,0.2656,0.3846,0.3538,0.0073,0.0073,0.0057,0.2656,0.3846,0.3538
1,0.5,64,16,5,64,0.005,SNN,pca,200,1.0,0.7084,0.7964,0.8325,0.096,0.147,0.2447,0.05,0.0507,0.0507,0.1797,0.2154,0.3077,0.004,0.0046,0.0065,0.1797,0.2154,0.3077
1,0.3,64,16,5,32,0.005,SNN,pca,20,10.0,0.5093,0.6829,0.6666,0.0389,0.0615,0.0659,0.0502,0.0502,0.0507,0.0649,0.1111,0.1319,0.0089,0.0027,0.0062,0.0649,0.1111,0.1319
1,0.5,64,16,5,32,0.0005,SNN,pca,50,0.1,0.5356,0.6103,0.4895,0.0272,0.0515,0.0245,0.05,0.0508,0.0507,0.0156,0.0462,0.0154,0.0056,0.008,0.0,0.0156,0.0462,0.0154
1,0.3,64,16,5,64,0.005,SNN,pca,5,1.0,0.4266,0.6551,0.7142,0.0224,0.0684,0.0667,0.0501,0.0503,0.0508,0.026,0.0889,0.1099,0.0066,0.0078,0.0073,0.026,0.0889,0.1099
1,0.5,64,16,5,32,0.0001,SNN,pca,10,10.0,0.9238,0.9334,0.9405,0.2738,0.3336,0.3161,0.05,0.0507,0.0507,0.3906,0.3846,0.4615,0.0076,0.0065,0.0046,0.3906,0.3846,0.4615
1,0.3,64,16,5,16,0.0001,SNN,pca,5,0.1,0.6849,0.6779,0.6761,0.0561,0.0566,0.0569,0.0502,0.0502,0.0507,0.0779,0.1,0.1099,0.0084,0.0055,0.0062,0.0779,0.1,0.1099
1,0.5,64,16,5,32,0.0001,SNN,pca,50,10.0,0.9123,0.9519,0.9563,0.2526,0.3111,0.3244,0.05,0.0508,0.0507,0.2891,0.3538,0.3846,0.0061,0.0073,0.0065,0.2891,0.3538,0.3846
1,0.5,64,16,5,16,0.005,SNN,pca,100,1.0,0.9567,0.9324,0.9514,0.3193,0.3643,0.3541,0.05,0.0507,0.0507,0.3828,0.4615,0.4,0.0065,0.0057,0.0033,0.3828,0.4615,0.4
1,0.3,64,16,5,16,0.0005,SNN,pca,100,0.1,0.5064,0.5303,0.5464,0.0238,0.0303,0.0293,0.0502,0.0502,0.0507,0.013,0.0444,0.022,0.0079,0.0039,0.0055,0.013,0.0444,0.022
1,0.3,64,16,5,64,0.005,SNN,pca,10,1.0,0.5485,0.7146,0.7055,0.0533,0.1623,0.0825,0.0501,0.0502,0.0507,0.1039,0.2556,0.1868,0.0066,0.0067,0.0062,0.1039,0.2556,0.1868
1,0.5,64,16,5,16,0.0001,SNN,pca,10,1.0,0.8878,0.9243,0.912,0.2628,0.3637,0.4045,0.05,0.0508,0.0507,0.3906,0.4923,0.4462,0.0069,0.008,0.0046,0.3906,0.4923,0.4462
1,0.3,64,16,5,32,0.0001,SNN,pca,10,0.1,0.6229,0.5733,0.6545,0.0651,0.0315,0.0528,0.0501,0.0502,0.0507,0.039,0.0222,0.0769,0.0059,0.0048,0.0062,0.039,0.0222,0.0769
1,0.5,64,16,5,64,0.0001,SNN,pca,50,10.0,0.8487,0.8316,0.8171,0.2703,0.3456,0.1779,0.05,0.0508,0.0507,0.4297,0.4615,0.2923,0.0056,0.0073,0.0065,0.4297,0.4615,0.2923
1,0.5,64,16,5,16,0.001,SNN,pca,20,0.1,0.5324,0.5619,0.5337,0.0278,0.0305,0.0313,0.05,0.0508,0.0508,0.0312,0.0154,0.0462,0.0051,0.0093,0.0073,0.0312,0.0154,0.0462
1,0.8,64,16,5,16,0.001,SNN,pca,10,10.0,0.9152,0.9519,0.9426,0.2439,0.3628,0.3919,0.0503,0.0508,0.0508,0.3883,0.4615,0.5769,0.006,0.009,0.009,0.3883,0.4615,0.5769
1,0.3,64,16,5,64,0.001,SNN,pca,20,10.0,0.8521,0.9087,0.9178,0.1658,0.322,0.304,0.0501,0.0502,0.0508,0.2208,0.3889,0.4176,0.0059,0.0048,0.0073,0.2208,0.3889,0.4176
1,0.5,64,16,5,16,0.001,SNN,pca,50,1.0,0.9467,0.9505,0.9626,0.2517,0.326,0.4241,0.05,0.0507,0.0508,0.2812,0.3538,0.4308,0.0046,0.0065,0.0087,0.2812,0.3538,0.4308
1,0.5,64,16,5,16,0.005,SNN,pca,200,1.0,0.8836,0.8676,0.8642,0.2745,0.3025,0.3201,0.05,0.0507,0.0507,0.3828,0.4462,0.4462,0.0069,0.0046,0.0,0.3828,0.4462,0.4462
1,0.3,64,16,5,32,0.0005,SNN,pca,10,0.1,0.5828,0.5868,0.6117,0.0343,0.0324,0.0335,0.0502,0.0503,0.0507,0.039,0.0222,0.022,0.0073,0.0082,0.0055,0.039,0.0222,0.022
1,0.5,64,16,5,64,0.001,SNN,pca,5,0.1,0.4359,0.472,0.4559,0.0207,0.0224,0.0228,0.05,0.0508,0.0508,0.0,0.0,0.0,0.0051,0.008,0.0073,0.0,0.0,0.0
1,0.5,64,16,5,16,0.001,SNN,pca,5,10.0,0.9403,0.9067,0.948,0.3381,0.2418,0.3816,0.05,0.0507,0.0507,0.4609,0.3385,0.4769,0.0069,0.0057,0.0046,0.4609,0.3385,0.4769
1,0.8,64,16,5,16,0.005,SNN,pca,10,1.0,0.9216,0.8738,0.9248,0.2595,0.2306,0.2379,0.0503,0.0506,0.0507,0.3738,0.3462,0.3846,0.0063,0.0,0.0073,0.3738,0.3462,0.3846
1,0.3,64,16,5,64,0.0001,SNN,pca,20,1.0,0.6602,0.7137,0.7429,0.0517,0.0838,0.0964,0.0501,0.0502,0.0508,0.0779,0.1556,0.1429,0.0051,0.0061,0.0087,0.0779,0.1556,0.1429
1,0.3,64,16,5,16,0.001,SNN,pca,200,1.0,0.9286,0.93,0.9352,0.2023,0.3508,0.358,0.0501,0.0503,0.0508,0.2857,0.3889,0.4066,0.0059,0.0082,0.0083,0.2857,0.3889,0.4066
1,0.5,64,16,5,64,0.001,SNN,pca,10,10.0,0.7564,0.8253,0.8883,0.0782,0.1154,0.2337,0.05,0.0507,0.0508,0.1172,0.1692,0.3385,0.0076,0.0033,0.0073,0.1172,0.1692,0.3385
1,0.8,64,16,5,16,0.005,SNN,pca,20,1.0,0.9263,0.9481,0.9364,0.1659,0.1881,0.2118,0.0503,0.0507,0.0507,0.1456,0.1538,0.1923,0.0058,0.0052,0.0052,0.1456,0.1538,0.1923
1,0.3,64,16,5,16,0.001,SNN,pca,20,1.0,0.6121,0.796,0.8148,0.0387,0.1522,0.2408,0.0501,0.0502,0.0508,0.0519,0.2111,0.2967,0.0066,0.0061,0.0068,0.0519,0.2111,0.2967
1,0.5,64,16,5,16,0.0005,SNN,pca,5,10.0,0.8428,0.8688,0.8131,0.2998,0.2536,0.2019,0.05,0.0507,0.0507,0.3984,0.4462,0.3538,0.0065,0.0057,0.0033,0.3984,0.4462,0.3538
1,0.5,64,16,5,32,0.005,SNN,pca,10,0.1,0.482,0.5263,0.5205,0.024,0.0267,0.0283,0.05,0.0507,0.0508,0.0078,0.0308,0.0462,0.0076,0.0046,0.0098,0.0078,0.0308,0.0462
1,0.8,64,16,5,16,0.001,SNN,pca,5,10.0,0.9269,0.9171,0.8972,0.3192,0.3087,0.1683,0.0503,0.0507,0.0507,0.4369,0.3462,0.2308,0.0045,0.0073,0.0073,0.4369,0.3462,0.2308
1,0.5,64,16,5,32,0.0001,SNN,pca,100,1.0,0.933,0.957,0.9597,0.2254,0.3702,0.4489,0.05,0.0507,0.0507,0.2891,0.3846,0.4154,0.0065,0.0065,0.0065,0.2891,0.3846,0.4154
1,0.3,64,16,5,16,0.001,SNN,pca,10,10.0,0.8334,0.8672,0.9019,0.1209,0.1815,0.1596,0.0501,0.0502,0.0508,0.1688,0.2222,0.1978,0.0059,0.0067,0.0078,0.1688,0.2222,0.1978
1,0.3,64,16,5,64,0.001,SNN,pca,20,0.1,0.5581,0.6103,0.6144,0.0292,0.0329,0.0383,0.0501,0.0502,0.0508,0.0519,0.0333,0.044,0.0059,0.0048,0.0068,0.0519,0.0333,0.044
1,0.8,64,16,5,16,0.005,SNN,pca,200,0.1,0.4453,0.4161,0.4554,0.0239,0.0201,0.0216,0.0503,0.0508,0.0507,0.0194,0.0,0.0,0.007,0.009,0.0052,0.0194,0.0,0.0
1,0.5,64,16,5,16,0.001,SNN,pca,100,1.0,0.8647,0.9332,0.9197,0.1286,0.3515,0.2852,0.0501,0.0508,0.0508,0.1562,0.4154,0.2923,0.0083,0.0073,0.008,0.1562,0.4154,0.2923
1,0.5,64,16,5,16,0.001,SNN,pca,100,10.0,0.8836,0.9163,0.9147,0.2409,0.2689,0.2791,0.05,0.0507,0.0507,0.3594,0.3538,0.4,0.004,0.0046,0.0046,0.3594,0.3538,0.4
1,0.8,64,16,5,16,0.0001,SNN,pca,5,10.0,0.8665,0.8002,0.8973,0.2217,0.4186,0.2751,0.0503,0.0506,0.0506,0.2961,0.4231,0.3462,0.007,0.0,0.0,0.2961,0.4231,0.3462
1,0.3,64,16,5,16,0.0001,SNN,pca,200,10.0,0.8915,0.9265,0.9105,0.1917,0.267,0.239,0.0501,0.0502,0.0508,0.2338,0.3,0.3297,0.0066,0.0067,0.0068,0.2338,0.3,0.3297
1,0.3,64,16,5,16,0.0001,SNN,pca,50,0.1,0.5034,0.6444,0.6407,0.0255,0.0566,0.0618,0.0501,0.0502,0.0507,0.013,0.1,0.1099,0.0066,0.0067,0.0062,0.013,0.1,0.1099
1,0.3,64,16,5,32,0.001,SNN,pca,10,1.0,0.6875,0.8695,0.8415,0.0914,0.205,0.2663,0.0501,0.0502,0.0507,0.1558,0.3222,0.3077,0.0066,0.0048,0.0055,0.1558,0.3222,0.3077
1,0.3,64,16,5,32,0.001,SNN,pca,200,1.0,0.7189,0.8074,0.8747,0.0747,0.2092,0.2895,0.0501,0.0502,0.0507,0.1429,0.2778,0.3407,0.0051,0.0055,0.0039,0.1429,0.2778,0.3407
1,0.3,64,16,5,16,0.001,SNN,pca,200,10.0,0.6884,0.852,0.8489,0.0798,0.2157,0.2785,0.0501,0.0502,0.0508,0.1688,0.2778,0.3297,0.003,0.0073,0.0087,0.1688,0.2778,0.3297
1,0.3,64,16,5,16,0.0005,SNN,pca,10,10.0,0.9224,0.9437,0.936,0.1778,0.2939,0.3385,0.0501,0.0502,0.0508,0.2078,0.3333,0.3846,0.0066,0.0067,0.0078,0.2078,0.3333,0.3846
1,0.5,64,16,5,16,0.001,SNN,pca,5,0.1,0.6198,0.6014,0.5822,0.0351,0.0342,0.031,0.05,0.0507,0.0507,0.0312,0.0462,0.0154,0.0056,0.0065,0.0033,0.0312,0.0462,0.0154
1,0.5,64,16,5,64,0.005,SNN,pca,10,1.0,0.6173,0.7069,0.6972,0.0826,0.194,0.1358,0.05,0.0507,0.0507,0.1562,0.2615,0.2154,0.0061,0.0046,0.0033,0.1562,0.2615,0.2154
1,0.3,64,16,5,64,0.005,SNN,pca,50,1.0,0.5246,0.7085,0.7176,0.0412,0.0901,0.0754,0.0501,0.0502,0.0507,0.0909,0.1778,0.1648,0.0066,0.0067,0.0039,0.0909,0.1778,0.1648
1,0.5,64,16,5,16,0.005,SNN,pca,5,0.1,0.6184,0.6432,0.6823,0.0405,0.0482,0.0467,0.05,0.0507,0.0507,0.0859,0.0615,0.0769,0.0065,0.0033,0.0046,0.0859,0.0615,0.0769
1,0.3,64,16,5,64,0.001,SNN,pca,10,10.0,0.7901,0.8578,0.8591,0.1733,0.2225,0.2211,0.0501,0.0502,0.0508,0.2597,0.3222,0.3187,0.0,0.0048,0.0073,0.2597,0.3222,0.3187
1,0.3,64,16,5,64,0.0001,SNN,pca,100,10.0,0.6323,0.7042,0.7144,0.0524,0.1023,0.0807,0.0502,0.0502,0.0508,0.1039,0.1556,0.1429,0.0073,0.0073,0.0068,0.1039,0.1556,0.1429
1,0.3,64,16,5,16,0.0005,SNN,pca,20,10.0,0.8521,0.9158,0.9087,0.1386,0.2896,0.2467,0.0502,0.0502,0.0507,0.1688,0.3556,0.3297,0.0089,0.0061,0.0062,0.1688,0.3556,0.3297
1,0.5,64,16,5,32,0.001,SNN,pca,5,1.0,0.9289,0.9434,0.9462,0.2492,0.3415,0.3807,0.05,0.0507,0.0507,0.3438,0.4,0.4923,0.0065,0.0065,0.0057,0.3438,0.4,0.4923
1,0.3,64,16,5,32,0.0001,SNN,pca,20,1.0,0.8096,0.7974,0.853,0.1956,0.2003,0.2881,0.0502,0.0502,0.0508,0.3377,0.2889,0.4286,0.0073,0.0073,0.0078,0.3377,0.2889,0.4286
1,0.5,64,16,5,32,0.0005,SNN,pca,200,0.1,0.5726,0.6573,0.481,0.0321,0.0651,0.0246,0.05,0.0507,0.0507,0.0469,0.0769,0.0308,0.0051,0.0065,0.0065,0.0469,0.0769,0.0308
1,0.3,64,16,5,16,0.0005,SNN,pca,5,0.1,0.7179,0.7216,0.7126,0.0502,0.0519,0.053,0.0501,0.0503,0.0507,0.026,0.0333,0.033,0.0051,0.0078,0.0062,0.026,0.0333,0.033
1,0.3,64,16,5,32,0.0005,SNN,pca,5,0.1,0.6073,0.5626,0.5651,0.0354,0.0287,0.0292,0.0501,0.0502,0.0507,0.039,0.0111,0.011,0.0059,0.0067,0.0048,0.039,0.0111,0.011
1,0.8,64,16,5,16,0.0001,SNN,pca,10,10.0,0.9692,0.9827,0.9651,0.362,0.5317,0.3978,0.0503,0.0508,0.0507,0.3835,0.5385,0.3846,0.006,0.009,0.0052,0.3835,0.5385,0.3846
1,0.3,64,16,5,32,0.005,SNN,pca,20,1.0,0.5676,0.6962,0.7053,0.0411,0.0859,0.1043,0.0502,0.0501,0.0507,0.0519,0.1556,0.2088,0.0073,0.0,0.0062,0.0519,0.1556,0.2088
1,0.5,64,16,5,16,0.005,SNN,pca,5,1.0,0.8681,0.8653,0.8504,0.2717,0.344,0.3138,0.05,0.0508,0.0507,0.3672,0.4462,0.4308,0.0061,0.0087,0.0057,0.3672,0.4462,0.4308
1,0.3,64,16,5,16,0.005,SNN,pca,200,1.0,0.8815,0.9134,0.9181,0.1258,0.1612,0.178,0.0502,0.0502,0.0507,0.1169,0.1444,0.1648,0.0073,0.0055,0.0055,0.1169,0.1444,0.1648
1,0.5,64,16,5,32,0.0005,SNN,pca,10,0.1,0.5376,0.5426,0.4933,0.0276,0.0308,0.0254,0.05,0.0508,0.0507,0.0312,0.0462,0.0308,0.0069,0.0073,0.0065,0.0312,0.0462,0.0308
1,0.5,64,16,5,16,0.001,SNN,pca,5,1.0,0.918,0.8828,0.9073,0.2527,0.3052,0.3423,0.05,0.0507,0.0507,0.3828,0.4308,0.4769,0.0065,0.0033,0.0033,0.3828,0.4308,0.4769
1,0.5,64,16,5,16,0.001,SNN,pca,20,10.0,0.8087,0.8599,0.892,0.0972,0.1379,0.2235,0.05,0.0507,0.0507,0.1406,0.1538,0.2923,0.0061,0.0046,0.0046,0.1406,0.1538,0.2923
1,0.5,64,16,5,16,0.001,SNN,pca,200,1.0,0.924,0.9454,0.949,0.1845,0.3421,0.2657,0.05,0.0508,0.0507,0.1875,0.3538,0.2923,0.0069,0.008,0.0057,0.1875,0.3538,0.2923
1,0.5,64,16,5,32,0.0005,SNN,pca,200,1.0,0.9137,0.9391,0.9473,0.1886,0.2433,0.3273,0.05,0.0507,0.0508,0.2031,0.2462,0.4,0.0069,0.0,0.0073,0.2031,0.2462,0.4
1,0.3,64,16,5,32,0.0005,SNN,pca,5,1.0,0.845,0.8895,0.9191,0.1552,0.2321,0.2944,0.0501,0.0502,0.0507,0.2338,0.3,0.3736,0.0059,0.0061,0.0055,0.2338,0.3,0.3736
1,0.8,64,16,5,16,0.005,SNN,pca,100,1.0,0.969,0.963,0.9315,0.3692,0.3104,0.3963,0.0503,0.0506,0.0509,0.4369,0.3462,0.4231,0.007,0.0,0.0116,0.4369,0.3462,0.4231
1,0.4,64,16,50,32,0.001,SNN,pca,50,1.0,0.9337973725875304,0.9175379198735832,0.9612676182588088,,,,,,,,,,,,,,,
1,0.3,64,16,50,32,0.001,SNN,pca,50,100.0,0.7126547083892814,0.8001127049180328,0.8679729852854083,,,,,,,,,,,,,,,
1,0.5,64,16,5,64,0.005,SNN,pca,200,0.1,0.5509,0.541,0.563,0.0313,0.0303,0.0356,0.05,0.0507,0.0507,0.0547,0.0462,0.0308,0.0069,0.0046,0.0065,0.0547,0.0462,0.0308
1,0.3,64,16,5,16,0.0001,SNN,pca,20,1.0,0.8687,0.8951,0.9112,0.1535,0.2827,0.2464,0.0501,0.0502,0.0507,0.2208,0.3444,0.2857,0.0042,0.0067,0.0028,0.2208,0.3444,0.2857
1,0.3,64,16,5,32,0.005,SNN,pca,50,1.0,0.5405,0.6669,0.6909,0.09,0.1196,0.2362,0.0501,0.0503,0.0508,0.1558,0.2222,0.3187,0.0059,0.0082,0.0073,0.1558,0.2222,0.3187
1,0.3,64,16,5,16,0.005,SNN,pca,10,0.1,0.4867,0.5895,0.5672,0.0238,0.032,0.0341,0.0501,0.0502,0.0507,0.026,0.0222,0.0549,0.0066,0.0061,0.0055,0.026,0.0222,0.0549
1,0.3,64,16,5,16,0.0001,SNN,pca,10,10.0,0.8526,0.8553,0.8004,0.3103,0.2572,0.3178,0.0501,0.0502,0.0508,0.4156,0.3667,0.4286,0.003,0.0055,0.0068,0.4156,0.3667,0.4286
1,0.3,64,16,5,64,0.0005,SNN,pca,100,10.0,0.8127,0.8117,0.8922,0.1488,0.1838,0.2582,0.0501,0.0502,0.0507,0.1948,0.2778,0.3077,0.0051,0.0061,0.0048,0.1948,0.2778,0.3077
1,0.5,64,16,5,64,0.0001,SNN,pca,10,0.1,0.6167,0.6853,0.6175,0.039,0.0496,0.0436,0.05,0.0507,0.0508,0.0547,0.0308,0.0462,0.0061,0.0057,0.0073,0.0547,0.0308,0.0462
1,0.3,64,16,5,64,0.005,SNN,pca,200,0.1,0.512,0.5429,0.594,0.0239,0.0275,0.0311,0.0501,0.0502,0.0507,0.0,0.0444,0.011,0.0066,0.0073,0.0048,0.0,0.0444,0.011
1,0.5,64,16,5,32,0.0005,SNN,pca,100,0.1,0.5256,0.5189,0.5252,0.0271,0.0271,0.0296,0.05,0.0507,0.0507,0.0312,0.0462,0.0462,0.0046,0.0065,0.0046,0.0312,0.0462,0.0462
1,0.3,64,16,5,16,0.005,SNN,pca,100,10.0,0.5811,0.7361,0.7547,0.0459,0.0844,0.084,0.0501,0.0502,0.0508,0.1039,0.1444,0.1209,0.0066,0.0048,0.0078,0.1039,0.1444,0.1209
1,0.8,64,16,50,32,0.001,SNN,pca,50,1.0,0.9398,0.9127,0.9447,0.1616,0.0233,0.0245,0.0404,0.0052,0.0052,0.1456,0.0154,0.0308,0.0053,0.0019,0.0019,0.1456,0.0154,0.0308
1,0.5,64,16,5,64,0.0005,SNN,pca,5,0.1,0.5755,0.6433,0.5743,0.0324,0.0402,0.032,0.05,0.0508,0.0507,0.0391,0.0615,0.0308,0.0051,0.0087,0.0057,0.0391,0.0615,0.0308
1,0.3,64,16,5,64,0.005,SNN,pca,200,1.0,0.5207,0.7072,0.7748,0.0254,0.0681,0.0671,0.0502,0.0503,0.0508,0.0,0.1222,0.0989,0.0079,0.0078,0.0087,0.0,0.1222,0.0989
1,0.5,64,16,5,16,0.0005,SNN,pca,10,0.1,0.5721,0.5568,0.5673,0.032,0.0298,0.0293,0.05,0.0507,0.0507,0.0469,0.0308,0.0154,0.0065,0.0057,0.0065,0.0469,0.0308,0.0154
1,0.8,64,16,5,16,0.001,SNN,pca,10,0.1,0.6044,0.6099,0.5959,0.0372,0.0375,0.0303,0.0503,0.0507,0.0506,0.0583,0.0769,0.0,0.006,0.0052,0.0,0.0583,0.0769,0.0
1,0.3,64,16,5,32,0.005,SNN,pca,50,10.0,0.4962,0.7144,0.7248,0.0307,0.0703,0.079,0.0501,0.0502,0.0507,0.026,0.1,0.1209,0.0059,0.0048,0.0055,0.026,0.1,0.1209
1,0.3,64,16,5,32,0.0005,SNN,pca,10,10.0,0.7313,0.8738,0.8792,0.0821,0.2244,0.1436,0.0502,0.0502,0.0508,0.1169,0.2556,0.1429,0.0084,0.0048,0.0083,0.1169,0.2556,0.1429
1,0.3,64,16,5,32,0.005,SNN,pca,50,0.1,0.5359,0.5863,0.6178,0.0273,0.0342,0.0356,0.0501,0.0502,0.0507,0.026,0.0667,0.044,0.0051,0.0073,0.0055,0.026,0.0667,0.044
1,0.3,64,16,5,32,0.0001,SNN,pca,50,1.0,0.859,0.8122,0.8087,0.2419,0.2506,0.2444,0.0502,0.0502,0.0508,0.3896,0.4222,0.3736,0.0084,0.0061,0.0068,0.3896,0.4222,0.3736
1,0.3,64,16,5,16,0.005,SNN,pca,100,1.0,0.8272,0.9063,0.8923,0.1124,0.198,0.1903,0.0501,0.0502,0.0508,0.1299,0.2889,0.2637,0.0051,0.0055,0.0073,0.1299,0.2889,0.2637
1,0.3,64,16,5,64,0.0005,SNN,pca,10,10.0,0.8504,0.858,0.8519,0.2745,0.2834,0.2312,0.0502,0.0502,0.0508,0.4156,0.4,0.3736,0.0073,0.0067,0.0087,0.4156,0.4,0.3736
1,0.5,64,16,5,16,0.005,SNN,pca,200,10.0,0.8461,0.8879,0.8373,0.1151,0.124,0.098,0.05,0.0507,0.0508,0.1172,0.0923,0.0923,0.0051,0.0046,0.0098,0.1172,0.0923,0.0923
1,0.5,64,16,5,32,0.0001,SNN,pca,50,0.1,0.6217,0.5602,0.6109,0.0487,0.0344,0.0507,0.05,0.0507,0.0508,0.0938,0.0308,0.0769,0.0061,0.0,0.0073,0.0938,0.0308,0.0769
1,0.3,64,16,5,64,0.005,SNN,pca,50,0.1,0.5828,0.5927,0.6345,0.0315,0.0305,0.0379,0.0501,0.0502,0.0508,0.039,0.0333,0.033,0.0066,0.0048,0.0078,0.039,0.0333,0.033
1,0.3,64,16,5,16,0.0001,SNN,pca,5,1.0,0.8399,0.7944,0.8417,0.2655,0.2307,0.3049,0.0501,0.0502,0.0507,0.3636,0.3222,0.4505,0.0066,0.0067,0.0048,0.3636,0.3222,0.4505
1,0.3,64,16,5,64,0.001,SNN,pca,50,0.1,0.6165,0.6267,0.6805,0.0364,0.0487,0.0502,0.0501,0.0503,0.0507,0.0519,0.0444,0.0549,0.0051,0.0082,0.0055,0.0519,0.0444,0.0549
1,0.3,64,16,5,16,0.001,SNN,pca,10,10.0,0.8846,0.9152,0.8902,0.2123,0.3596,0.3014,0.0502,0.0502,0.0507,0.3506,0.4444,0.4835,0.0079,0.0073,0.0062,0.3506,0.4444,0.4835
1,0.8,64,16,50,32,0.001,SNN,pca,50,1.0,0.9639,0.9612,0.9776,0.3956,0.0558,0.0931,0.0626,0.008,0.0072,0.5062,0.0,0.1111,0.0,0.0,0.0,0.5062,0.0,0.1111
1,0.3,64,16,5,64,0.0005,SNN,pca,10,0.1,0.7064,0.6928,0.6091,0.052,0.0504,0.0413,0.0501,0.0503,0.0507,0.0779,0.0556,0.0549,0.0042,0.0078,0.0039,0.0779,0.0556,0.0549
1,0.5,64,16,5,16,0.005,SNN,pca,20,1.0,0.8484,0.9195,0.9097,0.1128,0.2354,0.14,0.05,0.0507,0.0507,0.1406,0.3385,0.2,0.0061,0.0033,0.0033,0.1406,0.3385,0.2
1,0.3,64,16,5,32,0.001,SNN,pca,50,0.1,0.5422,0.5462,0.4888,0.0265,0.0281,0.0236,0.0501,0.0502,0.0507,0.026,0.0222,0.0,0.0066,0.0067,0.0048,0.026,0.0222,0.0
1,0.5,64,16,5,32,0.001,SNN,pca,20,0.1,0.5077,0.5261,0.5503,0.0246,0.0297,0.0287,0.05,0.0507,0.0507,0.0156,0.0615,0.0308,0.0076,0.0,0.0065,0.0156,0.0615,0.0308
1,0.8,64,16,5,16,0.001,SNN,pca,50,10.0,0.9455,0.9668,0.9505,0.3022,0.3155,0.3329,0.0503,0.0506,0.0508,0.3447,0.3846,0.3846,0.0055,0.0,0.009,0.3447,0.3846,0.3846
1,0.5,64,16,5,16,0.0005,SNN,pca,50,1.0,0.8767,0.9315,0.9374,0.1253,0.3518,0.3564,0.05,0.0508,0.0508,0.1484,0.4308,0.4308,0.0056,0.0073,0.0073,0.1484,0.4308,0.4308
1,0.3,64,16,5,32,0.0001,SNN,pca,200,0.1,0.6346,0.6379,0.6352,0.0411,0.0433,0.0673,0.0502,0.0502,0.0507,0.0519,0.0667,0.0769,0.0079,0.0073,0.0062,0.0519,0.0667,0.0769
1,0.3,64,16,5,32,0.0005,SNN,pca,100,0.1,0.5197,0.5284,0.5922,0.0247,0.0282,0.0371,0.0502,0.0502,0.0508,0.0,0.0333,0.0549,0.0073,0.0067,0.0068,0.0,0.0333,0.0549
1,0.3,64,16,5,64,0.0005,SNN,pca,50,10.0,0.835,0.8673,0.8948,0.2068,0.2175,0.2884,0.0502,0.0502,0.0507,0.3117,0.3333,0.3956,0.0073,0.0048,0.0062,0.3117,0.3333,0.3956
1,0.8,64,16,50,32,0.001,SNN,pca,50,1.0,0.9491,0.9409,0.9428,0.2553,0.0288,0.078,0.0611,0.0076,0.0092,0.2628,0.0,0.0435,0.0,0.0,0.0,0.2628,0.0,0.0435
1,0.5,64,16,5,16,0.001,SNN,pca,10,1.0,0.893,0.916,0.8845,0.1777,0.3079,0.2994,0.05,0.0507,0.0507,0.2344,0.3538,0.3538,0.0056,0.0057,0.0057,0.2344,0.3538,0.3538
1,0.5,64,16,5,16,0.0001,SNN,pca,20,10.0,0.9293,0.9269,0.9484,0.2338,0.315,0.4031,0.05,0.0507,0.0507,0.3125,0.3385,0.4154,0.0056,0.0057,0.0057,0.3125,0.3385,0.4154
1,0.3,64,16,5,32,0.005,SNN,pca,50,10.0,0.6522,0.8116,0.7928,0.0694,0.1559,0.1183,0.0501,0.0502,0.0507,0.1558,0.1889,0.1648,0.0051,0.0073,0.0055,0.1558,0.1889,0.1648
1,0.5,64,16,5,64,0.001,SNN,pca,50,0.1,0.487,0.4297,0.5632,0.0232,0.0204,0.0322,0.05,0.0508,0.0507,0.0078,0.0,0.0308,0.0061,0.0098,0.0046,0.0078,0.0,0.0308
1,0.5,64,16,5,16,0.005,SNN,pca,100,10.0,0.7813,0.8066,0.8919,0.0717,0.0796,0.1245,0.05,0.0507,0.0508,0.1016,0.0615,0.1538,0.0073,0.0033,0.008,0.1016,0.0615,0.1538
1,0.3,64,16,5,64,0.001,SNN,pca,5,0.1,0.4677,0.5336,0.5484,0.022,0.0268,0.0268,0.0501,0.0502,0.0507,0.013,0.0111,0.022,0.0042,0.0055,0.0048,0.013,0.0111,0.022
1,0.3,64,16,5,16,0.0001,SNN,pca,10,1.0,0.8756,0.8647,0.8459,0.3212,0.3391,0.2465,0.0501,0.0502,0.0507,0.4935,0.4333,0.3407,0.0042,0.0067,0.0048,0.4935,0.4333,0.3407
1,0.3,64,16,5,16,0.005,SNN,pca,50,1.0,0.7638,0.8374,0.8736,0.0839,0.1606,0.1526,0.0502,0.0502,0.0508,0.1169,0.2444,0.2088,0.0084,0.0061,0.0073,0.1169,0.2444,0.2088
1,0.3,64,16,5,32,0.001,SNN,pca,20,1.0,0.8293,0.9002,0.8702,0.1415,0.2595,0.2387,0.0501,0.0502,0.0507,0.2468,0.3667,0.3516,0.0066,0.0073,0.0062,0.2468,0.3667,0.3516
1,0.3,64,16,5,64,0.0001,SNN,pca,5,1.0,0.6581,0.7468,0.7243,0.0568,0.0802,0.1037,0.0501,0.0503,0.0508,0.1039,0.1222,0.1758,0.0066,0.0091,0.0068,0.1039,0.1222,0.1758
1,0.8,64,16,5,16,0.0005,SNN,pca,5,0.1,0.6425,0.5908,0.5635,0.039,0.032,0.0307,0.0503,0.0508,0.0507,0.034,0.0,0.0,0.006,0.009,0.0073,0.034,0.0,0.0
1,0.3,64,16,5,64,0.0001,SNN,pca,10,1.0,0.7308,0.6844,0.6987,0.1134,0.0627,0.0931,0.0501,0.0503,0.0507,0.1818,0.1111,0.1648,0.0066,0.0078,0.0062,0.1818,0.1111,0.1648
1,0.3,64,16,5,16,0.001,SNN,pca,10,1.0,0.7238,0.8582,0.8882,0.0867,0.2536,0.2991,0.0501,0.0502,0.0508,0.1688,0.3556,0.3736,0.0051,0.0048,0.0068,0.1688,0.3556,0.3736
1,0.5,64,16,5,64,0.0005,SNN,pca,20,10.0,0.891,0.9098,0.9223,0.2476,0.2465,0.2647,0.0501,0.0507,0.0508,0.3281,0.3538,0.3692,0.008,0.0057,0.0073,0.3281,0.3538,0.3692
1,0.5,64,16,5,16,0.001,SNN,pca,10,10.0,0.8606,0.8775,0.8777,0.1289,0.2142,0.1748,0.05,0.0508,0.0508,0.1875,0.3231,0.2,0.0061,0.0087,0.008,0.1875,0.3231,0.2
1,0.3,64,16,50,32,0.001,SNN,pca,50,1.0,0.9402432909276627,0.9429225889481117,0.9382810492798974,,,,,,,,,,,,,,,
1,0.8,64,16,5,16,0.0001,SNN,pca,50,1.0,0.9531,0.9628,0.9568,0.2627,0.2879,0.3486,0.0503,0.0508,0.0507,0.2767,0.3077,0.3077,0.0063,0.009,0.0073,0.2767,0.3077,0.3077
1,0.5,64,16,5,32,0.0001,SNN,pca,200,1.0,0.9527,0.936,0.9562,0.3311,0.315,0.3836,0.0501,0.0507,0.0508,0.3984,0.3692,0.4462,0.0089,0.0033,0.0073,0.3984,0.3692,0.4462
1,0.1,64,16,50,32,0.001,SNN,pca,50,1.0,0.9606085192697769,0.9600762029020449,0.9548340114300189,,,,,,,,,,,,,,,
1,0.3,64,16,5,16,0.0005,SNN,pca,200,10.0,0.8063,0.875,0.8978,0.1238,0.2695,0.2839,0.0501,0.0502,0.0508,0.2078,0.3444,0.3846,0.0042,0.0073,0.0083,0.2078,0.3444,0.3846
1,0.5,64,16,5,16,0.0001,SNN,pca,100,0.1,0.4919,0.5667,0.5463,0.0267,0.0348,0.0304,0.05,0.0507,0.0507,0.0312,0.0615,0.0308,0.0076,0.0057,0.0065,0.0312,0.0615,0.0308
1,0.8,64,16,5,16,0.001,SNN,pca,50,0.1,0.6268,0.6794,0.5431,0.0366,0.0444,0.0273,0.0503,0.0507,0.0507,0.0534,0.0,0.0385,0.0063,0.0073,0.0052,0.0534,0.0,0.0385
1,0.5,64,16,50,32,0.001,SNN,pca,50,10.0,0.8937664235747471,0.8691998566700444,0.9052937576499387,,,,,,,,,,,,,,,
1,0.5,64,16,5,64,0.0001,SNN,pca,10,10.0,0.8435,0.8194,0.8086,0.2821,0.295,0.2186,0.05,0.0508,0.0507,0.4219,0.4,0.3846,0.0023,0.0073,0.0046,0.4219,0.4,0.3846
1,0.5,64,16,5,16,0.005,SNN,pca,100,0.1,0.613,0.5771,0.5141,0.0369,0.0312,0.0248,0.05,0.0507,0.0508,0.0547,0.0,0.0154,0.0056,0.0057,0.0073,0.0547,0.0,0.0154
1,0.3,64,16,5,64,0.005,SNN,pca,100,1.0,0.5462,0.7286,0.7255,0.0408,0.0869,0.0828,0.0501,0.0503,0.0507,0.0649,0.1667,0.1319,0.0051,0.0091,0.0055,0.0649,0.1667,0.1319
1,0.5,64,16,5,32,0.005,SNN,pca,200,10.0,0.8709,0.9051,0.9038,0.1524,0.1523,0.151,0.05,0.0507,0.0507,0.1562,0.1538,0.1538,0.0069,0.0057,0.0057,0.1562,0.1538,0.1538
1,0.5,64,16,5,64,0.001,SNN,pca,20,1.0,0.8326,0.9237,0.9475,0.1285,0.2547,0.2929,0.05,0.0507,0.0507,0.1797,0.2462,0.2769,0.004,0.0057,0.0065,0.1797,0.2462,0.2769
1,0.5,64,16,5,32,0.005,SNN,pca,50,0.1,0.5225,0.6003,0.531,0.0258,0.0388,0.028,0.05,0.0507,0.0508,0.0156,0.0462,0.0154,0.0069,0.0057,0.0073,0.0156,0.0462,0.0154
1,0.3,64,16,5,64,0.005,SNN,pca,5,0.1,0.5564,0.5804,0.5855,0.0275,0.0286,0.03,0.0502,0.0502,0.0508,0.013,0.0,0.011,0.0073,0.0039,0.0078,0.013,0.0,0.011
1,0.3,64,16,5,16,0.0001,SNN,pca,10,1.0,0.8814,0.8941,0.8842,0.2308,0.3402,0.2842,0.0501,0.0502,0.0508,0.3377,0.4333,0.4066,0.0051,0.0039,0.0083,0.3377,0.4333,0.4066
1,0.5,64,16,5,16,0.0001,SNN,pca,200,10.0,0.9367,0.9628,0.9619,0.2553,0.3287,0.4507,0.05,0.0507,0.0507,0.3594,0.3846,0.4923,0.0065,0.0046,0.0065,0.3594,0.3846,0.4923
1,0.3,64,16,5,32,0.005,SNN,pca,200,10.0,0.7263,0.8612,0.8335,0.0834,0.1388,0.1377,0.0502,0.0502,0.0507,0.1039,0.1889,0.2418,0.0079,0.0039,0.0055,0.1039,0.1889,0.2418
1,0.3,64,16,5,16,0.0005,SNN,pca,50,10.0,0.8126,0.8958,0.8733,0.1449,0.2249,0.2327,0.0502,0.0502,0.0508,0.2727,0.3556,0.3407,0.0079,0.0039,0.0078,0.2727,0.3556,0.3407
1,0.3,64,16,5,32,0.0001,SNN,pca,20,1.0,0.8178,0.8112,0.8186,0.1852,0.1969,0.2178,0.0501,0.0503,0.0507,0.3117,0.2889,0.3516,0.0066,0.0082,0.0048,0.3117,0.2889,0.3516
1,0.8,64,16,5,16,0.001,SNN,pca,5,1.0,0.9004,0.8081,0.8623,0.2921,0.2792,0.2432,0.0503,0.0507,0.0508,0.4029,0.4231,0.4231,0.0058,0.0073,0.009,0.4029,0.4231,0.4231
1,0.5,64,16,5,16,0.0001,SNN,pca,5,10.0,0.8763,0.8691,0.8325,0.3054,0.2788,0.2654,0.05,0.0508,0.0507,0.4141,0.3692,0.3692,0.0065,0.0073,0.0057,0.4141,0.3692,0.3692
1,0.3,64,16,5,64,0.001,SNN,pca,200,1.0,0.8353,0.855,0.8528,0.1292,0.196,0.2077,0.0501,0.0502,0.0507,0.1818,0.2667,0.2637,0.0066,0.0027,0.0055,0.1818,0.2667,0.2637
1,0.3,64,16,5,64,0.005,SNN,pca,10,1.0,0.4828,0.7066,0.6525,0.0395,0.1715,0.1448,0.0501,0.0503,0.0508,0.0779,0.2,0.2418,0.0042,0.0078,0.0068,0.0779,0.2,0.2418
1,0.3,64,16,5,64,0.0005,SNN,pca,50,1.0,0.7892,0.8698,0.8632,0.1413,0.2893,0.2532,0.0501,0.0502,0.0508,0.2468,0.3667,0.3516,0.0051,0.0048,0.0073,0.2468,0.3667,0.3516
1,0.3,64,16,5,16,0.0001,SNN,pca,20,10.0,0.8755,0.9352,0.9153,0.1828,0.3179,0.2769,0.0501,0.0502,0.0507,0.2857,0.3444,0.3736,0.0059,0.0073,0.0055,0.2857,0.3444,0.3736
1,0.3,64,16,5,32,0.005,SNN,pca,5,1.0,0.6438,0.7902,0.7683,0.0791,0.1388,0.1154,0.0502,0.0502,0.0507,0.1429,0.1778,0.1648,0.0073,0.0039,0.0062,0.1429,0.1778,0.1648
1,0.3,64,16,50,32,0.001,SNN,pca,50,0.1,0.4889474722981927,0.5154167771164181,0.5667395562844517,,,,,,,,,,,,,,,
1,0.5,64,16,5,64,0.005,SNN,pca,20,1.0,0.9673,0.9729,0.9697,0.3548,0.4274,0.3281,0.05,0.0509,0.0507,0.4297,0.4615,0.3538,0.0051,0.0103,0.0057,0.4297,0.4615,0.3538
1,0.5,64,16,5,16,0.001,SNN,pca,50,1.0,0.9052,0.9394,0.9453,0.2034,0.2301,0.2945,0.05,0.0508,0.0507,0.2188,0.2615,0.3538,0.0046,0.0073,0.0057,0.2188,0.2615,0.3538
1,0.3,64,16,5,16,0.0005,SNN,pca,50,1.0,0.7002,0.884,0.8801,0.0574,0.3382,0.2457,0.0501,0.0502,0.0507,0.0779,0.4111,0.3407,0.0066,0.0055,0.0062,0.0779,0.4111,0.3407
1,0.3,64,16,5,32,0.0005,SNN,pca,5,0.1,0.5981,0.5523,0.567,0.0321,0.0283,0.0312,0.0502,0.0502,0.0507,0.013,0.0222,0.011,0.0073,0.0067,0.0028,0.013,0.0222,0.011
1,0.3,64,16,5,16,0.001,SNN,pca,50,10.0,0.7979,0.8801,0.8805,0.0921,0.2117,0.2223,0.0502,0.0502,0.0508,0.1169,0.2556,0.2637,0.0073,0.0027,0.0068,0.1169,0.2556,0.2637
1,0.5,64,16,5,16,0.0005,SNN,pca,100,1.0,0.9191,0.9544,0.9304,0.1758,0.3777,0.2476,0.05,0.0507,0.0507,0.1953,0.4154,0.3077,0.0051,0.0057,0.0065,0.1953,0.4154,0.3077
1,0.3,64,16,5,16,0.001,SNN,pca,20,10.0,0.7078,0.8255,0.8787,0.0654,0.1878,0.2334,0.0503,0.0502,0.0507,0.0779,0.2222,0.2747,0.0103,0.0073,0.0055,0.0779,0.2222,0.2747
1,0.3,64,16,5,32,0.0001,SNN,pca,20,10.0,0.8257,0.8136,0.8566,0.2273,0.2133,0.2682,0.0501,0.0503,0.0507,0.3506,0.3444,0.3407,0.0051,0.0078,0.0062,0.3506,0.3444,0.3407
1,0.5,64,16,5,64,0.0005,SNN,pca,100,10.0,0.845,0.9021,0.902,0.139,0.2987,0.2802,0.05,0.0507,0.0508,0.2344,0.3692,0.4154,0.0065,0.0057,0.0087,0.2344,0.3692,0.4154
1,0.5,64,16,5,64,0.0005,SNN,pca,5,10.0,0.706,0.8509,0.8613,0.1143,0.1439,0.168,0.05,0.0507,0.0507,0.1562,0.2154,0.2308,0.0051,0.0033,0.0057,0.1562,0.2154,0.2308
1,0.3,64,16,5,16,0.005,SNN,pca,20,0.1,0.4778,0.4549,0.4698,0.0229,0.0218,0.0224,0.0501,0.0502,0.0508,0.0,0.0111,0.0,0.0059,0.0067,0.0068,0.0,0.0111,0.0
1,0.3,64,16,5,64,0.0005,SNN,pca,20,1.0,0.7552,0.86,0.7978,0.1272,0.2615,0.1836,0.0501,0.0503,0.0508,0.2208,0.3667,0.2747,0.0066,0.0087,0.0073,0.2208,0.3667,0.2747
1,0.5,64,16,5,32,0.0001,SNN,pca,20,10.0,0.9283,0.9493,0.9333,0.2299,0.3183,0.4045,0.05,0.0507,0.0507,0.3203,0.3846,0.4154,0.0061,0.0033,0.0046,0.3203,0.3846,0.4154
1,0.5,64,16,5,64,0.005,SNN,pca,200,10.0,0.4862,0.7046,0.6454,0.0387,0.0983,0.0689,0.05,0.0507,0.0507,0.0859,0.1077,0.1538,0.0076,0.0065,0.0046,0.0859,0.1077,0.1538
1,0.8,64,16,50,32,0.001,SNN,pca,50,1.0,0.9553,0.9492,0.9511,0.3349,0.0551,0.0431,0.0619,0.0076,0.0084,0.3671,0.0526,0.0476,0.0,0.0,0.0,0.3671,0.0526,0.0476
1,0.3,64,16,5,64,0.005,SNN,pca,50,10.0,0.3621,0.5719,0.565,0.0245,0.0865,0.0501,0.0501,0.0502,0.0507,0.0649,0.1667,0.1209,0.0042,0.0061,0.0062,0.0649,0.1667,0.1209
1,0.5,64,16,5,32,0.0001,SNN,pca,5,10.0,0.9188,0.9098,0.9226,0.3224,0.2919,0.3543,0.05,0.0507,0.0507,0.3906,0.4308,0.4769,0.0065,0.0065,0.0057,0.3906,0.4308,0.4769
1,0.5,64,16,5,64,0.001,SNN,pca,5,1.0,0.8771,0.8785,0.8886,0.1788,0.2151,0.2483,0.05,0.0508,0.0508,0.2734,0.2462,0.3077,0.0061,0.008,0.008,0.2734,0.2462,0.3077
1,0.5,64,16,5,32,0.0001,SNN,pca,100,0.1,0.592,0.6628,0.5985,0.0441,0.0429,0.0418,0.05,0.0507,0.0508,0.0781,0.0462,0.0923,0.0046,0.0065,0.008,0.0781,0.0462,0.0923
1,0.5,64,16,5,64,0.0001,SNN,pca,50,0.1,0.6671,0.6432,0.6316,0.0618,0.0434,0.0423,0.05,0.0507,0.0508,0.0859,0.0308,0.0615,0.0061,0.0065,0.008,0.0859,0.0308,0.0615
1,0.5,64,16,5,16,0.001,SNN,pca,200,1.0,0.9562,0.9532,0.9446,0.2798,0.4115,0.3848,0.0501,0.0507,0.0507,0.3203,0.4308,0.4308,0.0086,0.0057,0.0057,0.3203,0.4308,0.4308
1,0.3,64,16,5,64,0.0001,SNN,pca,10,10.0,0.6642,0.6999,0.7184,0.0579,0.0807,0.089,0.0502,0.0502,0.0508,0.1169,0.1556,0.1429,0.0073,0.0061,0.0096,0.1169,0.1556,0.1429
1,0.3,64,16,5,32,0.0005,SNN,pca,5,10.0,0.8925,0.9137,0.9162,0.1993,0.3197,0.2647,0.0502,0.0502,0.0507,0.3117,0.3667,0.3626,0.0084,0.0055,0.0028,0.3117,0.3667,0.3626
1,0.3,64,16,5,64,0.0001,SNN,pca,20,10.0,0.667,0.7355,0.6634,0.0795,0.0815,0.0714,0.0501,0.0502,0.0507,0.1688,0.1222,0.1319,0.0051,0.0073,0.0062,0.1688,0.1222,0.1319
1,0.3,64,16,5,64,0.001,SNN,pca,20,1.0,0.8315,0.9037,0.8941,0.1847,0.3713,0.2492,0.0501,0.0502,0.0507,0.2987,0.4222,0.3407,0.0042,0.0055,0.0048,0.2987,0.4222,0.3407
1,0.3,64,16,5,32,0.005,SNN,pca,10,1.0,0.746,0.8291,0.853,0.0717,0.2137,0.1464,0.0501,0.0502,0.0508,0.0909,0.2889,0.1978,0.0042,0.0073,0.0078,0.0909,0.2889,0.1978
1,0.8,64,16,5,16,0.005,SNN,pca,200,10.0,0.9475,0.9579,0.9255,0.3372,0.3638,0.2722,0.0503,0.0507,0.0507,0.4272,0.4231,0.4231,0.006,0.0052,0.0052,0.4272,0.4231,0.4231
1,0.3,64,16,5,16,0.001,SNN,pca,100,10.0,0.7769,0.899,0.8655,0.0823,0.1806,0.1261,0.0502,0.0502,0.0507,0.0909,0.1667,0.1319,0.0079,0.0061,0.0039,0.0909,0.1667,0.1319
1,0.8,64,16,5,16,0.005,SNN,pca,100,10.0,0.8697,0.8963,0.9137,0.1496,0.2,0.3266,0.0503,0.0506,0.0506,0.1699,0.1923,0.2692,0.006,0.0,0.0,0.1699,0.1923,0.2692
1,0.3,64,16,5,16,0.001,SNN,pca,5,0.1,0.5704,0.6079,0.5914,0.0286,0.0314,0.0311,0.0501,0.0502,0.0507,0.0,0.0111,0.022,0.0059,0.0039,0.0055,0.0,0.0111,0.022
1,0.3,64,16,5,16,0.001,SNN,pca,10,1.0,0.6835,0.8292,0.771,0.0666,0.2053,0.1929,0.0502,0.0502,0.0507,0.1169,0.3333,0.2747,0.0073,0.0073,0.0062,0.1169,0.3333,0.2747
1,0.8,64,16,5,16,0.001,SNN,pca,100,1.0,0.9586,0.9505,0.9552,0.3184,0.3449,0.2864,0.0503,0.0507,0.0508,0.3204,0.3846,0.2692,0.0068,0.0052,0.009,0.3204,0.3846,0.2692
1,0.3,64,16,5,64,0.0001,SNN,pca,100,0.1,0.6167,0.626,0.6114,0.0419,0.049,0.0517,0.0502,0.0502,0.0508,0.0649,0.0444,0.0769,0.0073,0.0055,0.0073,0.0649,0.0444,0.0769
1,0.3,64,16,5,32,0.0001,SNN,pca,5,1.0,0.7789,0.816,0.8118,0.1897,0.242,0.1871,0.0501,0.0502,0.0508,0.2987,0.3667,0.2967,0.0066,0.0039,0.0068,0.2987,0.3667,0.2967
1,0.5,64,16,5,16,0.0005,SNN,pca,100,0.1,0.5183,0.5418,0.4788,0.0253,0.0277,0.0233,0.05,0.0508,0.0508,0.0078,0.0308,0.0154,0.0069,0.0073,0.0093,0.0078,0.0308,0.0154
1,0.3,64,16,5,64,0.0005,SNN,pca,20,10.0,0.7852,0.8559,0.8313,0.1186,0.1603,0.3092,0.0502,0.0502,0.0508,0.1688,0.2556,0.3297,0.0079,0.0055,0.0078,0.1688,0.2556,0.3297
1,0.5,64,16,5,64,0.001,SNN,pca,10,0.1,0.563,0.5231,0.5662,0.0361,0.0254,0.0298,0.05,0.0508,0.0507,0.0234,0.0308,0.0154,0.0056,0.0073,0.0065,0.0234,0.0308,0.0154
1,0.3,64,16,5,32,0.001,SNN,pca,10,0.1,0.527,0.5424,0.5304,0.0251,0.0282,0.0265,0.0502,0.0502,0.0508,0.0,0.0111,0.011,0.0079,0.0048,0.0068,0.0,0.0111,0.011
1,0.5,64,16,5,32,0.0001,SNN,pca,5,0.1,0.6099,0.6178,0.6291,0.0423,0.0661,0.0381,0.05,0.0507,0.0507,0.0625,0.1538,0.0462,0.0056,0.0057,0.0057,0.0625,0.1538,0.0462
1,0.8,64,16,5,16,0.0001,SNN,pca,5,1.0,0.8349,0.7806,0.8068,0.1777,0.1615,0.1319,0.0503,0.0507,0.0507,0.2282,0.2692,0.1538,0.0075,0.0073,0.0052,0.2282,0.2692,0.1538
1,0.3,64,16,5,16,0.005,SNN,pca,10,10.0,0.5943,0.7382,0.7266,0.0392,0.0801,0.0742,0.0502,0.0502,0.0507,0.0519,0.1333,0.1209,0.0073,0.0067,0.0062,0.0519,0.1333,0.1209
1,0.5,64,16,5,16,0.005,SNN,pca,5,10.0,0.7781,0.8384,0.8818,0.1349,0.2331,0.2712,0.05,0.0508,0.0508,0.2188,0.2923,0.3385,0.0065,0.0087,0.008,0.2188,0.2923,0.3385
1,0.5,64,16,5,64,0.005,SNN,pca,5,0.1,0.4745,0.5003,0.4971,0.0223,0.024,0.0249,0.05,0.0507,0.0508,0.0,0.0,0.0154,0.0061,0.0046,0.0098,0.0,0.0,0.0154
1,0.5,64,16,5,32,0.001,SNN,pca,10,0.1,0.4632,0.4816,0.426,0.0221,0.0236,0.0213,0.05,0.0508,0.0507,0.0078,0.0,0.0154,0.0046,0.008,0.0057,0.0078,0.0,0.0154
1,0.5,64,16,5,16,0.005,SNN,pca,5,1.0,0.9367,0.9596,0.9524,0.2758,0.3896,0.3785,0.05,0.0507,0.0507,0.3516,0.5231,0.4615,0.0065,0.0033,0.0057,0.3516,0.5231,0.4615
1,0.3,64,16,5,64,0.005,SNN,pca,200,10.0,0.7338,0.8376,0.8496,0.062,0.1209,0.1477,0.0501,0.0502,0.0508,0.1039,0.1222,0.1868,0.0051,0.0055,0.0083,0.1039,0.1222,0.1868
1,0.3,64,16,5,32,0.0005,SNN,pca,50,0.1,0.6383,0.6171,0.5818,0.0743,0.0574,0.0373,0.0501,0.0502,0.0508,0.0779,0.1222,0.0549,0.0059,0.0055,0.0078,0.0779,0.1222,0.0549
1,0.3,64,16,5,32,0.0001,SNN,pca,5,1.0,0.8297,0.816,0.8204,0.2457,0.285,0.2809,0.0501,0.0502,0.0507,0.3377,0.4333,0.4176,0.0066,0.0061,0.0028,0.3377,0.4333,0.4176
1,0.3,64,16,5,32,0.0001,SNN,pca,10,10.0,0.8248,0.8239,0.787,0.186,0.2549,0.2153,0.0501,0.0503,0.0508,0.3377,0.3889,0.3077,0.0051,0.0091,0.0068,0.3377,0.3889,0.3077
1,0.3,64,16,5,64,0.0001,SNN,pca,5,10.0,0.5854,0.7018,0.6698,0.0331,0.0564,0.0602,0.0501,0.0502,0.0507,0.039,0.0889,0.0879,0.0059,0.0061,0.0062,0.039,0.0889,0.0879
1,0.5,64,16,5,16,0.001,SNN,pca,200,10.0,0.7173,0.8037,0.8532,0.0756,0.1165,0.1403,0.05,0.0507,0.0507,0.1094,0.1692,0.2154,0.0069,0.0033,0.0057,0.1094,0.1692,0.2154
1,0.5,64,16,5,64,0.005,SNN,pca,100,0.1,0.4435,0.4944,0.4412,0.0212,0.0298,0.0235,0.05,0.0507,0.0508,0.0,0.0308,0.0462,0.0051,0.0046,0.0073,0.0,0.0308,0.0462
1,0.5,64,16,5,16,0.0005,SNN,pca,10,10.0,0.9261,0.9315,0.9556,0.2483,0.3412,0.3839,0.05,0.0507,0.0508,0.3281,0.4308,0.4154,0.0076,0.0065,0.0073,0.3281,0.4308,0.4154
1,0.3,64,16,5,32,0.0005,SNN,pca,10,10.0,0.7403,0.8884,0.874,0.0839,0.173,0.1954,0.0501,0.0502,0.0507,0.1299,0.2333,0.2527,0.0059,0.0073,0.0028,0.1299,0.2333,0.2527
1,0.3,64,16,5,32,0.0005,SNN,pca,50,1.0,0.7462,0.9041,0.8648,0.0864,0.2534,0.2019,0.0502,0.0502,0.0507,0.1299,0.3333,0.2308,0.0073,0.0048,0.0048,0.1299,0.3333,0.2308
1,0.3,64,16,5,16,0.001,SNN,pca,50,0.1,0.4625,0.5328,0.507,0.0221,0.0264,0.0249,0.0502,0.0502,0.0507,0.013,0.0222,0.011,0.0089,0.0039,0.0055,0.013,0.0222,0.011
1,0.3,64,16,5,16,0.0005,SNN,pca,100,0.1,0.5091,0.4705,0.4424,0.025,0.0272,0.0232,0.0501,0.0502,0.0507,0.0,0.0222,0.011,0.0066,0.0055,0.0048,0.0,0.0222,0.011
1,0.3,64,16,5,16,0.0001,SNN,pca,5,10.0,0.8438,0.815,0.8339,0.212,0.2627,0.2996,0.0501,0.0502,0.0507,0.3117,0.3444,0.3736,0.0066,0.0055,0.0062,0.3117,0.3444,0.3736
1,0.3,64,16,5,32,0.0001,SNN,pca,50,0.1,0.6799,0.6461,0.6141,0.0644,0.0521,0.0408,0.0501,0.0503,0.0507,0.0909,0.0778,0.0769,0.0059,0.0078,0.0055,0.0909,0.0778,0.0769
1,0.5,64,16,5,64,0.005,SNN,pca,100,10.0,0.6439,0.782,0.6388,0.0955,0.2645,0.0887,0.05,0.0507,0.0508,0.1641,0.3692,0.1231,0.0073,0.0046,0.0073,0.1641,0.3692,0.1231
1,0.3,64,16,5,32,0.005,SNN,pca,20,1.0,0.4841,0.7454,0.7248,0.0265,0.0751,0.0759,0.0501,0.0503,0.0507,0.039,0.0889,0.1538,0.0059,0.0078,0.0055,0.039,0.0889,0.1538
1,0.5,64,16,5,32,0.0001,SNN,pca,10,0.1,0.6173,0.5779,0.6421,0.0479,0.0554,0.0396,0.05,0.0507,0.0507,0.0938,0.0923,0.0462,0.0073,0.0046,0.0046,0.0938,0.0923,0.0462
1,0.5,64,16,5,16,0.005,SNN,pca,10,10.0,0.8564,0.8695,0.8947,0.1078,0.1078,0.1202,0.0501,0.0507,0.0507,0.1328,0.0769,0.0769,0.0083,0.0033,0.0046,0.1328,0.0769,0.0769
1,0.3,64,16,5,16,0.001,SNN,pca,5,10.0,0.8265,0.8088,0.7974,0.1516,0.2244,0.1548,0.0502,0.0503,0.0508,0.2468,0.3111,0.2527,0.0073,0.0078,0.0073,0.2468,0.3111,0.2527
1,0.3,64,16,5,32,0.001,SNN,pca,50,1.0,0.5734,0.7647,0.7705,0.0376,0.1608,0.1578,0.0501,0.0502,0.0508,0.039,0.2667,0.2418,0.0059,0.0061,0.0078,0.039,0.2667,0.2418
1,0.5,64,16,5,32,0.005,SNN,pca,20,1.0,0.9175,0.8955,0.9346,0.1692,0.1971,0.2289,0.05,0.0507,0.0507,0.1562,0.2154,0.2462,0.0061,0.0057,0.0046,0.1562,0.2154,0.2462
1,0.8,64,16,50,32,0.001,SNN,pca,50,1.0,0.956627817553589,0.9435701243370141,0.9230857475666471,0.32125866064341324,0.03528774793002966,0.03864808177743368,0.0603448275862069,0.008449004224502114,0.009249949728534086,0.3116883116883117,0.0,0.0,,,,,,
1,0.5,64,16,5,64,0.001,SNN,pca,100,0.1,0.5389,0.5373,0.5046,0.0284,0.0284,0.0241,0.05,0.0507,0.0507,0.0469,0.0308,0.0154,0.0051,0.0065,0.0033,0.0469,0.0308,0.0154
1,0.3,64,16,5,16,0.0001,SNN,pca,100,1.0,0.8712,0.9085,0.94,0.1592,0.2508,0.2993,0.0502,0.0502,0.0508,0.1818,0.2778,0.3846,0.0079,0.0067,0.0073,0.1818,0.2778,0.3846
1,0.3,64,16,5,64,0.005,SNN,pca,5,0.1,0.5174,0.6288,0.596,0.0247,0.037,0.0294,0.0502,0.0502,0.0507,0.013,0.0333,0.011,0.0089,0.0061,0.0055,0.013,0.0333,0.011
1,0.3,64,16,5,32,0.005,SNN,pca,100,10.0,0.5261,0.7569,0.6999,0.0396,0.0973,0.089,0.0502,0.0502,0.0507,0.0909,0.1222,0.1429,0.0084,0.0067,0.0048,0.0909,0.1222,0.1429
1,0.3,64,16,5,64,0.0005,SNN,pca,5,1.0,0.8815,0.8967,0.896,0.2783,0.3029,0.244,0.0501,0.0502,0.0507,0.4026,0.3778,0.3626,0.0066,0.0055,0.0055,0.4026,0.3778,0.3626
1,0.3,64,16,5,16,0.005,SNN,pca,10,0.1,0.602,0.5655,0.6457,0.0347,0.0309,0.0432,0.0502,0.0502,0.0508,0.026,0.0333,0.033,0.0073,0.0048,0.0068,0.026,0.0333,0.033
1,0.5,64,16,5,32,0.001,SNN,pca,10,1.0,0.8418,0.9336,0.9281,0.1477,0.3563,0.3836,0.05,0.0507,0.0507,0.2266,0.4154,0.4615,0.0046,0.0057,0.0033,0.2266,0.4154,0.4615
1,0.5,64,16,5,16,0.001,SNN,pca,5,10.0,0.862,0.8803,0.9092,0.1087,0.1553,0.1865,0.05,0.0507,0.0507,0.1328,0.2462,0.2308,0.0046,0.0057,0.0057,0.1328,0.2462,0.2308
1,0.5,64,16,5,16,0.005,SNN,pca,5,10.0,0.8074,0.8155,0.8525,0.1475,0.2126,0.1527,0.05,0.0508,0.0507,0.2578,0.2923,0.2,0.0046,0.0073,0.0065,0.2578,0.2923,0.2
1,0.3,64,16,5,32,0.0001,SNN,pca,50,10.0,0.8117,0.8294,0.8032,0.1837,0.2046,0.2203,0.0502,0.0502,0.0507,0.3117,0.3222,0.2967,0.0089,0.0027,0.0055,0.3117,0.3222,0.2967
1,0.3,64,16,5,16,0.005,SNN,pca,100,0.1,0.4587,0.5225,0.5217,0.023,0.0268,0.0285,0.0501,0.0502,0.0507,0.013,0.0,0.044,0.0066,0.0061,0.0039,0.013,0.0,0.044
1,0.3,64,16,5,64,0.001,SNN,pca,10,0.1,0.5982,0.5515,0.6303,0.0345,0.0278,0.0364,0.0501,0.0503,0.0508,0.0519,0.0111,0.033,0.0066,0.0078,0.0068,0.0519,0.0111,0.033
1,0.3,64,16,5,64,0.001,SNN,pca,5,10.0,0.8885,0.8934,0.9091,0.2215,0.2901,0.3302,0.0501,0.0502,0.0508,0.3377,0.4111,0.4396,0.0051,0.0055,0.0092,0.3377,0.4111,0.4396
1,0.3,64,16,5,64,0.005,SNN,pca,10,10.0,0.4902,0.7812,0.665,0.0308,0.1286,0.0822,0.0501,0.0503,0.0507,0.039,0.1778,0.1538,0.0059,0.0082,0.0062,0.039,0.1778,0.1538
1,0.5,64,16,5,32,0.005,SNN,pca,10,1.0,0.8738,0.9306,0.9095,0.1971,0.3085,0.2471,0.05,0.0507,0.0508,0.2344,0.4154,0.3077,0.0065,0.0065,0.0073,0.2344,0.4154,0.3077
1,0.5,64,16,5,32,0.0005,SNN,pca,5,10.0,0.8433,0.8313,0.8855,0.1524,0.2649,0.3246,0.05,0.0507,0.0507,0.2266,0.3538,0.4,0.0065,0.0057,0.0046,0.2266,0.3538,0.4
1,0.5,64,16,5,64,0.001,SNN,pca,200,1.0,0.5913,0.7451,0.7809,0.062,0.1893,0.2027,0.05,0.0507,0.0507,0.1484,0.2923,0.2615,0.0056,0.0046,0.0057,0.1484,0.2923,0.2615
1,0.3,64,16,5,32,0.0005,SNN,pca,10,0.1,0.5441,0.6152,0.533,0.0292,0.0366,0.0266,0.0501,0.0502,0.0508,0.026,0.0444,0.033,0.0059,0.0067,0.0073,0.026,0.0444,0.033
1,0.2,64,16,50,32,0.001,SNN,pca,50,0.1,0.5096384928716904,0.5138051848049281,0.5322723253757736,,,,,,,,,,,,,,,
1,0.3,64,16,5,16,0.0005,SNN,pca,100,1.0,0.8336,0.8955,0.8957,0.1167,0.2403,0.2458,0.0501,0.0502,0.0507,0.1688,0.3111,0.2967,0.0042,0.0061,0.0039,0.1688,0.3111,0.2967
1,0.5,64,16,5,16,0.001,SNN,pca,200,0.1,0.4702,0.5051,0.5048,0.0227,0.0306,0.0256,0.05,0.0508,0.0507,0.0156,0.0308,0.0154,0.0069,0.0087,0.0065,0.0156,0.0308,0.0154
1,0.3,64,16,5,16,0.0005,SNN,pca,20,10.0,0.8221,0.9162,0.9085,0.1207,0.3153,0.2652,0.0502,0.0502,0.0508,0.2078,0.3444,0.3077,0.0084,0.0027,0.0068,0.2078,0.3444,0.3077
1,0.5,64,16,5,16,0.001,SNN,pca,20,10.0,0.7982,0.8842,0.9177,0.1774,0.2115,0.2544,0.05,0.0508,0.0508,0.2656,0.3077,0.3231,0.0051,0.0098,0.0073,0.2656,0.3077,0.3231
1,0.3,64,16,5,16,0.0001,SNN,pca,10,10.0,0.9068,0.8912,0.8216,0.298,0.3351,0.2511,0.0502,0.0502,0.0507,0.3896,0.4444,0.3626,0.0098,0.0073,0.0055,0.3896,0.4444,0.3626
1,0.1,64,16,50,32,0.001,SNN,pca,50,100.0,0.7149078333635752,0.7586611497428608,0.8475546492503059,,,,,,,,,,,,,,,
1,0.5,64,16,5,64,0.005,SNN,pca,10,0.1,0.5302,0.5797,0.5377,0.0261,0.0285,0.0282,0.05,0.0507,0.0507,0.0078,0.0,0.0462,0.0061,0.0057,0.0065,0.0078,0.0,0.0462
1,0.5,64,16,5,32,0.001,SNN,pca,200,1.0,0.9245,0.947,0.9298,0.2527,0.3036,0.2426,0.05,0.0507,0.0507,0.2734,0.3538,0.3385,0.0076,0.0065,0.0057,0.2734,0.3538,0.3385
1,0.3,64,16,5,64,0.0005,SNN,pca,100,0.1,0.5897,0.6528,0.652,0.0426,0.0697,0.0495,0.0501,0.0503,0.0507,0.039,0.0778,0.0769,0.0059,0.0087,0.0048,0.039,0.0778,0.0769
1,0.2,64,16,50,32,0.001,SNN,pca,50,1.0,0.9198584978312607,0.9182112820512821,0.9458534581237348,,,,,,,,,,,,,,,
1,0.3,64,16,5,64,0.001,SNN,pca,200,10.0,0.7701,0.8443,0.8373,0.1276,0.2205,0.2157,0.0501,0.0502,0.0507,0.1948,0.2778,0.3407,0.0042,0.0061,0.0028,0.1948,0.2778,0.3407
1,0.5,64,16,5,16,0.001,SNN,pca,10,0.1,0.6135,0.594,0.6126,0.0378,0.0346,0.0478,0.05,0.0507,0.0507,0.0469,0.0154,0.1231,0.0051,0.0057,0.0065,0.0469,0.0154,0.1231
1,0.3,64,16,5,16,0.001,SNN,pca,5,1.0,0.8709,0.8976,0.9,0.1349,0.3279,0.2441,0.0501,0.0502,0.0507,0.1558,0.4222,0.3297,0.0051,0.0048,0.0062,0.1558,0.4222,0.3297
1,0.3,64,16,5,32,0.001,SNN,pca,200,0.1,0.4789,0.4391,0.4758,0.0246,0.021,0.0226,0.0501,0.0503,0.0507,0.026,0.0,0.0,0.003,0.0087,0.0062,0.026,0.0,0.0
1,0.5,64,16,5,64,0.0005,SNN,pca,20,1.0,0.9174,0.9459,0.9452,0.2357,0.3315,0.3192,0.05,0.0508,0.0507,0.2812,0.3692,0.4,0.0073,0.0073,0.0065,0.2812,0.3692,0.4
1,0.5,64,16,5,16,0.0001,SNN,pca,10,10.0,0.9147,0.9391,0.9425,0.2527,0.2931,0.3586,0.05,0.0507,0.0507,0.375,0.3692,0.4,0.0061,0.0046,0.0046,0.375,0.3692,0.4
1002,0.8,64,16,50,32,0.001,SNN,pca,50,1.0,0.9853726773430291,0.9794382308452064,0.9872503884840264,,,,,,,,,,,,,,,
1002,0.8,64,16,50,32,0.001,SNN,pca,50,1.0,0.9863074168581877,0.977244580600338,0.9826164557477451,,,,,,,,,,,,,,,
1002,0.8,64,16,50,32,0.001,SNN,pca,50,1.0,0.9857959117678703,0.9811401381009435,0.9842194089467942,0.34458531136469994,0.04302556899803489,0.046987524467701026,0.014334951282632286,0.0018601302091146381,0.0017761989342806395,0.34303937881308927,0.05161290322580645,0.06531531531531531,,,,,,
1002,0.8,64,16,50,32,0.001,SNN,pca,50,1.0,0.9838,0.9828,0.9855,0.3377,0.3565,0.3557,0.0142,0.0142,0.0142,0.3431,0.3679,0.3631,-0.0015,0.0009,0.0011,0.3431,0.3679,0.3631
1002,0.8,64,16,50,32,0.001,SNN,pca,50,1.0,0.9846393662006027,0.990210134323591,0.9807632764969081,0.3221558774833704,0.043569565383807116,0.045487675770487394,0.014346791649523264,0.0018201638147433271,0.0018041768093273142,0.3211415904682738,0.041758241758241756,0.04212860310421286,,,,,,
1002,0.8,64,16,50,32,0.001,SNN,pca,50,1.0,0.9866,0.9855,0.9871,0.3585,0.0492,0.0496,0.0143,0.0019,0.0018,0.3608,0.0542,0.0489,0.0,0.0,0.0,0.3608,0.0542,0.0489
1002,0.8,64,16,50,32,0.001,SNN,pca,50,1.0,0.9853085871104643,0.978914133993821,0.9811343488962095,,,,,,,,,,,,,,,
1001,0.8,64,16,50,32,0.001,SNN,pca,50,1.0,0.9511017683416265,0.9479906901940329,0.9459994613741232,0.1961047302781489,0.022738182849726767,0.02728437126421255,0.02003749846398998,0.0025433133054075406,0.0024794099004436946,0.2195845697329377,0.031446540880503145,0.04838709677419355,,,,,,
1001,0.8,64,16,50,32,0.001,SNN,pca,50,1.0,0.9496,0.9484,0.9368,0.1766,0.0223,0.0222,0.02,0.0026,0.0024,0.1856,0.0215,0.018,0.0002,0.0001,0.0001,0.1856,0.0215,0.018
1001,0.8,64,16,50,32,0.001,SNN,pca,50,1.0,0.9453,0.9426,0.9546,0.2014,0.2208,0.2274,0.0222,0.0222,0.0222,0.222,0.2458,0.248,-0.0008,-0.0008,0.0011,0.222,0.2458,0.248
1001,0.8,64,16,50,32,0.001,SNN,pca,50,1.0,0.9494,0.9445,0.9424,0.1866,0.0237,0.0261,0.02,0.0026,0.0026,0.2112,0.0297,0.0357,0.0002,0.0001,0.0001,0.2112,0.0297,0.0357
1001,0.8,64,16,50,32,0.001,SNN,pca,50,1.0,0.9456992847796777,0.9438841400395286,0.9428320436484523,0.1619066692020394,0.021947174322570307,0.0199165316607737,0.01998652237681849,0.0025313367897610824,0.0025433183906712997,"{'precision@504': 0.18452380952380953, 'precision@1008': 0.18253968253968253, 'precision@2521': 0.16937723125743753, 'precision@5042': 0.1671955573185244, 'precision@10084': 0.16769139230464103}","{'precision@63': 0.031746031746031744, 'precision@126': 0.031746031746031744, 'precision@316': 0.03164556962025317, 'precision@633': 0.02843601895734597, 'precision@1266': 0.02764612954186414}","{'precision@63': 0.015873015873015872, 'precision@127': 0.015748031496062992, 'precision@318': 0.018867924528301886, 'precision@636': 0.01729559748427673, 'precision@1272': 0.018867924528301886}",,,,,,
1004,0.8,64,16,50,32,0.001,SNN,pca,50,1.0,0.9602442329738038,0.9511072601487324,0.9515800031417461,,,,,,,,,,,,,,,
1004,0.8,64,16,50,32,0.001,SNN,pca,50,1.0,0.963347307563937,0.9646560183109824,0.9589994169937132,0.18737366525379542,0.02744073884649795,0.02702403580523042,0.018990960236641288,0.0025731639055281254,0.0024813792123918573,0.1575043630017452,0.02922077922077922,0.030303030303030304,,,,,,
1004,0.8,64,16,50,32,0.001,SNN,pca,50,1.0,0.9566,0.9603,0.9681,0.177,0.0231,0.0237,0.0192,0.0025,0.0023,0.1588,0.0148,0.0199,0.0,0.0,0.0,0.1588,0.0148,0.0199
1004,0.8,64,16,50,32,0.001,SNN,pca,50,1.0,0.9648,0.9449,0.9679,0.2066,0.0243,0.0287,0.0193,0.0024,0.0024,0.2022,0.0247,0.007,0.0,0.0,0.0,0.2022,0.0247,0.007
1004,0.8,64,16,50,32,0.001,SNN,pca,50,1.0,0.9526,0.9595,0.9733,0.1986,0.2123,0.2153,0.0214,0.0214,0.0214,0.1795,0.2073,0.2027,-0.0014,-0.001,0.0014,0.1795,0.2073,0.2027
1004,0.8,64,16,50,32,0.001,SNN,pca,50,1.0,0.9624500965558144,0.9684953874298391,0.9702140954127572,,,,,,,,,,,,,,,
