Gene1,Gene2
Gene_11,Gene_7
Gene_11,Gene_10
Gene_11,Gene_11
Gene_11,Gene_12
Gene_11,Gene_16
Gene_11,Gene_20
Gene_11,Gene_22
Gene_11,Gene_23
Gene_11,Gene_25
Gene_11,Gene_26
Gene_11,Gene_33
Gene_11,Gene_35
Gene_11,Gene_44
Gene_11,Gene_48
Gene_11,Gene_49
Gene_11,Gene_58
Gene_11,Gene_72
Gene_11,Gene_86
Gene_11,Gene_87
Gene_11,Gene_94
Gene_11,Gene_98
Gene_11,Gene_101
Gene_11,Gene_102
Gene_11,Gene_104
Gene_11,Gene_114
Gene_11,Gene_117
Gene_11,Gene_118
Gene_11,Gene_127
Gene_11,Gene_134
Gene_11,Gene_136
Gene_11,Gene_142
Gene_11,Gene_143
Gene_11,Gene_148
Gene_11,Gene_153
Gene_11,Gene_158
Gene_11,Gene_164
Gene_11,Gene_165
Gene_11,Gene_167
Gene_11,Gene_175
Gene_11,Gene_176
Gene_11,Gene_180
Gene_11,Gene_181
Gene_11,Gene_183
Gene_11,Gene_185
Gene_11,Gene_186
Gene_11,Gene_191
Gene_11,Gene_194
Gene_11,Gene_195
Gene_11,Gene_196
Gene_11,Gene_200
Gene_11,Gene_205
Gene_11,Gene_206
Gene_11,Gene_214
Gene_11,Gene_216
Gene_11,Gene_221
Gene_11,Gene_222
Gene_11,Gene_227
Gene_11,Gene_228
Gene_11,Gene_234
Gene_11,Gene_239
Gene_11,Gene_240
Gene_11,Gene_245
Gene_11,Gene_255
Gene_11,Gene_258
Gene_11,Gene_264
Gene_11,Gene_268
Gene_11,Gene_273
Gene_11,Gene_278
Gene_11,Gene_280
Gene_11,Gene_285
Gene_11,Gene_292
Gene_11,Gene_297
Gene_11,Gene_299
Gene_11,Gene_302
Gene_11,Gene_310
Gene_11,Gene_311
Gene_11,Gene_314
Gene_11,Gene_317
Gene_11,Gene_318
Gene_11,Gene_319
Gene_11,Gene_333
Gene_11,Gene_339
Gene_11,Gene_344
Gene_11,Gene_349
Gene_11,Gene_350
Gene_11,Gene_353
Gene_11,Gene_354
Gene_11,Gene_366
Gene_11,Gene_367
Gene_11,Gene_374
Gene_11,Gene_377
Gene_11,Gene_381
Gene_11,Gene_383
Gene_11,Gene_385
Gene_11,Gene_389
Gene_11,Gene_398
Gene_11,Gene_401
Gene_11,Gene_404
Gene_11,Gene_406
Gene_11,Gene_407
Gene_11,Gene_408
Gene_11,Gene_413
Gene_11,Gene_427
Gene_11,Gene_429
Gene_11,Gene_431
Gene_11,Gene_436
Gene_11,Gene_437
Gene_11,Gene_440
Gene_11,Gene_456
Gene_11,Gene_459
Gene_11,Gene_463
Gene_11,Gene_466
Gene_11,Gene_469
Gene_11,Gene_474
Gene_11,Gene_477
Gene_11,Gene_478
Gene_11,Gene_484
Gene_11,Gene_494
Gene_11,Gene_496
Gene_11,Gene_502
Gene_11,Gene_519
Gene_11,Gene_528
Gene_11,Gene_542
Gene_11,Gene_544
Gene_11,Gene_550
Gene_11,Gene_564
Gene_11,Gene_576
Gene_11,Gene_577
Gene_11,Gene_593
Gene_11,Gene_595
Gene_11,Gene_597
Gene_11,Gene_610
Gene_11,Gene_613
Gene_11,Gene_614
Gene_11,Gene_622
Gene_11,Gene_627
Gene_11,Gene_628
Gene_11,Gene_629
Gene_11,Gene_630
Gene_11,Gene_632
Gene_11,Gene_636
Gene_11,Gene_640
Gene_11,Gene_641
Gene_11,Gene_643
Gene_11,Gene_644
Gene_11,Gene_651
Gene_11,Gene_654
Gene_11,Gene_664
Gene_11,Gene_666
Gene_11,Gene_668
Gene_11,Gene_669
Gene_11,Gene_677
Gene_11,Gene_681
Gene_11,Gene_682
Gene_11,Gene_683
Gene_11,Gene_686
Gene_11,Gene_692
Gene_11,Gene_696
Gene_11,Gene_704
Gene_11,Gene_707
Gene_11,Gene_709
Gene_11,Gene_715
Gene_11,Gene_718
Gene_11,Gene_719
Gene_11,Gene_720
Gene_11,Gene_721
Gene_11,Gene_722
Gene_11,Gene_724
Gene_11,Gene_728
Gene_11,Gene_730
Gene_11,Gene_734
Gene_11,Gene_736
Gene_11,Gene_738
Gene_11,Gene_740
Gene_11,Gene_741
Gene_11,Gene_743
Gene_11,Gene_749
Gene_11,Gene_751
Gene_11,Gene_752
Gene_11,Gene_753
Gene_11,Gene_759
Gene_11,Gene_762
Gene_11,Gene_763
Gene_11,Gene_767
Gene_11,Gene_772
Gene_11,Gene_777
Gene_11,Gene_786
Gene_11,Gene_792
Gene_11,Gene_793
Gene_11,Gene_797
Gene_11,Gene_800
Gene_11,Gene_806
Gene_11,Gene_815
Gene_11,Gene_817
Gene_11,Gene_830
Gene_11,Gene_832
Gene_11,Gene_837
Gene_11,Gene_838
Gene_11,Gene_845
Gene_11,Gene_849
Gene_11,Gene_855
Gene_11,Gene_858
Gene_11,Gene_860
Gene_11,Gene_862
Gene_11,Gene_873
Gene_11,Gene_876
Gene_11,Gene_886
Gene_11,Gene_892
Gene_11,Gene_893
Gene_11,Gene_898
Gene_11,Gene_900
Gene_11,Gene_913
Gene_11,Gene_917
Gene_11,Gene_918
Gene_11,Gene_929
Gene_11,Gene_941
Gene_11,Gene_945
Gene_11,Gene_946
Gene_11,Gene_952
Gene_11,Gene_954
Gene_11,Gene_963
Gene_11,Gene_969
Gene_11,Gene_973
Gene_11,Gene_985
Gene_11,Gene_987
Gene_11,Gene_993
Gene_11,Gene_997
Gene_11,Gene_999
Gene_12,Gene_0
Gene_12,Gene_2
Gene_12,Gene_3
Gene_12,Gene_4
Gene_12,Gene_5
Gene_12,Gene_6
Gene_12,Gene_7
Gene_12,Gene_10
Gene_12,Gene_11
Gene_12,Gene_12
Gene_12,Gene_14
Gene_12,Gene_15
Gene_12,Gene_18
Gene_12,Gene_19
Gene_12,Gene_20
Gene_12,Gene_22
Gene_12,Gene_23
Gene_12,Gene_24
Gene_12,Gene_25
Gene_12,Gene_26
Gene_12,Gene_28
Gene_12,Gene_29
Gene_12,Gene_30
Gene_12,Gene_31
Gene_12,Gene_33
Gene_12,Gene_34
Gene_12,Gene_35
Gene_12,Gene_36
Gene_12,Gene_43
Gene_12,Gene_44
Gene_12,Gene_46
Gene_12,Gene_47
Gene_12,Gene_48
Gene_12,Gene_49
Gene_12,Gene_51
Gene_12,Gene_53
Gene_12,Gene_55
Gene_12,Gene_56
Gene_12,Gene_57
Gene_12,Gene_59
Gene_12,Gene_61
Gene_12,Gene_62
Gene_12,Gene_63
Gene_12,Gene_67
Gene_12,Gene_69
Gene_12,Gene_72
Gene_12,Gene_74
Gene_12,Gene_76
Gene_12,Gene_77
Gene_12,Gene_78
Gene_12,Gene_83
Gene_12,Gene_85
Gene_12,Gene_86
Gene_12,Gene_87
Gene_12,Gene_88
Gene_12,Gene_93
Gene_12,Gene_94
Gene_12,Gene_95
Gene_12,Gene_98
Gene_12,Gene_99
Gene_12,Gene_100
Gene_12,Gene_103
Gene_12,Gene_107
Gene_12,Gene_108
Gene_12,Gene_110
Gene_12,Gene_111
Gene_12,Gene_112
Gene_12,Gene_114
Gene_12,Gene_116
Gene_12,Gene_118
Gene_12,Gene_123
Gene_12,Gene_126
Gene_12,Gene_127
Gene_12,Gene_134
Gene_12,Gene_136
Gene_12,Gene_137
Gene_12,Gene_140
Gene_12,Gene_142
Gene_12,Gene_143
Gene_12,Gene_144
Gene_12,Gene_145
Gene_12,Gene_146
Gene_12,Gene_147
Gene_12,Gene_150
Gene_12,Gene_153
Gene_12,Gene_158
Gene_12,Gene_159
Gene_12,Gene_162
Gene_12,Gene_163
Gene_12,Gene_164
Gene_12,Gene_165
Gene_12,Gene_166
Gene_12,Gene_168
Gene_12,Gene_172
Gene_12,Gene_175
Gene_12,Gene_179
Gene_12,Gene_181
Gene_12,Gene_182
Gene_12,Gene_186
Gene_12,Gene_188
Gene_12,Gene_189
Gene_12,Gene_191
Gene_12,Gene_192
Gene_12,Gene_193
Gene_12,Gene_194
Gene_12,Gene_195
Gene_12,Gene_196
Gene_12,Gene_197
Gene_12,Gene_200
Gene_12,Gene_201
Gene_12,Gene_203
Gene_12,Gene_205
Gene_12,Gene_206
Gene_12,Gene_209
Gene_12,Gene_213
Gene_12,Gene_214
Gene_12,Gene_215
Gene_12,Gene_216
Gene_12,Gene_217
Gene_12,Gene_218
Gene_12,Gene_220
Gene_12,Gene_221
Gene_12,Gene_223
Gene_12,Gene_224
Gene_12,Gene_225
Gene_12,Gene_226
Gene_12,Gene_227
Gene_12,Gene_228
Gene_12,Gene_230
Gene_12,Gene_231
Gene_12,Gene_233
Gene_12,Gene_234
Gene_12,Gene_237
Gene_12,Gene_238
Gene_12,Gene_239
Gene_12,Gene_240
Gene_12,Gene_241
Gene_12,Gene_243
Gene_12,Gene_244
Gene_12,Gene_245
Gene_12,Gene_246
Gene_12,Gene_247
Gene_12,Gene_248
Gene_12,Gene_250
Gene_12,Gene_251
Gene_12,Gene_252
Gene_12,Gene_253
Gene_12,Gene_255
Gene_12,Gene_257
Gene_12,Gene_258
Gene_12,Gene_259
Gene_12,Gene_260
Gene_12,Gene_264
Gene_12,Gene_265
Gene_12,Gene_266
Gene_12,Gene_267
Gene_12,Gene_268
Gene_12,Gene_269
Gene_12,Gene_270
Gene_12,Gene_271
Gene_12,Gene_272
Gene_12,Gene_274
Gene_12,Gene_275
Gene_12,Gene_279
Gene_12,Gene_280
Gene_12,Gene_281
Gene_12,Gene_283
Gene_12,Gene_284
Gene_12,Gene_285
Gene_12,Gene_287
Gene_12,Gene_290
Gene_12,Gene_291
Gene_12,Gene_292
Gene_12,Gene_294
Gene_12,Gene_296
Gene_12,Gene_297
Gene_12,Gene_299
Gene_12,Gene_300
Gene_12,Gene_301
Gene_12,Gene_303
Gene_12,Gene_304
Gene_12,Gene_305
Gene_12,Gene_306
Gene_12,Gene_307
Gene_12,Gene_308
Gene_12,Gene_314
Gene_12,Gene_318
Gene_12,Gene_319
Gene_12,Gene_321
Gene_12,Gene_324
Gene_12,Gene_327
Gene_12,Gene_328
Gene_12,Gene_329
Gene_12,Gene_330
Gene_12,Gene_332
Gene_12,Gene_333
Gene_12,Gene_335
Gene_12,Gene_337
Gene_12,Gene_338
Gene_12,Gene_344
Gene_12,Gene_345
Gene_12,Gene_346
Gene_12,Gene_349
Gene_12,Gene_350
Gene_12,Gene_351
Gene_12,Gene_352
Gene_12,Gene_353
Gene_12,Gene_354
Gene_12,Gene_355
Gene_12,Gene_356
Gene_12,Gene_357
Gene_12,Gene_358
Gene_12,Gene_361
Gene_12,Gene_364
Gene_12,Gene_366
Gene_12,Gene_370
Gene_12,Gene_372
Gene_12,Gene_373
Gene_12,Gene_374
Gene_12,Gene_377
Gene_12,Gene_378
Gene_12,Gene_380
Gene_12,Gene_381
Gene_12,Gene_382
Gene_12,Gene_383
Gene_12,Gene_384
Gene_12,Gene_386
Gene_12,Gene_390
Gene_12,Gene_392
Gene_12,Gene_395
Gene_12,Gene_398
Gene_12,Gene_399
Gene_12,Gene_400
Gene_12,Gene_401
Gene_12,Gene_402
Gene_12,Gene_404
Gene_12,Gene_406
Gene_12,Gene_408
Gene_12,Gene_409
Gene_12,Gene_411
Gene_12,Gene_412
Gene_12,Gene_413
Gene_12,Gene_416
Gene_12,Gene_420
Gene_12,Gene_421
Gene_12,Gene_422
Gene_12,Gene_427
Gene_12,Gene_428
Gene_12,Gene_429
Gene_12,Gene_431
Gene_12,Gene_432
Gene_12,Gene_433
Gene_12,Gene_434
Gene_12,Gene_435
Gene_12,Gene_438
Gene_12,Gene_439
Gene_12,Gene_440
Gene_12,Gene_444
Gene_12,Gene_446
Gene_12,Gene_448
Gene_12,Gene_449
Gene_12,Gene_453
Gene_12,Gene_455
Gene_12,Gene_456
Gene_12,Gene_457
Gene_12,Gene_459
Gene_12,Gene_460
Gene_12,Gene_463
Gene_12,Gene_464
Gene_12,Gene_465
Gene_12,Gene_466
Gene_12,Gene_467
Gene_12,Gene_468
Gene_12,Gene_469
Gene_12,Gene_472
Gene_12,Gene_473
Gene_12,Gene_474
Gene_12,Gene_475
Gene_12,Gene_477
Gene_12,Gene_478
Gene_12,Gene_479
Gene_12,Gene_481
Gene_12,Gene_482
Gene_12,Gene_484
Gene_12,Gene_486
Gene_12,Gene_487
Gene_12,Gene_488
Gene_12,Gene_493
Gene_12,Gene_494
Gene_12,Gene_495
Gene_12,Gene_496
Gene_12,Gene_497
Gene_12,Gene_499
Gene_12,Gene_502
Gene_12,Gene_503
Gene_12,Gene_508
Gene_12,Gene_509
Gene_12,Gene_515
Gene_12,Gene_519
Gene_12,Gene_520
Gene_12,Gene_521
Gene_12,Gene_523
Gene_12,Gene_524
Gene_12,Gene_525
Gene_12,Gene_527
Gene_12,Gene_528
Gene_12,Gene_532
Gene_12,Gene_533
Gene_12,Gene_534
Gene_12,Gene_535
Gene_12,Gene_536
Gene_12,Gene_538
Gene_12,Gene_539
Gene_12,Gene_540
Gene_12,Gene_544
Gene_12,Gene_545
Gene_12,Gene_546
Gene_12,Gene_547
Gene_12,Gene_548
Gene_12,Gene_549
Gene_12,Gene_551
Gene_12,Gene_552
Gene_12,Gene_554
Gene_12,Gene_555
Gene_12,Gene_559
Gene_12,Gene_561
Gene_12,Gene_563
Gene_12,Gene_564
Gene_12,Gene_566
Gene_12,Gene_567
Gene_12,Gene_568
Gene_12,Gene_572
Gene_12,Gene_573
Gene_12,Gene_574
Gene_12,Gene_576
Gene_12,Gene_578
Gene_12,Gene_579
Gene_12,Gene_580
Gene_12,Gene_583
Gene_12,Gene_584
Gene_12,Gene_585
Gene_12,Gene_587
Gene_12,Gene_589
Gene_12,Gene_592
Gene_12,Gene_593
Gene_12,Gene_594
Gene_12,Gene_595
Gene_12,Gene_596
Gene_12,Gene_597
Gene_12,Gene_600
Gene_12,Gene_605
Gene_12,Gene_607
Gene_12,Gene_609
Gene_12,Gene_610
Gene_12,Gene_611
Gene_12,Gene_612
Gene_12,Gene_613
Gene_12,Gene_614
Gene_12,Gene_617
Gene_12,Gene_619
Gene_12,Gene_621
Gene_12,Gene_622
Gene_12,Gene_623
Gene_12,Gene_626
Gene_12,Gene_629
Gene_12,Gene_630
Gene_12,Gene_631
Gene_12,Gene_632
Gene_12,Gene_635
Gene_12,Gene_636
Gene_12,Gene_637
Gene_12,Gene_638
Gene_12,Gene_644
Gene_12,Gene_645
Gene_12,Gene_646
Gene_12,Gene_648
Gene_12,Gene_650
Gene_12,Gene_651
Gene_12,Gene_653
Gene_12,Gene_655
Gene_12,Gene_658
Gene_12,Gene_659
Gene_12,Gene_660
Gene_12,Gene_662
Gene_12,Gene_663
Gene_12,Gene_664
Gene_12,Gene_665
Gene_12,Gene_666
Gene_12,Gene_671
Gene_12,Gene_675
Gene_12,Gene_677
Gene_12,Gene_679
Gene_12,Gene_681
Gene_12,Gene_682
Gene_12,Gene_683
Gene_12,Gene_686
Gene_12,Gene_687
Gene_12,Gene_688
Gene_12,Gene_689
Gene_12,Gene_692
Gene_12,Gene_693
Gene_12,Gene_696
Gene_12,Gene_697
Gene_12,Gene_699
Gene_12,Gene_702
Gene_12,Gene_704
Gene_12,Gene_708
Gene_12,Gene_709
Gene_12,Gene_710
Gene_12,Gene_714
Gene_12,Gene_715
Gene_12,Gene_717
Gene_12,Gene_718
Gene_12,Gene_719
Gene_12,Gene_721
Gene_12,Gene_722
Gene_12,Gene_723
Gene_12,Gene_724
Gene_12,Gene_727
Gene_12,Gene_728
Gene_12,Gene_730
Gene_12,Gene_731
Gene_12,Gene_734
Gene_12,Gene_735
Gene_12,Gene_736
Gene_12,Gene_737
Gene_12,Gene_738
Gene_12,Gene_739
Gene_12,Gene_740
Gene_12,Gene_741
Gene_12,Gene_742
Gene_12,Gene_744
Gene_12,Gene_746
Gene_12,Gene_751
Gene_12,Gene_752
Gene_12,Gene_753
Gene_12,Gene_755
Gene_12,Gene_756
Gene_12,Gene_757
Gene_12,Gene_758
Gene_12,Gene_759
Gene_12,Gene_760
Gene_12,Gene_761
Gene_12,Gene_763
Gene_12,Gene_764
Gene_12,Gene_765
Gene_12,Gene_767
Gene_12,Gene_768
Gene_12,Gene_769
Gene_12,Gene_770
Gene_12,Gene_772
Gene_12,Gene_773
Gene_12,Gene_776
Gene_12,Gene_777
Gene_12,Gene_781
Gene_12,Gene_782
Gene_12,Gene_783
Gene_12,Gene_784
Gene_12,Gene_786
Gene_12,Gene_787
Gene_12,Gene_792
Gene_12,Gene_793
Gene_12,Gene_794
Gene_12,Gene_796
Gene_12,Gene_797
Gene_12,Gene_798
Gene_12,Gene_800
Gene_12,Gene_802
Gene_12,Gene_803
Gene_12,Gene_805
Gene_12,Gene_806
Gene_12,Gene_808
Gene_12,Gene_809
Gene_12,Gene_811
Gene_12,Gene_812
Gene_12,Gene_813
Gene_12,Gene_815
Gene_12,Gene_816
Gene_12,Gene_818
Gene_12,Gene_819
Gene_12,Gene_821
Gene_12,Gene_825
Gene_12,Gene_826
Gene_12,Gene_829
Gene_12,Gene_830
Gene_12,Gene_831
Gene_12,Gene_832
Gene_12,Gene_834
Gene_12,Gene_835
Gene_12,Gene_836
Gene_12,Gene_838
Gene_12,Gene_840
Gene_12,Gene_841
Gene_12,Gene_842
Gene_12,Gene_844
Gene_12,Gene_845
Gene_12,Gene_847
Gene_12,Gene_848
Gene_12,Gene_850
Gene_12,Gene_851
Gene_12,Gene_852
Gene_12,Gene_854
Gene_12,Gene_855
Gene_12,Gene_857
Gene_12,Gene_858
Gene_12,Gene_860
Gene_12,Gene_861
Gene_12,Gene_862
Gene_12,Gene_866
Gene_12,Gene_868
Gene_12,Gene_869
Gene_12,Gene_871
Gene_12,Gene_872
Gene_12,Gene_873
Gene_12,Gene_874
Gene_12,Gene_877
Gene_12,Gene_878
Gene_12,Gene_880
Gene_12,Gene_881
Gene_12,Gene_882
Gene_12,Gene_883
Gene_12,Gene_884
Gene_12,Gene_885
Gene_12,Gene_886
Gene_12,Gene_889
Gene_12,Gene_891
Gene_12,Gene_893
Gene_12,Gene_894
Gene_12,Gene_896
Gene_12,Gene_897
Gene_12,Gene_898
Gene_12,Gene_899
Gene_12,Gene_902
Gene_12,Gene_903
Gene_12,Gene_905
Gene_12,Gene_906
Gene_12,Gene_907
Gene_12,Gene_909
Gene_12,Gene_911
Gene_12,Gene_912
Gene_12,Gene_914
Gene_12,Gene_915
Gene_12,Gene_916
Gene_12,Gene_917
Gene_12,Gene_920
Gene_12,Gene_922
Gene_12,Gene_926
Gene_12,Gene_930
Gene_12,Gene_932
Gene_12,Gene_933
Gene_12,Gene_935
Gene_12,Gene_938
Gene_12,Gene_943
Gene_12,Gene_945
Gene_12,Gene_946
Gene_12,Gene_947
Gene_12,Gene_948
Gene_12,Gene_949
Gene_12,Gene_951
Gene_12,Gene_952
Gene_12,Gene_954
Gene_12,Gene_955
Gene_12,Gene_957
Gene_12,Gene_960
Gene_12,Gene_961
Gene_12,Gene_962
Gene_12,Gene_963
Gene_12,Gene_964
Gene_12,Gene_965
Gene_12,Gene_966
Gene_12,Gene_967
Gene_12,Gene_968
Gene_12,Gene_969
Gene_12,Gene_972
Gene_12,Gene_973
Gene_12,Gene_975
Gene_12,Gene_976
Gene_12,Gene_977
Gene_12,Gene_980
Gene_12,Gene_981
Gene_12,Gene_983
Gene_12,Gene_984
Gene_12,Gene_985
Gene_12,Gene_987
Gene_12,Gene_988
Gene_12,Gene_989
Gene_12,Gene_990
Gene_12,Gene_992
Gene_12,Gene_993
Gene_12,Gene_998
Gene_12,Gene_999
Gene_56,Gene_2
Gene_56,Gene_6
Gene_56,Gene_7
Gene_56,Gene_9
Gene_56,Gene_10
Gene_56,Gene_21
Gene_56,Gene_22
Gene_56,Gene_28
Gene_56,Gene_31
Gene_56,Gene_34
Gene_56,Gene_40
Gene_56,Gene_42
Gene_56,Gene_44
Gene_56,Gene_46
Gene_56,Gene_47
Gene_56,Gene_48
Gene_56,Gene_49
Gene_56,Gene_52
Gene_56,Gene_55
Gene_56,Gene_62
Gene_56,Gene_63
Gene_56,Gene_69
Gene_56,Gene_72
Gene_56,Gene_74
Gene_56,Gene_77
Gene_56,Gene_78
Gene_56,Gene_80
Gene_56,Gene_85
Gene_56,Gene_88
Gene_56,Gene_94
Gene_56,Gene_101
Gene_56,Gene_103
Gene_56,Gene_117
Gene_56,Gene_118
Gene_56,Gene_119
Gene_56,Gene_122
Gene_56,Gene_124
Gene_56,Gene_125
Gene_56,Gene_126
Gene_56,Gene_134
Gene_56,Gene_135
Gene_56,Gene_136
Gene_56,Gene_137
Gene_56,Gene_140
Gene_56,Gene_142
Gene_56,Gene_144
Gene_56,Gene_146
Gene_56,Gene_147
Gene_56,Gene_150
Gene_56,Gene_155
Gene_56,Gene_158
Gene_56,Gene_159
Gene_56,Gene_161
Gene_56,Gene_162
Gene_56,Gene_164
Gene_56,Gene_165
Gene_56,Gene_166
Gene_56,Gene_167
Gene_56,Gene_168
Gene_56,Gene_171
Gene_56,Gene_172
Gene_56,Gene_174
Gene_56,Gene_179
Gene_56,Gene_180
Gene_56,Gene_181
Gene_56,Gene_185
Gene_56,Gene_186
Gene_56,Gene_188
Gene_56,Gene_191
Gene_56,Gene_193
Gene_56,Gene_195
Gene_56,Gene_196
Gene_56,Gene_201
Gene_56,Gene_205
Gene_56,Gene_208
Gene_56,Gene_213
Gene_56,Gene_215
Gene_56,Gene_216
Gene_56,Gene_217
Gene_56,Gene_218
Gene_56,Gene_221
Gene_56,Gene_222
Gene_56,Gene_223
Gene_56,Gene_224
Gene_56,Gene_228
Gene_56,Gene_234
Gene_56,Gene_238
Gene_56,Gene_241
Gene_56,Gene_246
Gene_56,Gene_248
Gene_56,Gene_255
Gene_56,Gene_257
Gene_56,Gene_259
Gene_56,Gene_260
Gene_56,Gene_264
Gene_56,Gene_265
Gene_56,Gene_266
Gene_56,Gene_268
Gene_56,Gene_272
Gene_56,Gene_275
Gene_56,Gene_278
Gene_56,Gene_279
Gene_56,Gene_285
Gene_56,Gene_290
Gene_56,Gene_291
Gene_56,Gene_292
Gene_56,Gene_296
Gene_56,Gene_298
Gene_56,Gene_299
Gene_56,Gene_301
Gene_56,Gene_304
Gene_56,Gene_305
Gene_56,Gene_308
Gene_56,Gene_311
Gene_56,Gene_312
Gene_56,Gene_317
Gene_56,Gene_318
Gene_56,Gene_319
Gene_56,Gene_321
Gene_56,Gene_332
Gene_56,Gene_337
Gene_56,Gene_345
Gene_56,Gene_346
Gene_56,Gene_353
Gene_56,Gene_355
Gene_56,Gene_356
Gene_56,Gene_358
Gene_56,Gene_361
Gene_56,Gene_366
Gene_56,Gene_367
Gene_56,Gene_377
Gene_56,Gene_378
Gene_56,Gene_380
Gene_56,Gene_383
Gene_56,Gene_386
Gene_56,Gene_389
Gene_56,Gene_395
Gene_56,Gene_398
Gene_56,Gene_399
Gene_56,Gene_400
Gene_56,Gene_404
Gene_56,Gene_406
Gene_56,Gene_407
Gene_56,Gene_408
Gene_56,Gene_411
Gene_56,Gene_412
Gene_56,Gene_422
Gene_56,Gene_424
Gene_56,Gene_427
Gene_56,Gene_428
Gene_56,Gene_429
Gene_56,Gene_430
Gene_56,Gene_431
Gene_56,Gene_432
Gene_56,Gene_433
Gene_56,Gene_434
Gene_56,Gene_440
Gene_56,Gene_444
Gene_56,Gene_446
Gene_56,Gene_455
Gene_56,Gene_459
Gene_56,Gene_460
Gene_56,Gene_461
Gene_56,Gene_462
Gene_56,Gene_463
Gene_56,Gene_464
Gene_56,Gene_465
Gene_56,Gene_469
Gene_56,Gene_474
Gene_56,Gene_477
Gene_56,Gene_481
Gene_56,Gene_484
Gene_56,Gene_485
Gene_56,Gene_486
Gene_56,Gene_487
Gene_56,Gene_491
Gene_56,Gene_494
Gene_56,Gene_495
Gene_56,Gene_496
Gene_56,Gene_498
Gene_56,Gene_503
Gene_56,Gene_508
Gene_56,Gene_509
Gene_56,Gene_519
Gene_56,Gene_520
Gene_56,Gene_521
Gene_56,Gene_523
Gene_56,Gene_524
Gene_56,Gene_528
Gene_56,Gene_533
Gene_56,Gene_535
Gene_56,Gene_536
Gene_56,Gene_538
Gene_56,Gene_539
Gene_56,Gene_542
Gene_56,Gene_544
Gene_56,Gene_547
Gene_56,Gene_548
Gene_56,Gene_550
Gene_56,Gene_551
Gene_56,Gene_563
Gene_56,Gene_567
Gene_56,Gene_571
Gene_56,Gene_572
Gene_56,Gene_573
Gene_56,Gene_574
Gene_56,Gene_576
Gene_56,Gene_577
Gene_56,Gene_578
Gene_56,Gene_584
Gene_56,Gene_585
Gene_56,Gene_590
Gene_56,Gene_592
Gene_56,Gene_593
Gene_56,Gene_597
Gene_56,Gene_600
Gene_56,Gene_605
Gene_56,Gene_609
Gene_56,Gene_610
Gene_56,Gene_612
Gene_56,Gene_617
Gene_56,Gene_621
Gene_56,Gene_622
Gene_56,Gene_627
Gene_56,Gene_630
Gene_56,Gene_632
Gene_56,Gene_633
Gene_56,Gene_634
Gene_56,Gene_646
Gene_56,Gene_655
Gene_56,Gene_662
Gene_56,Gene_663
Gene_56,Gene_665
Gene_56,Gene_666
Gene_56,Gene_669
Gene_56,Gene_670
Gene_56,Gene_677
Gene_56,Gene_679
Gene_56,Gene_680
Gene_56,Gene_681
Gene_56,Gene_683
Gene_56,Gene_688
Gene_56,Gene_689
Gene_56,Gene_690
Gene_56,Gene_692
Gene_56,Gene_696
Gene_56,Gene_697
Gene_56,Gene_699
Gene_56,Gene_701
Gene_56,Gene_706
Gene_56,Gene_710
Gene_56,Gene_715
Gene_56,Gene_717
Gene_56,Gene_718
Gene_56,Gene_719
Gene_56,Gene_721
Gene_56,Gene_722
Gene_56,Gene_723
Gene_56,Gene_724
Gene_56,Gene_728
Gene_56,Gene_730
Gene_56,Gene_734
Gene_56,Gene_737
Gene_56,Gene_738
Gene_56,Gene_740
Gene_56,Gene_741
Gene_56,Gene_742
Gene_56,Gene_746
Gene_56,Gene_749
Gene_56,Gene_753
Gene_56,Gene_754
Gene_56,Gene_756
Gene_56,Gene_758
Gene_56,Gene_761
Gene_56,Gene_762
Gene_56,Gene_764
Gene_56,Gene_765
Gene_56,Gene_767
Gene_56,Gene_770
Gene_56,Gene_772
Gene_56,Gene_775
Gene_56,Gene_777
Gene_56,Gene_781
Gene_56,Gene_782
Gene_56,Gene_783
Gene_56,Gene_784
Gene_56,Gene_786
Gene_56,Gene_787
Gene_56,Gene_790
Gene_56,Gene_794
Gene_56,Gene_795
Gene_56,Gene_796
Gene_56,Gene_803
Gene_56,Gene_805
Gene_56,Gene_808
Gene_56,Gene_811
Gene_56,Gene_813
Gene_56,Gene_817
Gene_56,Gene_818
Gene_56,Gene_823
Gene_56,Gene_825
Gene_56,Gene_830
Gene_56,Gene_831
Gene_56,Gene_832
Gene_56,Gene_833
Gene_56,Gene_834
Gene_56,Gene_837
Gene_56,Gene_838
Gene_56,Gene_840
Gene_56,Gene_842
Gene_56,Gene_845
Gene_56,Gene_849
Gene_56,Gene_851
Gene_56,Gene_852
Gene_56,Gene_858
Gene_56,Gene_861
Gene_56,Gene_869
Gene_56,Gene_878
Gene_56,Gene_883
Gene_56,Gene_884
Gene_56,Gene_892
Gene_56,Gene_893
Gene_56,Gene_899
Gene_56,Gene_900
Gene_56,Gene_903
Gene_56,Gene_905
Gene_56,Gene_906
Gene_56,Gene_909
Gene_56,Gene_910
Gene_56,Gene_911
Gene_56,Gene_914
Gene_56,Gene_915
Gene_56,Gene_916
Gene_56,Gene_919
Gene_56,Gene_920
Gene_56,Gene_923
Gene_56,Gene_926
Gene_56,Gene_929
Gene_56,Gene_930
Gene_56,Gene_935
Gene_56,Gene_943
Gene_56,Gene_946
Gene_56,Gene_951
Gene_56,Gene_952
Gene_56,Gene_954
Gene_56,Gene_956
Gene_56,Gene_963
Gene_56,Gene_965
Gene_56,Gene_970
Gene_56,Gene_972
Gene_56,Gene_973
Gene_56,Gene_975
Gene_56,Gene_980
Gene_56,Gene_983
Gene_56,Gene_985
Gene_56,Gene_988
Gene_56,Gene_989
Gene_56,Gene_992
Gene_56,Gene_997
Gene_56,Gene_998
Gene_59,Gene_2
Gene_59,Gene_3
Gene_59,Gene_7
Gene_59,Gene_11
Gene_59,Gene_16
Gene_59,Gene_26
Gene_59,Gene_28
Gene_59,Gene_31
Gene_59,Gene_33
Gene_59,Gene_40
Gene_59,Gene_46
Gene_59,Gene_74
Gene_59,Gene_80
Gene_59,Gene_108
Gene_59,Gene_116
Gene_59,Gene_125
Gene_59,Gene_135
Gene_59,Gene_148
Gene_59,Gene_158
Gene_59,Gene_161
Gene_59,Gene_168
Gene_59,Gene_188
Gene_59,Gene_191
Gene_59,Gene_194
Gene_59,Gene_196
Gene_59,Gene_203
Gene_59,Gene_209
Gene_59,Gene_215
Gene_59,Gene_217
Gene_59,Gene_222
Gene_59,Gene_225
Gene_59,Gene_231
Gene_59,Gene_233
Gene_59,Gene_234
Gene_59,Gene_240
Gene_59,Gene_246
Gene_59,Gene_250
Gene_59,Gene_252
Gene_59,Gene_259
Gene_59,Gene_266
Gene_59,Gene_274
Gene_59,Gene_280
Gene_59,Gene_285
Gene_59,Gene_288
Gene_59,Gene_290
Gene_59,Gene_292
Gene_59,Gene_297
Gene_59,Gene_314
Gene_59,Gene_317
Gene_59,Gene_324
Gene_59,Gene_328
Gene_59,Gene_335
Gene_59,Gene_344
Gene_59,Gene_350
Gene_59,Gene_372
Gene_59,Gene_384
Gene_59,Gene_385
Gene_59,Gene_395
Gene_59,Gene_411
Gene_59,Gene_412
Gene_59,Gene_427
Gene_59,Gene_431
Gene_59,Gene_438
Gene_59,Gene_448
Gene_59,Gene_449
Gene_59,Gene_457
Gene_59,Gene_460
Gene_59,Gene_463
Gene_59,Gene_466
Gene_59,Gene_485
Gene_59,Gene_487
Gene_59,Gene_490
Gene_59,Gene_491
Gene_59,Gene_493
Gene_59,Gene_496
Gene_59,Gene_499
Gene_59,Gene_503
Gene_59,Gene_520
Gene_59,Gene_521
Gene_59,Gene_527
Gene_59,Gene_538
Gene_59,Gene_540
Gene_59,Gene_544
Gene_59,Gene_547
Gene_59,Gene_549
Gene_59,Gene_563
Gene_59,Gene_572
Gene_59,Gene_576
Gene_59,Gene_577
Gene_59,Gene_582
Gene_59,Gene_593
Gene_59,Gene_623
Gene_59,Gene_628
Gene_59,Gene_633
Gene_59,Gene_634
Gene_59,Gene_650
Gene_59,Gene_654
Gene_59,Gene_662
Gene_59,Gene_666
Gene_59,Gene_671
Gene_59,Gene_680
Gene_59,Gene_683
Gene_59,Gene_686
Gene_59,Gene_690
Gene_59,Gene_692
Gene_59,Gene_697
Gene_59,Gene_699
Gene_59,Gene_707
Gene_59,Gene_715
Gene_59,Gene_717
Gene_59,Gene_720
Gene_59,Gene_721
Gene_59,Gene_724
Gene_59,Gene_732
Gene_59,Gene_737
Gene_59,Gene_741
Gene_59,Gene_742
Gene_59,Gene_746
Gene_59,Gene_749
Gene_59,Gene_757
Gene_59,Gene_764
Gene_59,Gene_770
Gene_59,Gene_777
Gene_59,Gene_780
Gene_59,Gene_784
Gene_59,Gene_790
Gene_59,Gene_795
Gene_59,Gene_796
Gene_59,Gene_801
Gene_59,Gene_811
Gene_59,Gene_813
Gene_59,Gene_817
Gene_59,Gene_826
Gene_59,Gene_830
Gene_59,Gene_835
Gene_59,Gene_837
Gene_59,Gene_838
Gene_59,Gene_840
Gene_59,Gene_841
Gene_59,Gene_848
Gene_59,Gene_852
Gene_59,Gene_879
Gene_59,Gene_891
Gene_59,Gene_893
Gene_59,Gene_909
Gene_59,Gene_917
Gene_59,Gene_930
Gene_59,Gene_933
Gene_59,Gene_947
Gene_59,Gene_952
Gene_59,Gene_966
Gene_59,Gene_967
Gene_59,Gene_968
Gene_59,Gene_969
Gene_59,Gene_973
Gene_59,Gene_983
Gene_59,Gene_988
Gene_59,Gene_989
Gene_69,Gene_0
Gene_69,Gene_1
Gene_69,Gene_2
Gene_69,Gene_4
Gene_69,Gene_9
Gene_69,Gene_11
Gene_69,Gene_22
Gene_69,Gene_28
Gene_69,Gene_29
Gene_69,Gene_33
Gene_69,Gene_34
Gene_69,Gene_36
Gene_69,Gene_44
Gene_69,Gene_46
Gene_69,Gene_48
Gene_69,Gene_51
Gene_69,Gene_57
Gene_69,Gene_59
Gene_69,Gene_65
Gene_69,Gene_77
Gene_69,Gene_78
Gene_69,Gene_80
Gene_69,Gene_82
Gene_69,Gene_85
Gene_69,Gene_99
Gene_69,Gene_103
Gene_69,Gene_104
Gene_69,Gene_107
Gene_69,Gene_111
Gene_69,Gene_112
Gene_69,Gene_116
Gene_69,Gene_118
Gene_69,Gene_123
Gene_69,Gene_124
Gene_69,Gene_125
Gene_69,Gene_126
Gene_69,Gene_134
Gene_69,Gene_137
Gene_69,Gene_145
Gene_69,Gene_147
Gene_69,Gene_148
Gene_69,Gene_150
Gene_69,Gene_151
Gene_69,Gene_153
Gene_69,Gene_154
Gene_69,Gene_155
Gene_69,Gene_158
Gene_69,Gene_161
Gene_69,Gene_162
Gene_69,Gene_165
Gene_69,Gene_166
Gene_69,Gene_167
Gene_69,Gene_171
Gene_69,Gene_172
Gene_69,Gene_174
Gene_69,Gene_175
Gene_69,Gene_176
Gene_69,Gene_177
Gene_69,Gene_179
Gene_69,Gene_180
Gene_69,Gene_182
Gene_69,Gene_185
Gene_69,Gene_186
Gene_69,Gene_188
Gene_69,Gene_189
Gene_69,Gene_191
Gene_69,Gene_196
Gene_69,Gene_205
Gene_69,Gene_208
Gene_69,Gene_214
Gene_69,Gene_215
Gene_69,Gene_216
Gene_69,Gene_218
Gene_69,Gene_220
Gene_69,Gene_223
Gene_69,Gene_227
Gene_69,Gene_229
Gene_69,Gene_231
Gene_69,Gene_233
Gene_69,Gene_234
Gene_69,Gene_238
Gene_69,Gene_239
Gene_69,Gene_240
Gene_69,Gene_246
Gene_69,Gene_248
Gene_69,Gene_250
Gene_69,Gene_253
Gene_69,Gene_255
Gene_69,Gene_265
Gene_69,Gene_269
Gene_69,Gene_271
Gene_69,Gene_274
Gene_69,Gene_281
Gene_69,Gene_283
Gene_69,Gene_297
Gene_69,Gene_298
Gene_69,Gene_299
Gene_69,Gene_301
Gene_69,Gene_302
Gene_69,Gene_304
Gene_69,Gene_306
Gene_69,Gene_308
Gene_69,Gene_311
Gene_69,Gene_312
Gene_69,Gene_314
Gene_69,Gene_317
Gene_69,Gene_318
Gene_69,Gene_321
Gene_69,Gene_324
Gene_69,Gene_330
Gene_69,Gene_335
Gene_69,Gene_337
Gene_69,Gene_348
Gene_69,Gene_354
Gene_69,Gene_356
Gene_69,Gene_358
Gene_69,Gene_361
Gene_69,Gene_367
Gene_69,Gene_370
Gene_69,Gene_373
Gene_69,Gene_377
Gene_69,Gene_380
Gene_69,Gene_384
Gene_69,Gene_385
Gene_69,Gene_386
Gene_69,Gene_395
Gene_69,Gene_398
Gene_69,Gene_400
Gene_69,Gene_401
Gene_69,Gene_406
Gene_69,Gene_411
Gene_69,Gene_412
Gene_69,Gene_413
Gene_69,Gene_417
Gene_69,Gene_424
Gene_69,Gene_431
Gene_69,Gene_435
Gene_69,Gene_436
Gene_69,Gene_438
Gene_69,Gene_442
Gene_69,Gene_444
Gene_69,Gene_445
Gene_69,Gene_449
Gene_69,Gene_457
Gene_69,Gene_460
Gene_69,Gene_463
Gene_69,Gene_467
Gene_69,Gene_469
Gene_69,Gene_473
Gene_69,Gene_474
Gene_69,Gene_475
Gene_69,Gene_477
Gene_69,Gene_479
Gene_69,Gene_481
Gene_69,Gene_486
Gene_69,Gene_487
Gene_69,Gene_489
Gene_69,Gene_493
Gene_69,Gene_495
Gene_69,Gene_496
Gene_69,Gene_502
Gene_69,Gene_509
Gene_69,Gene_520
Gene_69,Gene_533
Gene_69,Gene_534
Gene_69,Gene_544
Gene_69,Gene_546
Gene_69,Gene_547
Gene_69,Gene_548
Gene_69,Gene_549
Gene_69,Gene_550
Gene_69,Gene_552
Gene_69,Gene_559
Gene_69,Gene_561
Gene_69,Gene_563
Gene_69,Gene_564
Gene_69,Gene_566
Gene_69,Gene_567
Gene_69,Gene_571
Gene_69,Gene_572
Gene_69,Gene_573
Gene_69,Gene_574
Gene_69,Gene_576
Gene_69,Gene_581
Gene_69,Gene_595
Gene_69,Gene_599
Gene_69,Gene_602
Gene_69,Gene_605
Gene_69,Gene_609
Gene_69,Gene_610
Gene_69,Gene_611
Gene_69,Gene_612
Gene_69,Gene_614
Gene_69,Gene_617
Gene_69,Gene_621
Gene_69,Gene_622
Gene_69,Gene_626
Gene_69,Gene_630
Gene_69,Gene_633
Gene_69,Gene_635
Gene_69,Gene_636
Gene_69,Gene_637
Gene_69,Gene_641
Gene_69,Gene_643
Gene_69,Gene_644
Gene_69,Gene_664
Gene_69,Gene_665
Gene_69,Gene_668
Gene_69,Gene_670
Gene_69,Gene_681
Gene_69,Gene_683
Gene_69,Gene_688
Gene_69,Gene_692
Gene_69,Gene_699
Gene_69,Gene_704
Gene_69,Gene_706
Gene_69,Gene_707
Gene_69,Gene_708
Gene_69,Gene_709
Gene_69,Gene_710
Gene_69,Gene_715
Gene_69,Gene_719
Gene_69,Gene_723
Gene_69,Gene_728
Gene_69,Gene_738
Gene_69,Gene_741
Gene_69,Gene_742
Gene_69,Gene_743
Gene_69,Gene_746
Gene_69,Gene_749
Gene_69,Gene_751
Gene_69,Gene_752
Gene_69,Gene_753
Gene_69,Gene_754
Gene_69,Gene_757
Gene_69,Gene_762
Gene_69,Gene_765
Gene_69,Gene_767
Gene_69,Gene_770
Gene_69,Gene_773
Gene_69,Gene_774
Gene_69,Gene_776
Gene_69,Gene_780
Gene_69,Gene_787
Gene_69,Gene_793
Gene_69,Gene_794
Gene_69,Gene_796
Gene_69,Gene_797
Gene_69,Gene_800
Gene_69,Gene_801
Gene_69,Gene_805
Gene_69,Gene_806
Gene_69,Gene_808
Gene_69,Gene_809
Gene_69,Gene_811
Gene_69,Gene_815
Gene_69,Gene_816
Gene_69,Gene_817
Gene_69,Gene_821
Gene_69,Gene_825
Gene_69,Gene_834
Gene_69,Gene_836
Gene_69,Gene_837
Gene_69,Gene_841
Gene_69,Gene_848
Gene_69,Gene_849
Gene_69,Gene_858
Gene_69,Gene_859
Gene_69,Gene_860
Gene_69,Gene_861
Gene_69,Gene_862
Gene_69,Gene_866
Gene_69,Gene_868
Gene_69,Gene_871
Gene_69,Gene_874
Gene_69,Gene_877
Gene_69,Gene_879
Gene_69,Gene_880
Gene_69,Gene_881
Gene_69,Gene_883
Gene_69,Gene_896
Gene_69,Gene_899
Gene_69,Gene_903
Gene_69,Gene_912
Gene_69,Gene_913
Gene_69,Gene_914
Gene_69,Gene_915
Gene_69,Gene_918
Gene_69,Gene_932
Gene_69,Gene_935
Gene_69,Gene_951
Gene_69,Gene_952
Gene_69,Gene_954
Gene_69,Gene_955
Gene_69,Gene_957
Gene_69,Gene_960
Gene_69,Gene_961
Gene_69,Gene_962
Gene_69,Gene_963
Gene_69,Gene_967
Gene_69,Gene_973
Gene_69,Gene_976
Gene_69,Gene_981
Gene_69,Gene_983
Gene_69,Gene_987
Gene_69,Gene_989
Gene_69,Gene_990
Gene_69,Gene_992
Gene_69,Gene_997
Gene_69,Gene_999
Gene_106,Gene_0
Gene_106,Gene_1
Gene_106,Gene_2
Gene_106,Gene_3
Gene_106,Gene_4
Gene_106,Gene_5
Gene_106,Gene_6
Gene_106,Gene_7
Gene_106,Gene_9
Gene_106,Gene_10
Gene_106,Gene_11
Gene_106,Gene_12
Gene_106,Gene_14
Gene_106,Gene_15
Gene_106,Gene_16
Gene_106,Gene_18
Gene_106,Gene_19
Gene_106,Gene_21
Gene_106,Gene_22
Gene_106,Gene_24
Gene_106,Gene_25
Gene_106,Gene_28
Gene_106,Gene_29
Gene_106,Gene_31
Gene_106,Gene_33
Gene_106,Gene_34
Gene_106,Gene_36
Gene_106,Gene_40
Gene_106,Gene_42
Gene_106,Gene_43
Gene_106,Gene_44
Gene_106,Gene_46
Gene_106,Gene_47
Gene_106,Gene_48
Gene_106,Gene_49
Gene_106,Gene_51
Gene_106,Gene_52
Gene_106,Gene_53
Gene_106,Gene_55
Gene_106,Gene_56
Gene_106,Gene_57
Gene_106,Gene_58
Gene_106,Gene_59
Gene_106,Gene_61
Gene_106,Gene_62
Gene_106,Gene_63
Gene_106,Gene_64
Gene_106,Gene_65
Gene_106,Gene_67
Gene_106,Gene_72
Gene_106,Gene_74
Gene_106,Gene_75
Gene_106,Gene_76
Gene_106,Gene_77
Gene_106,Gene_78
Gene_106,Gene_80
Gene_106,Gene_83
Gene_106,Gene_84
Gene_106,Gene_87
Gene_106,Gene_88
Gene_106,Gene_93
Gene_106,Gene_94
Gene_106,Gene_95
Gene_106,Gene_99
Gene_106,Gene_100
Gene_106,Gene_101
Gene_106,Gene_103
Gene_106,Gene_104
Gene_106,Gene_107
Gene_106,Gene_108
Gene_106,Gene_110
Gene_106,Gene_111
Gene_106,Gene_112
Gene_106,Gene_114
Gene_106,Gene_117
Gene_106,Gene_119
Gene_106,Gene_122
Gene_106,Gene_124
Gene_106,Gene_125
Gene_106,Gene_126
Gene_106,Gene_127
Gene_106,Gene_128
Gene_106,Gene_134
Gene_106,Gene_135
Gene_106,Gene_136
Gene_106,Gene_137
Gene_106,Gene_141
Gene_106,Gene_142
Gene_106,Gene_146
Gene_106,Gene_147
Gene_106,Gene_148
Gene_106,Gene_150
Gene_106,Gene_151
Gene_106,Gene_153
Gene_106,Gene_159
Gene_106,Gene_161
Gene_106,Gene_162
Gene_106,Gene_163
Gene_106,Gene_164
Gene_106,Gene_165
Gene_106,Gene_166
Gene_106,Gene_167
Gene_106,Gene_171
Gene_106,Gene_172
Gene_106,Gene_174
Gene_106,Gene_175
Gene_106,Gene_177
Gene_106,Gene_179
Gene_106,Gene_180
Gene_106,Gene_181
Gene_106,Gene_182
Gene_106,Gene_183
Gene_106,Gene_185
Gene_106,Gene_186
Gene_106,Gene_187
Gene_106,Gene_188
Gene_106,Gene_191
Gene_106,Gene_192
Gene_106,Gene_193
Gene_106,Gene_194
Gene_106,Gene_195
Gene_106,Gene_196
Gene_106,Gene_197
Gene_106,Gene_200
Gene_106,Gene_204
Gene_106,Gene_205
Gene_106,Gene_206
Gene_106,Gene_208
Gene_106,Gene_209
Gene_106,Gene_213
Gene_106,Gene_214
Gene_106,Gene_217
Gene_106,Gene_218
Gene_106,Gene_221
Gene_106,Gene_222
Gene_106,Gene_223
Gene_106,Gene_226
Gene_106,Gene_227
Gene_106,Gene_228
Gene_106,Gene_229
Gene_106,Gene_230
Gene_106,Gene_231
Gene_106,Gene_232
Gene_106,Gene_234
Gene_106,Gene_237
Gene_106,Gene_238
Gene_106,Gene_239
Gene_106,Gene_244
Gene_106,Gene_245
Gene_106,Gene_246
Gene_106,Gene_247
Gene_106,Gene_248
Gene_106,Gene_251
Gene_106,Gene_252
Gene_106,Gene_253
Gene_106,Gene_257
Gene_106,Gene_258
Gene_106,Gene_259
Gene_106,Gene_265
Gene_106,Gene_266
Gene_106,Gene_267
Gene_106,Gene_268
Gene_106,Gene_269
Gene_106,Gene_270
Gene_106,Gene_271
Gene_106,Gene_274
Gene_106,Gene_275
Gene_106,Gene_277
Gene_106,Gene_279
Gene_106,Gene_280
Gene_106,Gene_281
Gene_106,Gene_283
Gene_106,Gene_287
Gene_106,Gene_290
Gene_106,Gene_292
Gene_106,Gene_294
Gene_106,Gene_296
Gene_106,Gene_297
Gene_106,Gene_298
Gene_106,Gene_301
Gene_106,Gene_302
Gene_106,Gene_303
Gene_106,Gene_304
Gene_106,Gene_305
Gene_106,Gene_307
Gene_106,Gene_308
Gene_106,Gene_310
Gene_106,Gene_313
Gene_106,Gene_317
Gene_106,Gene_318
Gene_106,Gene_319
Gene_106,Gene_321
Gene_106,Gene_323
Gene_106,Gene_324
Gene_106,Gene_326
Gene_106,Gene_327
Gene_106,Gene_328
Gene_106,Gene_329
Gene_106,Gene_330
Gene_106,Gene_332
Gene_106,Gene_333
Gene_106,Gene_335
Gene_106,Gene_337
Gene_106,Gene_338
Gene_106,Gene_344
Gene_106,Gene_345
Gene_106,Gene_346
Gene_106,Gene_348
Gene_106,Gene_349
Gene_106,Gene_350
Gene_106,Gene_351
Gene_106,Gene_352
Gene_106,Gene_353
Gene_106,Gene_354
Gene_106,Gene_355
Gene_106,Gene_356
Gene_106,Gene_357
Gene_106,Gene_358
Gene_106,Gene_366
Gene_106,Gene_367
Gene_106,Gene_370
Gene_106,Gene_372
Gene_106,Gene_373
Gene_106,Gene_374
Gene_106,Gene_376
Gene_106,Gene_377
Gene_106,Gene_378
Gene_106,Gene_381
Gene_106,Gene_382
Gene_106,Gene_383
Gene_106,Gene_384
Gene_106,Gene_388
Gene_106,Gene_389
Gene_106,Gene_392
Gene_106,Gene_395
Gene_106,Gene_398
Gene_106,Gene_399
Gene_106,Gene_400
Gene_106,Gene_404
Gene_106,Gene_406
Gene_106,Gene_407
Gene_106,Gene_409
Gene_106,Gene_411
Gene_106,Gene_412
Gene_106,Gene_413
Gene_106,Gene_416
Gene_106,Gene_420
Gene_106,Gene_421
Gene_106,Gene_422
Gene_106,Gene_424
Gene_106,Gene_428
Gene_106,Gene_429
Gene_106,Gene_431
Gene_106,Gene_432
Gene_106,Gene_434
Gene_106,Gene_435
Gene_106,Gene_436
Gene_106,Gene_438
Gene_106,Gene_439
Gene_106,Gene_442
Gene_106,Gene_444
Gene_106,Gene_445
Gene_106,Gene_446
Gene_106,Gene_448
Gene_106,Gene_449
Gene_106,Gene_455
Gene_106,Gene_456
Gene_106,Gene_460
Gene_106,Gene_464
Gene_106,Gene_466
Gene_106,Gene_467
Gene_106,Gene_468
Gene_106,Gene_469
Gene_106,Gene_472
Gene_106,Gene_473
Gene_106,Gene_474
Gene_106,Gene_475
Gene_106,Gene_477
Gene_106,Gene_478
Gene_106,Gene_479
Gene_106,Gene_481
Gene_106,Gene_484
Gene_106,Gene_485
Gene_106,Gene_486
Gene_106,Gene_487
Gene_106,Gene_489
Gene_106,Gene_490
Gene_106,Gene_493
Gene_106,Gene_494
Gene_106,Gene_495
Gene_106,Gene_496
Gene_106,Gene_497
Gene_106,Gene_498
Gene_106,Gene_499
Gene_106,Gene_502
Gene_106,Gene_503
Gene_106,Gene_505
Gene_106,Gene_509
Gene_106,Gene_519
Gene_106,Gene_520
Gene_106,Gene_523
Gene_106,Gene_524
Gene_106,Gene_527
Gene_106,Gene_528
Gene_106,Gene_532
Gene_106,Gene_533
Gene_106,Gene_534
Gene_106,Gene_535
Gene_106,Gene_536
Gene_106,Gene_538
Gene_106,Gene_539
Gene_106,Gene_540
Gene_106,Gene_541
Gene_106,Gene_542
Gene_106,Gene_543
Gene_106,Gene_544
Gene_106,Gene_546
Gene_106,Gene_548
Gene_106,Gene_549
Gene_106,Gene_550
Gene_106,Gene_551
Gene_106,Gene_552
Gene_106,Gene_554
Gene_106,Gene_555
Gene_106,Gene_559
Gene_106,Gene_561
Gene_106,Gene_563
Gene_106,Gene_566
Gene_106,Gene_567
Gene_106,Gene_568
Gene_106,Gene_571
Gene_106,Gene_572
Gene_106,Gene_573
Gene_106,Gene_574
Gene_106,Gene_576
Gene_106,Gene_577
Gene_106,Gene_578
Gene_106,Gene_580
Gene_106,Gene_581
Gene_106,Gene_584
Gene_106,Gene_587
Gene_106,Gene_589
Gene_106,Gene_590
Gene_106,Gene_592
Gene_106,Gene_593
Gene_106,Gene_594
Gene_106,Gene_595
Gene_106,Gene_596
Gene_106,Gene_597
Gene_106,Gene_599
Gene_106,Gene_600
Gene_106,Gene_602
Gene_106,Gene_605
Gene_106,Gene_607
Gene_106,Gene_609
Gene_106,Gene_610
Gene_106,Gene_611
Gene_106,Gene_612
Gene_106,Gene_613
Gene_106,Gene_617
Gene_106,Gene_618
Gene_106,Gene_621
Gene_106,Gene_623
Gene_106,Gene_626
Gene_106,Gene_627
Gene_106,Gene_628
Gene_106,Gene_629
Gene_106,Gene_630
Gene_106,Gene_631
Gene_106,Gene_632
Gene_106,Gene_633
Gene_106,Gene_634
Gene_106,Gene_635
Gene_106,Gene_636
Gene_106,Gene_640
Gene_106,Gene_643
Gene_106,Gene_644
Gene_106,Gene_645
Gene_106,Gene_648
Gene_106,Gene_650
Gene_106,Gene_651
Gene_106,Gene_655
Gene_106,Gene_659
Gene_106,Gene_663
Gene_106,Gene_665
Gene_106,Gene_668
Gene_106,Gene_669
Gene_106,Gene_670
Gene_106,Gene_674
Gene_106,Gene_675
Gene_106,Gene_677
Gene_106,Gene_679
Gene_106,Gene_680
Gene_106,Gene_682
Gene_106,Gene_683
Gene_106,Gene_686
Gene_106,Gene_687
Gene_106,Gene_688
Gene_106,Gene_689
Gene_106,Gene_690
Gene_106,Gene_691
Gene_106,Gene_692
Gene_106,Gene_693
Gene_106,Gene_696
Gene_106,Gene_698
Gene_106,Gene_699
Gene_106,Gene_702
Gene_106,Gene_705
Gene_106,Gene_706
Gene_106,Gene_707
Gene_106,Gene_714
Gene_106,Gene_715
Gene_106,Gene_717
Gene_106,Gene_718
Gene_106,Gene_719
Gene_106,Gene_720
Gene_106,Gene_722
Gene_106,Gene_723
Gene_106,Gene_724
Gene_106,Gene_728
Gene_106,Gene_730
Gene_106,Gene_731
Gene_106,Gene_732
Gene_106,Gene_735
Gene_106,Gene_737
Gene_106,Gene_738
Gene_106,Gene_739
Gene_106,Gene_741
Gene_106,Gene_742
Gene_106,Gene_744
Gene_106,Gene_746
Gene_106,Gene_749
Gene_106,Gene_751
Gene_106,Gene_752
Gene_106,Gene_753
Gene_106,Gene_754
Gene_106,Gene_755
Gene_106,Gene_756
Gene_106,Gene_757
Gene_106,Gene_758
Gene_106,Gene_759
Gene_106,Gene_760
Gene_106,Gene_761
Gene_106,Gene_762
Gene_106,Gene_764
Gene_106,Gene_765
Gene_106,Gene_767
Gene_106,Gene_768
Gene_106,Gene_772
Gene_106,Gene_773
Gene_106,Gene_775
Gene_106,Gene_776
Gene_106,Gene_777
Gene_106,Gene_780
Gene_106,Gene_781
Gene_106,Gene_782
Gene_106,Gene_783
Gene_106,Gene_784
Gene_106,Gene_786
Gene_106,Gene_791
Gene_106,Gene_793
Gene_106,Gene_794
Gene_106,Gene_795
Gene_106,Gene_796
Gene_106,Gene_797
Gene_106,Gene_800
Gene_106,Gene_801
Gene_106,Gene_802
Gene_106,Gene_803
Gene_106,Gene_805
Gene_106,Gene_806
Gene_106,Gene_809
Gene_106,Gene_811
Gene_106,Gene_812
Gene_106,Gene_813
Gene_106,Gene_815
Gene_106,Gene_816
Gene_106,Gene_817
Gene_106,Gene_818
Gene_106,Gene_819
Gene_106,Gene_821
Gene_106,Gene_823
Gene_106,Gene_825
Gene_106,Gene_826
Gene_106,Gene_829
Gene_106,Gene_830
Gene_106,Gene_831
Gene_106,Gene_832
Gene_106,Gene_833
Gene_106,Gene_834
Gene_106,Gene_835
Gene_106,Gene_837
Gene_106,Gene_838
Gene_106,Gene_840
Gene_106,Gene_841
Gene_106,Gene_842
Gene_106,Gene_844
Gene_106,Gene_845
Gene_106,Gene_847
Gene_106,Gene_848
Gene_106,Gene_849
Gene_106,Gene_851
Gene_106,Gene_852
Gene_106,Gene_855
Gene_106,Gene_857
Gene_106,Gene_858
Gene_106,Gene_859
Gene_106,Gene_860
Gene_106,Gene_861
Gene_106,Gene_862
Gene_106,Gene_866
Gene_106,Gene_868
Gene_106,Gene_871
Gene_106,Gene_873
Gene_106,Gene_874
Gene_106,Gene_877
Gene_106,Gene_878
Gene_106,Gene_879
Gene_106,Gene_880
Gene_106,Gene_881
Gene_106,Gene_882
Gene_106,Gene_883
Gene_106,Gene_884
Gene_106,Gene_885
Gene_106,Gene_886
Gene_106,Gene_888
Gene_106,Gene_889
Gene_106,Gene_891
Gene_106,Gene_892
Gene_106,Gene_893
Gene_106,Gene_894
Gene_106,Gene_896
Gene_106,Gene_897
Gene_106,Gene_898
Gene_106,Gene_900
Gene_106,Gene_901
Gene_106,Gene_903
Gene_106,Gene_905
Gene_106,Gene_906
Gene_106,Gene_907
Gene_106,Gene_909
Gene_106,Gene_910
Gene_106,Gene_911
Gene_106,Gene_914
Gene_106,Gene_915
Gene_106,Gene_916
Gene_106,Gene_917
Gene_106,Gene_918
Gene_106,Gene_919
Gene_106,Gene_922
Gene_106,Gene_923
Gene_106,Gene_926
Gene_106,Gene_932
Gene_106,Gene_933
Gene_106,Gene_935
Gene_106,Gene_941
Gene_106,Gene_943
Gene_106,Gene_945
Gene_106,Gene_948
Gene_106,Gene_949
Gene_106,Gene_951
Gene_106,Gene_952
Gene_106,Gene_954
Gene_106,Gene_957
Gene_106,Gene_960
Gene_106,Gene_961
Gene_106,Gene_962
Gene_106,Gene_963
Gene_106,Gene_964
Gene_106,Gene_965
Gene_106,Gene_966
Gene_106,Gene_968
Gene_106,Gene_969
Gene_106,Gene_972
Gene_106,Gene_973
Gene_106,Gene_975
Gene_106,Gene_976
Gene_106,Gene_977
Gene_106,Gene_980
Gene_106,Gene_981
Gene_106,Gene_983
Gene_106,Gene_984
Gene_106,Gene_985
Gene_106,Gene_987
Gene_106,Gene_988
Gene_106,Gene_989
Gene_106,Gene_990
Gene_106,Gene_992
Gene_106,Gene_993
Gene_106,Gene_996
Gene_106,Gene_998
Gene_106,Gene_999
Gene_147,Gene_65
Gene_147,Gene_100
Gene_147,Gene_147
Gene_147,Gene_269
Gene_147,Gene_291
Gene_147,Gene_413
Gene_147,Gene_427
Gene_147,Gene_534
Gene_147,Gene_568
Gene_147,Gene_658
Gene_147,Gene_674
Gene_147,Gene_682
Gene_147,Gene_878
Gene_147,Gene_906
Gene_147,Gene_996
Gene_168,Gene_0
Gene_168,Gene_3
Gene_168,Gene_4
Gene_168,Gene_5
Gene_168,Gene_7
Gene_168,Gene_9
Gene_168,Gene_15
Gene_168,Gene_16
Gene_168,Gene_18
Gene_168,Gene_20
Gene_168,Gene_22
Gene_168,Gene_23
Gene_168,Gene_24
Gene_168,Gene_25
Gene_168,Gene_26
Gene_168,Gene_28
Gene_168,Gene_30
Gene_168,Gene_31
Gene_168,Gene_34
Gene_168,Gene_35
Gene_168,Gene_42
Gene_168,Gene_43
Gene_168,Gene_44
Gene_168,Gene_47
Gene_168,Gene_48
Gene_168,Gene_55
Gene_168,Gene_57
Gene_168,Gene_61
Gene_168,Gene_63
Gene_168,Gene_65
Gene_168,Gene_72
Gene_168,Gene_74
Gene_168,Gene_77
Gene_168,Gene_80
Gene_168,Gene_82
Gene_168,Gene_83
Gene_168,Gene_85
Gene_168,Gene_86
Gene_168,Gene_95
Gene_168,Gene_98
Gene_168,Gene_101
Gene_168,Gene_103
Gene_168,Gene_108
Gene_168,Gene_112
Gene_168,Gene_114
Gene_168,Gene_116
Gene_168,Gene_117
Gene_168,Gene_118
Gene_168,Gene_119
Gene_168,Gene_123
Gene_168,Gene_124
Gene_168,Gene_125
Gene_168,Gene_126
Gene_168,Gene_128
Gene_168,Gene_134
Gene_168,Gene_137
Gene_168,Gene_141
Gene_168,Gene_145
Gene_168,Gene_146
Gene_168,Gene_147
Gene_168,Gene_148
Gene_168,Gene_150
Gene_168,Gene_152
Gene_168,Gene_153
Gene_168,Gene_155
Gene_168,Gene_158
Gene_168,Gene_161
Gene_168,Gene_164
Gene_168,Gene_165
Gene_168,Gene_166
Gene_168,Gene_167
Gene_168,Gene_171
Gene_168,Gene_172
Gene_168,Gene_174
Gene_168,Gene_175
Gene_168,Gene_176
Gene_168,Gene_179
Gene_168,Gene_180
Gene_168,Gene_183
Gene_168,Gene_186
Gene_168,Gene_188
Gene_168,Gene_189
Gene_168,Gene_191
Gene_168,Gene_194
Gene_168,Gene_196
Gene_168,Gene_198
Gene_168,Gene_200
Gene_168,Gene_203
Gene_168,Gene_204
Gene_168,Gene_209
Gene_168,Gene_210
Gene_168,Gene_213
Gene_168,Gene_215
Gene_168,Gene_216
Gene_168,Gene_217
Gene_168,Gene_218
Gene_168,Gene_219
Gene_168,Gene_220
Gene_168,Gene_221
Gene_168,Gene_222
Gene_168,Gene_223
Gene_168,Gene_224
Gene_168,Gene_225
Gene_168,Gene_226
Gene_168,Gene_227
Gene_168,Gene_228
Gene_168,Gene_229
Gene_168,Gene_231
Gene_168,Gene_232
Gene_168,Gene_234
Gene_168,Gene_238
Gene_168,Gene_239
Gene_168,Gene_240
Gene_168,Gene_241
Gene_168,Gene_243
Gene_168,Gene_246
Gene_168,Gene_250
Gene_168,Gene_251
Gene_168,Gene_252
Gene_168,Gene_253
Gene_168,Gene_255
Gene_168,Gene_259
Gene_168,Gene_260
Gene_168,Gene_265
Gene_168,Gene_266
Gene_168,Gene_269
Gene_168,Gene_270
Gene_168,Gene_271
Gene_168,Gene_278
Gene_168,Gene_283
Gene_168,Gene_284
Gene_168,Gene_285
Gene_168,Gene_287
Gene_168,Gene_290
Gene_168,Gene_291
Gene_168,Gene_292
Gene_168,Gene_296
Gene_168,Gene_297
Gene_168,Gene_299
Gene_168,Gene_301
Gene_168,Gene_302
Gene_168,Gene_306
Gene_168,Gene_308
Gene_168,Gene_311
Gene_168,Gene_312
Gene_168,Gene_314
Gene_168,Gene_317
Gene_168,Gene_318
Gene_168,Gene_326
Gene_168,Gene_327
Gene_168,Gene_328
Gene_168,Gene_330
Gene_168,Gene_332
Gene_168,Gene_335
Gene_168,Gene_337
Gene_168,Gene_338
Gene_168,Gene_344
Gene_168,Gene_348
Gene_168,Gene_350
Gene_168,Gene_353
Gene_168,Gene_355
Gene_168,Gene_356
Gene_168,Gene_357
Gene_168,Gene_358
Gene_168,Gene_361
Gene_168,Gene_365
Gene_168,Gene_366
Gene_168,Gene_370
Gene_168,Gene_372
Gene_168,Gene_373
Gene_168,Gene_374
Gene_168,Gene_376
Gene_168,Gene_384
Gene_168,Gene_385
Gene_168,Gene_389
Gene_168,Gene_399
Gene_168,Gene_400
Gene_168,Gene_401
Gene_168,Gene_404
Gene_168,Gene_408
Gene_168,Gene_412
Gene_168,Gene_416
Gene_168,Gene_420
Gene_168,Gene_421
Gene_168,Gene_422
Gene_168,Gene_424
Gene_168,Gene_427
Gene_168,Gene_428
Gene_168,Gene_430
Gene_168,Gene_431
Gene_168,Gene_432
Gene_168,Gene_437
Gene_168,Gene_440
Gene_168,Gene_444
Gene_168,Gene_445
Gene_168,Gene_448
Gene_168,Gene_449
Gene_168,Gene_453
Gene_168,Gene_455
Gene_168,Gene_456
Gene_168,Gene_459
Gene_168,Gene_460
Gene_168,Gene_464
Gene_168,Gene_465
Gene_168,Gene_466
Gene_168,Gene_469
Gene_168,Gene_472
Gene_168,Gene_477
Gene_168,Gene_478
Gene_168,Gene_479
Gene_168,Gene_484
Gene_168,Gene_485
Gene_168,Gene_486
Gene_168,Gene_487
Gene_168,Gene_488
Gene_168,Gene_489
Gene_168,Gene_490
Gene_168,Gene_491
Gene_168,Gene_493
Gene_168,Gene_494
Gene_168,Gene_495
Gene_168,Gene_496
Gene_168,Gene_499
Gene_168,Gene_502
Gene_168,Gene_503
Gene_168,Gene_505
Gene_168,Gene_515
Gene_168,Gene_519
Gene_168,Gene_520
Gene_168,Gene_523
Gene_168,Gene_525
Gene_168,Gene_532
Gene_168,Gene_534
Gene_168,Gene_535
Gene_168,Gene_536
Gene_168,Gene_538
Gene_168,Gene_543
Gene_168,Gene_544
Gene_168,Gene_548
Gene_168,Gene_550
Gene_168,Gene_551
Gene_168,Gene_552
Gene_168,Gene_555
Gene_168,Gene_563
Gene_168,Gene_564
Gene_168,Gene_566
Gene_168,Gene_568
Gene_168,Gene_572
Gene_168,Gene_573
Gene_168,Gene_574
Gene_168,Gene_576
Gene_168,Gene_577
Gene_168,Gene_578
Gene_168,Gene_579
Gene_168,Gene_580
Gene_168,Gene_582
Gene_168,Gene_583
Gene_168,Gene_585
Gene_168,Gene_587
Gene_168,Gene_593
Gene_168,Gene_594
Gene_168,Gene_595
Gene_168,Gene_597
Gene_168,Gene_599
Gene_168,Gene_600
Gene_168,Gene_602
Gene_168,Gene_605
Gene_168,Gene_607
Gene_168,Gene_610
Gene_168,Gene_611
Gene_168,Gene_619
Gene_168,Gene_621
Gene_168,Gene_622
Gene_168,Gene_628
Gene_168,Gene_630
Gene_168,Gene_631
Gene_168,Gene_632
Gene_168,Gene_633
Gene_168,Gene_635
Gene_168,Gene_637
Gene_168,Gene_638
Gene_168,Gene_640
Gene_168,Gene_641
Gene_168,Gene_643
Gene_168,Gene_646
Gene_168,Gene_648
Gene_168,Gene_650
Gene_168,Gene_651
Gene_168,Gene_654
Gene_168,Gene_659
Gene_168,Gene_660
Gene_168,Gene_666
Gene_168,Gene_668
Gene_168,Gene_671
Gene_168,Gene_676
Gene_168,Gene_677
Gene_168,Gene_680
Gene_168,Gene_686
Gene_168,Gene_687
Gene_168,Gene_688
Gene_168,Gene_692
Gene_168,Gene_693
Gene_168,Gene_695
Gene_168,Gene_696
Gene_168,Gene_697
Gene_168,Gene_699
Gene_168,Gene_701
Gene_168,Gene_706
Gene_168,Gene_707
Gene_168,Gene_708
Gene_168,Gene_709
Gene_168,Gene_715
Gene_168,Gene_717
Gene_168,Gene_719
Gene_168,Gene_721
Gene_168,Gene_722
Gene_168,Gene_723
Gene_168,Gene_728
Gene_168,Gene_732
Gene_168,Gene_734
Gene_168,Gene_736
Gene_168,Gene_738
Gene_168,Gene_739
Gene_168,Gene_740
Gene_168,Gene_742
Gene_168,Gene_743
Gene_168,Gene_746
Gene_168,Gene_749
Gene_168,Gene_751
Gene_168,Gene_752
Gene_168,Gene_753
Gene_168,Gene_754
Gene_168,Gene_757
Gene_168,Gene_762
Gene_168,Gene_763
Gene_168,Gene_764
Gene_168,Gene_765
Gene_168,Gene_770
Gene_168,Gene_772
Gene_168,Gene_773
Gene_168,Gene_781
Gene_168,Gene_782
Gene_168,Gene_784
Gene_168,Gene_787
Gene_168,Gene_790
Gene_168,Gene_791
Gene_168,Gene_794
Gene_168,Gene_796
Gene_168,Gene_797
Gene_168,Gene_798
Gene_168,Gene_802
Gene_168,Gene_803
Gene_168,Gene_805
Gene_168,Gene_806
Gene_168,Gene_808
Gene_168,Gene_812
Gene_168,Gene_813
Gene_168,Gene_815
Gene_168,Gene_816
Gene_168,Gene_817
Gene_168,Gene_818
Gene_168,Gene_821
Gene_168,Gene_823
Gene_168,Gene_825
Gene_168,Gene_830
Gene_168,Gene_832
Gene_168,Gene_836
Gene_168,Gene_837
Gene_168,Gene_838
Gene_168,Gene_841
Gene_168,Gene_842
Gene_168,Gene_843
Gene_168,Gene_844
Gene_168,Gene_845
Gene_168,Gene_848
Gene_168,Gene_849
Gene_168,Gene_852
Gene_168,Gene_855
Gene_168,Gene_857
Gene_168,Gene_858
Gene_168,Gene_859
Gene_168,Gene_860
Gene_168,Gene_861
Gene_168,Gene_866
Gene_168,Gene_868
Gene_168,Gene_869
Gene_168,Gene_872
Gene_168,Gene_873
Gene_168,Gene_874
Gene_168,Gene_876
Gene_168,Gene_879
Gene_168,Gene_880
Gene_168,Gene_881
Gene_168,Gene_882
Gene_168,Gene_883
Gene_168,Gene_884
Gene_168,Gene_885
Gene_168,Gene_886
Gene_168,Gene_889
Gene_168,Gene_891
Gene_168,Gene_892
Gene_168,Gene_894
Gene_168,Gene_896
Gene_168,Gene_897
Gene_168,Gene_898
Gene_168,Gene_899
Gene_168,Gene_900
Gene_168,Gene_903
Gene_168,Gene_905
Gene_168,Gene_906
Gene_168,Gene_907
Gene_168,Gene_909
Gene_168,Gene_912
Gene_168,Gene_914
Gene_168,Gene_916
Gene_168,Gene_917
Gene_168,Gene_918
Gene_168,Gene_919
Gene_168,Gene_922
Gene_168,Gene_923
Gene_168,Gene_930
Gene_168,Gene_932
Gene_168,Gene_933
Gene_168,Gene_935
Gene_168,Gene_946
Gene_168,Gene_948
Gene_168,Gene_952
Gene_168,Gene_954
Gene_168,Gene_957
Gene_168,Gene_961
Gene_168,Gene_962
Gene_168,Gene_965
Gene_168,Gene_966
Gene_168,Gene_967
Gene_168,Gene_968
Gene_168,Gene_969
Gene_168,Gene_972
Gene_168,Gene_973
Gene_168,Gene_975
Gene_168,Gene_976
Gene_168,Gene_977
Gene_168,Gene_980
Gene_168,Gene_983
Gene_168,Gene_984
Gene_168,Gene_985
Gene_168,Gene_987
Gene_168,Gene_989
Gene_168,Gene_996
Gene_168,Gene_998
Gene_168,Gene_999
Gene_222,Gene_114
Gene_222,Gene_174
Gene_222,Gene_493
Gene_222,Gene_520
Gene_222,Gene_626
Gene_222,Gene_818
Gene_222,Gene_893
Gene_222,Gene_952
Gene_222,Gene_985
Gene_226,Gene_2
Gene_226,Gene_34
Gene_226,Gene_52
Gene_226,Gene_69
Gene_226,Gene_84
Gene_226,Gene_88
Gene_226,Gene_103
Gene_226,Gene_112
Gene_226,Gene_125
Gene_226,Gene_136
Gene_226,Gene_142
Gene_226,Gene_146
Gene_226,Gene_167
Gene_226,Gene_175
Gene_226,Gene_191
Gene_226,Gene_192
Gene_226,Gene_209
Gene_226,Gene_213
Gene_226,Gene_215
Gene_226,Gene_219
Gene_226,Gene_222
Gene_226,Gene_226
Gene_226,Gene_233
Gene_226,Gene_237
Gene_226,Gene_238
Gene_226,Gene_239
Gene_226,Gene_242
Gene_226,Gene_245
Gene_226,Gene_247
Gene_226,Gene_253
Gene_226,Gene_264
Gene_226,Gene_266
Gene_226,Gene_268
Gene_226,Gene_271
Gene_226,Gene_272
Gene_226,Gene_292
Gene_226,Gene_301
Gene_226,Gene_302
Gene_226,Gene_306
Gene_226,Gene_308
Gene_226,Gene_310
Gene_226,Gene_313
Gene_226,Gene_326
Gene_226,Gene_337
Gene_226,Gene_353
Gene_226,Gene_355
Gene_226,Gene_356
Gene_226,Gene_365
Gene_226,Gene_385
Gene_226,Gene_398
Gene_226,Gene_399
Gene_226,Gene_427
Gene_226,Gene_431
Gene_226,Gene_432
Gene_226,Gene_437
Gene_226,Gene_444
Gene_226,Gene_457
Gene_226,Gene_460
Gene_226,Gene_464
Gene_226,Gene_467
Gene_226,Gene_474
Gene_226,Gene_490
Gene_226,Gene_493
Gene_226,Gene_495
Gene_226,Gene_496
Gene_226,Gene_497
Gene_226,Gene_519
Gene_226,Gene_520
Gene_226,Gene_527
Gene_226,Gene_528
Gene_226,Gene_532
Gene_226,Gene_538
Gene_226,Gene_544
Gene_226,Gene_551
Gene_226,Gene_552
Gene_226,Gene_555
Gene_226,Gene_559
Gene_226,Gene_572
Gene_226,Gene_574
Gene_226,Gene_576
Gene_226,Gene_579
Gene_226,Gene_594
Gene_226,Gene_596
Gene_226,Gene_605
Gene_226,Gene_614
Gene_226,Gene_622
Gene_226,Gene_623
Gene_226,Gene_634
Gene_226,Gene_635
Gene_226,Gene_644
Gene_226,Gene_646
Gene_226,Gene_650
Gene_226,Gene_662
Gene_226,Gene_665
Gene_226,Gene_666
Gene_226,Gene_669
Gene_226,Gene_670
Gene_226,Gene_681
Gene_226,Gene_690
Gene_226,Gene_692
Gene_226,Gene_704
Gene_226,Gene_706
Gene_226,Gene_718
Gene_226,Gene_722
Gene_226,Gene_734
Gene_226,Gene_741
Gene_226,Gene_743
Gene_226,Gene_749
Gene_226,Gene_754
Gene_226,Gene_758
Gene_226,Gene_764
Gene_226,Gene_768
Gene_226,Gene_783
Gene_226,Gene_787
Gene_226,Gene_805
Gene_226,Gene_806
Gene_226,Gene_817
Gene_226,Gene_823
Gene_226,Gene_826
Gene_226,Gene_837
Gene_226,Gene_840
Gene_226,Gene_842
Gene_226,Gene_849
Gene_226,Gene_854
Gene_226,Gene_860
Gene_226,Gene_862
Gene_226,Gene_869
Gene_226,Gene_871
Gene_226,Gene_873
Gene_226,Gene_877
Gene_226,Gene_881
Gene_226,Gene_883
Gene_226,Gene_885
Gene_226,Gene_891
Gene_226,Gene_910
Gene_226,Gene_913
Gene_226,Gene_915
Gene_226,Gene_919
Gene_226,Gene_922
Gene_226,Gene_924
Gene_226,Gene_933
Gene_226,Gene_935
Gene_226,Gene_940
Gene_226,Gene_945
Gene_226,Gene_976
Gene_226,Gene_981
Gene_226,Gene_985
Gene_226,Gene_990
Gene_238,Gene_36
Gene_238,Gene_59
Gene_238,Gene_111
Gene_238,Gene_174
Gene_238,Gene_176
Gene_238,Gene_227
Gene_238,Gene_269
Gene_238,Gene_348
Gene_238,Gene_398
Gene_238,Gene_436
Gene_238,Gene_446
Gene_238,Gene_611
Gene_238,Gene_612
Gene_238,Gene_648
Gene_238,Gene_687
Gene_238,Gene_753
Gene_238,Gene_809
Gene_238,Gene_815
Gene_238,Gene_821
Gene_238,Gene_861
Gene_238,Gene_894
Gene_238,Gene_987
Gene_245,Gene_0
Gene_245,Gene_1
Gene_245,Gene_2
Gene_245,Gene_6
Gene_245,Gene_9
Gene_245,Gene_16
Gene_245,Gene_25
Gene_245,Gene_26
Gene_245,Gene_31
Gene_245,Gene_33
Gene_245,Gene_34
Gene_245,Gene_35
Gene_245,Gene_40
Gene_245,Gene_49
Gene_245,Gene_54
Gene_245,Gene_58
Gene_245,Gene_67
Gene_245,Gene_72
Gene_245,Gene_80
Gene_245,Gene_82
Gene_245,Gene_85
Gene_245,Gene_87
Gene_245,Gene_93
Gene_245,Gene_98
Gene_245,Gene_104
Gene_245,Gene_107
Gene_245,Gene_112
Gene_245,Gene_114
Gene_245,Gene_116
Gene_245,Gene_118
Gene_245,Gene_123
Gene_245,Gene_126
Gene_245,Gene_134
Gene_245,Gene_136
Gene_245,Gene_137
Gene_245,Gene_144
Gene_245,Gene_145
Gene_245,Gene_150
Gene_245,Gene_153
Gene_245,Gene_158
Gene_245,Gene_161
Gene_245,Gene_163
Gene_245,Gene_164
Gene_245,Gene_165
Gene_245,Gene_166
Gene_245,Gene_168
Gene_245,Gene_171
Gene_245,Gene_173
Gene_245,Gene_174
Gene_245,Gene_176
Gene_245,Gene_179
Gene_245,Gene_180
Gene_245,Gene_183
Gene_245,Gene_187
Gene_245,Gene_189
Gene_245,Gene_194
Gene_245,Gene_196
Gene_245,Gene_205
Gene_245,Gene_208
Gene_245,Gene_213
Gene_245,Gene_222
Gene_245,Gene_225
Gene_245,Gene_227
Gene_245,Gene_234
Gene_245,Gene_238
Gene_245,Gene_241
Gene_245,Gene_243
Gene_245,Gene_264
Gene_245,Gene_270
Gene_245,Gene_274
Gene_245,Gene_278
Gene_245,Gene_285
Gene_245,Gene_291
Gene_245,Gene_297
Gene_245,Gene_302
Gene_245,Gene_313
Gene_245,Gene_317
Gene_245,Gene_318
Gene_245,Gene_319
Gene_245,Gene_321
Gene_245,Gene_323
Gene_245,Gene_338
Gene_245,Gene_345
Gene_245,Gene_356
Gene_245,Gene_358
Gene_245,Gene_361
Gene_245,Gene_367
Gene_245,Gene_372
Gene_245,Gene_373
Gene_245,Gene_383
Gene_245,Gene_384
Gene_245,Gene_385
Gene_245,Gene_392
Gene_245,Gene_395
Gene_245,Gene_397
Gene_245,Gene_398
Gene_245,Gene_404
Gene_245,Gene_412
Gene_245,Gene_416
Gene_245,Gene_420
Gene_245,Gene_422
Gene_245,Gene_430
Gene_245,Gene_433
Gene_245,Gene_448
Gene_245,Gene_449
Gene_245,Gene_456
Gene_245,Gene_459
Gene_245,Gene_460
Gene_245,Gene_465
Gene_245,Gene_466
Gene_245,Gene_472
Gene_245,Gene_478
Gene_245,Gene_487
Gene_245,Gene_491
Gene_245,Gene_523
Gene_245,Gene_527
Gene_245,Gene_532
Gene_245,Gene_533
Gene_245,Gene_535
Gene_245,Gene_538
Gene_245,Gene_547
Gene_245,Gene_552
Gene_245,Gene_559
Gene_245,Gene_561
Gene_245,Gene_563
Gene_245,Gene_564
Gene_245,Gene_566
Gene_245,Gene_568
Gene_245,Gene_572
Gene_245,Gene_573
Gene_245,Gene_576
Gene_245,Gene_577
Gene_245,Gene_580
Gene_245,Gene_582
Gene_245,Gene_583
Gene_245,Gene_584
Gene_245,Gene_587
Gene_245,Gene_599
Gene_245,Gene_618
Gene_245,Gene_622
Gene_245,Gene_626
Gene_245,Gene_628
Gene_245,Gene_630
Gene_245,Gene_632
Gene_245,Gene_633
Gene_245,Gene_640
Gene_245,Gene_645
Gene_245,Gene_650
Gene_245,Gene_651
Gene_245,Gene_654
Gene_245,Gene_655
Gene_245,Gene_659
Gene_245,Gene_665
Gene_245,Gene_670
Gene_245,Gene_671
Gene_245,Gene_679
Gene_245,Gene_686
Gene_245,Gene_692
Gene_245,Gene_697
Gene_245,Gene_704
Gene_245,Gene_706
Gene_245,Gene_708
Gene_245,Gene_715
Gene_245,Gene_717
Gene_245,Gene_718
Gene_245,Gene_719
Gene_245,Gene_721
Gene_245,Gene_723
Gene_245,Gene_724
Gene_245,Gene_728
Gene_245,Gene_737
Gene_245,Gene_743
Gene_245,Gene_758
Gene_245,Gene_763
Gene_245,Gene_764
Gene_245,Gene_765
Gene_245,Gene_774
Gene_245,Gene_775
Gene_245,Gene_780
Gene_245,Gene_782
Gene_245,Gene_784
Gene_245,Gene_786
Gene_245,Gene_793
Gene_245,Gene_801
Gene_245,Gene_808
Gene_245,Gene_809
Gene_245,Gene_825
Gene_245,Gene_831
Gene_245,Gene_835
Gene_245,Gene_836
Gene_245,Gene_848
Gene_245,Gene_854
Gene_245,Gene_858
Gene_245,Gene_866
Gene_245,Gene_868
Gene_245,Gene_869
Gene_245,Gene_874
Gene_245,Gene_879
Gene_245,Gene_882
Gene_245,Gene_883
Gene_245,Gene_884
Gene_245,Gene_886
Gene_245,Gene_893
Gene_245,Gene_897
Gene_245,Gene_898
Gene_245,Gene_899
Gene_245,Gene_903
Gene_245,Gene_911
Gene_245,Gene_916
Gene_245,Gene_918
Gene_245,Gene_919
Gene_245,Gene_923
Gene_245,Gene_932
Gene_245,Gene_945
Gene_245,Gene_951
Gene_245,Gene_954
Gene_245,Gene_957
Gene_245,Gene_960
Gene_245,Gene_961
Gene_245,Gene_963
Gene_245,Gene_972
Gene_245,Gene_973
Gene_245,Gene_983
Gene_245,Gene_988
Gene_245,Gene_990
Gene_245,Gene_992
Gene_251,Gene_1
Gene_251,Gene_2
Gene_251,Gene_4
Gene_251,Gene_6
Gene_251,Gene_14
Gene_251,Gene_18
Gene_251,Gene_19
Gene_251,Gene_20
Gene_251,Gene_22
Gene_251,Gene_23
Gene_251,Gene_29
Gene_251,Gene_31
Gene_251,Gene_35
Gene_251,Gene_40
Gene_251,Gene_43
Gene_251,Gene_46
Gene_251,Gene_47
Gene_251,Gene_51
Gene_251,Gene_56
Gene_251,Gene_58
Gene_251,Gene_59
Gene_251,Gene_63
Gene_251,Gene_67
Gene_251,Gene_69
Gene_251,Gene_72
Gene_251,Gene_76
Gene_251,Gene_83
Gene_251,Gene_84
Gene_251,Gene_85
Gene_251,Gene_86
Gene_251,Gene_87
Gene_251,Gene_88
Gene_251,Gene_94
Gene_251,Gene_100
Gene_251,Gene_102
Gene_251,Gene_103
Gene_251,Gene_106
Gene_251,Gene_108
Gene_251,Gene_110
Gene_251,Gene_111
Gene_251,Gene_112
Gene_251,Gene_116
Gene_251,Gene_117
Gene_251,Gene_118
Gene_251,Gene_119
Gene_251,Gene_122
Gene_251,Gene_128
Gene_251,Gene_137
Gene_251,Gene_140
Gene_251,Gene_141
Gene_251,Gene_142
Gene_251,Gene_146
Gene_251,Gene_147
Gene_251,Gene_148
Gene_251,Gene_152
Gene_251,Gene_153
Gene_251,Gene_159
Gene_251,Gene_162
Gene_251,Gene_163
Gene_251,Gene_164
Gene_251,Gene_166
Gene_251,Gene_168
Gene_251,Gene_174
Gene_251,Gene_177
Gene_251,Gene_179
Gene_251,Gene_182
Gene_251,Gene_183
Gene_251,Gene_186
Gene_251,Gene_188
Gene_251,Gene_191
Gene_251,Gene_193
Gene_251,Gene_194
Gene_251,Gene_195
Gene_251,Gene_196
Gene_251,Gene_197
Gene_251,Gene_200
Gene_251,Gene_204
Gene_251,Gene_206
Gene_251,Gene_208
Gene_251,Gene_209
Gene_251,Gene_210
Gene_251,Gene_214
Gene_251,Gene_215
Gene_251,Gene_218
Gene_251,Gene_219
Gene_251,Gene_220
Gene_251,Gene_222
Gene_251,Gene_223
Gene_251,Gene_226
Gene_251,Gene_229
Gene_251,Gene_232
Gene_251,Gene_233
Gene_251,Gene_237
Gene_251,Gene_239
Gene_251,Gene_241
Gene_251,Gene_242
Gene_251,Gene_243
Gene_251,Gene_245
Gene_251,Gene_247
Gene_251,Gene_248
Gene_251,Gene_251
Gene_251,Gene_252
Gene_251,Gene_253
Gene_251,Gene_255
Gene_251,Gene_258
Gene_251,Gene_259
Gene_251,Gene_260
Gene_251,Gene_266
Gene_251,Gene_273
Gene_251,Gene_275
Gene_251,Gene_279
Gene_251,Gene_280
Gene_251,Gene_281
Gene_251,Gene_284
Gene_251,Gene_287
Gene_251,Gene_292
Gene_251,Gene_296
Gene_251,Gene_299
Gene_251,Gene_301
Gene_251,Gene_303
Gene_251,Gene_304
Gene_251,Gene_306
Gene_251,Gene_310
Gene_251,Gene_313
Gene_251,Gene_314
Gene_251,Gene_319
Gene_251,Gene_321
Gene_251,Gene_324
Gene_251,Gene_326
Gene_251,Gene_327
Gene_251,Gene_328
Gene_251,Gene_329
Gene_251,Gene_330
Gene_251,Gene_332
Gene_251,Gene_333
Gene_251,Gene_338
Gene_251,Gene_339
Gene_251,Gene_344
Gene_251,Gene_349
Gene_251,Gene_350
Gene_251,Gene_351
Gene_251,Gene_352
Gene_251,Gene_353
Gene_251,Gene_354
Gene_251,Gene_357
Gene_251,Gene_358
Gene_251,Gene_362
Gene_251,Gene_364
Gene_251,Gene_365
Gene_251,Gene_367
Gene_251,Gene_372
Gene_251,Gene_374
Gene_251,Gene_377
Gene_251,Gene_380
Gene_251,Gene_381
Gene_251,Gene_388
Gene_251,Gene_389
Gene_251,Gene_390
Gene_251,Gene_392
Gene_251,Gene_399
Gene_251,Gene_400
Gene_251,Gene_401
Gene_251,Gene_404
Gene_251,Gene_411
Gene_251,Gene_413
Gene_251,Gene_416
Gene_251,Gene_420
Gene_251,Gene_421
Gene_251,Gene_424
Gene_251,Gene_427
Gene_251,Gene_429
Gene_251,Gene_431
Gene_251,Gene_434
Gene_251,Gene_435
Gene_251,Gene_436
Gene_251,Gene_437
Gene_251,Gene_439
Gene_251,Gene_442
Gene_251,Gene_444
Gene_251,Gene_446
Gene_251,Gene_448
Gene_251,Gene_449
Gene_251,Gene_455
Gene_251,Gene_456
Gene_251,Gene_457
Gene_251,Gene_464
Gene_251,Gene_465
Gene_251,Gene_466
Gene_251,Gene_468
Gene_251,Gene_474
Gene_251,Gene_477
Gene_251,Gene_478
Gene_251,Gene_487
Gene_251,Gene_490
Gene_251,Gene_493
Gene_251,Gene_494
Gene_251,Gene_498
Gene_251,Gene_503
Gene_251,Gene_505
Gene_251,Gene_508
Gene_251,Gene_509
Gene_251,Gene_519
Gene_251,Gene_521
Gene_251,Gene_523
Gene_251,Gene_524
Gene_251,Gene_525
Gene_251,Gene_528
Gene_251,Gene_534
Gene_251,Gene_535
Gene_251,Gene_536
Gene_251,Gene_538
Gene_251,Gene_542
Gene_251,Gene_543
Gene_251,Gene_544
Gene_251,Gene_546
Gene_251,Gene_547
Gene_251,Gene_549
Gene_251,Gene_550
Gene_251,Gene_551
Gene_251,Gene_555
Gene_251,Gene_558
Gene_251,Gene_561
Gene_251,Gene_563
Gene_251,Gene_564
Gene_251,Gene_565
Gene_251,Gene_566
Gene_251,Gene_567
Gene_251,Gene_571
Gene_251,Gene_572
Gene_251,Gene_574
Gene_251,Gene_577
Gene_251,Gene_579
Gene_251,Gene_580
Gene_251,Gene_581
Gene_251,Gene_582
Gene_251,Gene_584
Gene_251,Gene_587
Gene_251,Gene_589
Gene_251,Gene_594
Gene_251,Gene_595
Gene_251,Gene_603
Gene_251,Gene_608
Gene_251,Gene_609
Gene_251,Gene_611
Gene_251,Gene_612
Gene_251,Gene_616
Gene_251,Gene_617
Gene_251,Gene_619
Gene_251,Gene_621
Gene_251,Gene_622
Gene_251,Gene_623
Gene_251,Gene_627
Gene_251,Gene_628
Gene_251,Gene_629
Gene_251,Gene_630
Gene_251,Gene_631
Gene_251,Gene_633
Gene_251,Gene_636
Gene_251,Gene_638
Gene_251,Gene_640
Gene_251,Gene_641
Gene_251,Gene_643
Gene_251,Gene_644
Gene_251,Gene_646
Gene_251,Gene_647
Gene_251,Gene_648
Gene_251,Gene_650
Gene_251,Gene_653
Gene_251,Gene_654
Gene_251,Gene_659
Gene_251,Gene_660
Gene_251,Gene_662
Gene_251,Gene_664
Gene_251,Gene_665
Gene_251,Gene_669
Gene_251,Gene_674
Gene_251,Gene_675
Gene_251,Gene_676
Gene_251,Gene_677
Gene_251,Gene_682
Gene_251,Gene_683
Gene_251,Gene_687
Gene_251,Gene_692
Gene_251,Gene_693
Gene_251,Gene_696
Gene_251,Gene_702
Gene_251,Gene_706
Gene_251,Gene_708
Gene_251,Gene_709
Gene_251,Gene_710
Gene_251,Gene_715
Gene_251,Gene_721
Gene_251,Gene_722
Gene_251,Gene_724
Gene_251,Gene_728
Gene_251,Gene_730
Gene_251,Gene_731
Gene_251,Gene_732
Gene_251,Gene_734
Gene_251,Gene_735
Gene_251,Gene_739
Gene_251,Gene_740
Gene_251,Gene_742
Gene_251,Gene_751
Gene_251,Gene_752
Gene_251,Gene_755
Gene_251,Gene_756
Gene_251,Gene_757
Gene_251,Gene_758
Gene_251,Gene_759
Gene_251,Gene_760
Gene_251,Gene_765
Gene_251,Gene_768
Gene_251,Gene_769
Gene_251,Gene_772
Gene_251,Gene_773
Gene_251,Gene_774
Gene_251,Gene_778
Gene_251,Gene_780
Gene_251,Gene_784
Gene_251,Gene_786
Gene_251,Gene_788
Gene_251,Gene_790
Gene_251,Gene_793
Gene_251,Gene_794
Gene_251,Gene_797
Gene_251,Gene_798
Gene_251,Gene_800
Gene_251,Gene_801
Gene_251,Gene_802
Gene_251,Gene_808
Gene_251,Gene_813
Gene_251,Gene_815
Gene_251,Gene_816
Gene_251,Gene_817
Gene_251,Gene_819
Gene_251,Gene_821
Gene_251,Gene_823
Gene_251,Gene_826
Gene_251,Gene_829
Gene_251,Gene_830
Gene_251,Gene_831
Gene_251,Gene_832
Gene_251,Gene_834
Gene_251,Gene_840
Gene_251,Gene_841
Gene_251,Gene_842
Gene_251,Gene_843
Gene_251,Gene_845
Gene_251,Gene_846
Gene_251,Gene_847
Gene_251,Gene_849
Gene_251,Gene_850
Gene_251,Gene_851
Gene_251,Gene_853
Gene_251,Gene_854
Gene_251,Gene_855
Gene_251,Gene_857
Gene_251,Gene_858
Gene_251,Gene_859
Gene_251,Gene_860
Gene_251,Gene_868
Gene_251,Gene_871
Gene_251,Gene_872
Gene_251,Gene_873
Gene_251,Gene_876
Gene_251,Gene_877
Gene_251,Gene_880
Gene_251,Gene_884
Gene_251,Gene_888
Gene_251,Gene_893
Gene_251,Gene_894
Gene_251,Gene_901
Gene_251,Gene_902
Gene_251,Gene_905
Gene_251,Gene_909
Gene_251,Gene_911
Gene_251,Gene_912
Gene_251,Gene_915
Gene_251,Gene_917
Gene_251,Gene_919
Gene_251,Gene_922
Gene_251,Gene_924
Gene_251,Gene_926
Gene_251,Gene_929
Gene_251,Gene_930
Gene_251,Gene_933
Gene_251,Gene_941
Gene_251,Gene_943
Gene_251,Gene_945
Gene_251,Gene_946
Gene_251,Gene_948
Gene_251,Gene_949
Gene_251,Gene_956
Gene_251,Gene_965
Gene_251,Gene_967
Gene_251,Gene_968
Gene_251,Gene_970
Gene_251,Gene_973
Gene_251,Gene_976
Gene_251,Gene_977
Gene_251,Gene_983
Gene_251,Gene_985
Gene_251,Gene_989
Gene_251,Gene_990
Gene_251,Gene_993
Gene_251,Gene_998
Gene_264,Gene_12
Gene_264,Gene_23
Gene_264,Gene_86
Gene_264,Gene_179
Gene_264,Gene_195
Gene_264,Gene_219
Gene_264,Gene_221
Gene_264,Gene_281
Gene_264,Gene_324
Gene_264,Gene_374
Gene_264,Gene_404
Gene_264,Gene_457
Gene_264,Gene_490
Gene_264,Gene_509
Gene_264,Gene_544
Gene_264,Gene_547
Gene_264,Gene_584
Gene_264,Gene_623
Gene_264,Gene_629
Gene_264,Gene_635
Gene_264,Gene_665
Gene_264,Gene_669
Gene_264,Gene_670
Gene_264,Gene_710
Gene_264,Gene_751
Gene_264,Gene_756
Gene_264,Gene_823
Gene_264,Gene_840
Gene_264,Gene_855
Gene_264,Gene_858
Gene_264,Gene_878
Gene_264,Gene_892
Gene_264,Gene_903
Gene_264,Gene_905
Gene_264,Gene_919
Gene_264,Gene_976
Gene_291,Gene_0
Gene_291,Gene_4
Gene_291,Gene_5
Gene_291,Gene_7
Gene_291,Gene_9
Gene_291,Gene_10
Gene_291,Gene_11
Gene_291,Gene_12
Gene_291,Gene_15
Gene_291,Gene_16
Gene_291,Gene_17
Gene_291,Gene_19
Gene_291,Gene_22
Gene_291,Gene_23
Gene_291,Gene_24
Gene_291,Gene_28
Gene_291,Gene_31
Gene_291,Gene_35
Gene_291,Gene_36
Gene_291,Gene_47
Gene_291,Gene_48
Gene_291,Gene_49
Gene_291,Gene_51
Gene_291,Gene_56
Gene_291,Gene_57
Gene_291,Gene_59
Gene_291,Gene_63
Gene_291,Gene_64
Gene_291,Gene_67
Gene_291,Gene_69
Gene_291,Gene_76
Gene_291,Gene_77
Gene_291,Gene_78
Gene_291,Gene_82
Gene_291,Gene_84
Gene_291,Gene_86
Gene_291,Gene_88
Gene_291,Gene_94
Gene_291,Gene_98
Gene_291,Gene_100
Gene_291,Gene_101
Gene_291,Gene_104
Gene_291,Gene_106
Gene_291,Gene_108
Gene_291,Gene_110
Gene_291,Gene_114
Gene_291,Gene_116
Gene_291,Gene_117
Gene_291,Gene_118
Gene_291,Gene_119
Gene_291,Gene_122
Gene_291,Gene_123
Gene_291,Gene_124
Gene_291,Gene_126
Gene_291,Gene_128
Gene_291,Gene_134
Gene_291,Gene_135
Gene_291,Gene_136
Gene_291,Gene_137
Gene_291,Gene_140
Gene_291,Gene_141
Gene_291,Gene_142
Gene_291,Gene_144
Gene_291,Gene_146
Gene_291,Gene_147
Gene_291,Gene_150
Gene_291,Gene_151
Gene_291,Gene_158
Gene_291,Gene_159
Gene_291,Gene_162
Gene_291,Gene_164
Gene_291,Gene_165
Gene_291,Gene_166
Gene_291,Gene_167
Gene_291,Gene_168
Gene_291,Gene_172
Gene_291,Gene_174
Gene_291,Gene_180
Gene_291,Gene_181
Gene_291,Gene_183
Gene_291,Gene_188
Gene_291,Gene_189
Gene_291,Gene_191
Gene_291,Gene_192
Gene_291,Gene_194
Gene_291,Gene_195
Gene_291,Gene_196
Gene_291,Gene_197
Gene_291,Gene_200
Gene_291,Gene_206
Gene_291,Gene_213
Gene_291,Gene_214
Gene_291,Gene_215
Gene_291,Gene_217
Gene_291,Gene_218
Gene_291,Gene_219
Gene_291,Gene_221
Gene_291,Gene_222
Gene_291,Gene_226
Gene_291,Gene_227
Gene_291,Gene_228
Gene_291,Gene_229
Gene_291,Gene_231
Gene_291,Gene_232
Gene_291,Gene_233
Gene_291,Gene_234
Gene_291,Gene_237
Gene_291,Gene_239
Gene_291,Gene_240
Gene_291,Gene_241
Gene_291,Gene_243
Gene_291,Gene_244
Gene_291,Gene_245
Gene_291,Gene_247
Gene_291,Gene_248
Gene_291,Gene_253
Gene_291,Gene_255
Gene_291,Gene_259
Gene_291,Gene_264
Gene_291,Gene_265
Gene_291,Gene_267
Gene_291,Gene_268
Gene_291,Gene_269
Gene_291,Gene_271
Gene_291,Gene_275
Gene_291,Gene_281
Gene_291,Gene_284
Gene_291,Gene_292
Gene_291,Gene_294
Gene_291,Gene_301
Gene_291,Gene_302
Gene_291,Gene_303
Gene_291,Gene_304
Gene_291,Gene_306
Gene_291,Gene_307
Gene_291,Gene_308
Gene_291,Gene_310
Gene_291,Gene_311
Gene_291,Gene_313
Gene_291,Gene_314
Gene_291,Gene_317
Gene_291,Gene_318
Gene_291,Gene_321
Gene_291,Gene_323
Gene_291,Gene_324
Gene_291,Gene_328
Gene_291,Gene_329
Gene_291,Gene_330
Gene_291,Gene_332
Gene_291,Gene_333
Gene_291,Gene_335
Gene_291,Gene_338
Gene_291,Gene_339
Gene_291,Gene_344
Gene_291,Gene_346
Gene_291,Gene_348
Gene_291,Gene_351
Gene_291,Gene_353
Gene_291,Gene_355
Gene_291,Gene_356
Gene_291,Gene_358
Gene_291,Gene_361
Gene_291,Gene_362
Gene_291,Gene_365
Gene_291,Gene_366
Gene_291,Gene_367
Gene_291,Gene_370
Gene_291,Gene_372
Gene_291,Gene_374
Gene_291,Gene_382
Gene_291,Gene_383
Gene_291,Gene_388
Gene_291,Gene_390
Gene_291,Gene_392
Gene_291,Gene_395
Gene_291,Gene_399
Gene_291,Gene_400
Gene_291,Gene_401
Gene_291,Gene_406
Gene_291,Gene_407
Gene_291,Gene_408
Gene_291,Gene_413
Gene_291,Gene_416
Gene_291,Gene_417
Gene_291,Gene_421
Gene_291,Gene_422
Gene_291,Gene_424
Gene_291,Gene_427
Gene_291,Gene_428
Gene_291,Gene_429
Gene_291,Gene_430
Gene_291,Gene_431
Gene_291,Gene_432
Gene_291,Gene_434
Gene_291,Gene_436
Gene_291,Gene_439
Gene_291,Gene_440
Gene_291,Gene_442
Gene_291,Gene_444
Gene_291,Gene_445
Gene_291,Gene_446
Gene_291,Gene_448
Gene_291,Gene_453
Gene_291,Gene_455
Gene_291,Gene_457
Gene_291,Gene_459
Gene_291,Gene_460
Gene_291,Gene_463
Gene_291,Gene_464
Gene_291,Gene_466
Gene_291,Gene_467
Gene_291,Gene_468
Gene_291,Gene_472
Gene_291,Gene_474
Gene_291,Gene_475
Gene_291,Gene_477
Gene_291,Gene_478
Gene_291,Gene_479
Gene_291,Gene_484
Gene_291,Gene_486
Gene_291,Gene_487
Gene_291,Gene_489
Gene_291,Gene_491
Gene_291,Gene_493
Gene_291,Gene_495
Gene_291,Gene_496
Gene_291,Gene_497
Gene_291,Gene_502
Gene_291,Gene_503
Gene_291,Gene_508
Gene_291,Gene_515
Gene_291,Gene_519
Gene_291,Gene_520
Gene_291,Gene_523
Gene_291,Gene_524
Gene_291,Gene_527
Gene_291,Gene_528
Gene_291,Gene_534
Gene_291,Gene_535
Gene_291,Gene_536
Gene_291,Gene_538
Gene_291,Gene_540
Gene_291,Gene_541
Gene_291,Gene_542
Gene_291,Gene_543
Gene_291,Gene_544
Gene_291,Gene_548
Gene_291,Gene_549
Gene_291,Gene_552
Gene_291,Gene_559
Gene_291,Gene_561
Gene_291,Gene_564
Gene_291,Gene_572
Gene_291,Gene_573
Gene_291,Gene_574
Gene_291,Gene_578
Gene_291,Gene_580
Gene_291,Gene_584
Gene_291,Gene_589
Gene_291,Gene_590
Gene_291,Gene_596
Gene_291,Gene_600
Gene_291,Gene_605
Gene_291,Gene_607
Gene_291,Gene_609
Gene_291,Gene_610
Gene_291,Gene_611
Gene_291,Gene_612
Gene_291,Gene_614
Gene_291,Gene_617
Gene_291,Gene_619
Gene_291,Gene_621
Gene_291,Gene_623
Gene_291,Gene_626
Gene_291,Gene_628
Gene_291,Gene_630
Gene_291,Gene_631
Gene_291,Gene_632
Gene_291,Gene_633
Gene_291,Gene_634
Gene_291,Gene_635
Gene_291,Gene_638
Gene_291,Gene_640
Gene_291,Gene_641
Gene_291,Gene_643
Gene_291,Gene_644
Gene_291,Gene_645
Gene_291,Gene_646
Gene_291,Gene_651
Gene_291,Gene_654
Gene_291,Gene_658
Gene_291,Gene_659
Gene_291,Gene_660
Gene_291,Gene_662
Gene_291,Gene_663
Gene_291,Gene_665
Gene_291,Gene_666
Gene_291,Gene_669
Gene_291,Gene_670
Gene_291,Gene_671
Gene_291,Gene_675
Gene_291,Gene_676
Gene_291,Gene_677
Gene_291,Gene_681
Gene_291,Gene_682
Gene_291,Gene_689
Gene_291,Gene_690
Gene_291,Gene_692
Gene_291,Gene_693
Gene_291,Gene_696
Gene_291,Gene_701
Gene_291,Gene_702
Gene_291,Gene_706
Gene_291,Gene_707
Gene_291,Gene_709
Gene_291,Gene_710
Gene_291,Gene_715
Gene_291,Gene_717
Gene_291,Gene_719
Gene_291,Gene_721
Gene_291,Gene_722
Gene_291,Gene_728
Gene_291,Gene_730
Gene_291,Gene_732
Gene_291,Gene_734
Gene_291,Gene_735
Gene_291,Gene_737
Gene_291,Gene_738
Gene_291,Gene_740
Gene_291,Gene_741
Gene_291,Gene_742
Gene_291,Gene_743
Gene_291,Gene_751
Gene_291,Gene_752
Gene_291,Gene_753
Gene_291,Gene_754
Gene_291,Gene_756
Gene_291,Gene_757
Gene_291,Gene_758
Gene_291,Gene_759
Gene_291,Gene_760
Gene_291,Gene_762
Gene_291,Gene_763
Gene_291,Gene_764
Gene_291,Gene_765
Gene_291,Gene_768
Gene_291,Gene_769
Gene_291,Gene_770
Gene_291,Gene_772
Gene_291,Gene_773
Gene_291,Gene_774
Gene_291,Gene_775
Gene_291,Gene_777
Gene_291,Gene_780
Gene_291,Gene_783
Gene_291,Gene_787
Gene_291,Gene_790
Gene_291,Gene_793
Gene_291,Gene_794
Gene_291,Gene_796
Gene_291,Gene_797
Gene_291,Gene_798
Gene_291,Gene_800
Gene_291,Gene_801
Gene_291,Gene_805
Gene_291,Gene_809
Gene_291,Gene_811
Gene_291,Gene_812
Gene_291,Gene_813
Gene_291,Gene_815
Gene_291,Gene_816
Gene_291,Gene_817
Gene_291,Gene_818
Gene_291,Gene_819
Gene_291,Gene_823
Gene_291,Gene_826
Gene_291,Gene_829
Gene_291,Gene_830
Gene_291,Gene_832
Gene_291,Gene_834
Gene_291,Gene_835
Gene_291,Gene_837
Gene_291,Gene_838
Gene_291,Gene_841
Gene_291,Gene_842
Gene_291,Gene_843
Gene_291,Gene_845
Gene_291,Gene_849
Gene_291,Gene_850
Gene_291,Gene_851
Gene_291,Gene_853
Gene_291,Gene_854
Gene_291,Gene_855
Gene_291,Gene_858
Gene_291,Gene_860
Gene_291,Gene_861
Gene_291,Gene_862
Gene_291,Gene_866
Gene_291,Gene_868
Gene_291,Gene_869
Gene_291,Gene_872
Gene_291,Gene_873
Gene_291,Gene_876
Gene_291,Gene_877
Gene_291,Gene_878
Gene_291,Gene_880
Gene_291,Gene_881
Gene_291,Gene_882
Gene_291,Gene_885
Gene_291,Gene_886
Gene_291,Gene_888
Gene_291,Gene_892
Gene_291,Gene_893
Gene_291,Gene_894
Gene_291,Gene_898
Gene_291,Gene_900
Gene_291,Gene_903
Gene_291,Gene_905
Gene_291,Gene_906
Gene_291,Gene_909
Gene_291,Gene_911
Gene_291,Gene_912
Gene_291,Gene_913
Gene_291,Gene_916
Gene_291,Gene_917
Gene_291,Gene_918
Gene_291,Gene_920
Gene_291,Gene_922
Gene_291,Gene_923
Gene_291,Gene_924
Gene_291,Gene_926
Gene_291,Gene_929
Gene_291,Gene_933
Gene_291,Gene_935
Gene_291,Gene_940
Gene_291,Gene_941
Gene_291,Gene_943
Gene_291,Gene_946
Gene_291,Gene_948
Gene_291,Gene_952
Gene_291,Gene_954
Gene_291,Gene_960
Gene_291,Gene_963
Gene_291,Gene_966
Gene_291,Gene_968
Gene_291,Gene_972
Gene_291,Gene_973
Gene_291,Gene_975
Gene_291,Gene_976
Gene_291,Gene_977
Gene_291,Gene_980
Gene_291,Gene_984
Gene_291,Gene_988
Gene_291,Gene_989
Gene_291,Gene_992
Gene_291,Gene_996
Gene_291,Gene_998
Gene_291,Gene_999
Gene_294,Gene_0
Gene_294,Gene_2
Gene_294,Gene_6
Gene_294,Gene_7
Gene_294,Gene_9
Gene_294,Gene_16
Gene_294,Gene_25
Gene_294,Gene_26
Gene_294,Gene_31
Gene_294,Gene_33
Gene_294,Gene_34
Gene_294,Gene_46
Gene_294,Gene_61
Gene_294,Gene_76
Gene_294,Gene_80
Gene_294,Gene_82
Gene_294,Gene_85
Gene_294,Gene_98
Gene_294,Gene_99
Gene_294,Gene_108
Gene_294,Gene_114
Gene_294,Gene_116
Gene_294,Gene_118
Gene_294,Gene_124
Gene_294,Gene_127
Gene_294,Gene_136
Gene_294,Gene_137
Gene_294,Gene_145
Gene_294,Gene_148
Gene_294,Gene_150
Gene_294,Gene_153
Gene_294,Gene_158
Gene_294,Gene_161
Gene_294,Gene_164
Gene_294,Gene_165
Gene_294,Gene_166
Gene_294,Gene_173
Gene_294,Gene_179
Gene_294,Gene_183
Gene_294,Gene_188
Gene_294,Gene_189
Gene_294,Gene_191
Gene_294,Gene_194
Gene_294,Gene_196
Gene_294,Gene_205
Gene_294,Gene_219
Gene_294,Gene_222
Gene_294,Gene_224
Gene_294,Gene_227
Gene_294,Gene_238
Gene_294,Gene_241
Gene_294,Gene_243
Gene_294,Gene_246
Gene_294,Gene_250
Gene_294,Gene_255
Gene_294,Gene_259
Gene_294,Gene_264
Gene_294,Gene_265
Gene_294,Gene_268
Gene_294,Gene_271
Gene_294,Gene_274
Gene_294,Gene_278
Gene_294,Gene_285
Gene_294,Gene_290
Gene_294,Gene_291
Gene_294,Gene_292
Gene_294,Gene_296
Gene_294,Gene_308
Gene_294,Gene_312
Gene_294,Gene_314
Gene_294,Gene_317
Gene_294,Gene_321
Gene_294,Gene_324
Gene_294,Gene_328
Gene_294,Gene_356
Gene_294,Gene_358
Gene_294,Gene_361
Gene_294,Gene_365
Gene_294,Gene_367
Gene_294,Gene_372
Gene_294,Gene_383
Gene_294,Gene_384
Gene_294,Gene_385
Gene_294,Gene_392
Gene_294,Gene_395
Gene_294,Gene_404
Gene_294,Gene_411
Gene_294,Gene_412
Gene_294,Gene_413
Gene_294,Gene_416
Gene_294,Gene_422
Gene_294,Gene_430
Gene_294,Gene_431
Gene_294,Gene_448
Gene_294,Gene_460
Gene_294,Gene_461
Gene_294,Gene_463
Gene_294,Gene_465
Gene_294,Gene_472
Gene_294,Gene_478
Gene_294,Gene_479
Gene_294,Gene_486
Gene_294,Gene_489
Gene_294,Gene_496
Gene_294,Gene_502
Gene_294,Gene_503
Gene_294,Gene_520
Gene_294,Gene_523
Gene_294,Gene_532
Gene_294,Gene_533
Gene_294,Gene_535
Gene_294,Gene_542
Gene_294,Gene_549
Gene_294,Gene_559
Gene_294,Gene_561
Gene_294,Gene_563
Gene_294,Gene_564
Gene_294,Gene_566
Gene_294,Gene_568
Gene_294,Gene_572
Gene_294,Gene_573
Gene_294,Gene_574
Gene_294,Gene_576
Gene_294,Gene_577
Gene_294,Gene_582
Gene_294,Gene_584
Gene_294,Gene_585
Gene_294,Gene_587
Gene_294,Gene_594
Gene_294,Gene_599
Gene_294,Gene_607
Gene_294,Gene_628
Gene_294,Gene_634
Gene_294,Gene_637
Gene_294,Gene_651
Gene_294,Gene_654
Gene_294,Gene_665
Gene_294,Gene_666
Gene_294,Gene_683
Gene_294,Gene_688
Gene_294,Gene_690
Gene_294,Gene_692
Gene_294,Gene_697
Gene_294,Gene_701
Gene_294,Gene_704
Gene_294,Gene_707
Gene_294,Gene_708
Gene_294,Gene_717
Gene_294,Gene_720
Gene_294,Gene_721
Gene_294,Gene_723
Gene_294,Gene_739
Gene_294,Gene_744
Gene_294,Gene_749
Gene_294,Gene_753
Gene_294,Gene_754
Gene_294,Gene_758
Gene_294,Gene_763
Gene_294,Gene_764
Gene_294,Gene_765
Gene_294,Gene_770
Gene_294,Gene_774
Gene_294,Gene_775
Gene_294,Gene_780
Gene_294,Gene_787
Gene_294,Gene_796
Gene_294,Gene_797
Gene_294,Gene_803
Gene_294,Gene_808
Gene_294,Gene_809
Gene_294,Gene_812
Gene_294,Gene_817
Gene_294,Gene_825
Gene_294,Gene_826
Gene_294,Gene_832
Gene_294,Gene_836
Gene_294,Gene_841
Gene_294,Gene_844
Gene_294,Gene_848
Gene_294,Gene_860
Gene_294,Gene_869
Gene_294,Gene_871
Gene_294,Gene_874
Gene_294,Gene_879
Gene_294,Gene_884
Gene_294,Gene_886
Gene_294,Gene_891
Gene_294,Gene_897
Gene_294,Gene_899
Gene_294,Gene_909
Gene_294,Gene_911
Gene_294,Gene_914
Gene_294,Gene_916
Gene_294,Gene_917
Gene_294,Gene_918
Gene_294,Gene_919
Gene_294,Gene_930
Gene_294,Gene_932
Gene_294,Gene_935
Gene_294,Gene_943
Gene_294,Gene_945
Gene_294,Gene_951
Gene_294,Gene_954
Gene_294,Gene_961
Gene_294,Gene_963
Gene_294,Gene_966
Gene_294,Gene_967
Gene_294,Gene_969
Gene_294,Gene_972
Gene_294,Gene_973
Gene_294,Gene_985
Gene_294,Gene_988
Gene_294,Gene_989
Gene_294,Gene_998
Gene_321,Gene_3
Gene_321,Gene_4
Gene_321,Gene_5
Gene_321,Gene_6
Gene_321,Gene_7
Gene_321,Gene_10
Gene_321,Gene_15
Gene_321,Gene_16
Gene_321,Gene_21
Gene_321,Gene_22
Gene_321,Gene_25
Gene_321,Gene_26
Gene_321,Gene_28
Gene_321,Gene_30
Gene_321,Gene_31
Gene_321,Gene_33
Gene_321,Gene_34
Gene_321,Gene_35
Gene_321,Gene_42
Gene_321,Gene_44
Gene_321,Gene_46
Gene_321,Gene_48
Gene_321,Gene_53
Gene_321,Gene_55
Gene_321,Gene_62
Gene_321,Gene_63
Gene_321,Gene_65
Gene_321,Gene_67
Gene_321,Gene_69
Gene_321,Gene_72
Gene_321,Gene_74
Gene_321,Gene_75
Gene_321,Gene_77
Gene_321,Gene_78
Gene_321,Gene_80
Gene_321,Gene_83
Gene_321,Gene_87
Gene_321,Gene_88
Gene_321,Gene_95
Gene_321,Gene_98
Gene_321,Gene_99
Gene_321,Gene_101
Gene_321,Gene_104
Gene_321,Gene_106
Gene_321,Gene_107
Gene_321,Gene_108
Gene_321,Gene_110
Gene_321,Gene_112
Gene_321,Gene_114
Gene_321,Gene_116
Gene_321,Gene_117
Gene_321,Gene_118
Gene_321,Gene_119
Gene_321,Gene_123
Gene_321,Gene_124
Gene_321,Gene_125
Gene_321,Gene_126
Gene_321,Gene_127
Gene_321,Gene_128
Gene_321,Gene_135
Gene_321,Gene_136
Gene_321,Gene_137
Gene_321,Gene_142
Gene_321,Gene_143
Gene_321,Gene_144
Gene_321,Gene_146
Gene_321,Gene_148
Gene_321,Gene_155
Gene_321,Gene_158
Gene_321,Gene_161
Gene_321,Gene_162
Gene_321,Gene_163
Gene_321,Gene_164
Gene_321,Gene_165
Gene_321,Gene_166
Gene_321,Gene_167
Gene_321,Gene_168
Gene_321,Gene_172
Gene_321,Gene_173
Gene_321,Gene_174
Gene_321,Gene_179
Gene_321,Gene_180
Gene_321,Gene_181
Gene_321,Gene_183
Gene_321,Gene_186
Gene_321,Gene_187
Gene_321,Gene_188
Gene_321,Gene_189
Gene_321,Gene_191
Gene_321,Gene_192
Gene_321,Gene_193
Gene_321,Gene_194
Gene_321,Gene_196
Gene_321,Gene_200
Gene_321,Gene_203
Gene_321,Gene_204
Gene_321,Gene_206
Gene_321,Gene_213
Gene_321,Gene_215
Gene_321,Gene_216
Gene_321,Gene_219
Gene_321,Gene_222
Gene_321,Gene_223
Gene_321,Gene_224
Gene_321,Gene_225
Gene_321,Gene_228
Gene_321,Gene_234
Gene_321,Gene_238
Gene_321,Gene_239
Gene_321,Gene_240
Gene_321,Gene_243
Gene_321,Gene_244
Gene_321,Gene_246
Gene_321,Gene_247
Gene_321,Gene_248
Gene_321,Gene_250
Gene_321,Gene_252
Gene_321,Gene_253
Gene_321,Gene_255
Gene_321,Gene_258
Gene_321,Gene_259
Gene_321,Gene_264
Gene_321,Gene_265
Gene_321,Gene_268
Gene_321,Gene_270
Gene_321,Gene_271
Gene_321,Gene_274
Gene_321,Gene_275
Gene_321,Gene_278
Gene_321,Gene_279
Gene_321,Gene_280
Gene_321,Gene_285
Gene_321,Gene_290
Gene_321,Gene_291
Gene_321,Gene_292
Gene_321,Gene_296
Gene_321,Gene_297
Gene_321,Gene_299
Gene_321,Gene_301
Gene_321,Gene_302
Gene_321,Gene_306
Gene_321,Gene_308
Gene_321,Gene_311
Gene_321,Gene_312
Gene_321,Gene_317
Gene_321,Gene_318
Gene_321,Gene_321
Gene_321,Gene_324
Gene_321,Gene_326
Gene_321,Gene_327
Gene_321,Gene_328
Gene_321,Gene_332
Gene_321,Gene_337
Gene_321,Gene_346
Gene_321,Gene_349
Gene_321,Gene_350
Gene_321,Gene_351
Gene_321,Gene_352
Gene_321,Gene_354
Gene_321,Gene_355
Gene_321,Gene_356
Gene_321,Gene_357
Gene_321,Gene_358
Gene_321,Gene_364
Gene_321,Gene_365
Gene_321,Gene_366
Gene_321,Gene_372
Gene_321,Gene_373
Gene_321,Gene_376
Gene_321,Gene_377
Gene_321,Gene_378
Gene_321,Gene_381
Gene_321,Gene_383
Gene_321,Gene_385
Gene_321,Gene_386
Gene_321,Gene_389
Gene_321,Gene_395
Gene_321,Gene_398
Gene_321,Gene_399
Gene_321,Gene_400
Gene_321,Gene_404
Gene_321,Gene_408
Gene_321,Gene_411
Gene_321,Gene_412
Gene_321,Gene_413
Gene_321,Gene_416
Gene_321,Gene_417
Gene_321,Gene_420
Gene_321,Gene_421
Gene_321,Gene_422
Gene_321,Gene_429
Gene_321,Gene_430
Gene_321,Gene_431
Gene_321,Gene_433
Gene_321,Gene_434
Gene_321,Gene_437
Gene_321,Gene_440
Gene_321,Gene_444
Gene_321,Gene_448
Gene_321,Gene_449
Gene_321,Gene_453
Gene_321,Gene_455
Gene_321,Gene_459
Gene_321,Gene_460
Gene_321,Gene_461
Gene_321,Gene_463
Gene_321,Gene_464
Gene_321,Gene_466
Gene_321,Gene_467
Gene_321,Gene_469
Gene_321,Gene_473
Gene_321,Gene_474
Gene_321,Gene_477
Gene_321,Gene_479
Gene_321,Gene_481
Gene_321,Gene_484
Gene_321,Gene_485
Gene_321,Gene_486
Gene_321,Gene_487
Gene_321,Gene_489
Gene_321,Gene_491
Gene_321,Gene_493
Gene_321,Gene_494
Gene_321,Gene_495
Gene_321,Gene_496
Gene_321,Gene_497
Gene_321,Gene_498
Gene_321,Gene_499
Gene_321,Gene_502
Gene_321,Gene_519
Gene_321,Gene_520
Gene_321,Gene_521
Gene_321,Gene_532
Gene_321,Gene_533
Gene_321,Gene_535
Gene_321,Gene_536
Gene_321,Gene_538
Gene_321,Gene_542
Gene_321,Gene_543
Gene_321,Gene_544
Gene_321,Gene_548
Gene_321,Gene_549
Gene_321,Gene_550
Gene_321,Gene_552
Gene_321,Gene_559
Gene_321,Gene_561
Gene_321,Gene_564
Gene_321,Gene_572
Gene_321,Gene_573
Gene_321,Gene_574
Gene_321,Gene_576
Gene_321,Gene_577
Gene_321,Gene_578
Gene_321,Gene_579
Gene_321,Gene_580
Gene_321,Gene_582
Gene_321,Gene_584
Gene_321,Gene_590
Gene_321,Gene_592
Gene_321,Gene_593
Gene_321,Gene_594
Gene_321,Gene_596
Gene_321,Gene_599
Gene_321,Gene_600
Gene_321,Gene_605
Gene_321,Gene_609
Gene_321,Gene_613
Gene_321,Gene_614
Gene_321,Gene_617
Gene_321,Gene_619
Gene_321,Gene_622
Gene_321,Gene_626
Gene_321,Gene_627
Gene_321,Gene_628
Gene_321,Gene_630
Gene_321,Gene_632
Gene_321,Gene_633
Gene_321,Gene_634
Gene_321,Gene_635
Gene_321,Gene_637
Gene_321,Gene_638
Gene_321,Gene_640
Gene_321,Gene_643
Gene_321,Gene_646
Gene_321,Gene_650
Gene_321,Gene_651
Gene_321,Gene_654
Gene_321,Gene_655
Gene_321,Gene_660
Gene_321,Gene_663
Gene_321,Gene_665
Gene_321,Gene_666
Gene_321,Gene_669
Gene_321,Gene_670
Gene_321,Gene_671
Gene_321,Gene_675
Gene_321,Gene_676
Gene_321,Gene_679
Gene_321,Gene_680
Gene_321,Gene_681
Gene_321,Gene_683
Gene_321,Gene_686
Gene_321,Gene_688
Gene_321,Gene_690
Gene_321,Gene_692
Gene_321,Gene_693
Gene_321,Gene_697
Gene_321,Gene_699
Gene_321,Gene_701
Gene_321,Gene_704
Gene_321,Gene_706
Gene_321,Gene_707
Gene_321,Gene_708
Gene_321,Gene_709
Gene_321,Gene_710
Gene_321,Gene_715
Gene_321,Gene_717
Gene_321,Gene_718
Gene_321,Gene_719
Gene_321,Gene_720
Gene_321,Gene_721
Gene_321,Gene_722
Gene_321,Gene_723
Gene_321,Gene_731
Gene_321,Gene_734
Gene_321,Gene_737
Gene_321,Gene_738
Gene_321,Gene_739
Gene_321,Gene_740
Gene_321,Gene_741
Gene_321,Gene_742
Gene_321,Gene_743
Gene_321,Gene_744
Gene_321,Gene_749
Gene_321,Gene_751
Gene_321,Gene_752
Gene_321,Gene_753
Gene_321,Gene_754
Gene_321,Gene_757
Gene_321,Gene_758
Gene_321,Gene_762
Gene_321,Gene_763
Gene_321,Gene_764
Gene_321,Gene_765
Gene_321,Gene_768
Gene_321,Gene_770
Gene_321,Gene_774
Gene_321,Gene_775
Gene_321,Gene_777
Gene_321,Gene_780
Gene_321,Gene_781
Gene_321,Gene_783
Gene_321,Gene_784
Gene_321,Gene_786
Gene_321,Gene_787
Gene_321,Gene_790
Gene_321,Gene_793
Gene_321,Gene_797
Gene_321,Gene_800
Gene_321,Gene_801
Gene_321,Gene_802
Gene_321,Gene_803
Gene_321,Gene_805
Gene_321,Gene_808
Gene_321,Gene_809
Gene_321,Gene_811
Gene_321,Gene_813
Gene_321,Gene_817
Gene_321,Gene_818
Gene_321,Gene_825
Gene_321,Gene_826
Gene_321,Gene_830
Gene_321,Gene_831
Gene_321,Gene_832
Gene_321,Gene_835
Gene_321,Gene_837
Gene_321,Gene_838
Gene_321,Gene_841
Gene_321,Gene_842
Gene_321,Gene_843
Gene_321,Gene_844
Gene_321,Gene_845
Gene_321,Gene_847
Gene_321,Gene_849
Gene_321,Gene_851
Gene_321,Gene_852
Gene_321,Gene_855
Gene_321,Gene_858
Gene_321,Gene_859
Gene_321,Gene_862
Gene_321,Gene_866
Gene_321,Gene_869
Gene_321,Gene_871
Gene_321,Gene_872
Gene_321,Gene_873
Gene_321,Gene_874
Gene_321,Gene_876
Gene_321,Gene_879
Gene_321,Gene_880
Gene_321,Gene_883
Gene_321,Gene_884
Gene_321,Gene_885
Gene_321,Gene_889
Gene_321,Gene_891
Gene_321,Gene_892
Gene_321,Gene_893
Gene_321,Gene_897
Gene_321,Gene_899
Gene_321,Gene_900
Gene_321,Gene_903
Gene_321,Gene_905
Gene_321,Gene_909
Gene_321,Gene_911
Gene_321,Gene_912
Gene_321,Gene_914
Gene_321,Gene_915
Gene_321,Gene_916
Gene_321,Gene_919
Gene_321,Gene_923
Gene_321,Gene_926
Gene_321,Gene_932
Gene_321,Gene_933
Gene_321,Gene_935
Gene_321,Gene_945
Gene_321,Gene_946
Gene_321,Gene_948
Gene_321,Gene_951
Gene_321,Gene_954
Gene_321,Gene_955
Gene_321,Gene_960
Gene_321,Gene_962
Gene_321,Gene_966
Gene_321,Gene_967
Gene_321,Gene_969
Gene_321,Gene_970
Gene_321,Gene_972
Gene_321,Gene_975
Gene_321,Gene_977
Gene_321,Gene_980
Gene_321,Gene_981
Gene_321,Gene_983
Gene_321,Gene_984
Gene_321,Gene_985
Gene_321,Gene_998
Gene_409,Gene_0
Gene_409,Gene_1
Gene_409,Gene_2
Gene_409,Gene_3
Gene_409,Gene_4
Gene_409,Gene_5
Gene_409,Gene_6
Gene_409,Gene_7
Gene_409,Gene_9
Gene_409,Gene_10
Gene_409,Gene_11
Gene_409,Gene_15
Gene_409,Gene_16
Gene_409,Gene_18
Gene_409,Gene_21
Gene_409,Gene_22
Gene_409,Gene_23
Gene_409,Gene_24
Gene_409,Gene_25
Gene_409,Gene_26
Gene_409,Gene_28
Gene_409,Gene_29
Gene_409,Gene_30
Gene_409,Gene_31
Gene_409,Gene_33
Gene_409,Gene_34
Gene_409,Gene_35
Gene_409,Gene_40
Gene_409,Gene_42
Gene_409,Gene_46
Gene_409,Gene_47
Gene_409,Gene_48
Gene_409,Gene_49
Gene_409,Gene_51
Gene_409,Gene_55
Gene_409,Gene_57
Gene_409,Gene_62
Gene_409,Gene_63
Gene_409,Gene_64
Gene_409,Gene_67
Gene_409,Gene_69
Gene_409,Gene_72
Gene_409,Gene_77
Gene_409,Gene_78
Gene_409,Gene_80
Gene_409,Gene_82
Gene_409,Gene_83
Gene_409,Gene_87
Gene_409,Gene_88
Gene_409,Gene_90
Gene_409,Gene_94
Gene_409,Gene_95
Gene_409,Gene_98
Gene_409,Gene_99
Gene_409,Gene_101
Gene_409,Gene_103
Gene_409,Gene_104
Gene_409,Gene_106
Gene_409,Gene_107
Gene_409,Gene_108
Gene_409,Gene_110
Gene_409,Gene_112
Gene_409,Gene_114
Gene_409,Gene_116
Gene_409,Gene_118
Gene_409,Gene_119
Gene_409,Gene_123
Gene_409,Gene_124
Gene_409,Gene_125
Gene_409,Gene_127
Gene_409,Gene_128
Gene_409,Gene_134
Gene_409,Gene_135
Gene_409,Gene_136
Gene_409,Gene_137
Gene_409,Gene_142
Gene_409,Gene_145
Gene_409,Gene_146
Gene_409,Gene_150
Gene_409,Gene_153
Gene_409,Gene_154
Gene_409,Gene_155
Gene_409,Gene_158
Gene_409,Gene_161
Gene_409,Gene_162
Gene_409,Gene_164
Gene_409,Gene_166
Gene_409,Gene_167
Gene_409,Gene_168
Gene_409,Gene_171
Gene_409,Gene_172
Gene_409,Gene_175
Gene_409,Gene_176
Gene_409,Gene_177
Gene_409,Gene_179
Gene_409,Gene_180
Gene_409,Gene_181
Gene_409,Gene_183
Gene_409,Gene_185
Gene_409,Gene_186
Gene_409,Gene_189
Gene_409,Gene_191
Gene_409,Gene_192
Gene_409,Gene_196
Gene_409,Gene_198
Gene_409,Gene_200
Gene_409,Gene_203
Gene_409,Gene_204
Gene_409,Gene_205
Gene_409,Gene_208
Gene_409,Gene_209
Gene_409,Gene_213
Gene_409,Gene_214
Gene_409,Gene_215
Gene_409,Gene_216
Gene_409,Gene_218
Gene_409,Gene_219
Gene_409,Gene_220
Gene_409,Gene_221
Gene_409,Gene_222
Gene_409,Gene_223
Gene_409,Gene_224
Gene_409,Gene_225
Gene_409,Gene_226
Gene_409,Gene_227
Gene_409,Gene_228
Gene_409,Gene_229
Gene_409,Gene_231
Gene_409,Gene_232
Gene_409,Gene_233
Gene_409,Gene_234
Gene_409,Gene_237
Gene_409,Gene_238
Gene_409,Gene_241
Gene_409,Gene_243
Gene_409,Gene_246
Gene_409,Gene_247
Gene_409,Gene_250
Gene_409,Gene_251
Gene_409,Gene_252
Gene_409,Gene_253
Gene_409,Gene_257
Gene_409,Gene_258
Gene_409,Gene_259
Gene_409,Gene_260
Gene_409,Gene_264
Gene_409,Gene_265
Gene_409,Gene_266
Gene_409,Gene_267
Gene_409,Gene_268
Gene_409,Gene_269
Gene_409,Gene_270
Gene_409,Gene_272
Gene_409,Gene_274
Gene_409,Gene_277
Gene_409,Gene_279
Gene_409,Gene_280
Gene_409,Gene_284
Gene_409,Gene_285
Gene_409,Gene_287
Gene_409,Gene_290
Gene_409,Gene_291
Gene_409,Gene_296
Gene_409,Gene_298
Gene_409,Gene_299
Gene_409,Gene_301
Gene_409,Gene_302
Gene_409,Gene_303
Gene_409,Gene_304
Gene_409,Gene_306
Gene_409,Gene_307
Gene_409,Gene_308
Gene_409,Gene_310
Gene_409,Gene_311
Gene_409,Gene_312
Gene_409,Gene_313
Gene_409,Gene_314
Gene_409,Gene_317
Gene_409,Gene_318
Gene_409,Gene_319
Gene_409,Gene_324
Gene_409,Gene_326
Gene_409,Gene_327
Gene_409,Gene_332
Gene_409,Gene_335
Gene_409,Gene_337
Gene_409,Gene_338
Gene_409,Gene_344
Gene_409,Gene_345
Gene_409,Gene_348
Gene_409,Gene_349
Gene_409,Gene_350
Gene_409,Gene_354
Gene_409,Gene_355
Gene_409,Gene_356
Gene_409,Gene_357
Gene_409,Gene_358
Gene_409,Gene_361
Gene_409,Gene_365
Gene_409,Gene_370
Gene_409,Gene_372
Gene_409,Gene_374
Gene_409,Gene_377
Gene_409,Gene_378
Gene_409,Gene_381
Gene_409,Gene_383
Gene_409,Gene_384
Gene_409,Gene_385
Gene_409,Gene_386
Gene_409,Gene_392
Gene_409,Gene_395
Gene_409,Gene_398
Gene_409,Gene_399
Gene_409,Gene_400
Gene_409,Gene_401
Gene_409,Gene_404
Gene_409,Gene_407
Gene_409,Gene_408
Gene_409,Gene_409
Gene_409,Gene_411
Gene_409,Gene_412
Gene_409,Gene_416
Gene_409,Gene_417
Gene_409,Gene_420
Gene_409,Gene_422
Gene_409,Gene_424
Gene_409,Gene_427
Gene_409,Gene_428
Gene_409,Gene_429
Gene_409,Gene_430
Gene_409,Gene_431
Gene_409,Gene_432
Gene_409,Gene_433
Gene_409,Gene_437
Gene_409,Gene_438
Gene_409,Gene_440
Gene_409,Gene_444
Gene_409,Gene_445
Gene_409,Gene_446
Gene_409,Gene_448
Gene_409,Gene_449
Gene_409,Gene_453
Gene_409,Gene_455
Gene_409,Gene_456
Gene_409,Gene_457
Gene_409,Gene_459
Gene_409,Gene_460
Gene_409,Gene_461
Gene_409,Gene_463
Gene_409,Gene_464
Gene_409,Gene_465
Gene_409,Gene_466
Gene_409,Gene_467
Gene_409,Gene_469
Gene_409,Gene_472
Gene_409,Gene_473
Gene_409,Gene_474
Gene_409,Gene_475
Gene_409,Gene_477
Gene_409,Gene_478
Gene_409,Gene_479
Gene_409,Gene_481
Gene_409,Gene_484
Gene_409,Gene_485
Gene_409,Gene_486
Gene_409,Gene_487
Gene_409,Gene_488
Gene_409,Gene_489
Gene_409,Gene_490
Gene_409,Gene_491
Gene_409,Gene_493
Gene_409,Gene_494
Gene_409,Gene_495
Gene_409,Gene_496
Gene_409,Gene_497
Gene_409,Gene_498
Gene_409,Gene_499
Gene_409,Gene_502
Gene_409,Gene_503
Gene_409,Gene_505
Gene_409,Gene_509
Gene_409,Gene_515
Gene_409,Gene_519
Gene_409,Gene_520
Gene_409,Gene_521
Gene_409,Gene_527
Gene_409,Gene_528
Gene_409,Gene_532
Gene_409,Gene_533
Gene_409,Gene_534
Gene_409,Gene_535
Gene_409,Gene_536
Gene_409,Gene_538
Gene_409,Gene_539
Gene_409,Gene_543
Gene_409,Gene_544
Gene_409,Gene_547
Gene_409,Gene_550
Gene_409,Gene_551
Gene_409,Gene_552
Gene_409,Gene_555
Gene_409,Gene_561
Gene_409,Gene_563
Gene_409,Gene_565
Gene_409,Gene_566
Gene_409,Gene_568
Gene_409,Gene_571
Gene_409,Gene_572
Gene_409,Gene_573
Gene_409,Gene_574
Gene_409,Gene_577
Gene_409,Gene_578
Gene_409,Gene_583
Gene_409,Gene_584
Gene_409,Gene_585
Gene_409,Gene_587
Gene_409,Gene_589
Gene_409,Gene_590
Gene_409,Gene_592
Gene_409,Gene_594
Gene_409,Gene_595
Gene_409,Gene_596
Gene_409,Gene_599
Gene_409,Gene_600
Gene_409,Gene_602
Gene_409,Gene_605
Gene_409,Gene_607
Gene_409,Gene_610
Gene_409,Gene_612
Gene_409,Gene_614
Gene_409,Gene_618
Gene_409,Gene_619
Gene_409,Gene_621
Gene_409,Gene_622
Gene_409,Gene_623
Gene_409,Gene_626
Gene_409,Gene_627
Gene_409,Gene_628
Gene_409,Gene_629
Gene_409,Gene_630
Gene_409,Gene_631
Gene_409,Gene_632
Gene_409,Gene_633
Gene_409,Gene_634
Gene_409,Gene_635
Gene_409,Gene_637
Gene_409,Gene_640
Gene_409,Gene_641
Gene_409,Gene_643
Gene_409,Gene_644
Gene_409,Gene_646
Gene_409,Gene_650
Gene_409,Gene_651
Gene_409,Gene_659
Gene_409,Gene_662
Gene_409,Gene_663
Gene_409,Gene_664
Gene_409,Gene_665
Gene_409,Gene_668
Gene_409,Gene_669
Gene_409,Gene_670
Gene_409,Gene_671
Gene_409,Gene_676
Gene_409,Gene_677
Gene_409,Gene_681
Gene_409,Gene_683
Gene_409,Gene_686
Gene_409,Gene_687
Gene_409,Gene_688
Gene_409,Gene_690
Gene_409,Gene_692
Gene_409,Gene_696
Gene_409,Gene_697
Gene_409,Gene_698
Gene_409,Gene_699
Gene_409,Gene_701
Gene_409,Gene_702
Gene_409,Gene_708
Gene_409,Gene_709
Gene_409,Gene_710
Gene_409,Gene_715
Gene_409,Gene_718
Gene_409,Gene_720
Gene_409,Gene_721
Gene_409,Gene_723
Gene_409,Gene_724
Gene_409,Gene_727
Gene_409,Gene_728
Gene_409,Gene_730
Gene_409,Gene_731
Gene_409,Gene_732
Gene_409,Gene_734
Gene_409,Gene_737
Gene_409,Gene_739
Gene_409,Gene_740
Gene_409,Gene_741
Gene_409,Gene_746
Gene_409,Gene_749
Gene_409,Gene_751
Gene_409,Gene_752
Gene_409,Gene_753
Gene_409,Gene_754
Gene_409,Gene_756
Gene_409,Gene_757
Gene_409,Gene_758
Gene_409,Gene_759
Gene_409,Gene_760
Gene_409,Gene_761
Gene_409,Gene_763
Gene_409,Gene_764
Gene_409,Gene_765
Gene_409,Gene_767
Gene_409,Gene_768
Gene_409,Gene_770
Gene_409,Gene_772
Gene_409,Gene_773
Gene_409,Gene_775
Gene_409,Gene_777
Gene_409,Gene_780
Gene_409,Gene_781
Gene_409,Gene_782
Gene_409,Gene_783
Gene_409,Gene_786
Gene_409,Gene_790
Gene_409,Gene_793
Gene_409,Gene_796
Gene_409,Gene_797
Gene_409,Gene_798
Gene_409,Gene_800
Gene_409,Gene_801
Gene_409,Gene_803
Gene_409,Gene_805
Gene_409,Gene_806
Gene_409,Gene_808
Gene_409,Gene_811
Gene_409,Gene_812
Gene_409,Gene_813
Gene_409,Gene_815
Gene_409,Gene_816
Gene_409,Gene_817
Gene_409,Gene_819
Gene_409,Gene_821
Gene_409,Gene_826
Gene_409,Gene_829
Gene_409,Gene_830
Gene_409,Gene_831
Gene_409,Gene_832
Gene_409,Gene_833
Gene_409,Gene_834
Gene_409,Gene_835
Gene_409,Gene_836
Gene_409,Gene_837
Gene_409,Gene_838
Gene_409,Gene_841
Gene_409,Gene_842
Gene_409,Gene_843
Gene_409,Gene_844
Gene_409,Gene_845
Gene_409,Gene_847
Gene_409,Gene_848
Gene_409,Gene_849
Gene_409,Gene_851
Gene_409,Gene_852
Gene_409,Gene_855
Gene_409,Gene_857
Gene_409,Gene_858
Gene_409,Gene_860
Gene_409,Gene_861
Gene_409,Gene_866
Gene_409,Gene_868
Gene_409,Gene_869
Gene_409,Gene_871
Gene_409,Gene_872
Gene_409,Gene_873
Gene_409,Gene_876
Gene_409,Gene_877
Gene_409,Gene_878
Gene_409,Gene_879
Gene_409,Gene_880
Gene_409,Gene_881
Gene_409,Gene_883
Gene_409,Gene_884
Gene_409,Gene_886
Gene_409,Gene_889
Gene_409,Gene_891
Gene_409,Gene_892
Gene_409,Gene_893
Gene_409,Gene_894
Gene_409,Gene_896
Gene_409,Gene_897
Gene_409,Gene_898
Gene_409,Gene_899
Gene_409,Gene_900
Gene_409,Gene_903
Gene_409,Gene_905
Gene_409,Gene_909
Gene_409,Gene_911
Gene_409,Gene_912
Gene_409,Gene_914
Gene_409,Gene_915
Gene_409,Gene_917
Gene_409,Gene_919
Gene_409,Gene_920
Gene_409,Gene_922
Gene_409,Gene_924
Gene_409,Gene_926
Gene_409,Gene_929
Gene_409,Gene_930
Gene_409,Gene_932
Gene_409,Gene_933
Gene_409,Gene_935
Gene_409,Gene_941
Gene_409,Gene_943
Gene_409,Gene_946
Gene_409,Gene_947
Gene_409,Gene_948
Gene_409,Gene_952
Gene_409,Gene_954
Gene_409,Gene_957
Gene_409,Gene_960
Gene_409,Gene_961
Gene_409,Gene_962
Gene_409,Gene_964
Gene_409,Gene_966
Gene_409,Gene_967
Gene_409,Gene_968
Gene_409,Gene_970
Gene_409,Gene_972
Gene_409,Gene_975
Gene_409,Gene_976
Gene_409,Gene_977
Gene_409,Gene_980
Gene_409,Gene_983
Gene_409,Gene_987
Gene_409,Gene_988
Gene_409,Gene_989
Gene_409,Gene_990
Gene_409,Gene_992
Gene_409,Gene_993
Gene_409,Gene_996
Gene_409,Gene_998
Gene_409,Gene_999
Gene_437,Gene_520
Gene_446,Gene_2
Gene_446,Gene_7
Gene_446,Gene_10
Gene_446,Gene_11
Gene_446,Gene_15
Gene_446,Gene_23
Gene_446,Gene_24
Gene_446,Gene_33
Gene_446,Gene_40
Gene_446,Gene_47
Gene_446,Gene_48
Gene_446,Gene_49
Gene_446,Gene_51
Gene_446,Gene_67
Gene_446,Gene_69
Gene_446,Gene_72
Gene_446,Gene_74
Gene_446,Gene_75
Gene_446,Gene_77
Gene_446,Gene_88
Gene_446,Gene_95
Gene_446,Gene_99
Gene_446,Gene_102
Gene_446,Gene_103
Gene_446,Gene_104
Gene_446,Gene_110
Gene_446,Gene_111
Gene_446,Gene_114
Gene_446,Gene_116
Gene_446,Gene_117
Gene_446,Gene_119
Gene_446,Gene_124
Gene_446,Gene_125
Gene_446,Gene_126
Gene_446,Gene_134
Gene_446,Gene_135
Gene_446,Gene_137
Gene_446,Gene_140
Gene_446,Gene_142
Gene_446,Gene_146
Gene_446,Gene_148
Gene_446,Gene_150
Gene_446,Gene_151
Gene_446,Gene_158
Gene_446,Gene_159
Gene_446,Gene_161
Gene_446,Gene_165
Gene_446,Gene_167
Gene_446,Gene_174
Gene_446,Gene_179
Gene_446,Gene_182
Gene_446,Gene_183
Gene_446,Gene_186
Gene_446,Gene_187
Gene_446,Gene_193
Gene_446,Gene_194
Gene_446,Gene_203
Gene_446,Gene_204
Gene_446,Gene_209
Gene_446,Gene_216
Gene_446,Gene_217
Gene_446,Gene_219
Gene_446,Gene_221
Gene_446,Gene_222
Gene_446,Gene_226
Gene_446,Gene_233
Gene_446,Gene_234
Gene_446,Gene_237
Gene_446,Gene_239
Gene_446,Gene_241
Gene_446,Gene_243
Gene_446,Gene_246
Gene_446,Gene_248
Gene_446,Gene_255
Gene_446,Gene_258
Gene_446,Gene_271
Gene_446,Gene_278
Gene_446,Gene_280
Gene_446,Gene_291
Gene_446,Gene_292
Gene_446,Gene_297
Gene_446,Gene_299
Gene_446,Gene_301
Gene_446,Gene_306
Gene_446,Gene_310
Gene_446,Gene_311
Gene_446,Gene_314
Gene_446,Gene_317
Gene_446,Gene_318
Gene_446,Gene_319
Gene_446,Gene_321
Gene_446,Gene_327
Gene_446,Gene_332
Gene_446,Gene_339
Gene_446,Gene_349
Gene_446,Gene_350
Gene_446,Gene_352
Gene_446,Gene_353
Gene_446,Gene_354
Gene_446,Gene_355
Gene_446,Gene_361
Gene_446,Gene_366
Gene_446,Gene_378
Gene_446,Gene_382
Gene_446,Gene_388
Gene_446,Gene_389
Gene_446,Gene_392
Gene_446,Gene_395
Gene_446,Gene_407
Gene_446,Gene_413
Gene_446,Gene_416
Gene_446,Gene_421
Gene_446,Gene_427
Gene_446,Gene_428
Gene_446,Gene_429
Gene_446,Gene_431
Gene_446,Gene_434
Gene_446,Gene_435
Gene_446,Gene_436
Gene_446,Gene_438
Gene_446,Gene_439
Gene_446,Gene_440
Gene_446,Gene_442
Gene_446,Gene_453
Gene_446,Gene_455
Gene_446,Gene_456
Gene_446,Gene_457
Gene_446,Gene_459
Gene_446,Gene_464
Gene_446,Gene_469
Gene_446,Gene_474
Gene_446,Gene_478
Gene_446,Gene_479
Gene_446,Gene_490
Gene_446,Gene_495
Gene_446,Gene_508
Gene_446,Gene_515
Gene_446,Gene_518
Gene_446,Gene_520
Gene_446,Gene_521
Gene_446,Gene_523
Gene_446,Gene_527
Gene_446,Gene_528
Gene_446,Gene_533
Gene_446,Gene_534
Gene_446,Gene_535
Gene_446,Gene_536
Gene_446,Gene_539
Gene_446,Gene_542
Gene_446,Gene_543
Gene_446,Gene_544
Gene_446,Gene_547
Gene_446,Gene_548
Gene_446,Gene_550
Gene_446,Gene_551
Gene_446,Gene_552
Gene_446,Gene_563
Gene_446,Gene_574
Gene_446,Gene_577
Gene_446,Gene_578
Gene_446,Gene_581
Gene_446,Gene_584
Gene_446,Gene_593
Gene_446,Gene_595
Gene_446,Gene_596
Gene_446,Gene_597
Gene_446,Gene_600
Gene_446,Gene_617
Gene_446,Gene_621
Gene_446,Gene_622
Gene_446,Gene_627
Gene_446,Gene_632
Gene_446,Gene_634
Gene_446,Gene_636
Gene_446,Gene_638
Gene_446,Gene_640
Gene_446,Gene_643
Gene_446,Gene_644
Gene_446,Gene_646
Gene_446,Gene_654
Gene_446,Gene_659
Gene_446,Gene_669
Gene_446,Gene_671
Gene_446,Gene_681
Gene_446,Gene_682
Gene_446,Gene_683
Gene_446,Gene_690
Gene_446,Gene_696
Gene_446,Gene_697
Gene_446,Gene_702
Gene_446,Gene_707
Gene_446,Gene_715
Gene_446,Gene_717
Gene_446,Gene_728
Gene_446,Gene_730
Gene_446,Gene_731
Gene_446,Gene_736
Gene_446,Gene_740
Gene_446,Gene_741
Gene_446,Gene_744
Gene_446,Gene_751
Gene_446,Gene_756
Gene_446,Gene_757
Gene_446,Gene_763
Gene_446,Gene_764
Gene_446,Gene_768
Gene_446,Gene_770
Gene_446,Gene_772
Gene_446,Gene_773
Gene_446,Gene_774
Gene_446,Gene_781
Gene_446,Gene_782
Gene_446,Gene_792
Gene_446,Gene_797
Gene_446,Gene_810
Gene_446,Gene_813
Gene_446,Gene_825
Gene_446,Gene_826
Gene_446,Gene_830
Gene_446,Gene_832
Gene_446,Gene_833
Gene_446,Gene_835
Gene_446,Gene_841
Gene_446,Gene_845
Gene_446,Gene_847
Gene_446,Gene_849
Gene_446,Gene_851
Gene_446,Gene_853
Gene_446,Gene_860
Gene_446,Gene_866
Gene_446,Gene_869
Gene_446,Gene_871
Gene_446,Gene_873
Gene_446,Gene_876
Gene_446,Gene_877
Gene_446,Gene_878
Gene_446,Gene_879
Gene_446,Gene_885
Gene_446,Gene_886
Gene_446,Gene_888
Gene_446,Gene_891
Gene_446,Gene_892
Gene_446,Gene_893
Gene_446,Gene_894
Gene_446,Gene_898
Gene_446,Gene_900
Gene_446,Gene_902
Gene_446,Gene_906
Gene_446,Gene_909
Gene_446,Gene_910
Gene_446,Gene_920
Gene_446,Gene_922
Gene_446,Gene_924
Gene_446,Gene_926
Gene_446,Gene_929
Gene_446,Gene_930
Gene_446,Gene_946
Gene_446,Gene_947
Gene_446,Gene_952
Gene_446,Gene_968
Gene_446,Gene_973
Gene_446,Gene_977
Gene_446,Gene_983
Gene_446,Gene_984
Gene_446,Gene_988
Gene_446,Gene_992
Gene_446,Gene_997
Gene_544,Gene_1
Gene_544,Gene_7
Gene_544,Gene_22
Gene_544,Gene_36
Gene_544,Gene_44
Gene_544,Gene_62
Gene_544,Gene_80
Gene_544,Gene_82
Gene_544,Gene_107
Gene_544,Gene_111
Gene_544,Gene_114
Gene_544,Gene_122
Gene_544,Gene_123
Gene_544,Gene_127
Gene_544,Gene_153
Gene_544,Gene_161
Gene_544,Gene_164
Gene_544,Gene_175
Gene_544,Gene_186
Gene_544,Gene_191
Gene_544,Gene_196
Gene_544,Gene_205
Gene_544,Gene_220
Gene_544,Gene_223
Gene_544,Gene_227
Gene_544,Gene_228
Gene_544,Gene_229
Gene_544,Gene_231
Gene_544,Gene_251
Gene_544,Gene_269
Gene_544,Gene_278
Gene_544,Gene_283
Gene_544,Gene_285
Gene_544,Gene_290
Gene_544,Gene_304
Gene_544,Gene_308
Gene_544,Gene_319
Gene_544,Gene_348
Gene_544,Gene_356
Gene_544,Gene_358
Gene_544,Gene_365
Gene_544,Gene_377
Gene_544,Gene_380
Gene_544,Gene_384
Gene_544,Gene_385
Gene_544,Gene_401
Gene_544,Gene_404
Gene_544,Gene_481
Gene_544,Gene_486
Gene_544,Gene_487
Gene_544,Gene_505
Gene_544,Gene_520
Gene_544,Gene_533
Gene_544,Gene_559
Gene_544,Gene_564
Gene_544,Gene_582
Gene_544,Gene_611
Gene_544,Gene_612
Gene_544,Gene_635
Gene_544,Gene_637
Gene_544,Gene_648
Gene_544,Gene_664
Gene_544,Gene_676
Gene_544,Gene_680
Gene_544,Gene_686
Gene_544,Gene_687
Gene_544,Gene_691
Gene_544,Gene_695
Gene_544,Gene_719
Gene_544,Gene_728
Gene_544,Gene_746
Gene_544,Gene_749
Gene_544,Gene_753
Gene_544,Gene_759
Gene_544,Gene_765
Gene_544,Gene_773
Gene_544,Gene_774
Gene_544,Gene_786
Gene_544,Gene_796
Gene_544,Gene_800
Gene_544,Gene_808
Gene_544,Gene_809
Gene_544,Gene_811
Gene_544,Gene_815
Gene_544,Gene_818
Gene_544,Gene_821
Gene_544,Gene_833
Gene_544,Gene_838
Gene_544,Gene_848
Gene_544,Gene_861
Gene_544,Gene_862
Gene_544,Gene_874
Gene_544,Gene_883
Gene_544,Gene_894
Gene_544,Gene_914
Gene_544,Gene_918
Gene_544,Gene_955
Gene_544,Gene_957
Gene_544,Gene_960
Gene_544,Gene_961
Gene_544,Gene_962
Gene_544,Gene_964
Gene_544,Gene_973
Gene_544,Gene_997
Gene_544,Gene_999
Gene_578,Gene_16
Gene_578,Gene_26
Gene_578,Gene_33
Gene_578,Gene_40
Gene_578,Gene_47
Gene_578,Gene_49
Gene_578,Gene_74
Gene_578,Gene_75
Gene_578,Gene_88
Gene_578,Gene_95
Gene_578,Gene_99
Gene_578,Gene_101
Gene_578,Gene_104
Gene_578,Gene_118
Gene_578,Gene_125
Gene_578,Gene_126
Gene_578,Gene_128
Gene_578,Gene_134
Gene_578,Gene_143
Gene_578,Gene_162
Gene_578,Gene_166
Gene_578,Gene_172
Gene_578,Gene_174
Gene_578,Gene_201
Gene_578,Gene_209
Gene_578,Gene_215
Gene_578,Gene_219
Gene_578,Gene_243
Gene_578,Gene_248
Gene_578,Gene_252
Gene_578,Gene_255
Gene_578,Gene_259
Gene_578,Gene_267
Gene_578,Gene_292
Gene_578,Gene_297
Gene_578,Gene_298
Gene_578,Gene_299
Gene_578,Gene_313
Gene_578,Gene_327
Gene_578,Gene_335
Gene_578,Gene_346
Gene_578,Gene_351
Gene_578,Gene_357
Gene_578,Gene_366
Gene_578,Gene_382
Gene_578,Gene_386
Gene_578,Gene_389
Gene_578,Gene_408
Gene_578,Gene_412
Gene_578,Gene_435
Gene_578,Gene_457
Gene_578,Gene_465
Gene_578,Gene_481
Gene_578,Gene_484
Gene_578,Gene_485
Gene_578,Gene_496
Gene_578,Gene_499
Gene_578,Gene_520
Gene_578,Gene_521
Gene_578,Gene_523
Gene_578,Gene_538
Gene_578,Gene_543
Gene_578,Gene_544
Gene_578,Gene_546
Gene_578,Gene_563
Gene_578,Gene_565
Gene_578,Gene_574
Gene_578,Gene_578
Gene_578,Gene_583
Gene_578,Gene_593
Gene_578,Gene_595
Gene_578,Gene_600
Gene_578,Gene_609
Gene_578,Gene_630
Gene_578,Gene_632
Gene_578,Gene_634
Gene_578,Gene_636
Gene_578,Gene_644
Gene_578,Gene_693
Gene_578,Gene_697
Gene_578,Gene_718
Gene_578,Gene_736
Gene_578,Gene_742
Gene_578,Gene_752
Gene_578,Gene_755
Gene_578,Gene_759
Gene_578,Gene_781
Gene_578,Gene_790
Gene_578,Gene_795
Gene_578,Gene_830
Gene_578,Gene_834
Gene_578,Gene_835
Gene_578,Gene_842
Gene_578,Gene_848
Gene_578,Gene_851
Gene_578,Gene_852
Gene_578,Gene_866
Gene_578,Gene_873
Gene_578,Gene_881
Gene_578,Gene_885
Gene_578,Gene_891
Gene_578,Gene_903
Gene_578,Gene_915
Gene_578,Gene_922
Gene_578,Gene_923
Gene_578,Gene_930
Gene_578,Gene_951
Gene_578,Gene_952
Gene_578,Gene_969
Gene_578,Gene_984
Gene_578,Gene_988
Gene_578,Gene_996
Gene_617,Gene_1
Gene_617,Gene_6
Gene_617,Gene_7
Gene_617,Gene_9
Gene_617,Gene_19
Gene_617,Gene_24
Gene_617,Gene_25
Gene_617,Gene_28
Gene_617,Gene_36
Gene_617,Gene_44
Gene_617,Gene_51
Gene_617,Gene_59
Gene_617,Gene_61
Gene_617,Gene_62
Gene_617,Gene_76
Gene_617,Gene_78
Gene_617,Gene_80
Gene_617,Gene_82
Gene_617,Gene_85
Gene_617,Gene_107
Gene_617,Gene_111
Gene_617,Gene_117
Gene_617,Gene_118
Gene_617,Gene_122
Gene_617,Gene_123
Gene_617,Gene_124
Gene_617,Gene_127
Gene_617,Gene_136
Gene_617,Gene_137
Gene_617,Gene_147
Gene_617,Gene_152
Gene_617,Gene_153
Gene_617,Gene_154
Gene_617,Gene_155
Gene_617,Gene_164
Gene_617,Gene_165
Gene_617,Gene_167
Gene_617,Gene_171
Gene_617,Gene_174
Gene_617,Gene_175
Gene_617,Gene_176
Gene_617,Gene_179
Gene_617,Gene_182
Gene_617,Gene_191
Gene_617,Gene_210
Gene_617,Gene_213
Gene_617,Gene_214
Gene_617,Gene_218
Gene_617,Gene_220
Gene_617,Gene_227
Gene_617,Gene_228
Gene_617,Gene_229
Gene_617,Gene_231
Gene_617,Gene_243
Gene_617,Gene_246
Gene_617,Gene_251
Gene_617,Gene_255
Gene_617,Gene_265
Gene_617,Gene_267
Gene_617,Gene_268
Gene_617,Gene_271
Gene_617,Gene_275
Gene_617,Gene_278
Gene_617,Gene_283
Gene_617,Gene_290
Gene_617,Gene_291
Gene_617,Gene_298
Gene_617,Gene_303
Gene_617,Gene_304
Gene_617,Gene_326
Gene_617,Gene_337
Gene_617,Gene_338
Gene_617,Gene_348
Gene_617,Gene_356
Gene_617,Gene_358
Gene_617,Gene_366
Gene_617,Gene_367
Gene_617,Gene_372
Gene_617,Gene_377
Gene_617,Gene_380
Gene_617,Gene_383
Gene_617,Gene_385
Gene_617,Gene_386
Gene_617,Gene_389
Gene_617,Gene_398
Gene_617,Gene_399
Gene_617,Gene_401
Gene_617,Gene_404
Gene_617,Gene_406
Gene_617,Gene_407
Gene_617,Gene_408
Gene_617,Gene_413
Gene_617,Gene_424
Gene_617,Gene_435
Gene_617,Gene_436
Gene_617,Gene_439
Gene_617,Gene_444
Gene_617,Gene_467
Gene_617,Gene_472
Gene_617,Gene_473
Gene_617,Gene_477
Gene_617,Gene_484
Gene_617,Gene_486
Gene_617,Gene_487
Gene_617,Gene_490
Gene_617,Gene_505
Gene_617,Gene_520
Gene_617,Gene_528
Gene_617,Gene_533
Gene_617,Gene_534
Gene_617,Gene_548
Gene_617,Gene_555
Gene_617,Gene_559
Gene_617,Gene_561
Gene_617,Gene_563
Gene_617,Gene_564
Gene_617,Gene_566
Gene_617,Gene_568
Gene_617,Gene_576
Gene_617,Gene_582
Gene_617,Gene_585
Gene_617,Gene_592
Gene_617,Gene_610
Gene_617,Gene_611
Gene_617,Gene_612
Gene_617,Gene_621
Gene_617,Gene_635
Gene_617,Gene_637
Gene_617,Gene_648
Gene_617,Gene_660
Gene_617,Gene_664
Gene_617,Gene_668
Gene_617,Gene_674
Gene_617,Gene_676
Gene_617,Gene_680
Gene_617,Gene_686
Gene_617,Gene_687
Gene_617,Gene_688
Gene_617,Gene_691
Gene_617,Gene_692
Gene_617,Gene_702
Gene_617,Gene_709
Gene_617,Gene_710
Gene_617,Gene_721
Gene_617,Gene_728
Gene_617,Gene_737
Gene_617,Gene_738
Gene_617,Gene_746
Gene_617,Gene_749
Gene_617,Gene_753
Gene_617,Gene_754
Gene_617,Gene_762
Gene_617,Gene_763
Gene_617,Gene_765
Gene_617,Gene_767
Gene_617,Gene_770
Gene_617,Gene_773
Gene_617,Gene_786
Gene_617,Gene_791
Gene_617,Gene_794
Gene_617,Gene_796
Gene_617,Gene_798
Gene_617,Gene_800
Gene_617,Gene_805
Gene_617,Gene_808
Gene_617,Gene_812
Gene_617,Gene_816
Gene_617,Gene_817
Gene_617,Gene_818
Gene_617,Gene_821
Gene_617,Gene_826
Gene_617,Gene_832
Gene_617,Gene_833
Gene_617,Gene_836
Gene_617,Gene_837
Gene_617,Gene_838
Gene_617,Gene_843
Gene_617,Gene_848
Gene_617,Gene_859
Gene_617,Gene_860
Gene_617,Gene_861
Gene_617,Gene_862
Gene_617,Gene_874
Gene_617,Gene_889
Gene_617,Gene_891
Gene_617,Gene_894
Gene_617,Gene_912
Gene_617,Gene_915
Gene_617,Gene_918
Gene_617,Gene_955
Gene_617,Gene_960
Gene_617,Gene_962
Gene_617,Gene_965
Gene_617,Gene_980
Gene_617,Gene_981
Gene_617,Gene_987
Gene_617,Gene_997
Gene_617,Gene_998
Gene_617,Gene_999
Gene_644,Gene_12
Gene_644,Gene_253
Gene_644,Gene_772
Gene_644,Gene_885
Gene_696,Gene_0
Gene_696,Gene_3
Gene_696,Gene_4
Gene_696,Gene_5
Gene_696,Gene_6
Gene_696,Gene_9
Gene_696,Gene_10
Gene_696,Gene_11
Gene_696,Gene_12
Gene_696,Gene_14
Gene_696,Gene_15
Gene_696,Gene_16
Gene_696,Gene_19
Gene_696,Gene_21
Gene_696,Gene_22
Gene_696,Gene_23
Gene_696,Gene_24
Gene_696,Gene_25
Gene_696,Gene_26
Gene_696,Gene_28
Gene_696,Gene_29
Gene_696,Gene_30
Gene_696,Gene_31
Gene_696,Gene_33
Gene_696,Gene_34
Gene_696,Gene_35
Gene_696,Gene_40
Gene_696,Gene_43
Gene_696,Gene_44
Gene_696,Gene_46
Gene_696,Gene_47
Gene_696,Gene_48
Gene_696,Gene_51
Gene_696,Gene_53
Gene_696,Gene_55
Gene_696,Gene_56
Gene_696,Gene_57
Gene_696,Gene_58
Gene_696,Gene_61
Gene_696,Gene_62
Gene_696,Gene_63
Gene_696,Gene_64
Gene_696,Gene_65
Gene_696,Gene_67
Gene_696,Gene_69
Gene_696,Gene_72
Gene_696,Gene_74
Gene_696,Gene_75
Gene_696,Gene_76
Gene_696,Gene_77
Gene_696,Gene_82
Gene_696,Gene_83
Gene_696,Gene_84
Gene_696,Gene_85
Gene_696,Gene_86
Gene_696,Gene_87
Gene_696,Gene_88
Gene_696,Gene_93
Gene_696,Gene_94
Gene_696,Gene_95
Gene_696,Gene_98
Gene_696,Gene_99
Gene_696,Gene_101
Gene_696,Gene_102
Gene_696,Gene_104
Gene_696,Gene_106
Gene_696,Gene_107
Gene_696,Gene_108
Gene_696,Gene_111
Gene_696,Gene_112
Gene_696,Gene_114
Gene_696,Gene_116
Gene_696,Gene_118
Gene_696,Gene_119
Gene_696,Gene_122
Gene_696,Gene_123
Gene_696,Gene_124
Gene_696,Gene_125
Gene_696,Gene_126
Gene_696,Gene_127
Gene_696,Gene_128
Gene_696,Gene_135
Gene_696,Gene_136
Gene_696,Gene_137
Gene_696,Gene_141
Gene_696,Gene_142
Gene_696,Gene_145
Gene_696,Gene_146
Gene_696,Gene_147
Gene_696,Gene_148
Gene_696,Gene_151
Gene_696,Gene_152
Gene_696,Gene_153
Gene_696,Gene_154
Gene_696,Gene_155
Gene_696,Gene_161
Gene_696,Gene_162
Gene_696,Gene_165
Gene_696,Gene_166
Gene_696,Gene_171
Gene_696,Gene_172
Gene_696,Gene_173
Gene_696,Gene_174
Gene_696,Gene_176
Gene_696,Gene_179
Gene_696,Gene_180
Gene_696,Gene_181
Gene_696,Gene_182
Gene_696,Gene_185
Gene_696,Gene_186
Gene_696,Gene_188
Gene_696,Gene_189
Gene_696,Gene_191
Gene_696,Gene_192
Gene_696,Gene_194
Gene_696,Gene_195
Gene_696,Gene_198
Gene_696,Gene_200
Gene_696,Gene_204
Gene_696,Gene_205
Gene_696,Gene_206
Gene_696,Gene_208
Gene_696,Gene_209
Gene_696,Gene_210
Gene_696,Gene_213
Gene_696,Gene_215
Gene_696,Gene_217
Gene_696,Gene_218
Gene_696,Gene_220
Gene_696,Gene_221
Gene_696,Gene_222
Gene_696,Gene_223
Gene_696,Gene_224
Gene_696,Gene_226
Gene_696,Gene_227
Gene_696,Gene_228
Gene_696,Gene_229
Gene_696,Gene_230
Gene_696,Gene_231
Gene_696,Gene_232
Gene_696,Gene_234
Gene_696,Gene_237
Gene_696,Gene_238
Gene_696,Gene_239
Gene_696,Gene_240
Gene_696,Gene_241
Gene_696,Gene_242
Gene_696,Gene_243
Gene_696,Gene_244
Gene_696,Gene_245
Gene_696,Gene_246
Gene_696,Gene_247
Gene_696,Gene_248
Gene_696,Gene_250
Gene_696,Gene_251
Gene_696,Gene_252
Gene_696,Gene_253
Gene_696,Gene_255
Gene_696,Gene_257
Gene_696,Gene_259
Gene_696,Gene_260
Gene_696,Gene_264
Gene_696,Gene_266
Gene_696,Gene_267
Gene_696,Gene_269
Gene_696,Gene_270
Gene_696,Gene_271
Gene_696,Gene_274
Gene_696,Gene_275
Gene_696,Gene_278
Gene_696,Gene_280
Gene_696,Gene_281
Gene_696,Gene_285
Gene_696,Gene_290
Gene_696,Gene_291
Gene_696,Gene_292
Gene_696,Gene_296
Gene_696,Gene_297
Gene_696,Gene_298
Gene_696,Gene_299
Gene_696,Gene_301
Gene_696,Gene_302
Gene_696,Gene_303
Gene_696,Gene_304
Gene_696,Gene_306
Gene_696,Gene_307
Gene_696,Gene_308
Gene_696,Gene_311
Gene_696,Gene_313
Gene_696,Gene_314
Gene_696,Gene_317
Gene_696,Gene_318
Gene_696,Gene_319
Gene_696,Gene_321
Gene_696,Gene_323
Gene_696,Gene_326
Gene_696,Gene_327
Gene_696,Gene_328
Gene_696,Gene_330
Gene_696,Gene_332
Gene_696,Gene_333
Gene_696,Gene_337
Gene_696,Gene_338
Gene_696,Gene_344
Gene_696,Gene_346
Gene_696,Gene_348
Gene_696,Gene_350
Gene_696,Gene_351
Gene_696,Gene_352
Gene_696,Gene_353
Gene_696,Gene_354
Gene_696,Gene_355
Gene_696,Gene_356
Gene_696,Gene_357
Gene_696,Gene_358
Gene_696,Gene_364
Gene_696,Gene_365
Gene_696,Gene_366
Gene_696,Gene_367
Gene_696,Gene_370
Gene_696,Gene_372
Gene_696,Gene_373
Gene_696,Gene_377
Gene_696,Gene_378
Gene_696,Gene_381
Gene_696,Gene_382
Gene_696,Gene_383
Gene_696,Gene_384
Gene_696,Gene_385
Gene_696,Gene_386
Gene_696,Gene_388
Gene_696,Gene_389
Gene_696,Gene_395
Gene_696,Gene_398
Gene_696,Gene_399
Gene_696,Gene_400
Gene_696,Gene_401
Gene_696,Gene_404
Gene_696,Gene_406
Gene_696,Gene_407
Gene_696,Gene_408
Gene_696,Gene_409
Gene_696,Gene_411
Gene_696,Gene_413
Gene_696,Gene_417
Gene_696,Gene_420
Gene_696,Gene_421
Gene_696,Gene_422
Gene_696,Gene_424
Gene_696,Gene_427
Gene_696,Gene_428
Gene_696,Gene_429
Gene_696,Gene_430
Gene_696,Gene_431
Gene_696,Gene_432
Gene_696,Gene_433
Gene_696,Gene_434
Gene_696,Gene_436
Gene_696,Gene_437
Gene_696,Gene_438
Gene_696,Gene_442
Gene_696,Gene_446
Gene_696,Gene_448
Gene_696,Gene_449
Gene_696,Gene_453
Gene_696,Gene_455
Gene_696,Gene_456
Gene_696,Gene_459
Gene_696,Gene_460
Gene_696,Gene_461
Gene_696,Gene_465
Gene_696,Gene_466
Gene_696,Gene_469
Gene_696,Gene_472
Gene_696,Gene_474
Gene_696,Gene_477
Gene_696,Gene_478
Gene_696,Gene_479
Gene_696,Gene_481
Gene_696,Gene_484
Gene_696,Gene_485
Gene_696,Gene_486
Gene_696,Gene_487
Gene_696,Gene_488
Gene_696,Gene_489
Gene_696,Gene_490
Gene_696,Gene_491
Gene_696,Gene_493
Gene_696,Gene_496
Gene_696,Gene_497
Gene_696,Gene_498
Gene_696,Gene_502
Gene_696,Gene_503
Gene_696,Gene_505
Gene_696,Gene_509
Gene_696,Gene_519
Gene_696,Gene_520
Gene_696,Gene_521
Gene_696,Gene_523
Gene_696,Gene_524
Gene_696,Gene_525
Gene_696,Gene_527
Gene_696,Gene_528
Gene_696,Gene_532
Gene_696,Gene_533
Gene_696,Gene_534
Gene_696,Gene_535
Gene_696,Gene_536
Gene_696,Gene_538
Gene_696,Gene_539
Gene_696,Gene_540
Gene_696,Gene_541
Gene_696,Gene_543
Gene_696,Gene_547
Gene_696,Gene_548
Gene_696,Gene_549
Gene_696,Gene_551
Gene_696,Gene_552
Gene_696,Gene_559
Gene_696,Gene_561
Gene_696,Gene_563
Gene_696,Gene_564
Gene_696,Gene_565
Gene_696,Gene_566
Gene_696,Gene_567
Gene_696,Gene_568
Gene_696,Gene_571
Gene_696,Gene_572
Gene_696,Gene_573
Gene_696,Gene_576
Gene_696,Gene_577
Gene_696,Gene_578
Gene_696,Gene_579
Gene_696,Gene_580
Gene_696,Gene_581
Gene_696,Gene_583
Gene_696,Gene_589
Gene_696,Gene_590
Gene_696,Gene_592
Gene_696,Gene_593
Gene_696,Gene_594
Gene_696,Gene_595
Gene_696,Gene_596
Gene_696,Gene_597
Gene_696,Gene_599
Gene_696,Gene_600
Gene_696,Gene_602
Gene_696,Gene_605
Gene_696,Gene_607
Gene_696,Gene_609
Gene_696,Gene_610
Gene_696,Gene_611
Gene_696,Gene_612
Gene_696,Gene_614
Gene_696,Gene_617
Gene_696,Gene_618
Gene_696,Gene_619
Gene_696,Gene_621
Gene_696,Gene_622
Gene_696,Gene_623
Gene_696,Gene_626
Gene_696,Gene_627
Gene_696,Gene_628
Gene_696,Gene_629
Gene_696,Gene_630
Gene_696,Gene_631
Gene_696,Gene_632
Gene_696,Gene_633
Gene_696,Gene_634
Gene_696,Gene_635
Gene_696,Gene_636
Gene_696,Gene_640
Gene_696,Gene_643
Gene_696,Gene_644
Gene_696,Gene_646
Gene_696,Gene_651
Gene_696,Gene_653
Gene_696,Gene_654
Gene_696,Gene_660
Gene_696,Gene_662
Gene_696,Gene_666
Gene_696,Gene_668
Gene_696,Gene_669
Gene_696,Gene_670
Gene_696,Gene_671
Gene_696,Gene_674
Gene_696,Gene_677
Gene_696,Gene_679
Gene_696,Gene_680
Gene_696,Gene_681
Gene_696,Gene_688
Gene_696,Gene_689
Gene_696,Gene_690
Gene_696,Gene_692
Gene_696,Gene_693
Gene_696,Gene_696
Gene_696,Gene_698
Gene_696,Gene_699
Gene_696,Gene_701
Gene_696,Gene_702
Gene_696,Gene_704
Gene_696,Gene_705
Gene_696,Gene_706
Gene_696,Gene_707
Gene_696,Gene_708
Gene_696,Gene_709
Gene_696,Gene_710
Gene_696,Gene_714
Gene_696,Gene_715
Gene_696,Gene_718
Gene_696,Gene_719
Gene_696,Gene_720
Gene_696,Gene_721
Gene_696,Gene_722
Gene_696,Gene_723
Gene_696,Gene_724
Gene_696,Gene_727
Gene_696,Gene_728
Gene_696,Gene_731
Gene_696,Gene_732
Gene_696,Gene_734
Gene_696,Gene_736
Gene_696,Gene_737
Gene_696,Gene_738
Gene_696,Gene_739
Gene_696,Gene_740
Gene_696,Gene_741
Gene_696,Gene_742
Gene_696,Gene_743
Gene_696,Gene_744
Gene_696,Gene_746
Gene_696,Gene_749
Gene_696,Gene_752
Gene_696,Gene_753
Gene_696,Gene_754
Gene_696,Gene_755
Gene_696,Gene_756
Gene_696,Gene_757
Gene_696,Gene_758
Gene_696,Gene_759
Gene_696,Gene_760
Gene_696,Gene_761
Gene_696,Gene_762
Gene_696,Gene_763
Gene_696,Gene_764
Gene_696,Gene_767
Gene_696,Gene_768
Gene_696,Gene_773
Gene_696,Gene_774
Gene_696,Gene_775
Gene_696,Gene_776
Gene_696,Gene_780
Gene_696,Gene_781
Gene_696,Gene_782
Gene_696,Gene_790
Gene_696,Gene_791
Gene_696,Gene_793
Gene_696,Gene_794
Gene_696,Gene_797
Gene_696,Gene_798
Gene_696,Gene_801
Gene_696,Gene_802
Gene_696,Gene_803
Gene_696,Gene_805
Gene_696,Gene_806
Gene_696,Gene_818
Gene_696,Gene_819
Gene_696,Gene_821
Gene_696,Gene_823
Gene_696,Gene_825
Gene_696,Gene_826
Gene_696,Gene_833
Gene_696,Gene_834
Gene_696,Gene_835
Gene_696,Gene_836
Gene_696,Gene_837
Gene_696,Gene_838
Gene_696,Gene_841
Gene_696,Gene_842
Gene_696,Gene_843
Gene_696,Gene_844
Gene_696,Gene_845
Gene_696,Gene_848
Gene_696,Gene_849
Gene_696,Gene_851
Gene_696,Gene_852
Gene_696,Gene_855
Gene_696,Gene_858
Gene_696,Gene_859
Gene_696,Gene_861
Gene_696,Gene_862
Gene_696,Gene_866
Gene_696,Gene_869
Gene_696,Gene_871
Gene_696,Gene_872
Gene_696,Gene_873
Gene_696,Gene_874
Gene_696,Gene_876
Gene_696,Gene_877
Gene_696,Gene_878
Gene_696,Gene_879
Gene_696,Gene_880
Gene_696,Gene_882
Gene_696,Gene_883
Gene_696,Gene_884
Gene_696,Gene_885
Gene_696,Gene_886
Gene_696,Gene_888
Gene_696,Gene_889
Gene_696,Gene_891
Gene_696,Gene_893
Gene_696,Gene_894
Gene_696,Gene_896
Gene_696,Gene_897
Gene_696,Gene_898
Gene_696,Gene_899
Gene_696,Gene_900
Gene_696,Gene_901
Gene_696,Gene_903
Gene_696,Gene_905
Gene_696,Gene_906
Gene_696,Gene_907
Gene_696,Gene_909
Gene_696,Gene_911
Gene_696,Gene_912
Gene_696,Gene_913
Gene_696,Gene_914
Gene_696,Gene_917
Gene_696,Gene_918
Gene_696,Gene_919
Gene_696,Gene_920
Gene_696,Gene_922
Gene_696,Gene_923
Gene_696,Gene_924
Gene_696,Gene_926
Gene_696,Gene_929
Gene_696,Gene_932
Gene_696,Gene_933
Gene_696,Gene_935
Gene_696,Gene_941
Gene_696,Gene_943
Gene_696,Gene_945
Gene_696,Gene_946
Gene_696,Gene_947
Gene_696,Gene_948
Gene_696,Gene_949
Gene_696,Gene_951
Gene_696,Gene_954
Gene_696,Gene_955
Gene_696,Gene_957
Gene_696,Gene_960
Gene_696,Gene_961
Gene_696,Gene_963
Gene_696,Gene_964
Gene_696,Gene_965
Gene_696,Gene_966
Gene_696,Gene_967
Gene_696,Gene_968
Gene_696,Gene_969
Gene_696,Gene_970
Gene_696,Gene_973
Gene_696,Gene_976
Gene_696,Gene_977
Gene_696,Gene_980
Gene_696,Gene_981
Gene_696,Gene_983
Gene_696,Gene_984
Gene_696,Gene_985
Gene_696,Gene_988
Gene_696,Gene_990
Gene_696,Gene_992
Gene_696,Gene_993
Gene_696,Gene_997
Gene_696,Gene_998
Gene_696,Gene_999
Gene_756,Gene_0
Gene_756,Gene_1
Gene_756,Gene_2
Gene_756,Gene_3
Gene_756,Gene_4
Gene_756,Gene_5
Gene_756,Gene_6
Gene_756,Gene_7
Gene_756,Gene_11
Gene_756,Gene_12
Gene_756,Gene_14
Gene_756,Gene_16
Gene_756,Gene_19
Gene_756,Gene_20
Gene_756,Gene_21
Gene_756,Gene_22
Gene_756,Gene_23
Gene_756,Gene_24
Gene_756,Gene_26
Gene_756,Gene_28
Gene_756,Gene_29
Gene_756,Gene_30
Gene_756,Gene_31
Gene_756,Gene_34
Gene_756,Gene_35
Gene_756,Gene_36
Gene_756,Gene_40
Gene_756,Gene_42
Gene_756,Gene_44
Gene_756,Gene_46
Gene_756,Gene_47
Gene_756,Gene_48
Gene_756,Gene_49
Gene_756,Gene_51
Gene_756,Gene_52
Gene_756,Gene_53
Gene_756,Gene_54
Gene_756,Gene_55
Gene_756,Gene_56
Gene_756,Gene_57
Gene_756,Gene_58
Gene_756,Gene_61
Gene_756,Gene_64
Gene_756,Gene_65
Gene_756,Gene_67
Gene_756,Gene_69
Gene_756,Gene_72
Gene_756,Gene_74
Gene_756,Gene_83
Gene_756,Gene_84
Gene_756,Gene_86
Gene_756,Gene_88
Gene_756,Gene_94
Gene_756,Gene_98
Gene_756,Gene_99
Gene_756,Gene_102
Gene_756,Gene_103
Gene_756,Gene_104
Gene_756,Gene_106
Gene_756,Gene_107
Gene_756,Gene_110
Gene_756,Gene_114
Gene_756,Gene_116
Gene_756,Gene_119
Gene_756,Gene_122
Gene_756,Gene_123
Gene_756,Gene_124
Gene_756,Gene_125
Gene_756,Gene_126
Gene_756,Gene_127
Gene_756,Gene_128
Gene_756,Gene_134
Gene_756,Gene_135
Gene_756,Gene_143
Gene_756,Gene_144
Gene_756,Gene_145
Gene_756,Gene_146
Gene_756,Gene_147
Gene_756,Gene_148
Gene_756,Gene_151
Gene_756,Gene_158
Gene_756,Gene_159
Gene_756,Gene_162
Gene_756,Gene_163
Gene_756,Gene_165
Gene_756,Gene_166
Gene_756,Gene_167
Gene_756,Gene_172
Gene_756,Gene_173
Gene_756,Gene_174
Gene_756,Gene_177
Gene_756,Gene_179
Gene_756,Gene_180
Gene_756,Gene_181
Gene_756,Gene_182
Gene_756,Gene_183
Gene_756,Gene_187
Gene_756,Gene_188
Gene_756,Gene_192
Gene_756,Gene_193
Gene_756,Gene_194
Gene_756,Gene_195
Gene_756,Gene_196
Gene_756,Gene_197
Gene_756,Gene_201
Gene_756,Gene_203
Gene_756,Gene_204
Gene_756,Gene_205
Gene_756,Gene_206
Gene_756,Gene_209
Gene_756,Gene_213
Gene_756,Gene_214
Gene_756,Gene_215
Gene_756,Gene_216
Gene_756,Gene_217
Gene_756,Gene_218
Gene_756,Gene_219
Gene_756,Gene_221
Gene_756,Gene_222
Gene_756,Gene_223
Gene_756,Gene_225
Gene_756,Gene_228
Gene_756,Gene_229
Gene_756,Gene_231
Gene_756,Gene_232
Gene_756,Gene_233
Gene_756,Gene_234
Gene_756,Gene_237
Gene_756,Gene_238
Gene_756,Gene_240
Gene_756,Gene_241
Gene_756,Gene_243
Gene_756,Gene_245
Gene_756,Gene_246
Gene_756,Gene_247
Gene_756,Gene_248
Gene_756,Gene_252
Gene_756,Gene_257
Gene_756,Gene_258
Gene_756,Gene_259
Gene_756,Gene_260
Gene_756,Gene_264
Gene_756,Gene_265
Gene_756,Gene_267
Gene_756,Gene_270
Gene_756,Gene_271
Gene_756,Gene_272
Gene_756,Gene_274
Gene_756,Gene_275
Gene_756,Gene_278
Gene_756,Gene_280
Gene_756,Gene_284
Gene_756,Gene_287
Gene_756,Gene_291
Gene_756,Gene_292
Gene_756,Gene_294
Gene_756,Gene_296
Gene_756,Gene_298
Gene_756,Gene_301
Gene_756,Gene_302
Gene_756,Gene_303
Gene_756,Gene_304
Gene_756,Gene_305
Gene_756,Gene_318
Gene_756,Gene_319
Gene_756,Gene_321
Gene_756,Gene_324
Gene_756,Gene_330
Gene_756,Gene_332
Gene_756,Gene_333
Gene_756,Gene_338
Gene_756,Gene_344
Gene_756,Gene_345
Gene_756,Gene_350
Gene_756,Gene_353
Gene_756,Gene_354
Gene_756,Gene_355
Gene_756,Gene_356
Gene_756,Gene_357
Gene_756,Gene_361
Gene_756,Gene_362
Gene_756,Gene_365
Gene_756,Gene_366
Gene_756,Gene_367
Gene_756,Gene_370
Gene_756,Gene_372
Gene_756,Gene_373
Gene_756,Gene_378
Gene_756,Gene_381
Gene_756,Gene_384
Gene_756,Gene_385
Gene_756,Gene_388
Gene_756,Gene_389
Gene_756,Gene_390
Gene_756,Gene_392
Gene_756,Gene_398
Gene_756,Gene_399
Gene_756,Gene_400
Gene_756,Gene_401
Gene_756,Gene_404
Gene_756,Gene_406
Gene_756,Gene_409
Gene_756,Gene_412
Gene_756,Gene_413
Gene_756,Gene_416
Gene_756,Gene_417
Gene_756,Gene_420
Gene_756,Gene_422
Gene_756,Gene_430
Gene_756,Gene_431
Gene_756,Gene_432
Gene_756,Gene_433
Gene_756,Gene_434
Gene_756,Gene_435
Gene_756,Gene_436
Gene_756,Gene_437
Gene_756,Gene_438
Gene_756,Gene_439
Gene_756,Gene_440
Gene_756,Gene_442
Gene_756,Gene_444
Gene_756,Gene_445
Gene_756,Gene_446
Gene_756,Gene_448
Gene_756,Gene_449
Gene_756,Gene_453
Gene_756,Gene_455
Gene_756,Gene_456
Gene_756,Gene_457
Gene_756,Gene_459
Gene_756,Gene_460
Gene_756,Gene_463
Gene_756,Gene_464
Gene_756,Gene_465
Gene_756,Gene_466
Gene_756,Gene_467
Gene_756,Gene_469
Gene_756,Gene_472
Gene_756,Gene_475
Gene_756,Gene_477
Gene_756,Gene_478
Gene_756,Gene_481
Gene_756,Gene_485
Gene_756,Gene_487
Gene_756,Gene_488
Gene_756,Gene_489
Gene_756,Gene_490
Gene_756,Gene_491
Gene_756,Gene_493
Gene_756,Gene_494
Gene_756,Gene_495
Gene_756,Gene_496
Gene_756,Gene_499
Gene_756,Gene_502
Gene_756,Gene_503
Gene_756,Gene_505
Gene_756,Gene_508
Gene_756,Gene_515
Gene_756,Gene_519
Gene_756,Gene_521
Gene_756,Gene_523
Gene_756,Gene_525
Gene_756,Gene_527
Gene_756,Gene_533
Gene_756,Gene_534
Gene_756,Gene_535
Gene_756,Gene_538
Gene_756,Gene_539
Gene_756,Gene_540
Gene_756,Gene_541
Gene_756,Gene_543
Gene_756,Gene_544
Gene_756,Gene_546
Gene_756,Gene_547
Gene_756,Gene_548
Gene_756,Gene_549
Gene_756,Gene_551
Gene_756,Gene_552
Gene_756,Gene_554
Gene_756,Gene_555
Gene_756,Gene_559
Gene_756,Gene_563
Gene_756,Gene_564
Gene_756,Gene_565
Gene_756,Gene_567
Gene_756,Gene_568
Gene_756,Gene_572
Gene_756,Gene_574
Gene_756,Gene_577
Gene_756,Gene_578
Gene_756,Gene_579
Gene_756,Gene_580
Gene_756,Gene_581
Gene_756,Gene_585
Gene_756,Gene_587
Gene_756,Gene_589
Gene_756,Gene_590
Gene_756,Gene_594
Gene_756,Gene_595
Gene_756,Gene_596
Gene_756,Gene_597
Gene_756,Gene_600
Gene_756,Gene_603
Gene_756,Gene_605
Gene_756,Gene_607
Gene_756,Gene_609
Gene_756,Gene_611
Gene_756,Gene_612
Gene_756,Gene_617
Gene_756,Gene_618
Gene_756,Gene_619
Gene_756,Gene_621
Gene_756,Gene_622
Gene_756,Gene_623
Gene_756,Gene_626
Gene_756,Gene_628
Gene_756,Gene_629
Gene_756,Gene_630
Gene_756,Gene_634
Gene_756,Gene_635
Gene_756,Gene_636
Gene_756,Gene_643
Gene_756,Gene_646
Gene_756,Gene_648
Gene_756,Gene_650
Gene_756,Gene_653
Gene_756,Gene_654
Gene_756,Gene_659
Gene_756,Gene_660
Gene_756,Gene_663
Gene_756,Gene_665
Gene_756,Gene_666
Gene_756,Gene_669
Gene_756,Gene_670
Gene_756,Gene_674
Gene_756,Gene_676
Gene_756,Gene_677
Gene_756,Gene_679
Gene_756,Gene_681
Gene_756,Gene_682
Gene_756,Gene_683
Gene_756,Gene_686
Gene_756,Gene_687
Gene_756,Gene_688
Gene_756,Gene_689
Gene_756,Gene_690
Gene_756,Gene_692
Gene_756,Gene_693
Gene_756,Gene_696
Gene_756,Gene_697
Gene_756,Gene_699
Gene_756,Gene_701
Gene_756,Gene_702
Gene_756,Gene_705
Gene_756,Gene_706
Gene_756,Gene_707
Gene_756,Gene_709
Gene_756,Gene_710
Gene_756,Gene_715
Gene_756,Gene_717
Gene_756,Gene_718
Gene_756,Gene_720
Gene_756,Gene_721
Gene_756,Gene_722
Gene_756,Gene_723
Gene_756,Gene_724
Gene_756,Gene_727
Gene_756,Gene_728
Gene_756,Gene_730
Gene_756,Gene_731
Gene_756,Gene_732
Gene_756,Gene_734
Gene_756,Gene_735
Gene_756,Gene_736
Gene_756,Gene_738
Gene_756,Gene_739
Gene_756,Gene_740
Gene_756,Gene_741
Gene_756,Gene_742
Gene_756,Gene_743
Gene_756,Gene_744
Gene_756,Gene_746
Gene_756,Gene_749
Gene_756,Gene_751
Gene_756,Gene_752
Gene_756,Gene_753
Gene_756,Gene_754
Gene_756,Gene_757
Gene_756,Gene_758
Gene_756,Gene_759
Gene_756,Gene_760
Gene_756,Gene_762
Gene_756,Gene_763
Gene_756,Gene_764
Gene_756,Gene_765
Gene_756,Gene_767
Gene_756,Gene_769
Gene_756,Gene_776
Gene_756,Gene_777
Gene_756,Gene_780
Gene_756,Gene_781
Gene_756,Gene_782
Gene_756,Gene_783
Gene_756,Gene_784
Gene_756,Gene_786
Gene_756,Gene_787
Gene_756,Gene_790
Gene_756,Gene_793
Gene_756,Gene_795
Gene_756,Gene_796
Gene_756,Gene_797
Gene_756,Gene_800
Gene_756,Gene_801
Gene_756,Gene_803
Gene_756,Gene_805
Gene_756,Gene_808
Gene_756,Gene_809
Gene_756,Gene_810
Gene_756,Gene_811
Gene_756,Gene_812
Gene_756,Gene_816
Gene_756,Gene_817
Gene_756,Gene_818
Gene_756,Gene_821
Gene_756,Gene_823
Gene_756,Gene_825
Gene_756,Gene_829
Gene_756,Gene_830
Gene_756,Gene_832
Gene_756,Gene_833
Gene_756,Gene_835
Gene_756,Gene_836
Gene_756,Gene_837
Gene_756,Gene_841
Gene_756,Gene_842
Gene_756,Gene_844
Gene_756,Gene_845
Gene_756,Gene_848
Gene_756,Gene_849
Gene_756,Gene_850
Gene_756,Gene_851
Gene_756,Gene_853
Gene_756,Gene_854
Gene_756,Gene_855
Gene_756,Gene_859
Gene_756,Gene_861
Gene_756,Gene_866
Gene_756,Gene_868
Gene_756,Gene_869
Gene_756,Gene_872
Gene_756,Gene_873
Gene_756,Gene_874
Gene_756,Gene_876
Gene_756,Gene_877
Gene_756,Gene_878
Gene_756,Gene_879
Gene_756,Gene_881
Gene_756,Gene_883
Gene_756,Gene_884
Gene_756,Gene_886
Gene_756,Gene_892
Gene_756,Gene_894
Gene_756,Gene_896
Gene_756,Gene_897
Gene_756,Gene_898
Gene_756,Gene_899
Gene_756,Gene_900
Gene_756,Gene_901
Gene_756,Gene_903
Gene_756,Gene_905
Gene_756,Gene_906
Gene_756,Gene_911
Gene_756,Gene_913
Gene_756,Gene_914
Gene_756,Gene_915
Gene_756,Gene_917
Gene_756,Gene_918
Gene_756,Gene_919
Gene_756,Gene_920
Gene_756,Gene_922
Gene_756,Gene_923
Gene_756,Gene_924
Gene_756,Gene_926
Gene_756,Gene_933
Gene_756,Gene_935
Gene_756,Gene_938
Gene_756,Gene_940
Gene_756,Gene_943
Gene_756,Gene_947
Gene_756,Gene_949
Gene_756,Gene_951
Gene_756,Gene_952
Gene_756,Gene_954
Gene_756,Gene_955
Gene_756,Gene_961
Gene_756,Gene_963
Gene_756,Gene_966
Gene_756,Gene_967
Gene_756,Gene_968
Gene_756,Gene_972
Gene_756,Gene_973
Gene_756,Gene_975
Gene_756,Gene_976
Gene_756,Gene_977
Gene_756,Gene_984
Gene_756,Gene_985
Gene_756,Gene_988
Gene_756,Gene_989
Gene_756,Gene_993
Gene_756,Gene_997
Gene_756,Gene_998
Gene_756,Gene_999
Gene_759,Gene_5
Gene_759,Gene_10
Gene_759,Gene_12
Gene_759,Gene_19
Gene_759,Gene_21
Gene_759,Gene_23
Gene_759,Gene_34
Gene_759,Gene_40
Gene_759,Gene_48
Gene_759,Gene_55
Gene_759,Gene_62
Gene_759,Gene_64
Gene_759,Gene_69
Gene_759,Gene_82
Gene_759,Gene_84
Gene_759,Gene_101
Gene_759,Gene_103
Gene_759,Gene_104
Gene_759,Gene_111
Gene_759,Gene_119
Gene_759,Gene_123
Gene_759,Gene_124
Gene_759,Gene_125
Gene_759,Gene_126
Gene_759,Gene_135
Gene_759,Gene_145
Gene_759,Gene_150
Gene_759,Gene_151
Gene_759,Gene_162
Gene_759,Gene_174
Gene_759,Gene_175
Gene_759,Gene_179
Gene_759,Gene_186
Gene_759,Gene_188
Gene_759,Gene_196
Gene_759,Gene_206
Gene_759,Gene_214
Gene_759,Gene_215
Gene_759,Gene_216
Gene_759,Gene_217
Gene_759,Gene_221
Gene_759,Gene_222
Gene_759,Gene_228
Gene_759,Gene_233
Gene_759,Gene_234
Gene_759,Gene_237
Gene_759,Gene_238
Gene_759,Gene_242
Gene_759,Gene_255
Gene_759,Gene_259
Gene_759,Gene_266
Gene_759,Gene_291
Gene_759,Gene_299
Gene_759,Gene_302
Gene_759,Gene_306
Gene_759,Gene_317
Gene_759,Gene_318
Gene_759,Gene_337
Gene_759,Gene_353
Gene_759,Gene_358
Gene_759,Gene_381
Gene_759,Gene_382
Gene_759,Gene_389
Gene_759,Gene_401
Gene_759,Gene_411
Gene_759,Gene_416
Gene_759,Gene_427
Gene_759,Gene_428
Gene_759,Gene_431
Gene_759,Gene_446
Gene_759,Gene_448
Gene_759,Gene_449
Gene_759,Gene_453
Gene_759,Gene_457
Gene_759,Gene_459
Gene_759,Gene_464
Gene_759,Gene_466
Gene_759,Gene_472
Gene_759,Gene_474
Gene_759,Gene_475
Gene_759,Gene_477
Gene_759,Gene_490
Gene_759,Gene_491
Gene_759,Gene_493
Gene_759,Gene_494
Gene_759,Gene_497
Gene_759,Gene_515
Gene_759,Gene_519
Gene_759,Gene_520
Gene_759,Gene_528
Gene_759,Gene_534
Gene_759,Gene_535
Gene_759,Gene_543
Gene_759,Gene_544
Gene_759,Gene_561
Gene_759,Gene_563
Gene_759,Gene_564
Gene_759,Gene_568
Gene_759,Gene_573
Gene_759,Gene_584
Gene_759,Gene_592
Gene_759,Gene_595
Gene_759,Gene_597
Gene_759,Gene_599
Gene_759,Gene_617
Gene_759,Gene_621
Gene_759,Gene_623
Gene_759,Gene_630
Gene_759,Gene_631
Gene_759,Gene_632
Gene_759,Gene_635
Gene_759,Gene_650
Gene_759,Gene_654
Gene_759,Gene_658
Gene_759,Gene_679
Gene_759,Gene_690
Gene_759,Gene_692
Gene_759,Gene_693
Gene_759,Gene_697
Gene_759,Gene_707
Gene_759,Gene_718
Gene_759,Gene_732
Gene_759,Gene_738
Gene_759,Gene_742
Gene_759,Gene_746
Gene_759,Gene_749
Gene_759,Gene_756
Gene_759,Gene_758
Gene_759,Gene_759
Gene_759,Gene_763
Gene_759,Gene_764
Gene_759,Gene_777
Gene_759,Gene_780
Gene_759,Gene_796
Gene_759,Gene_805
Gene_759,Gene_806
Gene_759,Gene_811
Gene_759,Gene_813
Gene_759,Gene_818
Gene_759,Gene_823
Gene_759,Gene_825
Gene_759,Gene_830
Gene_759,Gene_833
Gene_759,Gene_840
Gene_759,Gene_845
Gene_759,Gene_849
Gene_759,Gene_854
Gene_759,Gene_858
Gene_759,Gene_871
Gene_759,Gene_872
Gene_759,Gene_877
Gene_759,Gene_878
Gene_759,Gene_880
Gene_759,Gene_881
Gene_759,Gene_885
Gene_759,Gene_886
Gene_759,Gene_893
Gene_759,Gene_894
Gene_759,Gene_898
Gene_759,Gene_905
Gene_759,Gene_915
Gene_759,Gene_919
Gene_759,Gene_922
Gene_759,Gene_930
Gene_759,Gene_952
Gene_759,Gene_975
Gene_759,Gene_983
Gene_759,Gene_990
Gene_759,Gene_992
Gene_759,Gene_996
Gene_847,Gene_655
Gene_847,Gene_879
Gene_877,Gene_6
Gene_877,Gene_10
Gene_877,Gene_12
Gene_877,Gene_24
Gene_877,Gene_40
Gene_877,Gene_47
Gene_877,Gene_48
Gene_877,Gene_76
Gene_877,Gene_95
Gene_877,Gene_101
Gene_877,Gene_110
Gene_877,Gene_116
Gene_877,Gene_119
Gene_877,Gene_137
Gene_877,Gene_143
Gene_877,Gene_146
Gene_877,Gene_148
Gene_877,Gene_174
Gene_877,Gene_183
Gene_877,Gene_217
Gene_877,Gene_222
Gene_877,Gene_225
Gene_877,Gene_237
Gene_877,Gene_260
Gene_877,Gene_281
Gene_877,Gene_296
Gene_877,Gene_297
Gene_877,Gene_318
Gene_877,Gene_328
Gene_877,Gene_332
Gene_877,Gene_353
Gene_877,Gene_356
Gene_877,Gene_378
Gene_877,Gene_386
Gene_877,Gene_427
Gene_877,Gene_429
Gene_877,Gene_438
Gene_877,Gene_440
Gene_877,Gene_456
Gene_877,Gene_464
Gene_877,Gene_469
Gene_877,Gene_474
Gene_877,Gene_508
Gene_877,Gene_509
Gene_877,Gene_528
Gene_877,Gene_544
Gene_877,Gene_549
Gene_877,Gene_552
Gene_877,Gene_567
Gene_877,Gene_574
Gene_877,Gene_577
Gene_877,Gene_584
Gene_877,Gene_590
Gene_877,Gene_609
Gene_877,Gene_622
Gene_877,Gene_640
Gene_877,Gene_644
Gene_877,Gene_658
Gene_877,Gene_669
Gene_877,Gene_689
Gene_877,Gene_697
Gene_877,Gene_699
Gene_877,Gene_736
Gene_877,Gene_740
Gene_877,Gene_744
Gene_877,Gene_751
Gene_877,Gene_757
Gene_877,Gene_764
Gene_877,Gene_772
Gene_877,Gene_813
Gene_877,Gene_825
Gene_877,Gene_842
Gene_877,Gene_847
Gene_877,Gene_849
Gene_877,Gene_857
Gene_877,Gene_858
Gene_877,Gene_859
Gene_877,Gene_866
Gene_877,Gene_877
Gene_877,Gene_879
Gene_877,Gene_886
Gene_877,Gene_906
Gene_877,Gene_909
Gene_877,Gene_916
Gene_877,Gene_922
Gene_877,Gene_984
Gene_877,Gene_989
Gene_877,Gene_992
Gene_878,Gene_7
Gene_878,Gene_36
Gene_878,Gene_59
Gene_878,Gene_111
Gene_878,Gene_147
Gene_878,Gene_176
Gene_878,Gene_227
Gene_878,Gene_269
Gene_878,Gene_301
Gene_878,Gene_380
Gene_878,Gene_389
Gene_878,Gene_398
Gene_878,Gene_436
Gene_878,Gene_446
Gene_878,Gene_486
Gene_878,Gene_523
Gene_878,Gene_542
Gene_878,Gene_578
Gene_878,Gene_581
Gene_878,Gene_612
Gene_878,Gene_648
Gene_878,Gene_674
Gene_878,Gene_686
Gene_878,Gene_687
Gene_878,Gene_738
Gene_878,Gene_759
Gene_878,Gene_809
Gene_878,Gene_815
Gene_878,Gene_861
Gene_878,Gene_894
Gene_878,Gene_964
Gene_886,Gene_0
Gene_886,Gene_1
Gene_886,Gene_2
Gene_886,Gene_3
Gene_886,Gene_4
Gene_886,Gene_5
Gene_886,Gene_10
Gene_886,Gene_14
Gene_886,Gene_15
Gene_886,Gene_16
Gene_886,Gene_18
Gene_886,Gene_19
Gene_886,Gene_21
Gene_886,Gene_22
Gene_886,Gene_24
Gene_886,Gene_25
Gene_886,Gene_26
Gene_886,Gene_29
Gene_886,Gene_30
Gene_886,Gene_31
Gene_886,Gene_33
Gene_886,Gene_34
Gene_886,Gene_36
Gene_886,Gene_40
Gene_886,Gene_44
Gene_886,Gene_46
Gene_886,Gene_47
Gene_886,Gene_48
Gene_886,Gene_49
Gene_886,Gene_51
Gene_886,Gene_53
Gene_886,Gene_54
Gene_886,Gene_55
Gene_886,Gene_56
Gene_886,Gene_57
Gene_886,Gene_58
Gene_886,Gene_59
Gene_886,Gene_61
Gene_886,Gene_62
Gene_886,Gene_65
Gene_886,Gene_67
Gene_886,Gene_69
Gene_886,Gene_72
Gene_886,Gene_75
Gene_886,Gene_80
Gene_886,Gene_82
Gene_886,Gene_83
Gene_886,Gene_84
Gene_886,Gene_85
Gene_886,Gene_86
Gene_886,Gene_87
Gene_886,Gene_88
Gene_886,Gene_93
Gene_886,Gene_94
Gene_886,Gene_95
Gene_886,Gene_98
Gene_886,Gene_99
Gene_886,Gene_101
Gene_886,Gene_102
Gene_886,Gene_103
Gene_886,Gene_104
Gene_886,Gene_107
Gene_886,Gene_108
Gene_886,Gene_110
Gene_886,Gene_112
Gene_886,Gene_114
Gene_886,Gene_116
Gene_886,Gene_117
Gene_886,Gene_118
Gene_886,Gene_119
Gene_886,Gene_124
Gene_886,Gene_125
Gene_886,Gene_126
Gene_886,Gene_127
Gene_886,Gene_134
Gene_886,Gene_135
Gene_886,Gene_137
Gene_886,Gene_141
Gene_886,Gene_142
Gene_886,Gene_144
Gene_886,Gene_145
Gene_886,Gene_148
Gene_886,Gene_153
Gene_886,Gene_154
Gene_886,Gene_158
Gene_886,Gene_164
Gene_886,Gene_166
Gene_886,Gene_167
Gene_886,Gene_171
Gene_886,Gene_172
Gene_886,Gene_173
Gene_886,Gene_174
Gene_886,Gene_175
Gene_886,Gene_176
Gene_886,Gene_183
Gene_886,Gene_187
Gene_886,Gene_188
Gene_886,Gene_189
Gene_886,Gene_191
Gene_886,Gene_193
Gene_886,Gene_194
Gene_886,Gene_195
Gene_886,Gene_196
Gene_886,Gene_197
Gene_886,Gene_200
Gene_886,Gene_203
Gene_886,Gene_204
Gene_886,Gene_206
Gene_886,Gene_208
Gene_886,Gene_210
Gene_886,Gene_213
Gene_886,Gene_214
Gene_886,Gene_216
Gene_886,Gene_217
Gene_886,Gene_218
Gene_886,Gene_219
Gene_886,Gene_220
Gene_886,Gene_221
Gene_886,Gene_222
Gene_886,Gene_225
Gene_886,Gene_226
Gene_886,Gene_227
Gene_886,Gene_228
Gene_886,Gene_229
Gene_886,Gene_232
Gene_886,Gene_234
Gene_886,Gene_238
Gene_886,Gene_241
Gene_886,Gene_243
Gene_886,Gene_245
Gene_886,Gene_247
Gene_886,Gene_248
Gene_886,Gene_250
Gene_886,Gene_251
Gene_886,Gene_252
Gene_886,Gene_253
Gene_886,Gene_257
Gene_886,Gene_258
Gene_886,Gene_259
Gene_886,Gene_260
Gene_886,Gene_264
Gene_886,Gene_265
Gene_886,Gene_268
Gene_886,Gene_269
Gene_886,Gene_270
Gene_886,Gene_271
Gene_886,Gene_274
Gene_886,Gene_275
Gene_886,Gene_276
Gene_886,Gene_278
Gene_886,Gene_279
Gene_886,Gene_280
Gene_886,Gene_281
Gene_886,Gene_283
Gene_886,Gene_284
Gene_886,Gene_285
Gene_886,Gene_287
Gene_886,Gene_290
Gene_886,Gene_291
Gene_886,Gene_292
Gene_886,Gene_296
Gene_886,Gene_297
Gene_886,Gene_298
Gene_886,Gene_299
Gene_886,Gene_301
Gene_886,Gene_302
Gene_886,Gene_303
Gene_886,Gene_304
Gene_886,Gene_305
Gene_886,Gene_307
Gene_886,Gene_308
Gene_886,Gene_310
Gene_886,Gene_313
Gene_886,Gene_314
Gene_886,Gene_318
Gene_886,Gene_319
Gene_886,Gene_321
Gene_886,Gene_323
Gene_886,Gene_324
Gene_886,Gene_326
Gene_886,Gene_327
Gene_886,Gene_328
Gene_886,Gene_330
Gene_886,Gene_332
Gene_886,Gene_337
Gene_886,Gene_338
Gene_886,Gene_344
Gene_886,Gene_345
Gene_886,Gene_346
Gene_886,Gene_350
Gene_886,Gene_351
Gene_886,Gene_352
Gene_886,Gene_354
Gene_886,Gene_356
Gene_886,Gene_357
Gene_886,Gene_358
Gene_886,Gene_361
Gene_886,Gene_364
Gene_886,Gene_366
Gene_886,Gene_372
Gene_886,Gene_373
Gene_886,Gene_377
Gene_886,Gene_378
Gene_886,Gene_380
Gene_886,Gene_382
Gene_886,Gene_383
Gene_886,Gene_384
Gene_886,Gene_385
Gene_886,Gene_386
Gene_886,Gene_388
Gene_886,Gene_395
Gene_886,Gene_398
Gene_886,Gene_399
Gene_886,Gene_400
Gene_886,Gene_401
Gene_886,Gene_404
Gene_886,Gene_406
Gene_886,Gene_407
Gene_886,Gene_408
Gene_886,Gene_409
Gene_886,Gene_411
Gene_886,Gene_413
Gene_886,Gene_416
Gene_886,Gene_417
Gene_886,Gene_420
Gene_886,Gene_421
Gene_886,Gene_422
Gene_886,Gene_427
Gene_886,Gene_429
Gene_886,Gene_431
Gene_886,Gene_433
Gene_886,Gene_434
Gene_886,Gene_435
Gene_886,Gene_436
Gene_886,Gene_438
Gene_886,Gene_439
Gene_886,Gene_440
Gene_886,Gene_442
Gene_886,Gene_444
Gene_886,Gene_446
Gene_886,Gene_453
Gene_886,Gene_456
Gene_886,Gene_457
Gene_886,Gene_460
Gene_886,Gene_463
Gene_886,Gene_464
Gene_886,Gene_466
Gene_886,Gene_467
Gene_886,Gene_468
Gene_886,Gene_474
Gene_886,Gene_475
Gene_886,Gene_477
Gene_886,Gene_478
Gene_886,Gene_479
Gene_886,Gene_481
Gene_886,Gene_485
Gene_886,Gene_486
Gene_886,Gene_487
Gene_886,Gene_489
Gene_886,Gene_493
Gene_886,Gene_495
Gene_886,Gene_496
Gene_886,Gene_497
Gene_886,Gene_499
Gene_886,Gene_502
Gene_886,Gene_503
Gene_886,Gene_509
Gene_886,Gene_515
Gene_886,Gene_519
Gene_886,Gene_520
Gene_886,Gene_521
Gene_886,Gene_523
Gene_886,Gene_525
Gene_886,Gene_527
Gene_886,Gene_532
Gene_886,Gene_533
Gene_886,Gene_534
Gene_886,Gene_535
Gene_886,Gene_536
Gene_886,Gene_538
Gene_886,Gene_539
Gene_886,Gene_540
Gene_886,Gene_541
Gene_886,Gene_542
Gene_886,Gene_543
Gene_886,Gene_546
Gene_886,Gene_547
Gene_886,Gene_549
Gene_886,Gene_550
Gene_886,Gene_551
Gene_886,Gene_552
Gene_886,Gene_555
Gene_886,Gene_563
Gene_886,Gene_564
Gene_886,Gene_565
Gene_886,Gene_567
Gene_886,Gene_568
Gene_886,Gene_571
Gene_886,Gene_572
Gene_886,Gene_574
Gene_886,Gene_577
Gene_886,Gene_578
Gene_886,Gene_579
Gene_886,Gene_580
Gene_886,Gene_581
Gene_886,Gene_582
Gene_886,Gene_583
Gene_886,Gene_587
Gene_886,Gene_589
Gene_886,Gene_590
Gene_886,Gene_592
Gene_886,Gene_593
Gene_886,Gene_594
Gene_886,Gene_595
Gene_886,Gene_596
Gene_886,Gene_597
Gene_886,Gene_599
Gene_886,Gene_600
Gene_886,Gene_602
Gene_886,Gene_607
Gene_886,Gene_610
Gene_886,Gene_611
Gene_886,Gene_612
Gene_886,Gene_614
Gene_886,Gene_618
Gene_886,Gene_621
Gene_886,Gene_623
Gene_886,Gene_626
Gene_886,Gene_628
Gene_886,Gene_629
Gene_886,Gene_630
Gene_886,Gene_631
Gene_886,Gene_632
Gene_886,Gene_633
Gene_886,Gene_634
Gene_886,Gene_635
Gene_886,Gene_637
Gene_886,Gene_640
Gene_886,Gene_643
Gene_886,Gene_644
Gene_886,Gene_646
Gene_886,Gene_648
Gene_886,Gene_650
Gene_886,Gene_651
Gene_886,Gene_653
Gene_886,Gene_654
Gene_886,Gene_660
Gene_886,Gene_662
Gene_886,Gene_663
Gene_886,Gene_666
Gene_886,Gene_668
Gene_886,Gene_669
Gene_886,Gene_671
Gene_886,Gene_675
Gene_886,Gene_676
Gene_886,Gene_680
Gene_886,Gene_681
Gene_886,Gene_683
Gene_886,Gene_687
Gene_886,Gene_688
Gene_886,Gene_689
Gene_886,Gene_690
Gene_886,Gene_691
Gene_886,Gene_692
Gene_886,Gene_693
Gene_886,Gene_696
Gene_886,Gene_697
Gene_886,Gene_699
Gene_886,Gene_702
Gene_886,Gene_704
Gene_886,Gene_705
Gene_886,Gene_707
Gene_886,Gene_708
Gene_886,Gene_709
Gene_886,Gene_710
Gene_886,Gene_715
Gene_886,Gene_718
Gene_886,Gene_719
Gene_886,Gene_720
Gene_886,Gene_721
Gene_886,Gene_722
Gene_886,Gene_723
Gene_886,Gene_724
Gene_886,Gene_727
Gene_886,Gene_728
Gene_886,Gene_731
Gene_886,Gene_732
Gene_886,Gene_736
Gene_886,Gene_737
Gene_886,Gene_738
Gene_886,Gene_739
Gene_886,Gene_740
Gene_886,Gene_741
Gene_886,Gene_743
Gene_886,Gene_744
Gene_886,Gene_746
Gene_886,Gene_753
Gene_886,Gene_754
Gene_886,Gene_755
Gene_886,Gene_756
Gene_886,Gene_758
Gene_886,Gene_761
Gene_886,Gene_762
Gene_886,Gene_763
Gene_886,Gene_764
Gene_886,Gene_765
Gene_886,Gene_767
Gene_886,Gene_768
Gene_886,Gene_770
Gene_886,Gene_772
Gene_886,Gene_773
Gene_886,Gene_776
Gene_886,Gene_777
Gene_886,Gene_780
Gene_886,Gene_782
Gene_886,Gene_783
Gene_886,Gene_786
Gene_886,Gene_787
Gene_886,Gene_790
Gene_886,Gene_791
Gene_886,Gene_793
Gene_886,Gene_795
Gene_886,Gene_798
Gene_886,Gene_802
Gene_886,Gene_803
Gene_886,Gene_805
Gene_886,Gene_806
Gene_886,Gene_809
Gene_886,Gene_811
Gene_886,Gene_815
Gene_886,Gene_818
Gene_886,Gene_821
Gene_886,Gene_823
Gene_886,Gene_826
Gene_886,Gene_830
Gene_886,Gene_831
Gene_886,Gene_832
Gene_886,Gene_833
Gene_886,Gene_834
Gene_886,Gene_835
Gene_886,Gene_836
Gene_886,Gene_837
Gene_886,Gene_838
Gene_886,Gene_840
Gene_886,Gene_842
Gene_886,Gene_843
Gene_886,Gene_844
Gene_886,Gene_847
Gene_886,Gene_852
Gene_886,Gene_857
Gene_886,Gene_858
Gene_886,Gene_860
Gene_886,Gene_861
Gene_886,Gene_862
Gene_886,Gene_866
Gene_886,Gene_868
Gene_886,Gene_869
Gene_886,Gene_873
Gene_886,Gene_876
Gene_886,Gene_877
Gene_886,Gene_880
Gene_886,Gene_881
Gene_886,Gene_883
Gene_886,Gene_884
Gene_886,Gene_885
Gene_886,Gene_886
Gene_886,Gene_888
Gene_886,Gene_889
Gene_886,Gene_891
Gene_886,Gene_892
Gene_886,Gene_893
Gene_886,Gene_894
Gene_886,Gene_896
Gene_886,Gene_898
Gene_886,Gene_899
Gene_886,Gene_900
Gene_886,Gene_903
Gene_886,Gene_912
Gene_886,Gene_913
Gene_886,Gene_915
Gene_886,Gene_917
Gene_886,Gene_918
Gene_886,Gene_919
Gene_886,Gene_920
Gene_886,Gene_922
Gene_886,Gene_923
Gene_886,Gene_924
Gene_886,Gene_926
Gene_886,Gene_930
Gene_886,Gene_933
Gene_886,Gene_935
Gene_886,Gene_941
Gene_886,Gene_945
Gene_886,Gene_948
Gene_886,Gene_951
Gene_886,Gene_952
Gene_886,Gene_954
Gene_886,Gene_955
Gene_886,Gene_961
Gene_886,Gene_962
Gene_886,Gene_963
Gene_886,Gene_964
Gene_886,Gene_965
Gene_886,Gene_966
Gene_886,Gene_967
Gene_886,Gene_969
Gene_886,Gene_972
Gene_886,Gene_973
Gene_886,Gene_975
Gene_886,Gene_977
Gene_886,Gene_983
Gene_886,Gene_984
Gene_886,Gene_985
Gene_886,Gene_988
Gene_886,Gene_989
Gene_886,Gene_990
Gene_886,Gene_992
Gene_886,Gene_993
Gene_886,Gene_996
Gene_886,Gene_997
Gene_886,Gene_998
Gene_886,Gene_999
Gene_893,Gene_1
Gene_893,Gene_6
Gene_893,Gene_7
Gene_893,Gene_8
Gene_893,Gene_10
Gene_893,Gene_12
Gene_893,Gene_16
Gene_893,Gene_18
Gene_893,Gene_19
Gene_893,Gene_21
Gene_893,Gene_22
Gene_893,Gene_23
Gene_893,Gene_24
Gene_893,Gene_25
Gene_893,Gene_26
Gene_893,Gene_28
Gene_893,Gene_29
Gene_893,Gene_30
Gene_893,Gene_31
Gene_893,Gene_33
Gene_893,Gene_35
Gene_893,Gene_36
Gene_893,Gene_40
Gene_893,Gene_44
Gene_893,Gene_46
Gene_893,Gene_48
Gene_893,Gene_51
Gene_893,Gene_57
Gene_893,Gene_58
Gene_893,Gene_59
Gene_893,Gene_61
Gene_893,Gene_62
Gene_893,Gene_63
Gene_893,Gene_65
Gene_893,Gene_67
Gene_893,Gene_69
Gene_893,Gene_72
Gene_893,Gene_76
Gene_893,Gene_77
Gene_893,Gene_78
Gene_893,Gene_80
Gene_893,Gene_82
Gene_893,Gene_83
Gene_893,Gene_85
Gene_893,Gene_87
Gene_893,Gene_98
Gene_893,Gene_104
Gene_893,Gene_106
Gene_893,Gene_107
Gene_893,Gene_108
Gene_893,Gene_111
Gene_893,Gene_114
Gene_893,Gene_118
Gene_893,Gene_119
Gene_893,Gene_122
Gene_893,Gene_123
Gene_893,Gene_124
Gene_893,Gene_125
Gene_893,Gene_126
Gene_893,Gene_127
Gene_893,Gene_128
Gene_893,Gene_134
Gene_893,Gene_136
Gene_893,Gene_137
Gene_893,Gene_145
Gene_893,Gene_147
Gene_893,Gene_148
Gene_893,Gene_150
Gene_893,Gene_151
Gene_893,Gene_152
Gene_893,Gene_153
Gene_893,Gene_154
Gene_893,Gene_155
Gene_893,Gene_159
Gene_893,Gene_161
Gene_893,Gene_162
Gene_893,Gene_165
Gene_893,Gene_166
Gene_893,Gene_168
Gene_893,Gene_171
Gene_893,Gene_172
Gene_893,Gene_173
Gene_893,Gene_175
Gene_893,Gene_176
Gene_893,Gene_177
Gene_893,Gene_179
Gene_893,Gene_180
Gene_893,Gene_183
Gene_893,Gene_185
Gene_893,Gene_189
Gene_893,Gene_194
Gene_893,Gene_196
Gene_893,Gene_198
Gene_893,Gene_200
Gene_893,Gene_203
Gene_893,Gene_205
Gene_893,Gene_208
Gene_893,Gene_210
Gene_893,Gene_213
Gene_893,Gene_214
Gene_893,Gene_218
Gene_893,Gene_220
Gene_893,Gene_221
Gene_893,Gene_222
Gene_893,Gene_224
Gene_893,Gene_225
Gene_893,Gene_226
Gene_893,Gene_227
Gene_893,Gene_228
Gene_893,Gene_229
Gene_893,Gene_231
Gene_893,Gene_232
Gene_893,Gene_234
Gene_893,Gene_238
Gene_893,Gene_240
Gene_893,Gene_243
Gene_893,Gene_246
Gene_893,Gene_247
Gene_893,Gene_250
Gene_893,Gene_251
Gene_893,Gene_252
Gene_893,Gene_253
Gene_893,Gene_255
Gene_893,Gene_257
Gene_893,Gene_265
Gene_893,Gene_268
Gene_893,Gene_269
Gene_893,Gene_270
Gene_893,Gene_274
Gene_893,Gene_278
Gene_893,Gene_279
Gene_893,Gene_283
Gene_893,Gene_284
Gene_893,Gene_285
Gene_893,Gene_290
Gene_893,Gene_291
Gene_893,Gene_296
Gene_893,Gene_297
Gene_893,Gene_298
Gene_893,Gene_301
Gene_893,Gene_302
Gene_893,Gene_303
Gene_893,Gene_304
Gene_893,Gene_308
Gene_893,Gene_310
Gene_893,Gene_312
Gene_893,Gene_314
Gene_893,Gene_317
Gene_893,Gene_318
Gene_893,Gene_324
Gene_893,Gene_326
Gene_893,Gene_327
Gene_893,Gene_328
Gene_893,Gene_330
Gene_893,Gene_335
Gene_893,Gene_337
Gene_893,Gene_338
Gene_893,Gene_344
Gene_893,Gene_346
Gene_893,Gene_348
Gene_893,Gene_351
Gene_893,Gene_352
Gene_893,Gene_353
Gene_893,Gene_354
Gene_893,Gene_356
Gene_893,Gene_357
Gene_893,Gene_358
Gene_893,Gene_361
Gene_893,Gene_362
Gene_893,Gene_365
Gene_893,Gene_367
Gene_893,Gene_370
Gene_893,Gene_372
Gene_893,Gene_376
Gene_893,Gene_377
Gene_893,Gene_378
Gene_893,Gene_380
Gene_893,Gene_382
Gene_893,Gene_383
Gene_893,Gene_384
Gene_893,Gene_386
Gene_893,Gene_390
Gene_893,Gene_392
Gene_893,Gene_395
Gene_893,Gene_398
Gene_893,Gene_400
Gene_893,Gene_401
Gene_893,Gene_404
Gene_893,Gene_406
Gene_893,Gene_407
Gene_893,Gene_409
Gene_893,Gene_420
Gene_893,Gene_424
Gene_893,Gene_427
Gene_893,Gene_428
Gene_893,Gene_434
Gene_893,Gene_435
Gene_893,Gene_436
Gene_893,Gene_437
Gene_893,Gene_438
Gene_893,Gene_439
Gene_893,Gene_440
Gene_893,Gene_444
Gene_893,Gene_445
Gene_893,Gene_449
Gene_893,Gene_455
Gene_893,Gene_459
Gene_893,Gene_460
Gene_893,Gene_463
Gene_893,Gene_464
Gene_893,Gene_465
Gene_893,Gene_466
Gene_893,Gene_467
Gene_893,Gene_469
Gene_893,Gene_472
Gene_893,Gene_474
Gene_893,Gene_478
Gene_893,Gene_480
Gene_893,Gene_481
Gene_893,Gene_486
Gene_893,Gene_487
Gene_893,Gene_489
Gene_893,Gene_490
Gene_893,Gene_491
Gene_893,Gene_493
Gene_893,Gene_496
Gene_893,Gene_497
Gene_893,Gene_498
Gene_893,Gene_499
Gene_893,Gene_502
Gene_893,Gene_505
Gene_893,Gene_509
Gene_893,Gene_520
Gene_893,Gene_523
Gene_893,Gene_528
Gene_893,Gene_532
Gene_893,Gene_533
Gene_893,Gene_534
Gene_893,Gene_536
Gene_893,Gene_538
Gene_893,Gene_540
Gene_893,Gene_543
Gene_893,Gene_544
Gene_893,Gene_546
Gene_893,Gene_548
Gene_893,Gene_552
Gene_893,Gene_555
Gene_893,Gene_559
Gene_893,Gene_561
Gene_893,Gene_563
Gene_893,Gene_564
Gene_893,Gene_566
Gene_893,Gene_568
Gene_893,Gene_571
Gene_893,Gene_572
Gene_893,Gene_573
Gene_893,Gene_574
Gene_893,Gene_576
Gene_893,Gene_577
Gene_893,Gene_579
Gene_893,Gene_580
Gene_893,Gene_581
Gene_893,Gene_582
Gene_893,Gene_584
Gene_893,Gene_585
Gene_893,Gene_589
Gene_893,Gene_594
Gene_893,Gene_595
Gene_893,Gene_596
Gene_893,Gene_599
Gene_893,Gene_602
Gene_893,Gene_605
Gene_893,Gene_607
Gene_893,Gene_609
Gene_893,Gene_610
Gene_893,Gene_611
Gene_893,Gene_614
Gene_893,Gene_617
Gene_893,Gene_619
Gene_893,Gene_621
Gene_893,Gene_627
Gene_893,Gene_631
Gene_893,Gene_633
Gene_893,Gene_635
Gene_893,Gene_637
Gene_893,Gene_638
Gene_893,Gene_640
Gene_893,Gene_643
Gene_893,Gene_650
Gene_893,Gene_651
Gene_893,Gene_659
Gene_893,Gene_664
Gene_893,Gene_665
Gene_893,Gene_666
Gene_893,Gene_670
Gene_893,Gene_674
Gene_893,Gene_676
Gene_893,Gene_677
Gene_893,Gene_680
Gene_893,Gene_682
Gene_893,Gene_686
Gene_893,Gene_687
Gene_893,Gene_688
Gene_893,Gene_689
Gene_893,Gene_691
Gene_893,Gene_692
Gene_893,Gene_695
Gene_893,Gene_696
Gene_893,Gene_697
Gene_893,Gene_699
Gene_893,Gene_701
Gene_893,Gene_704
Gene_893,Gene_706
Gene_893,Gene_707
Gene_893,Gene_708
Gene_893,Gene_710
Gene_893,Gene_717
Gene_893,Gene_719
Gene_893,Gene_720
Gene_893,Gene_723
Gene_893,Gene_728
Gene_893,Gene_731
Gene_893,Gene_734
Gene_893,Gene_735
Gene_893,Gene_738
Gene_893,Gene_739
Gene_893,Gene_740
Gene_893,Gene_741
Gene_893,Gene_742
Gene_893,Gene_743
Gene_893,Gene_744
Gene_893,Gene_746
Gene_893,Gene_749
Gene_893,Gene_751
Gene_893,Gene_752
Gene_893,Gene_753
Gene_893,Gene_754
Gene_893,Gene_758
Gene_893,Gene_759
Gene_893,Gene_760
Gene_893,Gene_763
Gene_893,Gene_764
Gene_893,Gene_765
Gene_893,Gene_767
Gene_893,Gene_768
Gene_893,Gene_769
Gene_893,Gene_770
Gene_893,Gene_773
Gene_893,Gene_774
Gene_893,Gene_777
Gene_893,Gene_780
Gene_893,Gene_781
Gene_893,Gene_782
Gene_893,Gene_786
Gene_893,Gene_787
Gene_893,Gene_791
Gene_893,Gene_792
Gene_893,Gene_793
Gene_893,Gene_794
Gene_893,Gene_796
Gene_893,Gene_797
Gene_893,Gene_798
Gene_893,Gene_800
Gene_893,Gene_801
Gene_893,Gene_802
Gene_893,Gene_805
Gene_893,Gene_806
Gene_893,Gene_808
Gene_893,Gene_809
Gene_893,Gene_810
Gene_893,Gene_816
Gene_893,Gene_818
Gene_893,Gene_821
Gene_893,Gene_823
Gene_893,Gene_825
Gene_893,Gene_826
Gene_893,Gene_830
Gene_893,Gene_832
Gene_893,Gene_835
Gene_893,Gene_836
Gene_893,Gene_837
Gene_893,Gene_838
Gene_893,Gene_840
Gene_893,Gene_841
Gene_893,Gene_843
Gene_893,Gene_844
Gene_893,Gene_847
Gene_893,Gene_848
Gene_893,Gene_849
Gene_893,Gene_852
Gene_893,Gene_853
Gene_893,Gene_855
Gene_893,Gene_858
Gene_893,Gene_859
Gene_893,Gene_860
Gene_893,Gene_861
Gene_893,Gene_862
Gene_893,Gene_868
Gene_893,Gene_869
Gene_893,Gene_871
Gene_893,Gene_873
Gene_893,Gene_874
Gene_893,Gene_876
Gene_893,Gene_877
Gene_893,Gene_878
Gene_893,Gene_879
Gene_893,Gene_880
Gene_893,Gene_881
Gene_893,Gene_886
Gene_893,Gene_888
Gene_893,Gene_894
Gene_893,Gene_896
Gene_893,Gene_897
Gene_893,Gene_898
Gene_893,Gene_900
Gene_893,Gene_903
Gene_893,Gene_905
Gene_893,Gene_906
Gene_893,Gene_907
Gene_893,Gene_912
Gene_893,Gene_916
Gene_893,Gene_917
Gene_893,Gene_918
Gene_893,Gene_920
Gene_893,Gene_926
Gene_893,Gene_930
Gene_893,Gene_932
Gene_893,Gene_935
Gene_893,Gene_938
Gene_893,Gene_943
Gene_893,Gene_947
Gene_893,Gene_948
Gene_893,Gene_949
Gene_893,Gene_951
Gene_893,Gene_952
Gene_893,Gene_954
Gene_893,Gene_955
Gene_893,Gene_957
Gene_893,Gene_960
Gene_893,Gene_961
Gene_893,Gene_962
Gene_893,Gene_963
Gene_893,Gene_964
Gene_893,Gene_966
Gene_893,Gene_969
Gene_893,Gene_972
Gene_893,Gene_973
Gene_893,Gene_975
Gene_893,Gene_977
Gene_893,Gene_981
Gene_893,Gene_984
Gene_893,Gene_985
Gene_893,Gene_987
Gene_893,Gene_989
Gene_893,Gene_990
Gene_893,Gene_996
Gene_893,Gene_997
Gene_893,Gene_999
Gene_906,Gene_2
Gene_906,Gene_3
Gene_906,Gene_5
Gene_906,Gene_6
Gene_906,Gene_7
Gene_906,Gene_9
Gene_906,Gene_10
Gene_906,Gene_11
Gene_906,Gene_12
Gene_906,Gene_14
Gene_906,Gene_15
Gene_906,Gene_18
Gene_906,Gene_19
Gene_906,Gene_20
Gene_906,Gene_22
Gene_906,Gene_31
Gene_906,Gene_34
Gene_906,Gene_35
Gene_906,Gene_40
Gene_906,Gene_47
Gene_906,Gene_48
Gene_906,Gene_49
Gene_906,Gene_55
Gene_906,Gene_56
Gene_906,Gene_58
Gene_906,Gene_63
Gene_906,Gene_72
Gene_906,Gene_74
Gene_906,Gene_76
Gene_906,Gene_84
Gene_906,Gene_86
Gene_906,Gene_87
Gene_906,Gene_93
Gene_906,Gene_94
Gene_906,Gene_100
Gene_906,Gene_102
Gene_906,Gene_104
Gene_906,Gene_106
Gene_906,Gene_108
Gene_906,Gene_110
Gene_906,Gene_114
Gene_906,Gene_117
Gene_906,Gene_122
Gene_906,Gene_124
Gene_906,Gene_125
Gene_906,Gene_126
Gene_906,Gene_128
Gene_906,Gene_134
Gene_906,Gene_135
Gene_906,Gene_137
Gene_906,Gene_142
Gene_906,Gene_145
Gene_906,Gene_147
Gene_906,Gene_148
Gene_906,Gene_151
Gene_906,Gene_154
Gene_906,Gene_159
Gene_906,Gene_162
Gene_906,Gene_163
Gene_906,Gene_164
Gene_906,Gene_165
Gene_906,Gene_166
Gene_906,Gene_167
Gene_906,Gene_168
Gene_906,Gene_171
Gene_906,Gene_174
Gene_906,Gene_180
Gene_906,Gene_183
Gene_906,Gene_185
Gene_906,Gene_187
Gene_906,Gene_188
Gene_906,Gene_195
Gene_906,Gene_196
Gene_906,Gene_197
Gene_906,Gene_200
Gene_906,Gene_201
Gene_906,Gene_203
Gene_906,Gene_209
Gene_906,Gene_210
Gene_906,Gene_214
Gene_906,Gene_217
Gene_906,Gene_219
Gene_906,Gene_221
Gene_906,Gene_222
Gene_906,Gene_226
Gene_906,Gene_227
Gene_906,Gene_228
Gene_906,Gene_233
Gene_906,Gene_234
Gene_906,Gene_237
Gene_906,Gene_238
Gene_906,Gene_241
Gene_906,Gene_243
Gene_906,Gene_245
Gene_906,Gene_246
Gene_906,Gene_247
Gene_906,Gene_253
Gene_906,Gene_255
Gene_906,Gene_258
Gene_906,Gene_260
Gene_906,Gene_267
Gene_906,Gene_269
Gene_906,Gene_271
Gene_906,Gene_278
Gene_906,Gene_279
Gene_906,Gene_284
Gene_906,Gene_285
Gene_906,Gene_291
Gene_906,Gene_292
Gene_906,Gene_294
Gene_906,Gene_296
Gene_906,Gene_299
Gene_906,Gene_302
Gene_906,Gene_304
Gene_906,Gene_312
Gene_906,Gene_317
Gene_906,Gene_324
Gene_906,Gene_328
Gene_906,Gene_329
Gene_906,Gene_332
Gene_906,Gene_333
Gene_906,Gene_344
Gene_906,Gene_349
Gene_906,Gene_350
Gene_906,Gene_354
Gene_906,Gene_361
Gene_906,Gene_365
Gene_906,Gene_366
Gene_906,Gene_370
Gene_906,Gene_372
Gene_906,Gene_382
Gene_906,Gene_383
Gene_906,Gene_384
Gene_906,Gene_386
Gene_906,Gene_389
Gene_906,Gene_390
Gene_906,Gene_392
Gene_906,Gene_395
Gene_906,Gene_398
Gene_906,Gene_399
Gene_906,Gene_400
Gene_906,Gene_401
Gene_906,Gene_402
Gene_906,Gene_404
Gene_906,Gene_408
Gene_906,Gene_411
Gene_906,Gene_416
Gene_906,Gene_417
Gene_906,Gene_427
Gene_906,Gene_428
Gene_906,Gene_429
Gene_906,Gene_430
Gene_906,Gene_431
Gene_906,Gene_434
Gene_906,Gene_436
Gene_906,Gene_439
Gene_906,Gene_446
Gene_906,Gene_449
Gene_906,Gene_453
Gene_906,Gene_455
Gene_906,Gene_456
Gene_906,Gene_457
Gene_906,Gene_463
Gene_906,Gene_464
Gene_906,Gene_465
Gene_906,Gene_466
Gene_906,Gene_467
Gene_906,Gene_468
Gene_906,Gene_469
Gene_906,Gene_472
Gene_906,Gene_474
Gene_906,Gene_475
Gene_906,Gene_477
Gene_906,Gene_478
Gene_906,Gene_479
Gene_906,Gene_484
Gene_906,Gene_490
Gene_906,Gene_493
Gene_906,Gene_498
Gene_906,Gene_523
Gene_906,Gene_524
Gene_906,Gene_525
Gene_906,Gene_527
Gene_906,Gene_528
Gene_906,Gene_532
Gene_906,Gene_533
Gene_906,Gene_534
Gene_906,Gene_540
Gene_906,Gene_541
Gene_906,Gene_543
Gene_906,Gene_546
Gene_906,Gene_547
Gene_906,Gene_548
Gene_906,Gene_549
Gene_906,Gene_555
Gene_906,Gene_561
Gene_906,Gene_568
Gene_906,Gene_574
Gene_906,Gene_577
Gene_906,Gene_578
Gene_906,Gene_579
Gene_906,Gene_580
Gene_906,Gene_581
Gene_906,Gene_584
Gene_906,Gene_589
Gene_906,Gene_593
Gene_906,Gene_594
Gene_906,Gene_595
Gene_906,Gene_596
Gene_906,Gene_597
Gene_906,Gene_599
Gene_906,Gene_602
Gene_906,Gene_603
Gene_906,Gene_607
Gene_906,Gene_611
Gene_906,Gene_614
Gene_906,Gene_617
Gene_906,Gene_621
Gene_906,Gene_622
Gene_906,Gene_623
Gene_906,Gene_627
Gene_906,Gene_629
Gene_906,Gene_630
Gene_906,Gene_633
Gene_906,Gene_636
Gene_906,Gene_638
Gene_906,Gene_643
Gene_906,Gene_648
Gene_906,Gene_651
Gene_906,Gene_660
Gene_906,Gene_662
Gene_906,Gene_663
Gene_906,Gene_664
Gene_906,Gene_666
Gene_906,Gene_669
Gene_906,Gene_670
Gene_906,Gene_674
Gene_906,Gene_675
Gene_906,Gene_676
Gene_906,Gene_677
Gene_906,Gene_679
Gene_906,Gene_680
Gene_906,Gene_681
Gene_906,Gene_682
Gene_906,Gene_683
Gene_906,Gene_689
Gene_906,Gene_692
Gene_906,Gene_696
Gene_906,Gene_702
Gene_906,Gene_707
Gene_906,Gene_708
Gene_906,Gene_709
Gene_906,Gene_715
Gene_906,Gene_718
Gene_906,Gene_721
Gene_906,Gene_722
Gene_906,Gene_724
Gene_906,Gene_728
Gene_906,Gene_730
Gene_906,Gene_732
Gene_906,Gene_735
Gene_906,Gene_736
Gene_906,Gene_739
Gene_906,Gene_740
Gene_906,Gene_741
Gene_906,Gene_744
Gene_906,Gene_746
Gene_906,Gene_749
Gene_906,Gene_752
Gene_906,Gene_756
Gene_906,Gene_757
Gene_906,Gene_759
Gene_906,Gene_762
Gene_906,Gene_763
Gene_906,Gene_767
Gene_906,Gene_769
Gene_906,Gene_774
Gene_906,Gene_782
Gene_906,Gene_783
Gene_906,Gene_784
Gene_906,Gene_786
Gene_906,Gene_796
Gene_906,Gene_800
Gene_906,Gene_801
Gene_906,Gene_802
Gene_906,Gene_803
Gene_906,Gene_808
Gene_906,Gene_815
Gene_906,Gene_817
Gene_906,Gene_821
Gene_906,Gene_823
Gene_906,Gene_832
Gene_906,Gene_834
Gene_906,Gene_835
Gene_906,Gene_841
Gene_906,Gene_845
Gene_906,Gene_847
Gene_906,Gene_850
Gene_906,Gene_852
Gene_906,Gene_854
Gene_906,Gene_855
Gene_906,Gene_857
Gene_906,Gene_858
Gene_906,Gene_861
Gene_906,Gene_868
Gene_906,Gene_873
Gene_906,Gene_877
Gene_906,Gene_878
Gene_906,Gene_879
Gene_906,Gene_880
Gene_906,Gene_888
Gene_906,Gene_889
Gene_906,Gene_892
Gene_906,Gene_894
Gene_906,Gene_896
Gene_906,Gene_902
Gene_906,Gene_903
Gene_906,Gene_905
Gene_906,Gene_906
Gene_906,Gene_911
Gene_906,Gene_912
Gene_906,Gene_913
Gene_906,Gene_914
Gene_906,Gene_917
Gene_906,Gene_918
Gene_906,Gene_919
Gene_906,Gene_920
Gene_906,Gene_923
Gene_906,Gene_929
Gene_906,Gene_930
Gene_906,Gene_933
Gene_906,Gene_935
Gene_906,Gene_938
Gene_906,Gene_951
Gene_906,Gene_952
Gene_906,Gene_956
Gene_906,Gene_957
Gene_906,Gene_961
Gene_906,Gene_976
Gene_906,Gene_981
Gene_906,Gene_985
Gene_906,Gene_989
Gene_906,Gene_990
Gene_906,Gene_993
Gene_906,Gene_996
Gene_906,Gene_997
Gene_906,Gene_998
Gene_965,Gene_5
Gene_965,Gene_10
Gene_965,Gene_12
Gene_965,Gene_17
Gene_965,Gene_18
Gene_965,Gene_22
Gene_965,Gene_52
Gene_965,Gene_56
Gene_965,Gene_67
Gene_965,Gene_86
Gene_965,Gene_88
Gene_965,Gene_93
Gene_965,Gene_102
Gene_965,Gene_106
Gene_965,Gene_118
Gene_965,Gene_135
Gene_965,Gene_137
Gene_965,Gene_147
Gene_965,Gene_148
Gene_965,Gene_159
Gene_965,Gene_164
Gene_965,Gene_167
Gene_965,Gene_168
Gene_965,Gene_183
Gene_965,Gene_197
Gene_965,Gene_214
Gene_965,Gene_216
Gene_965,Gene_217
Gene_965,Gene_219
Gene_965,Gene_222
Gene_965,Gene_233
Gene_965,Gene_241
Gene_965,Gene_245
Gene_965,Gene_247
Gene_965,Gene_255
Gene_965,Gene_259
Gene_965,Gene_275
Gene_965,Gene_287
Gene_965,Gene_292
Gene_965,Gene_311
Gene_965,Gene_317
Gene_965,Gene_332
Gene_965,Gene_338
Gene_965,Gene_350
Gene_965,Gene_366
Gene_965,Gene_374
Gene_965,Gene_382
Gene_965,Gene_388
Gene_965,Gene_390
Gene_965,Gene_392
Gene_965,Gene_400
Gene_965,Gene_406
Gene_965,Gene_413
Gene_965,Gene_416
Gene_965,Gene_424
Gene_965,Gene_429
Gene_965,Gene_434
Gene_965,Gene_436
Gene_965,Gene_439
Gene_965,Gene_440
Gene_965,Gene_456
Gene_965,Gene_457
Gene_965,Gene_466
Gene_965,Gene_477
Gene_965,Gene_478
Gene_965,Gene_490
Gene_965,Gene_508
Gene_965,Gene_520
Gene_965,Gene_521
Gene_965,Gene_524
Gene_965,Gene_528
Gene_965,Gene_534
Gene_965,Gene_541
Gene_965,Gene_542
Gene_965,Gene_544
Gene_965,Gene_546
Gene_965,Gene_549
Gene_965,Gene_551
Gene_965,Gene_555
Gene_965,Gene_584
Gene_965,Gene_596
Gene_965,Gene_597
Gene_965,Gene_607
Gene_965,Gene_617
Gene_965,Gene_621
Gene_965,Gene_623
Gene_965,Gene_629
Gene_965,Gene_640
Gene_965,Gene_644
Gene_965,Gene_645
Gene_965,Gene_646
Gene_965,Gene_654
Gene_965,Gene_658
Gene_965,Gene_669
Gene_965,Gene_670
Gene_965,Gene_671
Gene_965,Gene_674
Gene_965,Gene_675
Gene_965,Gene_681
Gene_965,Gene_682
Gene_965,Gene_683
Gene_965,Gene_689
Gene_965,Gene_692
Gene_965,Gene_696
Gene_965,Gene_702
Gene_965,Gene_708
Gene_965,Gene_710
Gene_965,Gene_730
Gene_965,Gene_731
Gene_965,Gene_734
Gene_965,Gene_740
Gene_965,Gene_756
Gene_965,Gene_759
Gene_965,Gene_763
Gene_965,Gene_765
Gene_965,Gene_767
Gene_965,Gene_774
Gene_965,Gene_793
Gene_965,Gene_801
Gene_965,Gene_823
Gene_965,Gene_825
Gene_965,Gene_826
Gene_965,Gene_830
Gene_965,Gene_832
Gene_965,Gene_833
Gene_965,Gene_840
Gene_965,Gene_854
Gene_965,Gene_855
Gene_965,Gene_866
Gene_965,Gene_868
Gene_965,Gene_876
Gene_965,Gene_877
Gene_965,Gene_878
Gene_965,Gene_879
Gene_965,Gene_880
Gene_965,Gene_892
Gene_965,Gene_894
Gene_965,Gene_902
Gene_965,Gene_911
Gene_965,Gene_912
Gene_965,Gene_913
Gene_965,Gene_915
Gene_965,Gene_916
Gene_965,Gene_919
Gene_965,Gene_922
Gene_965,Gene_929
Gene_965,Gene_933
Gene_965,Gene_943
Gene_965,Gene_956
Gene_965,Gene_957
Gene_965,Gene_965
Gene_965,Gene_975
Gene_965,Gene_993
Gene_965,Gene_999
Gene_996,Gene_3
Gene_996,Gene_4
Gene_996,Gene_5
Gene_996,Gene_6
Gene_996,Gene_12
Gene_996,Gene_23
Gene_996,Gene_29
Gene_996,Gene_69
Gene_996,Gene_72
Gene_996,Gene_86
Gene_996,Gene_88
Gene_996,Gene_103
Gene_996,Gene_106
Gene_996,Gene_110
Gene_996,Gene_126
Gene_996,Gene_128
Gene_996,Gene_142
Gene_996,Gene_144
Gene_996,Gene_147
Gene_996,Gene_161
Gene_996,Gene_167
Gene_996,Gene_168
Gene_996,Gene_173
Gene_996,Gene_189
Gene_996,Gene_204
Gene_996,Gene_210
Gene_996,Gene_219
Gene_996,Gene_221
Gene_996,Gene_222
Gene_996,Gene_225
Gene_996,Gene_240
Gene_996,Gene_253
Gene_996,Gene_255
Gene_996,Gene_265
Gene_996,Gene_266
Gene_996,Gene_267
Gene_996,Gene_268
Gene_996,Gene_269
Gene_996,Gene_274
Gene_996,Gene_292
Gene_996,Gene_297
Gene_996,Gene_302
Gene_996,Gene_304
Gene_996,Gene_317
Gene_996,Gene_326
Gene_996,Gene_328
Gene_996,Gene_329
Gene_996,Gene_349
Gene_996,Gene_366
Gene_996,Gene_370
Gene_996,Gene_377
Gene_996,Gene_385
Gene_996,Gene_386
Gene_996,Gene_388
Gene_996,Gene_389
Gene_996,Gene_395
Gene_996,Gene_401
Gene_996,Gene_411
Gene_996,Gene_412
Gene_996,Gene_424
Gene_996,Gene_434
Gene_996,Gene_435
Gene_996,Gene_440
Gene_996,Gene_456
Gene_996,Gene_457
Gene_996,Gene_469
Gene_996,Gene_472
Gene_996,Gene_478
Gene_996,Gene_486
Gene_996,Gene_490
Gene_996,Gene_503
Gene_996,Gene_509
Gene_996,Gene_520
Gene_996,Gene_528
Gene_996,Gene_542
Gene_996,Gene_551
Gene_996,Gene_561
Gene_996,Gene_571
Gene_996,Gene_576
Gene_996,Gene_577
Gene_996,Gene_584
Gene_996,Gene_585
Gene_996,Gene_589
Gene_996,Gene_596
Gene_996,Gene_621
Gene_996,Gene_623
Gene_996,Gene_627
Gene_996,Gene_636
Gene_996,Gene_653
Gene_996,Gene_654
Gene_996,Gene_658
Gene_996,Gene_660
Gene_996,Gene_670
Gene_996,Gene_675
Gene_996,Gene_686
Gene_996,Gene_689
Gene_996,Gene_693
Gene_996,Gene_704
Gene_996,Gene_710
Gene_996,Gene_718
Gene_996,Gene_721
Gene_996,Gene_723
Gene_996,Gene_730
Gene_996,Gene_731
Gene_996,Gene_735
Gene_996,Gene_736
Gene_996,Gene_744
Gene_996,Gene_749
Gene_996,Gene_752
Gene_996,Gene_754
Gene_996,Gene_756
Gene_996,Gene_763
Gene_996,Gene_764
Gene_996,Gene_765
Gene_996,Gene_781
Gene_996,Gene_798
Gene_996,Gene_811
Gene_996,Gene_813
Gene_996,Gene_816
Gene_996,Gene_826
Gene_996,Gene_829
Gene_996,Gene_832
Gene_996,Gene_837
Gene_996,Gene_840
Gene_996,Gene_847
Gene_996,Gene_854
Gene_996,Gene_858
Gene_996,Gene_868
Gene_996,Gene_877
Gene_996,Gene_878
Gene_996,Gene_892
Gene_996,Gene_905
Gene_996,Gene_909
Gene_996,Gene_912
Gene_996,Gene_922
Gene_996,Gene_932
Gene_996,Gene_933
Gene_996,Gene_946
Gene_996,Gene_957
Gene_996,Gene_961
Gene_996,Gene_975
Gene_997,Gene_10
Gene_997,Gene_36
Gene_997,Gene_47
Gene_997,Gene_49
Gene_997,Gene_56
Gene_997,Gene_69
Gene_997,Gene_72
Gene_997,Gene_74
Gene_997,Gene_108
Gene_997,Gene_124
Gene_997,Gene_128
Gene_997,Gene_135
Gene_997,Gene_186
Gene_997,Gene_204
Gene_997,Gene_221
Gene_997,Gene_227
Gene_997,Gene_241
Gene_997,Gene_242
Gene_997,Gene_278
Gene_997,Gene_284
Gene_997,Gene_292
Gene_997,Gene_300
Gene_997,Gene_332
Gene_997,Gene_354
Gene_997,Gene_365
Gene_997,Gene_383
Gene_997,Gene_424
Gene_997,Gene_427
Gene_997,Gene_457
Gene_997,Gene_468
Gene_997,Gene_474
Gene_997,Gene_478
Gene_997,Gene_490
Gene_997,Gene_520
Gene_997,Gene_523
Gene_997,Gene_535
Gene_997,Gene_536
Gene_997,Gene_551
Gene_997,Gene_572
Gene_997,Gene_596
Gene_997,Gene_597
Gene_997,Gene_599
Gene_997,Gene_607
Gene_997,Gene_618
Gene_997,Gene_623
Gene_997,Gene_644
Gene_997,Gene_701
Gene_997,Gene_709
Gene_997,Gene_719
Gene_997,Gene_721
Gene_997,Gene_724
Gene_997,Gene_753
Gene_997,Gene_756
Gene_997,Gene_764
Gene_997,Gene_772
Gene_997,Gene_801
Gene_997,Gene_808
Gene_997,Gene_818
Gene_997,Gene_830
Gene_997,Gene_833
Gene_997,Gene_845
Gene_997,Gene_853
Gene_997,Gene_854
Gene_997,Gene_877
Gene_997,Gene_888
Gene_997,Gene_891
Gene_997,Gene_906
Gene_997,Gene_914
Gene_997,Gene_924
Gene_997,Gene_930
Gene_997,Gene_960
Gene_997,Gene_963
