Gene1,Gene2
Gene_75,Gene_0
Gene_75,Gene_1
Gene_75,Gene_2
Gene_75,Gene_3
Gene_75,Gene_6
Gene_75,Gene_7
Gene_75,Gene_8
Gene_75,Gene_9
Gene_75,Gene_11
Gene_75,Gene_12
Gene_75,Gene_13
Gene_75,Gene_16
Gene_75,Gene_17
Gene_75,Gene_18
Gene_75,Gene_20
Gene_75,Gene_21
Gene_75,Gene_22
Gene_75,Gene_23
Gene_75,Gene_26
Gene_75,Gene_27
Gene_75,Gene_28
Gene_75,Gene_29
Gene_75,Gene_30
Gene_75,Gene_32
Gene_75,Gene_35
Gene_75,Gene_36
Gene_75,Gene_39
Gene_75,Gene_42
Gene_75,Gene_46
Gene_75,Gene_47
Gene_75,Gene_48
Gene_75,Gene_49
Gene_75,Gene_50
Gene_75,Gene_51
Gene_75,Gene_52
Gene_75,Gene_54
Gene_75,Gene_55
Gene_75,Gene_59
Gene_75,Gene_61
Gene_75,Gene_62
Gene_75,Gene_64
Gene_75,Gene_65
Gene_75,Gene_69
Gene_75,Gene_70
Gene_75,Gene_71
Gene_75,Gene_72
Gene_75,Gene_73
Gene_75,Gene_77
Gene_75,Gene_79
Gene_75,Gene_81
Gene_75,Gene_83
Gene_75,Gene_84
Gene_75,Gene_85
Gene_75,Gene_87
Gene_75,Gene_89
Gene_75,Gene_92
Gene_75,Gene_93
Gene_75,Gene_94
Gene_75,Gene_98
Gene_75,Gene_99
Gene_75,Gene_101
Gene_75,Gene_106
Gene_75,Gene_107
Gene_75,Gene_109
Gene_75,Gene_113
Gene_75,Gene_115
Gene_75,Gene_116
Gene_75,Gene_121
Gene_75,Gene_122
Gene_75,Gene_123
Gene_75,Gene_124
Gene_75,Gene_126
Gene_75,Gene_128
Gene_75,Gene_129
Gene_75,Gene_131
Gene_75,Gene_132
Gene_75,Gene_133
Gene_75,Gene_135
Gene_75,Gene_138
Gene_75,Gene_139
Gene_75,Gene_142
Gene_75,Gene_143
Gene_75,Gene_145
Gene_75,Gene_146
Gene_75,Gene_147
Gene_75,Gene_149
Gene_75,Gene_150
Gene_75,Gene_153
Gene_75,Gene_157
Gene_75,Gene_160
Gene_75,Gene_161
Gene_75,Gene_166
Gene_75,Gene_167
Gene_75,Gene_168
Gene_75,Gene_169
Gene_75,Gene_173
Gene_75,Gene_174
Gene_75,Gene_176
Gene_75,Gene_179
Gene_75,Gene_180
Gene_75,Gene_181
Gene_75,Gene_185
Gene_75,Gene_189
Gene_75,Gene_190
Gene_75,Gene_191
Gene_75,Gene_196
Gene_75,Gene_197
Gene_75,Gene_198
Gene_75,Gene_199
Gene_75,Gene_200
Gene_75,Gene_201
Gene_75,Gene_205
Gene_75,Gene_206
Gene_75,Gene_208
Gene_75,Gene_209
Gene_75,Gene_210
Gene_75,Gene_212
Gene_75,Gene_213
Gene_75,Gene_214
Gene_75,Gene_215
Gene_75,Gene_216
Gene_75,Gene_217
Gene_75,Gene_219
Gene_75,Gene_220
Gene_75,Gene_221
Gene_75,Gene_223
Gene_75,Gene_228
Gene_75,Gene_229
Gene_75,Gene_231
Gene_75,Gene_233
Gene_75,Gene_235
Gene_75,Gene_237
Gene_75,Gene_240
Gene_75,Gene_242
Gene_75,Gene_243
Gene_75,Gene_244
Gene_75,Gene_246
Gene_75,Gene_247
Gene_75,Gene_248
Gene_75,Gene_252
Gene_75,Gene_255
Gene_75,Gene_256
Gene_75,Gene_257
Gene_75,Gene_260
Gene_75,Gene_262
Gene_75,Gene_263
Gene_75,Gene_264
Gene_75,Gene_265
Gene_75,Gene_269
Gene_75,Gene_270
Gene_75,Gene_271
Gene_75,Gene_272
Gene_75,Gene_273
Gene_75,Gene_274
Gene_75,Gene_275
Gene_75,Gene_276
Gene_75,Gene_277
Gene_75,Gene_281
Gene_75,Gene_282
Gene_75,Gene_283
Gene_75,Gene_284
Gene_75,Gene_285
Gene_75,Gene_290
Gene_75,Gene_292
Gene_75,Gene_293
Gene_75,Gene_294
Gene_75,Gene_297
Gene_75,Gene_299
Gene_75,Gene_301
Gene_75,Gene_302
Gene_75,Gene_306
Gene_75,Gene_307
Gene_75,Gene_308
Gene_75,Gene_309
Gene_75,Gene_310
Gene_75,Gene_311
Gene_75,Gene_314
Gene_75,Gene_315
Gene_75,Gene_316
Gene_75,Gene_317
Gene_75,Gene_318
Gene_75,Gene_319
Gene_75,Gene_321
Gene_75,Gene_323
Gene_75,Gene_324
Gene_75,Gene_327
Gene_75,Gene_328
Gene_75,Gene_331
Gene_75,Gene_332
Gene_75,Gene_333
Gene_75,Gene_334
Gene_75,Gene_336
Gene_75,Gene_337
Gene_75,Gene_338
Gene_75,Gene_341
Gene_75,Gene_344
Gene_75,Gene_348
Gene_75,Gene_351
Gene_75,Gene_353
Gene_75,Gene_354
Gene_75,Gene_355
Gene_75,Gene_356
Gene_75,Gene_358
Gene_75,Gene_359
Gene_75,Gene_361
Gene_75,Gene_362
Gene_75,Gene_365
Gene_75,Gene_366
Gene_75,Gene_367
Gene_75,Gene_368
Gene_75,Gene_369
Gene_75,Gene_371
Gene_75,Gene_372
Gene_75,Gene_375
Gene_75,Gene_377
Gene_75,Gene_378
Gene_75,Gene_380
Gene_75,Gene_382
Gene_75,Gene_384
Gene_75,Gene_386
Gene_75,Gene_388
Gene_75,Gene_389
Gene_75,Gene_390
Gene_75,Gene_392
Gene_75,Gene_393
Gene_75,Gene_397
Gene_75,Gene_398
Gene_75,Gene_399
Gene_75,Gene_400
Gene_75,Gene_403
Gene_75,Gene_405
Gene_75,Gene_407
Gene_75,Gene_408
Gene_75,Gene_409
Gene_75,Gene_412
Gene_75,Gene_414
Gene_75,Gene_415
Gene_75,Gene_417
Gene_75,Gene_418
Gene_75,Gene_421
Gene_75,Gene_422
Gene_75,Gene_425
Gene_75,Gene_426
Gene_75,Gene_429
Gene_75,Gene_432
Gene_75,Gene_433
Gene_75,Gene_434
Gene_75,Gene_438
Gene_75,Gene_439
Gene_75,Gene_441
Gene_75,Gene_442
Gene_75,Gene_444
Gene_75,Gene_446
Gene_75,Gene_448
Gene_75,Gene_451
Gene_75,Gene_452
Gene_75,Gene_453
Gene_75,Gene_455
Gene_75,Gene_457
Gene_75,Gene_458
Gene_75,Gene_462
Gene_75,Gene_463
Gene_75,Gene_464
Gene_75,Gene_465
Gene_75,Gene_466
Gene_75,Gene_467
Gene_75,Gene_468
Gene_75,Gene_469
Gene_75,Gene_470
Gene_75,Gene_471
Gene_75,Gene_474
Gene_75,Gene_475
Gene_75,Gene_477
Gene_75,Gene_480
Gene_75,Gene_481
Gene_75,Gene_482
Gene_75,Gene_485
Gene_75,Gene_486
Gene_75,Gene_487
Gene_75,Gene_489
Gene_75,Gene_491
Gene_75,Gene_492
Gene_75,Gene_493
Gene_75,Gene_495
Gene_75,Gene_496
Gene_75,Gene_498
Gene_75,Gene_500
Gene_75,Gene_501
Gene_75,Gene_505
Gene_75,Gene_506
Gene_75,Gene_509
Gene_75,Gene_511
Gene_75,Gene_512
Gene_75,Gene_514
Gene_75,Gene_515
Gene_75,Gene_516
Gene_75,Gene_519
Gene_75,Gene_522
Gene_75,Gene_523
Gene_75,Gene_524
Gene_75,Gene_525
Gene_75,Gene_526
Gene_75,Gene_527
Gene_75,Gene_528
Gene_75,Gene_529
Gene_75,Gene_530
Gene_75,Gene_531
Gene_75,Gene_532
Gene_75,Gene_533
Gene_75,Gene_536
Gene_75,Gene_537
Gene_75,Gene_538
Gene_75,Gene_539
Gene_75,Gene_540
Gene_75,Gene_541
Gene_75,Gene_544
Gene_75,Gene_547
Gene_75,Gene_549
Gene_75,Gene_553
Gene_75,Gene_555
Gene_75,Gene_558
Gene_75,Gene_559
Gene_75,Gene_561
Gene_75,Gene_562
Gene_75,Gene_568
Gene_75,Gene_569
Gene_75,Gene_572
Gene_75,Gene_575
Gene_75,Gene_576
Gene_75,Gene_577
Gene_75,Gene_579
Gene_75,Gene_581
Gene_75,Gene_583
Gene_75,Gene_585
Gene_75,Gene_587
Gene_75,Gene_588
Gene_75,Gene_589
Gene_75,Gene_590
Gene_75,Gene_591
Gene_75,Gene_592
Gene_75,Gene_594
Gene_75,Gene_595
Gene_75,Gene_597
Gene_75,Gene_601
Gene_75,Gene_602
Gene_75,Gene_604
Gene_75,Gene_606
Gene_75,Gene_608
Gene_75,Gene_610
Gene_75,Gene_612
Gene_75,Gene_614
Gene_75,Gene_615
Gene_75,Gene_616
Gene_75,Gene_617
Gene_75,Gene_618
Gene_75,Gene_619
Gene_75,Gene_621
Gene_75,Gene_623
Gene_75,Gene_624
Gene_75,Gene_625
Gene_75,Gene_627
Gene_75,Gene_628
Gene_75,Gene_629
Gene_75,Gene_630
Gene_75,Gene_631
Gene_75,Gene_632
Gene_75,Gene_634
Gene_75,Gene_635
Gene_75,Gene_637
Gene_75,Gene_638
Gene_75,Gene_639
Gene_75,Gene_640
Gene_75,Gene_642
Gene_75,Gene_643
Gene_75,Gene_644
Gene_75,Gene_647
Gene_75,Gene_649
Gene_75,Gene_651
Gene_75,Gene_652
Gene_75,Gene_653
Gene_75,Gene_655
Gene_75,Gene_656
Gene_75,Gene_658
Gene_75,Gene_659
Gene_75,Gene_661
Gene_75,Gene_662
Gene_75,Gene_665
Gene_75,Gene_666
Gene_75,Gene_669
Gene_75,Gene_670
Gene_75,Gene_671
Gene_75,Gene_672
Gene_75,Gene_673
Gene_75,Gene_675
Gene_75,Gene_676
Gene_75,Gene_677
Gene_75,Gene_678
Gene_75,Gene_679
Gene_75,Gene_681
Gene_75,Gene_683
Gene_75,Gene_685
Gene_75,Gene_686
Gene_75,Gene_688
Gene_75,Gene_691
Gene_75,Gene_692
Gene_75,Gene_694
Gene_75,Gene_696
Gene_75,Gene_697
Gene_75,Gene_698
Gene_75,Gene_699
Gene_75,Gene_700
Gene_75,Gene_701
Gene_75,Gene_703
Gene_75,Gene_706
Gene_75,Gene_707
Gene_75,Gene_708
Gene_75,Gene_710
Gene_75,Gene_711
Gene_75,Gene_712
Gene_75,Gene_713
Gene_75,Gene_714
Gene_75,Gene_715
Gene_75,Gene_716
Gene_75,Gene_717
Gene_75,Gene_720
Gene_75,Gene_723
Gene_75,Gene_724
Gene_75,Gene_727
Gene_75,Gene_728
Gene_75,Gene_729
Gene_75,Gene_731
Gene_75,Gene_737
Gene_75,Gene_738
Gene_75,Gene_740
Gene_75,Gene_741
Gene_75,Gene_742
Gene_75,Gene_743
Gene_75,Gene_744
Gene_75,Gene_747
Gene_75,Gene_748
Gene_75,Gene_749
Gene_75,Gene_750
Gene_75,Gene_751
Gene_75,Gene_754
Gene_75,Gene_755
Gene_75,Gene_756
Gene_75,Gene_757
Gene_75,Gene_759
Gene_75,Gene_761
Gene_75,Gene_764
Gene_75,Gene_765
Gene_75,Gene_766
Gene_75,Gene_767
Gene_75,Gene_768
Gene_75,Gene_769
Gene_75,Gene_770
Gene_75,Gene_773
Gene_75,Gene_774
Gene_75,Gene_776
Gene_75,Gene_778
Gene_75,Gene_779
Gene_75,Gene_780
Gene_75,Gene_784
Gene_75,Gene_785
Gene_75,Gene_788
Gene_75,Gene_789
Gene_75,Gene_790
Gene_75,Gene_791
Gene_75,Gene_792
Gene_75,Gene_794
Gene_75,Gene_795
Gene_75,Gene_796
Gene_75,Gene_797
Gene_75,Gene_798
Gene_75,Gene_799
Gene_75,Gene_800
Gene_75,Gene_803
Gene_75,Gene_807
Gene_75,Gene_810
Gene_75,Gene_811
Gene_75,Gene_814
Gene_75,Gene_816
Gene_75,Gene_818
Gene_75,Gene_820
Gene_75,Gene_821
Gene_75,Gene_822
Gene_75,Gene_825
Gene_75,Gene_826
Gene_75,Gene_827
Gene_75,Gene_832
Gene_75,Gene_835
Gene_75,Gene_837
Gene_75,Gene_841
Gene_75,Gene_843
Gene_75,Gene_844
Gene_75,Gene_845
Gene_75,Gene_846
Gene_75,Gene_847
Gene_75,Gene_849
Gene_75,Gene_850
Gene_75,Gene_851
Gene_75,Gene_853
Gene_75,Gene_854
Gene_75,Gene_855
Gene_75,Gene_856
Gene_75,Gene_857
Gene_75,Gene_858
Gene_75,Gene_861
Gene_75,Gene_864
Gene_75,Gene_868
Gene_75,Gene_870
Gene_75,Gene_874
Gene_75,Gene_875
Gene_75,Gene_876
Gene_75,Gene_877
Gene_75,Gene_878
Gene_75,Gene_879
Gene_75,Gene_880
Gene_75,Gene_881
Gene_75,Gene_882
Gene_75,Gene_885
Gene_75,Gene_886
Gene_75,Gene_887
Gene_75,Gene_888
Gene_75,Gene_891
Gene_75,Gene_892
Gene_75,Gene_893
Gene_75,Gene_894
Gene_75,Gene_895
Gene_75,Gene_896
Gene_75,Gene_897
Gene_75,Gene_899
Gene_75,Gene_900
Gene_75,Gene_901
Gene_75,Gene_902
Gene_75,Gene_904
Gene_75,Gene_907
Gene_75,Gene_909
Gene_75,Gene_912
Gene_75,Gene_916
Gene_75,Gene_917
Gene_75,Gene_918
Gene_75,Gene_920
Gene_75,Gene_922
Gene_75,Gene_925
Gene_75,Gene_926
Gene_75,Gene_927
Gene_75,Gene_929
Gene_75,Gene_930
Gene_75,Gene_931
Gene_75,Gene_933
Gene_75,Gene_935
Gene_75,Gene_936
Gene_75,Gene_937
Gene_75,Gene_940
Gene_75,Gene_941
Gene_75,Gene_942
Gene_75,Gene_943
Gene_75,Gene_944
Gene_75,Gene_945
Gene_75,Gene_946
Gene_75,Gene_947
Gene_75,Gene_948
Gene_75,Gene_949
Gene_75,Gene_950
Gene_75,Gene_952
Gene_75,Gene_955
Gene_75,Gene_956
Gene_75,Gene_958
Gene_75,Gene_961
Gene_75,Gene_962
Gene_75,Gene_963
Gene_75,Gene_964
Gene_75,Gene_966
Gene_75,Gene_967
Gene_75,Gene_968
Gene_75,Gene_971
Gene_75,Gene_972
Gene_75,Gene_974
Gene_75,Gene_984
Gene_75,Gene_985
Gene_75,Gene_987
Gene_75,Gene_988
Gene_75,Gene_989
Gene_75,Gene_990
Gene_75,Gene_991
Gene_75,Gene_994
Gene_75,Gene_996
Gene_75,Gene_998
Gene_75,Gene_999
Gene_81,Gene_0
Gene_81,Gene_1
Gene_81,Gene_2
Gene_81,Gene_3
Gene_81,Gene_5
Gene_81,Gene_6
Gene_81,Gene_11
Gene_81,Gene_13
Gene_81,Gene_14
Gene_81,Gene_16
Gene_81,Gene_17
Gene_81,Gene_18
Gene_81,Gene_21
Gene_81,Gene_22
Gene_81,Gene_23
Gene_81,Gene_26
Gene_81,Gene_27
Gene_81,Gene_28
Gene_81,Gene_29
Gene_81,Gene_30
Gene_81,Gene_31
Gene_81,Gene_32
Gene_81,Gene_33
Gene_81,Gene_34
Gene_81,Gene_35
Gene_81,Gene_36
Gene_81,Gene_38
Gene_81,Gene_39
Gene_81,Gene_40
Gene_81,Gene_41
Gene_81,Gene_42
Gene_81,Gene_44
Gene_81,Gene_46
Gene_81,Gene_47
Gene_81,Gene_48
Gene_81,Gene_49
Gene_81,Gene_50
Gene_81,Gene_52
Gene_81,Gene_54
Gene_81,Gene_55
Gene_81,Gene_56
Gene_81,Gene_57
Gene_81,Gene_58
Gene_81,Gene_59
Gene_81,Gene_60
Gene_81,Gene_61
Gene_81,Gene_64
Gene_81,Gene_65
Gene_81,Gene_66
Gene_81,Gene_67
Gene_81,Gene_69
Gene_81,Gene_70
Gene_81,Gene_71
Gene_81,Gene_72
Gene_81,Gene_73
Gene_81,Gene_75
Gene_81,Gene_78
Gene_81,Gene_79
Gene_81,Gene_80
Gene_81,Gene_81
Gene_81,Gene_82
Gene_81,Gene_83
Gene_81,Gene_84
Gene_81,Gene_85
Gene_81,Gene_86
Gene_81,Gene_89
Gene_81,Gene_92
Gene_81,Gene_93
Gene_81,Gene_94
Gene_81,Gene_97
Gene_81,Gene_98
Gene_81,Gene_99
Gene_81,Gene_100
Gene_81,Gene_102
Gene_81,Gene_103
Gene_81,Gene_105
Gene_81,Gene_106
Gene_81,Gene_107
Gene_81,Gene_109
Gene_81,Gene_110
Gene_81,Gene_111
Gene_81,Gene_112
Gene_81,Gene_113
Gene_81,Gene_115
Gene_81,Gene_117
Gene_81,Gene_118
Gene_81,Gene_120
Gene_81,Gene_121
Gene_81,Gene_123
Gene_81,Gene_124
Gene_81,Gene_125
Gene_81,Gene_126
Gene_81,Gene_128
Gene_81,Gene_129
Gene_81,Gene_132
Gene_81,Gene_134
Gene_81,Gene_135
Gene_81,Gene_137
Gene_81,Gene_138
Gene_81,Gene_139
Gene_81,Gene_143
Gene_81,Gene_144
Gene_81,Gene_145
Gene_81,Gene_147
Gene_81,Gene_148
Gene_81,Gene_149
Gene_81,Gene_150
Gene_81,Gene_151
Gene_81,Gene_152
Gene_81,Gene_153
Gene_81,Gene_156
Gene_81,Gene_160
Gene_81,Gene_161
Gene_81,Gene_163
Gene_81,Gene_166
Gene_81,Gene_167
Gene_81,Gene_168
Gene_81,Gene_169
Gene_81,Gene_170
Gene_81,Gene_171
Gene_81,Gene_172
Gene_81,Gene_173
Gene_81,Gene_174
Gene_81,Gene_175
Gene_81,Gene_177
Gene_81,Gene_179
Gene_81,Gene_181
Gene_81,Gene_182
Gene_81,Gene_183
Gene_81,Gene_184
Gene_81,Gene_186
Gene_81,Gene_187
Gene_81,Gene_188
Gene_81,Gene_189
Gene_81,Gene_190
Gene_81,Gene_191
Gene_81,Gene_192
Gene_81,Gene_193
Gene_81,Gene_194
Gene_81,Gene_195
Gene_81,Gene_197
Gene_81,Gene_198
Gene_81,Gene_200
Gene_81,Gene_201
Gene_81,Gene_202
Gene_81,Gene_203
Gene_81,Gene_204
Gene_81,Gene_205
Gene_81,Gene_206
Gene_81,Gene_207
Gene_81,Gene_209
Gene_81,Gene_210
Gene_81,Gene_211
Gene_81,Gene_212
Gene_81,Gene_213
Gene_81,Gene_214
Gene_81,Gene_215
Gene_81,Gene_217
Gene_81,Gene_218
Gene_81,Gene_219
Gene_81,Gene_221
Gene_81,Gene_223
Gene_81,Gene_224
Gene_81,Gene_225
Gene_81,Gene_227
Gene_81,Gene_229
Gene_81,Gene_230
Gene_81,Gene_231
Gene_81,Gene_233
Gene_81,Gene_235
Gene_81,Gene_237
Gene_81,Gene_240
Gene_81,Gene_241
Gene_81,Gene_243
Gene_81,Gene_244
Gene_81,Gene_245
Gene_81,Gene_246
Gene_81,Gene_247
Gene_81,Gene_248
Gene_81,Gene_250
Gene_81,Gene_251
Gene_81,Gene_253
Gene_81,Gene_254
Gene_81,Gene_255
Gene_81,Gene_256
Gene_81,Gene_258
Gene_81,Gene_260
Gene_81,Gene_262
Gene_81,Gene_263
Gene_81,Gene_264
Gene_81,Gene_266
Gene_81,Gene_267
Gene_81,Gene_268
Gene_81,Gene_269
Gene_81,Gene_270
Gene_81,Gene_271
Gene_81,Gene_273
Gene_81,Gene_275
Gene_81,Gene_276
Gene_81,Gene_277
Gene_81,Gene_279
Gene_81,Gene_281
Gene_81,Gene_283
Gene_81,Gene_285
Gene_81,Gene_286
Gene_81,Gene_287
Gene_81,Gene_288
Gene_81,Gene_289
Gene_81,Gene_290
Gene_81,Gene_291
Gene_81,Gene_293
Gene_81,Gene_294
Gene_81,Gene_296
Gene_81,Gene_297
Gene_81,Gene_299
Gene_81,Gene_300
Gene_81,Gene_303
Gene_81,Gene_304
Gene_81,Gene_305
Gene_81,Gene_306
Gene_81,Gene_307
Gene_81,Gene_308
Gene_81,Gene_309
Gene_81,Gene_310
Gene_81,Gene_311
Gene_81,Gene_313
Gene_81,Gene_315
Gene_81,Gene_316
Gene_81,Gene_317
Gene_81,Gene_319
Gene_81,Gene_321
Gene_81,Gene_322
Gene_81,Gene_323
Gene_81,Gene_325
Gene_81,Gene_327
Gene_81,Gene_328
Gene_81,Gene_330
Gene_81,Gene_334
Gene_81,Gene_335
Gene_81,Gene_336
Gene_81,Gene_337
Gene_81,Gene_338
Gene_81,Gene_339
Gene_81,Gene_340
Gene_81,Gene_342
Gene_81,Gene_343
Gene_81,Gene_344
Gene_81,Gene_345
Gene_81,Gene_347
Gene_81,Gene_349
Gene_81,Gene_352
Gene_81,Gene_353
Gene_81,Gene_354
Gene_81,Gene_355
Gene_81,Gene_357
Gene_81,Gene_358
Gene_81,Gene_360
Gene_81,Gene_361
Gene_81,Gene_362
Gene_81,Gene_364
Gene_81,Gene_365
Gene_81,Gene_366
Gene_81,Gene_367
Gene_81,Gene_368
Gene_81,Gene_370
Gene_81,Gene_371
Gene_81,Gene_372
Gene_81,Gene_375
Gene_81,Gene_377
Gene_81,Gene_378
Gene_81,Gene_380
Gene_81,Gene_381
Gene_81,Gene_382
Gene_81,Gene_383
Gene_81,Gene_384
Gene_81,Gene_385
Gene_81,Gene_386
Gene_81,Gene_387
Gene_81,Gene_388
Gene_81,Gene_390
Gene_81,Gene_392
Gene_81,Gene_394
Gene_81,Gene_396
Gene_81,Gene_398
Gene_81,Gene_399
Gene_81,Gene_400
Gene_81,Gene_402
Gene_81,Gene_403
Gene_81,Gene_404
Gene_81,Gene_405
Gene_81,Gene_406
Gene_81,Gene_407
Gene_81,Gene_408
Gene_81,Gene_409
Gene_81,Gene_411
Gene_81,Gene_412
Gene_81,Gene_414
Gene_81,Gene_416
Gene_81,Gene_417
Gene_81,Gene_419
Gene_81,Gene_420
Gene_81,Gene_421
Gene_81,Gene_422
Gene_81,Gene_423
Gene_81,Gene_424
Gene_81,Gene_425
Gene_81,Gene_426
Gene_81,Gene_427
Gene_81,Gene_428
Gene_81,Gene_429
Gene_81,Gene_431
Gene_81,Gene_432
Gene_81,Gene_433
Gene_81,Gene_434
Gene_81,Gene_436
Gene_81,Gene_437
Gene_81,Gene_438
Gene_81,Gene_439
Gene_81,Gene_440
Gene_81,Gene_443
Gene_81,Gene_444
Gene_81,Gene_445
Gene_81,Gene_446
Gene_81,Gene_447
Gene_81,Gene_448
Gene_81,Gene_450
Gene_81,Gene_451
Gene_81,Gene_452
Gene_81,Gene_453
Gene_81,Gene_456
Gene_81,Gene_457
Gene_81,Gene_458
Gene_81,Gene_459
Gene_81,Gene_462
Gene_81,Gene_463
Gene_81,Gene_465
Gene_81,Gene_469
Gene_81,Gene_470
Gene_81,Gene_473
Gene_81,Gene_474
Gene_81,Gene_476
Gene_81,Gene_477
Gene_81,Gene_478
Gene_81,Gene_479
Gene_81,Gene_482
Gene_81,Gene_483
Gene_81,Gene_484
Gene_81,Gene_485
Gene_81,Gene_487
Gene_81,Gene_488
Gene_81,Gene_490
Gene_81,Gene_491
Gene_81,Gene_492
Gene_81,Gene_493
Gene_81,Gene_495
Gene_81,Gene_497
Gene_81,Gene_498
Gene_81,Gene_500
Gene_81,Gene_501
Gene_81,Gene_502
Gene_81,Gene_505
Gene_81,Gene_509
Gene_81,Gene_510
Gene_81,Gene_511
Gene_81,Gene_512
Gene_81,Gene_513
Gene_81,Gene_514
Gene_81,Gene_516
Gene_81,Gene_518
Gene_81,Gene_519
Gene_81,Gene_520
Gene_81,Gene_521
Gene_81,Gene_522
Gene_81,Gene_523
Gene_81,Gene_524
Gene_81,Gene_525
Gene_81,Gene_526
Gene_81,Gene_527
Gene_81,Gene_528
Gene_81,Gene_529
Gene_81,Gene_530
Gene_81,Gene_531
Gene_81,Gene_532
Gene_81,Gene_533
Gene_81,Gene_535
Gene_81,Gene_536
Gene_81,Gene_537
Gene_81,Gene_538
Gene_81,Gene_540
Gene_81,Gene_541
Gene_81,Gene_542
Gene_81,Gene_543
Gene_81,Gene_544
Gene_81,Gene_546
Gene_81,Gene_547
Gene_81,Gene_548
Gene_81,Gene_549
Gene_81,Gene_550
Gene_81,Gene_553
Gene_81,Gene_554
Gene_81,Gene_555
Gene_81,Gene_556
Gene_81,Gene_558
Gene_81,Gene_560
Gene_81,Gene_565
Gene_81,Gene_566
Gene_81,Gene_567
Gene_81,Gene_571
Gene_81,Gene_572
Gene_81,Gene_574
Gene_81,Gene_576
Gene_81,Gene_579
Gene_81,Gene_580
Gene_81,Gene_581
Gene_81,Gene_584
Gene_81,Gene_588
Gene_81,Gene_590
Gene_81,Gene_591
Gene_81,Gene_592
Gene_81,Gene_593
Gene_81,Gene_594
Gene_81,Gene_597
Gene_81,Gene_599
Gene_81,Gene_600
Gene_81,Gene_601
Gene_81,Gene_602
Gene_81,Gene_603
Gene_81,Gene_604
Gene_81,Gene_606
Gene_81,Gene_607
Gene_81,Gene_608
Gene_81,Gene_609
Gene_81,Gene_610
Gene_81,Gene_611
Gene_81,Gene_613
Gene_81,Gene_614
Gene_81,Gene_615
Gene_81,Gene_616
Gene_81,Gene_617
Gene_81,Gene_618
Gene_81,Gene_619
Gene_81,Gene_620
Gene_81,Gene_622
Gene_81,Gene_623
Gene_81,Gene_624
Gene_81,Gene_625
Gene_81,Gene_626
Gene_81,Gene_627
Gene_81,Gene_628
Gene_81,Gene_629
Gene_81,Gene_630
Gene_81,Gene_631
Gene_81,Gene_632
Gene_81,Gene_634
Gene_81,Gene_635
Gene_81,Gene_637
Gene_81,Gene_638
Gene_81,Gene_639
Gene_81,Gene_641
Gene_81,Gene_642
Gene_81,Gene_643
Gene_81,Gene_644
Gene_81,Gene_645
Gene_81,Gene_646
Gene_81,Gene_647
Gene_81,Gene_649
Gene_81,Gene_650
Gene_81,Gene_653
Gene_81,Gene_654
Gene_81,Gene_655
Gene_81,Gene_656
Gene_81,Gene_658
Gene_81,Gene_660
Gene_81,Gene_661
Gene_81,Gene_662
Gene_81,Gene_663
Gene_81,Gene_665
Gene_81,Gene_668
Gene_81,Gene_669
Gene_81,Gene_670
Gene_81,Gene_671
Gene_81,Gene_672
Gene_81,Gene_673
Gene_81,Gene_674
Gene_81,Gene_675
Gene_81,Gene_676
Gene_81,Gene_678
Gene_81,Gene_680
Gene_81,Gene_681
Gene_81,Gene_682
Gene_81,Gene_684
Gene_81,Gene_685
Gene_81,Gene_686
Gene_81,Gene_687
Gene_81,Gene_688
Gene_81,Gene_689
Gene_81,Gene_690
Gene_81,Gene_691
Gene_81,Gene_693
Gene_81,Gene_695
Gene_81,Gene_696
Gene_81,Gene_697
Gene_81,Gene_698
Gene_81,Gene_700
Gene_81,Gene_703
Gene_81,Gene_704
Gene_81,Gene_706
Gene_81,Gene_707
Gene_81,Gene_708
Gene_81,Gene_710
Gene_81,Gene_711
Gene_81,Gene_712
Gene_81,Gene_713
Gene_81,Gene_714
Gene_81,Gene_715
Gene_81,Gene_716
Gene_81,Gene_717
Gene_81,Gene_718
Gene_81,Gene_719
Gene_81,Gene_720
Gene_81,Gene_721
Gene_81,Gene_722
Gene_81,Gene_723
Gene_81,Gene_724
Gene_81,Gene_725
Gene_81,Gene_726
Gene_81,Gene_727
Gene_81,Gene_729
Gene_81,Gene_730
Gene_81,Gene_731
Gene_81,Gene_732
Gene_81,Gene_733
Gene_81,Gene_734
Gene_81,Gene_735
Gene_81,Gene_736
Gene_81,Gene_738
Gene_81,Gene_739
Gene_81,Gene_740
Gene_81,Gene_741
Gene_81,Gene_742
Gene_81,Gene_743
Gene_81,Gene_744
Gene_81,Gene_745
Gene_81,Gene_746
Gene_81,Gene_748
Gene_81,Gene_749
Gene_81,Gene_750
Gene_81,Gene_751
Gene_81,Gene_752
Gene_81,Gene_753
Gene_81,Gene_754
Gene_81,Gene_755
Gene_81,Gene_756
Gene_81,Gene_757
Gene_81,Gene_759
Gene_81,Gene_762
Gene_81,Gene_763
Gene_81,Gene_764
Gene_81,Gene_765
Gene_81,Gene_767
Gene_81,Gene_768
Gene_81,Gene_769
Gene_81,Gene_770
Gene_81,Gene_771
Gene_81,Gene_773
Gene_81,Gene_775
Gene_81,Gene_776
Gene_81,Gene_777
Gene_81,Gene_780
Gene_81,Gene_781
Gene_81,Gene_782
Gene_81,Gene_783
Gene_81,Gene_785
Gene_81,Gene_786
Gene_81,Gene_787
Gene_81,Gene_788
Gene_81,Gene_790
Gene_81,Gene_791
Gene_81,Gene_792
Gene_81,Gene_793
Gene_81,Gene_794
Gene_81,Gene_795
Gene_81,Gene_796
Gene_81,Gene_797
Gene_81,Gene_798
Gene_81,Gene_799
Gene_81,Gene_800
Gene_81,Gene_801
Gene_81,Gene_802
Gene_81,Gene_803
Gene_81,Gene_804
Gene_81,Gene_805
Gene_81,Gene_806
Gene_81,Gene_809
Gene_81,Gene_810
Gene_81,Gene_811
Gene_81,Gene_812
Gene_81,Gene_813
Gene_81,Gene_814
Gene_81,Gene_816
Gene_81,Gene_817
Gene_81,Gene_818
Gene_81,Gene_820
Gene_81,Gene_821
Gene_81,Gene_822
Gene_81,Gene_823
Gene_81,Gene_825
Gene_81,Gene_827
Gene_81,Gene_828
Gene_81,Gene_829
Gene_81,Gene_830
Gene_81,Gene_831
Gene_81,Gene_833
Gene_81,Gene_834
Gene_81,Gene_835
Gene_81,Gene_836
Gene_81,Gene_837
Gene_81,Gene_840
Gene_81,Gene_841
Gene_81,Gene_842
Gene_81,Gene_843
Gene_81,Gene_844
Gene_81,Gene_845
Gene_81,Gene_846
Gene_81,Gene_848
Gene_81,Gene_849
Gene_81,Gene_850
Gene_81,Gene_851
Gene_81,Gene_853
Gene_81,Gene_856
Gene_81,Gene_858
Gene_81,Gene_859
Gene_81,Gene_860
Gene_81,Gene_861
Gene_81,Gene_863
Gene_81,Gene_864
Gene_81,Gene_865
Gene_81,Gene_866
Gene_81,Gene_867
Gene_81,Gene_868
Gene_81,Gene_869
Gene_81,Gene_870
Gene_81,Gene_872
Gene_81,Gene_873
Gene_81,Gene_874
Gene_81,Gene_875
Gene_81,Gene_877
Gene_81,Gene_878
Gene_81,Gene_880
Gene_81,Gene_882
Gene_81,Gene_883
Gene_81,Gene_884
Gene_81,Gene_885
Gene_81,Gene_886
Gene_81,Gene_887
Gene_81,Gene_888
Gene_81,Gene_889
Gene_81,Gene_892
Gene_81,Gene_893
Gene_81,Gene_895
Gene_81,Gene_897
Gene_81,Gene_898
Gene_81,Gene_899
Gene_81,Gene_901
Gene_81,Gene_902
Gene_81,Gene_903
Gene_81,Gene_904
Gene_81,Gene_905
Gene_81,Gene_906
Gene_81,Gene_907
Gene_81,Gene_909
Gene_81,Gene_910
Gene_81,Gene_911
Gene_81,Gene_912
Gene_81,Gene_913
Gene_81,Gene_915
Gene_81,Gene_916
Gene_81,Gene_918
Gene_81,Gene_919
Gene_81,Gene_920
Gene_81,Gene_921
Gene_81,Gene_922
Gene_81,Gene_923
Gene_81,Gene_924
Gene_81,Gene_925
Gene_81,Gene_928
Gene_81,Gene_929
Gene_81,Gene_930
Gene_81,Gene_931
Gene_81,Gene_932
Gene_81,Gene_934
Gene_81,Gene_935
Gene_81,Gene_936
Gene_81,Gene_937
Gene_81,Gene_939
Gene_81,Gene_940
Gene_81,Gene_941
Gene_81,Gene_942
Gene_81,Gene_943
Gene_81,Gene_945
Gene_81,Gene_946
Gene_81,Gene_949
Gene_81,Gene_950
Gene_81,Gene_951
Gene_81,Gene_953
Gene_81,Gene_954
Gene_81,Gene_955
Gene_81,Gene_956
Gene_81,Gene_957
Gene_81,Gene_960
Gene_81,Gene_961
Gene_81,Gene_962
Gene_81,Gene_963
Gene_81,Gene_966
Gene_81,Gene_967
Gene_81,Gene_968
Gene_81,Gene_970
Gene_81,Gene_973
Gene_81,Gene_975
Gene_81,Gene_977
Gene_81,Gene_978
Gene_81,Gene_980
Gene_81,Gene_981
Gene_81,Gene_982
Gene_81,Gene_983
Gene_81,Gene_984
Gene_81,Gene_987
Gene_81,Gene_988
Gene_81,Gene_989
Gene_81,Gene_990
Gene_81,Gene_991
Gene_81,Gene_992
Gene_81,Gene_993
Gene_81,Gene_994
Gene_81,Gene_995
Gene_81,Gene_997
Gene_81,Gene_999
Gene_97,Gene_2
Gene_97,Gene_3
Gene_97,Gene_6
Gene_97,Gene_9
Gene_97,Gene_11
Gene_97,Gene_13
Gene_97,Gene_14
Gene_97,Gene_16
Gene_97,Gene_18
Gene_97,Gene_19
Gene_97,Gene_21
Gene_97,Gene_22
Gene_97,Gene_25
Gene_97,Gene_26
Gene_97,Gene_28
Gene_97,Gene_29
Gene_97,Gene_30
Gene_97,Gene_34
Gene_97,Gene_35
Gene_97,Gene_36
Gene_97,Gene_38
Gene_97,Gene_42
Gene_97,Gene_43
Gene_97,Gene_44
Gene_97,Gene_47
Gene_97,Gene_48
Gene_97,Gene_49
Gene_97,Gene_50
Gene_97,Gene_51
Gene_97,Gene_55
Gene_97,Gene_56
Gene_97,Gene_57
Gene_97,Gene_58
Gene_97,Gene_60
Gene_97,Gene_63
Gene_97,Gene_64
Gene_97,Gene_65
Gene_97,Gene_67
Gene_97,Gene_68
Gene_97,Gene_69
Gene_97,Gene_70
Gene_97,Gene_71
Gene_97,Gene_72
Gene_97,Gene_73
Gene_97,Gene_74
Gene_97,Gene_79
Gene_97,Gene_80
Gene_97,Gene_81
Gene_97,Gene_82
Gene_97,Gene_83
Gene_97,Gene_89
Gene_97,Gene_92
Gene_97,Gene_94
Gene_97,Gene_96
Gene_97,Gene_97
Gene_97,Gene_98
Gene_97,Gene_101
Gene_97,Gene_102
Gene_97,Gene_106
Gene_97,Gene_107
Gene_97,Gene_110
Gene_97,Gene_115
Gene_97,Gene_116
Gene_97,Gene_117
Gene_97,Gene_120
Gene_97,Gene_121
Gene_97,Gene_123
Gene_97,Gene_124
Gene_97,Gene_126
Gene_97,Gene_128
Gene_97,Gene_129
Gene_97,Gene_131
Gene_97,Gene_132
Gene_97,Gene_133
Gene_97,Gene_134
Gene_97,Gene_135
Gene_97,Gene_137
Gene_97,Gene_138
Gene_97,Gene_139
Gene_97,Gene_141
Gene_97,Gene_142
Gene_97,Gene_143
Gene_97,Gene_144
Gene_97,Gene_145
Gene_97,Gene_146
Gene_97,Gene_147
Gene_97,Gene_149
Gene_97,Gene_150
Gene_97,Gene_152
Gene_97,Gene_158
Gene_97,Gene_159
Gene_97,Gene_161
Gene_97,Gene_162
Gene_97,Gene_166
Gene_97,Gene_167
Gene_97,Gene_169
Gene_97,Gene_171
Gene_97,Gene_172
Gene_97,Gene_173
Gene_97,Gene_174
Gene_97,Gene_175
Gene_97,Gene_176
Gene_97,Gene_180
Gene_97,Gene_181
Gene_97,Gene_184
Gene_97,Gene_185
Gene_97,Gene_187
Gene_97,Gene_188
Gene_97,Gene_190
Gene_97,Gene_191
Gene_97,Gene_192
Gene_97,Gene_195
Gene_97,Gene_196
Gene_97,Gene_197
Gene_97,Gene_198
Gene_97,Gene_199
Gene_97,Gene_200
Gene_97,Gene_202
Gene_97,Gene_203
Gene_97,Gene_205
Gene_97,Gene_206
Gene_97,Gene_208
Gene_97,Gene_209
Gene_97,Gene_210
Gene_97,Gene_212
Gene_97,Gene_214
Gene_97,Gene_215
Gene_97,Gene_216
Gene_97,Gene_217
Gene_97,Gene_218
Gene_97,Gene_221
Gene_97,Gene_223
Gene_97,Gene_228
Gene_97,Gene_229
Gene_97,Gene_231
Gene_97,Gene_235
Gene_97,Gene_237
Gene_97,Gene_240
Gene_97,Gene_241
Gene_97,Gene_242
Gene_97,Gene_243
Gene_97,Gene_245
Gene_97,Gene_247
Gene_97,Gene_251
Gene_97,Gene_253
Gene_97,Gene_254
Gene_97,Gene_255
Gene_97,Gene_256
Gene_97,Gene_258
Gene_97,Gene_260
Gene_97,Gene_263
Gene_97,Gene_264
Gene_97,Gene_265
Gene_97,Gene_266
Gene_97,Gene_267
Gene_97,Gene_268
Gene_97,Gene_269
Gene_97,Gene_270
Gene_97,Gene_273
Gene_97,Gene_274
Gene_97,Gene_275
Gene_97,Gene_276
Gene_97,Gene_277
Gene_97,Gene_281
Gene_97,Gene_283
Gene_97,Gene_284
Gene_97,Gene_286
Gene_97,Gene_287
Gene_97,Gene_288
Gene_97,Gene_289
Gene_97,Gene_290
Gene_97,Gene_292
Gene_97,Gene_293
Gene_97,Gene_294
Gene_97,Gene_296
Gene_97,Gene_299
Gene_97,Gene_300
Gene_97,Gene_303
Gene_97,Gene_304
Gene_97,Gene_309
Gene_97,Gene_313
Gene_97,Gene_315
Gene_97,Gene_316
Gene_97,Gene_317
Gene_97,Gene_318
Gene_97,Gene_319
Gene_97,Gene_321
Gene_97,Gene_322
Gene_97,Gene_324
Gene_97,Gene_326
Gene_97,Gene_328
Gene_97,Gene_330
Gene_97,Gene_332
Gene_97,Gene_336
Gene_97,Gene_337
Gene_97,Gene_338
Gene_97,Gene_339
Gene_97,Gene_342
Gene_97,Gene_343
Gene_97,Gene_345
Gene_97,Gene_348
Gene_97,Gene_351
Gene_97,Gene_352
Gene_97,Gene_353
Gene_97,Gene_354
Gene_97,Gene_355
Gene_97,Gene_356
Gene_97,Gene_359
Gene_97,Gene_361
Gene_97,Gene_362
Gene_97,Gene_363
Gene_97,Gene_367
Gene_97,Gene_369
Gene_97,Gene_371
Gene_97,Gene_375
Gene_97,Gene_377
Gene_97,Gene_378
Gene_97,Gene_379
Gene_97,Gene_380
Gene_97,Gene_382
Gene_97,Gene_386
Gene_97,Gene_387
Gene_97,Gene_388
Gene_97,Gene_389
Gene_97,Gene_390
Gene_97,Gene_392
Gene_97,Gene_394
Gene_97,Gene_396
Gene_97,Gene_397
Gene_97,Gene_398
Gene_97,Gene_400
Gene_97,Gene_402
Gene_97,Gene_403
Gene_97,Gene_405
Gene_97,Gene_406
Gene_97,Gene_407
Gene_97,Gene_408
Gene_97,Gene_409
Gene_97,Gene_410
Gene_97,Gene_411
Gene_97,Gene_412
Gene_97,Gene_414
Gene_97,Gene_418
Gene_97,Gene_421
Gene_97,Gene_425
Gene_97,Gene_426
Gene_97,Gene_428
Gene_97,Gene_429
Gene_97,Gene_431
Gene_97,Gene_432
Gene_97,Gene_433
Gene_97,Gene_434
Gene_97,Gene_438
Gene_97,Gene_441
Gene_97,Gene_442
Gene_97,Gene_443
Gene_97,Gene_449
Gene_97,Gene_452
Gene_97,Gene_454
Gene_97,Gene_456
Gene_97,Gene_457
Gene_97,Gene_458
Gene_97,Gene_459
Gene_97,Gene_461
Gene_97,Gene_462
Gene_97,Gene_465
Gene_97,Gene_467
Gene_97,Gene_468
Gene_97,Gene_469
Gene_97,Gene_470
Gene_97,Gene_474
Gene_97,Gene_478
Gene_97,Gene_480
Gene_97,Gene_483
Gene_97,Gene_486
Gene_97,Gene_487
Gene_97,Gene_489
Gene_97,Gene_490
Gene_97,Gene_491
Gene_97,Gene_493
Gene_97,Gene_498
Gene_97,Gene_500
Gene_97,Gene_501
Gene_97,Gene_503
Gene_97,Gene_505
Gene_97,Gene_507
Gene_97,Gene_508
Gene_97,Gene_509
Gene_97,Gene_511
Gene_97,Gene_513
Gene_97,Gene_514
Gene_97,Gene_515
Gene_97,Gene_516
Gene_97,Gene_518
Gene_97,Gene_520
Gene_97,Gene_521
Gene_97,Gene_522
Gene_97,Gene_524
Gene_97,Gene_525
Gene_97,Gene_527
Gene_97,Gene_528
Gene_97,Gene_530
Gene_97,Gene_532
Gene_97,Gene_533
Gene_97,Gene_535
Gene_97,Gene_538
Gene_97,Gene_540
Gene_97,Gene_541
Gene_97,Gene_542
Gene_97,Gene_543
Gene_97,Gene_544
Gene_97,Gene_546
Gene_97,Gene_547
Gene_97,Gene_551
Gene_97,Gene_553
Gene_97,Gene_554
Gene_97,Gene_556
Gene_97,Gene_558
Gene_97,Gene_562
Gene_97,Gene_565
Gene_97,Gene_567
Gene_97,Gene_569
Gene_97,Gene_570
Gene_97,Gene_573
Gene_97,Gene_577
Gene_97,Gene_578
Gene_97,Gene_581
Gene_97,Gene_584
Gene_97,Gene_587
Gene_97,Gene_588
Gene_97,Gene_590
Gene_97,Gene_591
Gene_97,Gene_592
Gene_97,Gene_593
Gene_97,Gene_594
Gene_97,Gene_597
Gene_97,Gene_599
Gene_97,Gene_602
Gene_97,Gene_603
Gene_97,Gene_606
Gene_97,Gene_608
Gene_97,Gene_609
Gene_97,Gene_610
Gene_97,Gene_612
Gene_97,Gene_613
Gene_97,Gene_615
Gene_97,Gene_617
Gene_97,Gene_618
Gene_97,Gene_623
Gene_97,Gene_624
Gene_97,Gene_625
Gene_97,Gene_627
Gene_97,Gene_628
Gene_97,Gene_630
Gene_97,Gene_631
Gene_97,Gene_632
Gene_97,Gene_635
Gene_97,Gene_636
Gene_97,Gene_637
Gene_97,Gene_638
Gene_97,Gene_639
Gene_97,Gene_640
Gene_97,Gene_643
Gene_97,Gene_646
Gene_97,Gene_647
Gene_97,Gene_649
Gene_97,Gene_653
Gene_97,Gene_659
Gene_97,Gene_660
Gene_97,Gene_661
Gene_97,Gene_662
Gene_97,Gene_663
Gene_97,Gene_669
Gene_97,Gene_670
Gene_97,Gene_671
Gene_97,Gene_673
Gene_97,Gene_675
Gene_97,Gene_678
Gene_97,Gene_679
Gene_97,Gene_680
Gene_97,Gene_681
Gene_97,Gene_682
Gene_97,Gene_684
Gene_97,Gene_685
Gene_97,Gene_686
Gene_97,Gene_687
Gene_97,Gene_688
Gene_97,Gene_691
Gene_97,Gene_692
Gene_97,Gene_693
Gene_97,Gene_697
Gene_97,Gene_699
Gene_97,Gene_703
Gene_97,Gene_704
Gene_97,Gene_705
Gene_97,Gene_710
Gene_97,Gene_711
Gene_97,Gene_712
Gene_97,Gene_713
Gene_97,Gene_714
Gene_97,Gene_715
Gene_97,Gene_716
Gene_97,Gene_717
Gene_97,Gene_718
Gene_97,Gene_719
Gene_97,Gene_723
Gene_97,Gene_724
Gene_97,Gene_725
Gene_97,Gene_727
Gene_97,Gene_728
Gene_97,Gene_730
Gene_97,Gene_734
Gene_97,Gene_735
Gene_97,Gene_737
Gene_97,Gene_738
Gene_97,Gene_740
Gene_97,Gene_741
Gene_97,Gene_742
Gene_97,Gene_744
Gene_97,Gene_747
Gene_97,Gene_748
Gene_97,Gene_749
Gene_97,Gene_751
Gene_97,Gene_752
Gene_97,Gene_753
Gene_97,Gene_754
Gene_97,Gene_755
Gene_97,Gene_760
Gene_97,Gene_761
Gene_97,Gene_763
Gene_97,Gene_764
Gene_97,Gene_766
Gene_97,Gene_767
Gene_97,Gene_769
Gene_97,Gene_770
Gene_97,Gene_771
Gene_97,Gene_773
Gene_97,Gene_774
Gene_97,Gene_776
Gene_97,Gene_777
Gene_97,Gene_778
Gene_97,Gene_779
Gene_97,Gene_780
Gene_97,Gene_782
Gene_97,Gene_785
Gene_97,Gene_786
Gene_97,Gene_792
Gene_97,Gene_794
Gene_97,Gene_795
Gene_97,Gene_796
Gene_97,Gene_797
Gene_97,Gene_798
Gene_97,Gene_799
Gene_97,Gene_801
Gene_97,Gene_802
Gene_97,Gene_803
Gene_97,Gene_804
Gene_97,Gene_805
Gene_97,Gene_811
Gene_97,Gene_812
Gene_97,Gene_816
Gene_97,Gene_817
Gene_97,Gene_819
Gene_97,Gene_822
Gene_97,Gene_825
Gene_97,Gene_826
Gene_97,Gene_827
Gene_97,Gene_829
Gene_97,Gene_830
Gene_97,Gene_831
Gene_97,Gene_833
Gene_97,Gene_834
Gene_97,Gene_835
Gene_97,Gene_836
Gene_97,Gene_842
Gene_97,Gene_843
Gene_97,Gene_845
Gene_97,Gene_846
Gene_97,Gene_847
Gene_97,Gene_848
Gene_97,Gene_849
Gene_97,Gene_850
Gene_97,Gene_851
Gene_97,Gene_852
Gene_97,Gene_853
Gene_97,Gene_856
Gene_97,Gene_857
Gene_97,Gene_860
Gene_97,Gene_864
Gene_97,Gene_865
Gene_97,Gene_866
Gene_97,Gene_873
Gene_97,Gene_875
Gene_97,Gene_877
Gene_97,Gene_878
Gene_97,Gene_880
Gene_97,Gene_881
Gene_97,Gene_882
Gene_97,Gene_886
Gene_97,Gene_888
Gene_97,Gene_889
Gene_97,Gene_891
Gene_97,Gene_892
Gene_97,Gene_893
Gene_97,Gene_894
Gene_97,Gene_895
Gene_97,Gene_896
Gene_97,Gene_897
Gene_97,Gene_898
Gene_97,Gene_900
Gene_97,Gene_901
Gene_97,Gene_902
Gene_97,Gene_903
Gene_97,Gene_904
Gene_97,Gene_905
Gene_97,Gene_907
Gene_97,Gene_910
Gene_97,Gene_911
Gene_97,Gene_913
Gene_97,Gene_914
Gene_97,Gene_915
Gene_97,Gene_916
Gene_97,Gene_919
Gene_97,Gene_920
Gene_97,Gene_921
Gene_97,Gene_922
Gene_97,Gene_923
Gene_97,Gene_924
Gene_97,Gene_929
Gene_97,Gene_930
Gene_97,Gene_933
Gene_97,Gene_935
Gene_97,Gene_936
Gene_97,Gene_937
Gene_97,Gene_938
Gene_97,Gene_939
Gene_97,Gene_941
Gene_97,Gene_942
Gene_97,Gene_943
Gene_97,Gene_945
Gene_97,Gene_946
Gene_97,Gene_947
Gene_97,Gene_949
Gene_97,Gene_950
Gene_97,Gene_956
Gene_97,Gene_957
Gene_97,Gene_960
Gene_97,Gene_961
Gene_97,Gene_962
Gene_97,Gene_964
Gene_97,Gene_965
Gene_97,Gene_966
Gene_97,Gene_967
Gene_97,Gene_969
Gene_97,Gene_973
Gene_97,Gene_974
Gene_97,Gene_975
Gene_97,Gene_977
Gene_97,Gene_981
Gene_97,Gene_982
Gene_97,Gene_983
Gene_97,Gene_984
Gene_97,Gene_985
Gene_97,Gene_986
Gene_97,Gene_987
Gene_97,Gene_989
Gene_97,Gene_990
Gene_97,Gene_991
Gene_97,Gene_992
Gene_97,Gene_993
Gene_97,Gene_996
Gene_97,Gene_998
Gene_97,Gene_999
Gene_128,Gene_1
Gene_128,Gene_2
Gene_128,Gene_3
Gene_128,Gene_5
Gene_128,Gene_6
Gene_128,Gene_8
Gene_128,Gene_9
Gene_128,Gene_13
Gene_128,Gene_16
Gene_128,Gene_17
Gene_128,Gene_18
Gene_128,Gene_19
Gene_128,Gene_21
Gene_128,Gene_22
Gene_128,Gene_23
Gene_128,Gene_25
Gene_128,Gene_26
Gene_128,Gene_27
Gene_128,Gene_28
Gene_128,Gene_29
Gene_128,Gene_30
Gene_128,Gene_34
Gene_128,Gene_39
Gene_128,Gene_40
Gene_128,Gene_41
Gene_128,Gene_42
Gene_128,Gene_43
Gene_128,Gene_46
Gene_128,Gene_48
Gene_128,Gene_49
Gene_128,Gene_51
Gene_128,Gene_52
Gene_128,Gene_55
Gene_128,Gene_56
Gene_128,Gene_57
Gene_128,Gene_59
Gene_128,Gene_60
Gene_128,Gene_61
Gene_128,Gene_62
Gene_128,Gene_63
Gene_128,Gene_64
Gene_128,Gene_65
Gene_128,Gene_67
Gene_128,Gene_70
Gene_128,Gene_71
Gene_128,Gene_73
Gene_128,Gene_74
Gene_128,Gene_76
Gene_128,Gene_77
Gene_128,Gene_78
Gene_128,Gene_79
Gene_128,Gene_80
Gene_128,Gene_81
Gene_128,Gene_82
Gene_128,Gene_83
Gene_128,Gene_84
Gene_128,Gene_86
Gene_128,Gene_87
Gene_128,Gene_88
Gene_128,Gene_89
Gene_128,Gene_92
Gene_128,Gene_93
Gene_128,Gene_94
Gene_128,Gene_96
Gene_128,Gene_97
Gene_128,Gene_98
Gene_128,Gene_99
Gene_128,Gene_100
Gene_128,Gene_101
Gene_128,Gene_103
Gene_128,Gene_107
Gene_128,Gene_109
Gene_128,Gene_110
Gene_128,Gene_111
Gene_128,Gene_115
Gene_128,Gene_116
Gene_128,Gene_117
Gene_128,Gene_120
Gene_128,Gene_121
Gene_128,Gene_123
Gene_128,Gene_124
Gene_128,Gene_125
Gene_128,Gene_126
Gene_128,Gene_129
Gene_128,Gene_131
Gene_128,Gene_132
Gene_128,Gene_133
Gene_128,Gene_134
Gene_128,Gene_135
Gene_128,Gene_137
Gene_128,Gene_138
Gene_128,Gene_139
Gene_128,Gene_141
Gene_128,Gene_142
Gene_128,Gene_143
Gene_128,Gene_144
Gene_128,Gene_145
Gene_128,Gene_146
Gene_128,Gene_149
Gene_128,Gene_152
Gene_128,Gene_153
Gene_128,Gene_157
Gene_128,Gene_158
Gene_128,Gene_159
Gene_128,Gene_160
Gene_128,Gene_161
Gene_128,Gene_162
Gene_128,Gene_165
Gene_128,Gene_166
Gene_128,Gene_167
Gene_128,Gene_168
Gene_128,Gene_169
Gene_128,Gene_170
Gene_128,Gene_171
Gene_128,Gene_172
Gene_128,Gene_173
Gene_128,Gene_174
Gene_128,Gene_176
Gene_128,Gene_177
Gene_128,Gene_178
Gene_128,Gene_179
Gene_128,Gene_181
Gene_128,Gene_183
Gene_128,Gene_185
Gene_128,Gene_186
Gene_128,Gene_187
Gene_128,Gene_189
Gene_128,Gene_190
Gene_128,Gene_191
Gene_128,Gene_192
Gene_128,Gene_193
Gene_128,Gene_194
Gene_128,Gene_196
Gene_128,Gene_199
Gene_128,Gene_200
Gene_128,Gene_201
Gene_128,Gene_203
Gene_128,Gene_205
Gene_128,Gene_206
Gene_128,Gene_209
Gene_128,Gene_210
Gene_128,Gene_212
Gene_128,Gene_213
Gene_128,Gene_214
Gene_128,Gene_215
Gene_128,Gene_216
Gene_128,Gene_217
Gene_128,Gene_218
Gene_128,Gene_220
Gene_128,Gene_222
Gene_128,Gene_223
Gene_128,Gene_224
Gene_128,Gene_225
Gene_128,Gene_227
Gene_128,Gene_231
Gene_128,Gene_232
Gene_128,Gene_233
Gene_128,Gene_235
Gene_128,Gene_236
Gene_128,Gene_237
Gene_128,Gene_238
Gene_128,Gene_239
Gene_128,Gene_240
Gene_128,Gene_241
Gene_128,Gene_242
Gene_128,Gene_243
Gene_128,Gene_244
Gene_128,Gene_245
Gene_128,Gene_246
Gene_128,Gene_247
Gene_128,Gene_252
Gene_128,Gene_254
Gene_128,Gene_255
Gene_128,Gene_258
Gene_128,Gene_260
Gene_128,Gene_263
Gene_128,Gene_264
Gene_128,Gene_265
Gene_128,Gene_267
Gene_128,Gene_268
Gene_128,Gene_269
Gene_128,Gene_270
Gene_128,Gene_271
Gene_128,Gene_272
Gene_128,Gene_273
Gene_128,Gene_275
Gene_128,Gene_281
Gene_128,Gene_283
Gene_128,Gene_284
Gene_128,Gene_285
Gene_128,Gene_286
Gene_128,Gene_287
Gene_128,Gene_288
Gene_128,Gene_289
Gene_128,Gene_290
Gene_128,Gene_291
Gene_128,Gene_293
Gene_128,Gene_294
Gene_128,Gene_296
Gene_128,Gene_297
Gene_128,Gene_299
Gene_128,Gene_300
Gene_128,Gene_301
Gene_128,Gene_302
Gene_128,Gene_303
Gene_128,Gene_304
Gene_128,Gene_305
Gene_128,Gene_306
Gene_128,Gene_307
Gene_128,Gene_308
Gene_128,Gene_309
Gene_128,Gene_310
Gene_128,Gene_313
Gene_128,Gene_315
Gene_128,Gene_316
Gene_128,Gene_317
Gene_128,Gene_318
Gene_128,Gene_319
Gene_128,Gene_320
Gene_128,Gene_321
Gene_128,Gene_323
Gene_128,Gene_326
Gene_128,Gene_328
Gene_128,Gene_331
Gene_128,Gene_332
Gene_128,Gene_333
Gene_128,Gene_334
Gene_128,Gene_335
Gene_128,Gene_336
Gene_128,Gene_337
Gene_128,Gene_338
Gene_128,Gene_339
Gene_128,Gene_340
Gene_128,Gene_343
Gene_128,Gene_344
Gene_128,Gene_345
Gene_128,Gene_349
Gene_128,Gene_353
Gene_128,Gene_354
Gene_128,Gene_355
Gene_128,Gene_356
Gene_128,Gene_357
Gene_128,Gene_359
Gene_128,Gene_360
Gene_128,Gene_361
Gene_128,Gene_362
Gene_128,Gene_363
Gene_128,Gene_364
Gene_128,Gene_366
Gene_128,Gene_367
Gene_128,Gene_368
Gene_128,Gene_369
Gene_128,Gene_370
Gene_128,Gene_371
Gene_128,Gene_372
Gene_128,Gene_374
Gene_128,Gene_377
Gene_128,Gene_378
Gene_128,Gene_379
Gene_128,Gene_380
Gene_128,Gene_381
Gene_128,Gene_382
Gene_128,Gene_383
Gene_128,Gene_384
Gene_128,Gene_387
Gene_128,Gene_388
Gene_128,Gene_390
Gene_128,Gene_392
Gene_128,Gene_393
Gene_128,Gene_394
Gene_128,Gene_397
Gene_128,Gene_398
Gene_128,Gene_399
Gene_128,Gene_400
Gene_128,Gene_403
Gene_128,Gene_404
Gene_128,Gene_406
Gene_128,Gene_407
Gene_128,Gene_408
Gene_128,Gene_409
Gene_128,Gene_410
Gene_128,Gene_412
Gene_128,Gene_414
Gene_128,Gene_416
Gene_128,Gene_417
Gene_128,Gene_419
Gene_128,Gene_420
Gene_128,Gene_421
Gene_128,Gene_425
Gene_128,Gene_427
Gene_128,Gene_432
Gene_128,Gene_437
Gene_128,Gene_438
Gene_128,Gene_439
Gene_128,Gene_440
Gene_128,Gene_441
Gene_128,Gene_442
Gene_128,Gene_443
Gene_128,Gene_444
Gene_128,Gene_446
Gene_128,Gene_449
Gene_128,Gene_450
Gene_128,Gene_451
Gene_128,Gene_452
Gene_128,Gene_453
Gene_128,Gene_454
Gene_128,Gene_456
Gene_128,Gene_457
Gene_128,Gene_458
Gene_128,Gene_459
Gene_128,Gene_461
Gene_128,Gene_462
Gene_128,Gene_463
Gene_128,Gene_464
Gene_128,Gene_465
Gene_128,Gene_466
Gene_128,Gene_467
Gene_128,Gene_468
Gene_128,Gene_469
Gene_128,Gene_471
Gene_128,Gene_473
Gene_128,Gene_474
Gene_128,Gene_476
Gene_128,Gene_477
Gene_128,Gene_478
Gene_128,Gene_480
Gene_128,Gene_482
Gene_128,Gene_484
Gene_128,Gene_485
Gene_128,Gene_486
Gene_128,Gene_487
Gene_128,Gene_489
Gene_128,Gene_490
Gene_128,Gene_491
Gene_128,Gene_492
Gene_128,Gene_493
Gene_128,Gene_495
Gene_128,Gene_496
Gene_128,Gene_498
Gene_128,Gene_500
Gene_128,Gene_501
Gene_128,Gene_502
Gene_128,Gene_503
Gene_128,Gene_505
Gene_128,Gene_506
Gene_128,Gene_507
Gene_128,Gene_508
Gene_128,Gene_509
Gene_128,Gene_511
Gene_128,Gene_513
Gene_128,Gene_514
Gene_128,Gene_515
Gene_128,Gene_516
Gene_128,Gene_518
Gene_128,Gene_520
Gene_128,Gene_521
Gene_128,Gene_523
Gene_128,Gene_524
Gene_128,Gene_525
Gene_128,Gene_527
Gene_128,Gene_528
Gene_128,Gene_530
Gene_128,Gene_531
Gene_128,Gene_532
Gene_128,Gene_533
Gene_128,Gene_535
Gene_128,Gene_536
Gene_128,Gene_540
Gene_128,Gene_541
Gene_128,Gene_542
Gene_128,Gene_543
Gene_128,Gene_544
Gene_128,Gene_545
Gene_128,Gene_546
Gene_128,Gene_550
Gene_128,Gene_551
Gene_128,Gene_553
Gene_128,Gene_554
Gene_128,Gene_556
Gene_128,Gene_558
Gene_128,Gene_560
Gene_128,Gene_562
Gene_128,Gene_566
Gene_128,Gene_567
Gene_128,Gene_569
Gene_128,Gene_570
Gene_128,Gene_572
Gene_128,Gene_575
Gene_128,Gene_577
Gene_128,Gene_578
Gene_128,Gene_580
Gene_128,Gene_581
Gene_128,Gene_583
Gene_128,Gene_587
Gene_128,Gene_588
Gene_128,Gene_589
Gene_128,Gene_591
Gene_128,Gene_592
Gene_128,Gene_593
Gene_128,Gene_594
Gene_128,Gene_595
Gene_128,Gene_596
Gene_128,Gene_597
Gene_128,Gene_598
Gene_128,Gene_599
Gene_128,Gene_600
Gene_128,Gene_601
Gene_128,Gene_602
Gene_128,Gene_603
Gene_128,Gene_605
Gene_128,Gene_606
Gene_128,Gene_608
Gene_128,Gene_610
Gene_128,Gene_611
Gene_128,Gene_612
Gene_128,Gene_613
Gene_128,Gene_614
Gene_128,Gene_615
Gene_128,Gene_616
Gene_128,Gene_618
Gene_128,Gene_619
Gene_128,Gene_620
Gene_128,Gene_621
Gene_128,Gene_623
Gene_128,Gene_624
Gene_128,Gene_625
Gene_128,Gene_626
Gene_128,Gene_627
Gene_128,Gene_629
Gene_128,Gene_631
Gene_128,Gene_632
Gene_128,Gene_633
Gene_128,Gene_634
Gene_128,Gene_635
Gene_128,Gene_636
Gene_128,Gene_637
Gene_128,Gene_638
Gene_128,Gene_639
Gene_128,Gene_640
Gene_128,Gene_642
Gene_128,Gene_643
Gene_128,Gene_644
Gene_128,Gene_646
Gene_128,Gene_648
Gene_128,Gene_649
Gene_128,Gene_650
Gene_128,Gene_652
Gene_128,Gene_653
Gene_128,Gene_655
Gene_128,Gene_657
Gene_128,Gene_658
Gene_128,Gene_659
Gene_128,Gene_660
Gene_128,Gene_661
Gene_128,Gene_662
Gene_128,Gene_663
Gene_128,Gene_665
Gene_128,Gene_666
Gene_128,Gene_669
Gene_128,Gene_670
Gene_128,Gene_671
Gene_128,Gene_672
Gene_128,Gene_673
Gene_128,Gene_675
Gene_128,Gene_676
Gene_128,Gene_678
Gene_128,Gene_679
Gene_128,Gene_681
Gene_128,Gene_682
Gene_128,Gene_683
Gene_128,Gene_684
Gene_128,Gene_685
Gene_128,Gene_686
Gene_128,Gene_687
Gene_128,Gene_689
Gene_128,Gene_691
Gene_128,Gene_692
Gene_128,Gene_693
Gene_128,Gene_694
Gene_128,Gene_695
Gene_128,Gene_696
Gene_128,Gene_697
Gene_128,Gene_698
Gene_128,Gene_699
Gene_128,Gene_700
Gene_128,Gene_704
Gene_128,Gene_705
Gene_128,Gene_708
Gene_128,Gene_711
Gene_128,Gene_712
Gene_128,Gene_716
Gene_128,Gene_717
Gene_128,Gene_718
Gene_128,Gene_719
Gene_128,Gene_720
Gene_128,Gene_721
Gene_128,Gene_722
Gene_128,Gene_723
Gene_128,Gene_724
Gene_128,Gene_725
Gene_128,Gene_726
Gene_128,Gene_727
Gene_128,Gene_728
Gene_128,Gene_729
Gene_128,Gene_730
Gene_128,Gene_732
Gene_128,Gene_733
Gene_128,Gene_734
Gene_128,Gene_735
Gene_128,Gene_736
Gene_128,Gene_737
Gene_128,Gene_738
Gene_128,Gene_741
Gene_128,Gene_744
Gene_128,Gene_746
Gene_128,Gene_747
Gene_128,Gene_748
Gene_128,Gene_749
Gene_128,Gene_750
Gene_128,Gene_751
Gene_128,Gene_752
Gene_128,Gene_753
Gene_128,Gene_754
Gene_128,Gene_755
Gene_128,Gene_756
Gene_128,Gene_757
Gene_128,Gene_758
Gene_128,Gene_761
Gene_128,Gene_763
Gene_128,Gene_764
Gene_128,Gene_765
Gene_128,Gene_766
Gene_128,Gene_768
Gene_128,Gene_769
Gene_128,Gene_770
Gene_128,Gene_771
Gene_128,Gene_773
Gene_128,Gene_776
Gene_128,Gene_778
Gene_128,Gene_779
Gene_128,Gene_781
Gene_128,Gene_782
Gene_128,Gene_783
Gene_128,Gene_784
Gene_128,Gene_785
Gene_128,Gene_786
Gene_128,Gene_787
Gene_128,Gene_788
Gene_128,Gene_789
Gene_128,Gene_790
Gene_128,Gene_791
Gene_128,Gene_792
Gene_128,Gene_794
Gene_128,Gene_795
Gene_128,Gene_796
Gene_128,Gene_797
Gene_128,Gene_798
Gene_128,Gene_799
Gene_128,Gene_800
Gene_128,Gene_801
Gene_128,Gene_802
Gene_128,Gene_804
Gene_128,Gene_805
Gene_128,Gene_806
Gene_128,Gene_807
Gene_128,Gene_811
Gene_128,Gene_812
Gene_128,Gene_813
Gene_128,Gene_816
Gene_128,Gene_817
Gene_128,Gene_818
Gene_128,Gene_819
Gene_128,Gene_821
Gene_128,Gene_822
Gene_128,Gene_823
Gene_128,Gene_826
Gene_128,Gene_827
Gene_128,Gene_828
Gene_128,Gene_829
Gene_128,Gene_830
Gene_128,Gene_831
Gene_128,Gene_833
Gene_128,Gene_834
Gene_128,Gene_835
Gene_128,Gene_837
Gene_128,Gene_838
Gene_128,Gene_840
Gene_128,Gene_841
Gene_128,Gene_842
Gene_128,Gene_843
Gene_128,Gene_844
Gene_128,Gene_845
Gene_128,Gene_846
Gene_128,Gene_848
Gene_128,Gene_850
Gene_128,Gene_852
Gene_128,Gene_853
Gene_128,Gene_855
Gene_128,Gene_856
Gene_128,Gene_857
Gene_128,Gene_858
Gene_128,Gene_859
Gene_128,Gene_860
Gene_128,Gene_861
Gene_128,Gene_863
Gene_128,Gene_864
Gene_128,Gene_865
Gene_128,Gene_866
Gene_128,Gene_867
Gene_128,Gene_868
Gene_128,Gene_869
Gene_128,Gene_870
Gene_128,Gene_873
Gene_128,Gene_874
Gene_128,Gene_875
Gene_128,Gene_876
Gene_128,Gene_877
Gene_128,Gene_878
Gene_128,Gene_879
Gene_128,Gene_880
Gene_128,Gene_881
Gene_128,Gene_882
Gene_128,Gene_885
Gene_128,Gene_888
Gene_128,Gene_891
Gene_128,Gene_893
Gene_128,Gene_894
Gene_128,Gene_896
Gene_128,Gene_897
Gene_128,Gene_899
Gene_128,Gene_900
Gene_128,Gene_901
Gene_128,Gene_902
Gene_128,Gene_904
Gene_128,Gene_905
Gene_128,Gene_906
Gene_128,Gene_909
Gene_128,Gene_910
Gene_128,Gene_911
Gene_128,Gene_912
Gene_128,Gene_913
Gene_128,Gene_914
Gene_128,Gene_915
Gene_128,Gene_916
Gene_128,Gene_917
Gene_128,Gene_920
Gene_128,Gene_922
Gene_128,Gene_923
Gene_128,Gene_925
Gene_128,Gene_926
Gene_128,Gene_927
Gene_128,Gene_930
Gene_128,Gene_931
Gene_128,Gene_932
Gene_128,Gene_935
Gene_128,Gene_936
Gene_128,Gene_937
Gene_128,Gene_940
Gene_128,Gene_941
Gene_128,Gene_942
Gene_128,Gene_943
Gene_128,Gene_944
Gene_128,Gene_945
Gene_128,Gene_947
Gene_128,Gene_948
Gene_128,Gene_950
Gene_128,Gene_951
Gene_128,Gene_952
Gene_128,Gene_953
Gene_128,Gene_955
Gene_128,Gene_957
Gene_128,Gene_961
Gene_128,Gene_964
Gene_128,Gene_965
Gene_128,Gene_966
Gene_128,Gene_969
Gene_128,Gene_971
Gene_128,Gene_972
Gene_128,Gene_973
Gene_128,Gene_974
Gene_128,Gene_975
Gene_128,Gene_977
Gene_128,Gene_978
Gene_128,Gene_980
Gene_128,Gene_981
Gene_128,Gene_982
Gene_128,Gene_983
Gene_128,Gene_984
Gene_128,Gene_985
Gene_128,Gene_986
Gene_128,Gene_987
Gene_128,Gene_988
Gene_128,Gene_989
Gene_128,Gene_990
Gene_128,Gene_991
Gene_128,Gene_992
Gene_128,Gene_994
Gene_128,Gene_995
Gene_128,Gene_997
Gene_128,Gene_998
Gene_128,Gene_999
Gene_219,Gene_401
Gene_219,Gene_482
Gene_219,Gene_486
Gene_219,Gene_751
Gene_219,Gene_891
Gene_287,Gene_0
Gene_287,Gene_3
Gene_287,Gene_7
Gene_287,Gene_11
Gene_287,Gene_12
Gene_287,Gene_18
Gene_287,Gene_24
Gene_287,Gene_27
Gene_287,Gene_29
Gene_287,Gene_30
Gene_287,Gene_41
Gene_287,Gene_47
Gene_287,Gene_48
Gene_287,Gene_52
Gene_287,Gene_59
Gene_287,Gene_70
Gene_287,Gene_71
Gene_287,Gene_76
Gene_287,Gene_78
Gene_287,Gene_82
Gene_287,Gene_83
Gene_287,Gene_87
Gene_287,Gene_88
Gene_287,Gene_89
Gene_287,Gene_97
Gene_287,Gene_98
Gene_287,Gene_107
Gene_287,Gene_115
Gene_287,Gene_122
Gene_287,Gene_125
Gene_287,Gene_131
Gene_287,Gene_134
Gene_287,Gene_137
Gene_287,Gene_144
Gene_287,Gene_145
Gene_287,Gene_146
Gene_287,Gene_147
Gene_287,Gene_150
Gene_287,Gene_156
Gene_287,Gene_158
Gene_287,Gene_161
Gene_287,Gene_168
Gene_287,Gene_169
Gene_287,Gene_173
Gene_287,Gene_176
Gene_287,Gene_181
Gene_287,Gene_183
Gene_287,Gene_191
Gene_287,Gene_196
Gene_287,Gene_203
Gene_287,Gene_212
Gene_287,Gene_217
Gene_287,Gene_218
Gene_287,Gene_219
Gene_287,Gene_220
Gene_287,Gene_221
Gene_287,Gene_222
Gene_287,Gene_224
Gene_287,Gene_227
Gene_287,Gene_229
Gene_287,Gene_230
Gene_287,Gene_231
Gene_287,Gene_239
Gene_287,Gene_241
Gene_287,Gene_243
Gene_287,Gene_245
Gene_287,Gene_250
Gene_287,Gene_260
Gene_287,Gene_263
Gene_287,Gene_265
Gene_287,Gene_270
Gene_287,Gene_275
Gene_287,Gene_276
Gene_287,Gene_284
Gene_287,Gene_285
Gene_287,Gene_289
Gene_287,Gene_293
Gene_287,Gene_294
Gene_287,Gene_301
Gene_287,Gene_303
Gene_287,Gene_304
Gene_287,Gene_307
Gene_287,Gene_318
Gene_287,Gene_320
Gene_287,Gene_321
Gene_287,Gene_324
Gene_287,Gene_351
Gene_287,Gene_355
Gene_287,Gene_357
Gene_287,Gene_358
Gene_287,Gene_359
Gene_287,Gene_361
Gene_287,Gene_368
Gene_287,Gene_374
Gene_287,Gene_375
Gene_287,Gene_376
Gene_287,Gene_377
Gene_287,Gene_379
Gene_287,Gene_380
Gene_287,Gene_381
Gene_287,Gene_385
Gene_287,Gene_387
Gene_287,Gene_394
Gene_287,Gene_396
Gene_287,Gene_408
Gene_287,Gene_414
Gene_287,Gene_415
Gene_287,Gene_416
Gene_287,Gene_419
Gene_287,Gene_421
Gene_287,Gene_431
Gene_287,Gene_438
Gene_287,Gene_440
Gene_287,Gene_456
Gene_287,Gene_461
Gene_287,Gene_463
Gene_287,Gene_468
Gene_287,Gene_473
Gene_287,Gene_478
Gene_287,Gene_482
Gene_287,Gene_484
Gene_287,Gene_485
Gene_287,Gene_489
Gene_287,Gene_490
Gene_287,Gene_493
Gene_287,Gene_503
Gene_287,Gene_505
Gene_287,Gene_506
Gene_287,Gene_508
Gene_287,Gene_514
Gene_287,Gene_516
Gene_287,Gene_517
Gene_287,Gene_518
Gene_287,Gene_521
Gene_287,Gene_524
Gene_287,Gene_533
Gene_287,Gene_535
Gene_287,Gene_537
Gene_287,Gene_538
Gene_287,Gene_540
Gene_287,Gene_545
Gene_287,Gene_546
Gene_287,Gene_549
Gene_287,Gene_550
Gene_287,Gene_558
Gene_287,Gene_565
Gene_287,Gene_569
Gene_287,Gene_575
Gene_287,Gene_578
Gene_287,Gene_592
Gene_287,Gene_594
Gene_287,Gene_597
Gene_287,Gene_601
Gene_287,Gene_602
Gene_287,Gene_603
Gene_287,Gene_605
Gene_287,Gene_609
Gene_287,Gene_611
Gene_287,Gene_613
Gene_287,Gene_614
Gene_287,Gene_615
Gene_287,Gene_618
Gene_287,Gene_620
Gene_287,Gene_621
Gene_287,Gene_623
Gene_287,Gene_624
Gene_287,Gene_628
Gene_287,Gene_633
Gene_287,Gene_634
Gene_287,Gene_640
Gene_287,Gene_643
Gene_287,Gene_653
Gene_287,Gene_661
Gene_287,Gene_662
Gene_287,Gene_671
Gene_287,Gene_674
Gene_287,Gene_675
Gene_287,Gene_689
Gene_287,Gene_693
Gene_287,Gene_697
Gene_287,Gene_706
Gene_287,Gene_713
Gene_287,Gene_718
Gene_287,Gene_720
Gene_287,Gene_726
Gene_287,Gene_727
Gene_287,Gene_732
Gene_287,Gene_737
Gene_287,Gene_741
Gene_287,Gene_743
Gene_287,Gene_750
Gene_287,Gene_757
Gene_287,Gene_758
Gene_287,Gene_759
Gene_287,Gene_766
Gene_287,Gene_773
Gene_287,Gene_776
Gene_287,Gene_780
Gene_287,Gene_781
Gene_287,Gene_783
Gene_287,Gene_787
Gene_287,Gene_789
Gene_287,Gene_791
Gene_287,Gene_792
Gene_287,Gene_793
Gene_287,Gene_804
Gene_287,Gene_811
Gene_287,Gene_813
Gene_287,Gene_816
Gene_287,Gene_818
Gene_287,Gene_821
Gene_287,Gene_826
Gene_287,Gene_837
Gene_287,Gene_843
Gene_287,Gene_845
Gene_287,Gene_846
Gene_287,Gene_855
Gene_287,Gene_856
Gene_287,Gene_861
Gene_287,Gene_864
Gene_287,Gene_865
Gene_287,Gene_866
Gene_287,Gene_870
Gene_287,Gene_873
Gene_287,Gene_874
Gene_287,Gene_876
Gene_287,Gene_878
Gene_287,Gene_884
Gene_287,Gene_886
Gene_287,Gene_888
Gene_287,Gene_889
Gene_287,Gene_894
Gene_287,Gene_895
Gene_287,Gene_899
Gene_287,Gene_901
Gene_287,Gene_907
Gene_287,Gene_908
Gene_287,Gene_914
Gene_287,Gene_917
Gene_287,Gene_929
Gene_287,Gene_932
Gene_287,Gene_937
Gene_287,Gene_939
Gene_287,Gene_940
Gene_287,Gene_946
Gene_287,Gene_951
Gene_287,Gene_956
Gene_287,Gene_957
Gene_287,Gene_964
Gene_287,Gene_966
Gene_287,Gene_967
Gene_287,Gene_972
Gene_287,Gene_984
Gene_287,Gene_987
Gene_287,Gene_992
Gene_287,Gene_993
Gene_287,Gene_995
Gene_299,Gene_0
Gene_299,Gene_2
Gene_299,Gene_3
Gene_299,Gene_6
Gene_299,Gene_12
Gene_299,Gene_13
Gene_299,Gene_14
Gene_299,Gene_17
Gene_299,Gene_18
Gene_299,Gene_20
Gene_299,Gene_21
Gene_299,Gene_22
Gene_299,Gene_23
Gene_299,Gene_24
Gene_299,Gene_26
Gene_299,Gene_28
Gene_299,Gene_29
Gene_299,Gene_30
Gene_299,Gene_34
Gene_299,Gene_36
Gene_299,Gene_39
Gene_299,Gene_40
Gene_299,Gene_41
Gene_299,Gene_42
Gene_299,Gene_43
Gene_299,Gene_44
Gene_299,Gene_47
Gene_299,Gene_48
Gene_299,Gene_49
Gene_299,Gene_51
Gene_299,Gene_52
Gene_299,Gene_54
Gene_299,Gene_55
Gene_299,Gene_58
Gene_299,Gene_59
Gene_299,Gene_60
Gene_299,Gene_62
Gene_299,Gene_63
Gene_299,Gene_64
Gene_299,Gene_65
Gene_299,Gene_70
Gene_299,Gene_71
Gene_299,Gene_73
Gene_299,Gene_74
Gene_299,Gene_76
Gene_299,Gene_77
Gene_299,Gene_80
Gene_299,Gene_82
Gene_299,Gene_83
Gene_299,Gene_84
Gene_299,Gene_85
Gene_299,Gene_87
Gene_299,Gene_88
Gene_299,Gene_89
Gene_299,Gene_93
Gene_299,Gene_96
Gene_299,Gene_97
Gene_299,Gene_98
Gene_299,Gene_101
Gene_299,Gene_103
Gene_299,Gene_109
Gene_299,Gene_111
Gene_299,Gene_113
Gene_299,Gene_114
Gene_299,Gene_115
Gene_299,Gene_116
Gene_299,Gene_117
Gene_299,Gene_120
Gene_299,Gene_121
Gene_299,Gene_122
Gene_299,Gene_125
Gene_299,Gene_126
Gene_299,Gene_128
Gene_299,Gene_133
Gene_299,Gene_134
Gene_299,Gene_135
Gene_299,Gene_136
Gene_299,Gene_138
Gene_299,Gene_139
Gene_299,Gene_141
Gene_299,Gene_143
Gene_299,Gene_146
Gene_299,Gene_147
Gene_299,Gene_148
Gene_299,Gene_149
Gene_299,Gene_150
Gene_299,Gene_153
Gene_299,Gene_158
Gene_299,Gene_160
Gene_299,Gene_161
Gene_299,Gene_162
Gene_299,Gene_165
Gene_299,Gene_166
Gene_299,Gene_167
Gene_299,Gene_168
Gene_299,Gene_169
Gene_299,Gene_171
Gene_299,Gene_172
Gene_299,Gene_173
Gene_299,Gene_174
Gene_299,Gene_175
Gene_299,Gene_176
Gene_299,Gene_177
Gene_299,Gene_181
Gene_299,Gene_185
Gene_299,Gene_187
Gene_299,Gene_188
Gene_299,Gene_189
Gene_299,Gene_190
Gene_299,Gene_191
Gene_299,Gene_196
Gene_299,Gene_198
Gene_299,Gene_199
Gene_299,Gene_201
Gene_299,Gene_202
Gene_299,Gene_203
Gene_299,Gene_208
Gene_299,Gene_209
Gene_299,Gene_212
Gene_299,Gene_214
Gene_299,Gene_215
Gene_299,Gene_216
Gene_299,Gene_218
Gene_299,Gene_220
Gene_299,Gene_221
Gene_299,Gene_222
Gene_299,Gene_223
Gene_299,Gene_228
Gene_299,Gene_229
Gene_299,Gene_231
Gene_299,Gene_232
Gene_299,Gene_235
Gene_299,Gene_237
Gene_299,Gene_239
Gene_299,Gene_241
Gene_299,Gene_242
Gene_299,Gene_243
Gene_299,Gene_244
Gene_299,Gene_246
Gene_299,Gene_251
Gene_299,Gene_253
Gene_299,Gene_255
Gene_299,Gene_258
Gene_299,Gene_260
Gene_299,Gene_262
Gene_299,Gene_265
Gene_299,Gene_266
Gene_299,Gene_267
Gene_299,Gene_268
Gene_299,Gene_269
Gene_299,Gene_270
Gene_299,Gene_272
Gene_299,Gene_274
Gene_299,Gene_275
Gene_299,Gene_276
Gene_299,Gene_277
Gene_299,Gene_281
Gene_299,Gene_283
Gene_299,Gene_285
Gene_299,Gene_286
Gene_299,Gene_288
Gene_299,Gene_289
Gene_299,Gene_290
Gene_299,Gene_291
Gene_299,Gene_294
Gene_299,Gene_296
Gene_299,Gene_297
Gene_299,Gene_299
Gene_299,Gene_300
Gene_299,Gene_301
Gene_299,Gene_302
Gene_299,Gene_303
Gene_299,Gene_304
Gene_299,Gene_308
Gene_299,Gene_314
Gene_299,Gene_316
Gene_299,Gene_317
Gene_299,Gene_319
Gene_299,Gene_321
Gene_299,Gene_323
Gene_299,Gene_324
Gene_299,Gene_326
Gene_299,Gene_331
Gene_299,Gene_332
Gene_299,Gene_336
Gene_299,Gene_338
Gene_299,Gene_339
Gene_299,Gene_343
Gene_299,Gene_345
Gene_299,Gene_352
Gene_299,Gene_353
Gene_299,Gene_354
Gene_299,Gene_355
Gene_299,Gene_357
Gene_299,Gene_358
Gene_299,Gene_361
Gene_299,Gene_362
Gene_299,Gene_363
Gene_299,Gene_366
Gene_299,Gene_367
Gene_299,Gene_368
Gene_299,Gene_369
Gene_299,Gene_370
Gene_299,Gene_371
Gene_299,Gene_375
Gene_299,Gene_377
Gene_299,Gene_378
Gene_299,Gene_379
Gene_299,Gene_380
Gene_299,Gene_381
Gene_299,Gene_382
Gene_299,Gene_387
Gene_299,Gene_389
Gene_299,Gene_390
Gene_299,Gene_392
Gene_299,Gene_393
Gene_299,Gene_396
Gene_299,Gene_398
Gene_299,Gene_399
Gene_299,Gene_402
Gene_299,Gene_403
Gene_299,Gene_408
Gene_299,Gene_411
Gene_299,Gene_415
Gene_299,Gene_418
Gene_299,Gene_419
Gene_299,Gene_420
Gene_299,Gene_421
Gene_299,Gene_422
Gene_299,Gene_425
Gene_299,Gene_426
Gene_299,Gene_427
Gene_299,Gene_428
Gene_299,Gene_431
Gene_299,Gene_433
Gene_299,Gene_434
Gene_299,Gene_437
Gene_299,Gene_440
Gene_299,Gene_441
Gene_299,Gene_442
Gene_299,Gene_444
Gene_299,Gene_446
Gene_299,Gene_447
Gene_299,Gene_449
Gene_299,Gene_451
Gene_299,Gene_452
Gene_299,Gene_456
Gene_299,Gene_458
Gene_299,Gene_463
Gene_299,Gene_467
Gene_299,Gene_468
Gene_299,Gene_470
Gene_299,Gene_471
Gene_299,Gene_474
Gene_299,Gene_476
Gene_299,Gene_478
Gene_299,Gene_479
Gene_299,Gene_482
Gene_299,Gene_483
Gene_299,Gene_485
Gene_299,Gene_487
Gene_299,Gene_489
Gene_299,Gene_490
Gene_299,Gene_491
Gene_299,Gene_492
Gene_299,Gene_498
Gene_299,Gene_502
Gene_299,Gene_503
Gene_299,Gene_505
Gene_299,Gene_508
Gene_299,Gene_509
Gene_299,Gene_511
Gene_299,Gene_512
Gene_299,Gene_513
Gene_299,Gene_514
Gene_299,Gene_515
Gene_299,Gene_516
Gene_299,Gene_520
Gene_299,Gene_521
Gene_299,Gene_522
Gene_299,Gene_527
Gene_299,Gene_531
Gene_299,Gene_532
Gene_299,Gene_533
Gene_299,Gene_537
Gene_299,Gene_538
Gene_299,Gene_540
Gene_299,Gene_542
Gene_299,Gene_543
Gene_299,Gene_544
Gene_299,Gene_547
Gene_299,Gene_549
Gene_299,Gene_550
Gene_299,Gene_551
Gene_299,Gene_552
Gene_299,Gene_553
Gene_299,Gene_554
Gene_299,Gene_555
Gene_299,Gene_560
Gene_299,Gene_561
Gene_299,Gene_566
Gene_299,Gene_567
Gene_299,Gene_568
Gene_299,Gene_569
Gene_299,Gene_570
Gene_299,Gene_571
Gene_299,Gene_572
Gene_299,Gene_575
Gene_299,Gene_576
Gene_299,Gene_577
Gene_299,Gene_578
Gene_299,Gene_579
Gene_299,Gene_580
Gene_299,Gene_581
Gene_299,Gene_583
Gene_299,Gene_587
Gene_299,Gene_590
Gene_299,Gene_595
Gene_299,Gene_597
Gene_299,Gene_601
Gene_299,Gene_602
Gene_299,Gene_605
Gene_299,Gene_606
Gene_299,Gene_608
Gene_299,Gene_609
Gene_299,Gene_610
Gene_299,Gene_611
Gene_299,Gene_612
Gene_299,Gene_613
Gene_299,Gene_614
Gene_299,Gene_615
Gene_299,Gene_617
Gene_299,Gene_618
Gene_299,Gene_619
Gene_299,Gene_620
Gene_299,Gene_622
Gene_299,Gene_623
Gene_299,Gene_624
Gene_299,Gene_625
Gene_299,Gene_627
Gene_299,Gene_630
Gene_299,Gene_632
Gene_299,Gene_634
Gene_299,Gene_635
Gene_299,Gene_636
Gene_299,Gene_637
Gene_299,Gene_638
Gene_299,Gene_640
Gene_299,Gene_641
Gene_299,Gene_644
Gene_299,Gene_647
Gene_299,Gene_648
Gene_299,Gene_649
Gene_299,Gene_655
Gene_299,Gene_656
Gene_299,Gene_657
Gene_299,Gene_659
Gene_299,Gene_660
Gene_299,Gene_661
Gene_299,Gene_662
Gene_299,Gene_663
Gene_299,Gene_666
Gene_299,Gene_669
Gene_299,Gene_674
Gene_299,Gene_675
Gene_299,Gene_676
Gene_299,Gene_678
Gene_299,Gene_679
Gene_299,Gene_680
Gene_299,Gene_682
Gene_299,Gene_683
Gene_299,Gene_684
Gene_299,Gene_685
Gene_299,Gene_686
Gene_299,Gene_687
Gene_299,Gene_688
Gene_299,Gene_689
Gene_299,Gene_691
Gene_299,Gene_692
Gene_299,Gene_693
Gene_299,Gene_694
Gene_299,Gene_699
Gene_299,Gene_700
Gene_299,Gene_703
Gene_299,Gene_710
Gene_299,Gene_711
Gene_299,Gene_712
Gene_299,Gene_713
Gene_299,Gene_715
Gene_299,Gene_716
Gene_299,Gene_717
Gene_299,Gene_718
Gene_299,Gene_720
Gene_299,Gene_724
Gene_299,Gene_725
Gene_299,Gene_727
Gene_299,Gene_732
Gene_299,Gene_734
Gene_299,Gene_741
Gene_299,Gene_743
Gene_299,Gene_744
Gene_299,Gene_745
Gene_299,Gene_747
Gene_299,Gene_748
Gene_299,Gene_750
Gene_299,Gene_751
Gene_299,Gene_754
Gene_299,Gene_755
Gene_299,Gene_757
Gene_299,Gene_758
Gene_299,Gene_760
Gene_299,Gene_762
Gene_299,Gene_764
Gene_299,Gene_766
Gene_299,Gene_767
Gene_299,Gene_768
Gene_299,Gene_769
Gene_299,Gene_770
Gene_299,Gene_773
Gene_299,Gene_774
Gene_299,Gene_776
Gene_299,Gene_778
Gene_299,Gene_780
Gene_299,Gene_782
Gene_299,Gene_783
Gene_299,Gene_784
Gene_299,Gene_785
Gene_299,Gene_787
Gene_299,Gene_788
Gene_299,Gene_789
Gene_299,Gene_791
Gene_299,Gene_792
Gene_299,Gene_794
Gene_299,Gene_795
Gene_299,Gene_796
Gene_299,Gene_798
Gene_299,Gene_800
Gene_299,Gene_803
Gene_299,Gene_804
Gene_299,Gene_805
Gene_299,Gene_810
Gene_299,Gene_811
Gene_299,Gene_813
Gene_299,Gene_814
Gene_299,Gene_821
Gene_299,Gene_827
Gene_299,Gene_831
Gene_299,Gene_832
Gene_299,Gene_833
Gene_299,Gene_834
Gene_299,Gene_835
Gene_299,Gene_836
Gene_299,Gene_838
Gene_299,Gene_840
Gene_299,Gene_842
Gene_299,Gene_843
Gene_299,Gene_845
Gene_299,Gene_847
Gene_299,Gene_848
Gene_299,Gene_850
Gene_299,Gene_853
Gene_299,Gene_855
Gene_299,Gene_856
Gene_299,Gene_857
Gene_299,Gene_858
Gene_299,Gene_860
Gene_299,Gene_861
Gene_299,Gene_864
Gene_299,Gene_866
Gene_299,Gene_868
Gene_299,Gene_869
Gene_299,Gene_870
Gene_299,Gene_871
Gene_299,Gene_877
Gene_299,Gene_880
Gene_299,Gene_881
Gene_299,Gene_882
Gene_299,Gene_885
Gene_299,Gene_886
Gene_299,Gene_888
Gene_299,Gene_889
Gene_299,Gene_891
Gene_299,Gene_892
Gene_299,Gene_893
Gene_299,Gene_894
Gene_299,Gene_895
Gene_299,Gene_898
Gene_299,Gene_899
Gene_299,Gene_900
Gene_299,Gene_904
Gene_299,Gene_905
Gene_299,Gene_906
Gene_299,Gene_907
Gene_299,Gene_910
Gene_299,Gene_911
Gene_299,Gene_912
Gene_299,Gene_914
Gene_299,Gene_915
Gene_299,Gene_916
Gene_299,Gene_917
Gene_299,Gene_918
Gene_299,Gene_919
Gene_299,Gene_921
Gene_299,Gene_922
Gene_299,Gene_923
Gene_299,Gene_924
Gene_299,Gene_928
Gene_299,Gene_929
Gene_299,Gene_933
Gene_299,Gene_936
Gene_299,Gene_937
Gene_299,Gene_938
Gene_299,Gene_940
Gene_299,Gene_943
Gene_299,Gene_945
Gene_299,Gene_946
Gene_299,Gene_947
Gene_299,Gene_949
Gene_299,Gene_950
Gene_299,Gene_954
Gene_299,Gene_956
Gene_299,Gene_958
Gene_299,Gene_961
Gene_299,Gene_962
Gene_299,Gene_963
Gene_299,Gene_966
Gene_299,Gene_967
Gene_299,Gene_968
Gene_299,Gene_969
Gene_299,Gene_970
Gene_299,Gene_971
Gene_299,Gene_972
Gene_299,Gene_973
Gene_299,Gene_974
Gene_299,Gene_977
Gene_299,Gene_978
Gene_299,Gene_984
Gene_299,Gene_985
Gene_299,Gene_986
Gene_299,Gene_987
Gene_299,Gene_989
Gene_299,Gene_990
Gene_299,Gene_991
Gene_299,Gene_992
Gene_299,Gene_994
Gene_299,Gene_998
Gene_336,Gene_2
Gene_336,Gene_6
Gene_336,Gene_7
Gene_336,Gene_8
Gene_336,Gene_9
Gene_336,Gene_11
Gene_336,Gene_12
Gene_336,Gene_13
Gene_336,Gene_16
Gene_336,Gene_17
Gene_336,Gene_18
Gene_336,Gene_20
Gene_336,Gene_21
Gene_336,Gene_23
Gene_336,Gene_24
Gene_336,Gene_25
Gene_336,Gene_26
Gene_336,Gene_28
Gene_336,Gene_29
Gene_336,Gene_30
Gene_336,Gene_31
Gene_336,Gene_32
Gene_336,Gene_33
Gene_336,Gene_34
Gene_336,Gene_35
Gene_336,Gene_36
Gene_336,Gene_38
Gene_336,Gene_39
Gene_336,Gene_40
Gene_336,Gene_42
Gene_336,Gene_43
Gene_336,Gene_46
Gene_336,Gene_47
Gene_336,Gene_48
Gene_336,Gene_49
Gene_336,Gene_51
Gene_336,Gene_52
Gene_336,Gene_54
Gene_336,Gene_55
Gene_336,Gene_56
Gene_336,Gene_57
Gene_336,Gene_59
Gene_336,Gene_60
Gene_336,Gene_62
Gene_336,Gene_63
Gene_336,Gene_64
Gene_336,Gene_65
Gene_336,Gene_66
Gene_336,Gene_69
Gene_336,Gene_70
Gene_336,Gene_71
Gene_336,Gene_73
Gene_336,Gene_74
Gene_336,Gene_76
Gene_336,Gene_77
Gene_336,Gene_78
Gene_336,Gene_79
Gene_336,Gene_81
Gene_336,Gene_82
Gene_336,Gene_83
Gene_336,Gene_84
Gene_336,Gene_85
Gene_336,Gene_88
Gene_336,Gene_89
Gene_336,Gene_92
Gene_336,Gene_93
Gene_336,Gene_94
Gene_336,Gene_96
Gene_336,Gene_97
Gene_336,Gene_98
Gene_336,Gene_101
Gene_336,Gene_102
Gene_336,Gene_103
Gene_336,Gene_107
Gene_336,Gene_109
Gene_336,Gene_111
Gene_336,Gene_121
Gene_336,Gene_124
Gene_336,Gene_125
Gene_336,Gene_126
Gene_336,Gene_128
Gene_336,Gene_132
Gene_336,Gene_134
Gene_336,Gene_135
Gene_336,Gene_137
Gene_336,Gene_138
Gene_336,Gene_139
Gene_336,Gene_141
Gene_336,Gene_143
Gene_336,Gene_145
Gene_336,Gene_146
Gene_336,Gene_147
Gene_336,Gene_149
Gene_336,Gene_150
Gene_336,Gene_152
Gene_336,Gene_153
Gene_336,Gene_155
Gene_336,Gene_156
Gene_336,Gene_158
Gene_336,Gene_159
Gene_336,Gene_161
Gene_336,Gene_162
Gene_336,Gene_166
Gene_336,Gene_167
Gene_336,Gene_168
Gene_336,Gene_169
Gene_336,Gene_171
Gene_336,Gene_172
Gene_336,Gene_173
Gene_336,Gene_174
Gene_336,Gene_175
Gene_336,Gene_179
Gene_336,Gene_180
Gene_336,Gene_181
Gene_336,Gene_184
Gene_336,Gene_185
Gene_336,Gene_186
Gene_336,Gene_188
Gene_336,Gene_189
Gene_336,Gene_190
Gene_336,Gene_192
Gene_336,Gene_194
Gene_336,Gene_196
Gene_336,Gene_198
Gene_336,Gene_199
Gene_336,Gene_200
Gene_336,Gene_202
Gene_336,Gene_206
Gene_336,Gene_207
Gene_336,Gene_209
Gene_336,Gene_212
Gene_336,Gene_214
Gene_336,Gene_216
Gene_336,Gene_219
Gene_336,Gene_220
Gene_336,Gene_221
Gene_336,Gene_222
Gene_336,Gene_223
Gene_336,Gene_225
Gene_336,Gene_228
Gene_336,Gene_229
Gene_336,Gene_230
Gene_336,Gene_231
Gene_336,Gene_233
Gene_336,Gene_235
Gene_336,Gene_239
Gene_336,Gene_240
Gene_336,Gene_242
Gene_336,Gene_243
Gene_336,Gene_244
Gene_336,Gene_247
Gene_336,Gene_250
Gene_336,Gene_252
Gene_336,Gene_253
Gene_336,Gene_254
Gene_336,Gene_255
Gene_336,Gene_256
Gene_336,Gene_257
Gene_336,Gene_258
Gene_336,Gene_263
Gene_336,Gene_264
Gene_336,Gene_265
Gene_336,Gene_266
Gene_336,Gene_267
Gene_336,Gene_268
Gene_336,Gene_269
Gene_336,Gene_270
Gene_336,Gene_273
Gene_336,Gene_274
Gene_336,Gene_275
Gene_336,Gene_276
Gene_336,Gene_277
Gene_336,Gene_279
Gene_336,Gene_284
Gene_336,Gene_285
Gene_336,Gene_286
Gene_336,Gene_288
Gene_336,Gene_289
Gene_336,Gene_290
Gene_336,Gene_295
Gene_336,Gene_296
Gene_336,Gene_300
Gene_336,Gene_301
Gene_336,Gene_302
Gene_336,Gene_303
Gene_336,Gene_304
Gene_336,Gene_305
Gene_336,Gene_306
Gene_336,Gene_308
Gene_336,Gene_309
Gene_336,Gene_311
Gene_336,Gene_313
Gene_336,Gene_314
Gene_336,Gene_315
Gene_336,Gene_316
Gene_336,Gene_317
Gene_336,Gene_319
Gene_336,Gene_320
Gene_336,Gene_321
Gene_336,Gene_322
Gene_336,Gene_323
Gene_336,Gene_324
Gene_336,Gene_327
Gene_336,Gene_330
Gene_336,Gene_332
Gene_336,Gene_334
Gene_336,Gene_336
Gene_336,Gene_337
Gene_336,Gene_338
Gene_336,Gene_339
Gene_336,Gene_342
Gene_336,Gene_345
Gene_336,Gene_347
Gene_336,Gene_348
Gene_336,Gene_352
Gene_336,Gene_353
Gene_336,Gene_354
Gene_336,Gene_356
Gene_336,Gene_358
Gene_336,Gene_361
Gene_336,Gene_362
Gene_336,Gene_363
Gene_336,Gene_364
Gene_336,Gene_365
Gene_336,Gene_366
Gene_336,Gene_367
Gene_336,Gene_368
Gene_336,Gene_369
Gene_336,Gene_371
Gene_336,Gene_374
Gene_336,Gene_375
Gene_336,Gene_377
Gene_336,Gene_378
Gene_336,Gene_380
Gene_336,Gene_382
Gene_336,Gene_383
Gene_336,Gene_384
Gene_336,Gene_385
Gene_336,Gene_387
Gene_336,Gene_388
Gene_336,Gene_390
Gene_336,Gene_392
Gene_336,Gene_393
Gene_336,Gene_394
Gene_336,Gene_396
Gene_336,Gene_398
Gene_336,Gene_400
Gene_336,Gene_402
Gene_336,Gene_403
Gene_336,Gene_405
Gene_336,Gene_406
Gene_336,Gene_407
Gene_336,Gene_408
Gene_336,Gene_409
Gene_336,Gene_410
Gene_336,Gene_411
Gene_336,Gene_416
Gene_336,Gene_418
Gene_336,Gene_419
Gene_336,Gene_420
Gene_336,Gene_421
Gene_336,Gene_422
Gene_336,Gene_425
Gene_336,Gene_426
Gene_336,Gene_427
Gene_336,Gene_428
Gene_336,Gene_429
Gene_336,Gene_431
Gene_336,Gene_432
Gene_336,Gene_433
Gene_336,Gene_434
Gene_336,Gene_437
Gene_336,Gene_438
Gene_336,Gene_439
Gene_336,Gene_440
Gene_336,Gene_441
Gene_336,Gene_442
Gene_336,Gene_443
Gene_336,Gene_445
Gene_336,Gene_446
Gene_336,Gene_447
Gene_336,Gene_448
Gene_336,Gene_449
Gene_336,Gene_455
Gene_336,Gene_456
Gene_336,Gene_458
Gene_336,Gene_462
Gene_336,Gene_463
Gene_336,Gene_465
Gene_336,Gene_466
Gene_336,Gene_468
Gene_336,Gene_469
Gene_336,Gene_470
Gene_336,Gene_471
Gene_336,Gene_474
Gene_336,Gene_476
Gene_336,Gene_478
Gene_336,Gene_481
Gene_336,Gene_482
Gene_336,Gene_483
Gene_336,Gene_484
Gene_336,Gene_485
Gene_336,Gene_486
Gene_336,Gene_487
Gene_336,Gene_489
Gene_336,Gene_490
Gene_336,Gene_491
Gene_336,Gene_492
Gene_336,Gene_494
Gene_336,Gene_495
Gene_336,Gene_496
Gene_336,Gene_497
Gene_336,Gene_498
Gene_336,Gene_501
Gene_336,Gene_502
Gene_336,Gene_505
Gene_336,Gene_506
Gene_336,Gene_508
Gene_336,Gene_509
Gene_336,Gene_511
Gene_336,Gene_512
Gene_336,Gene_513
Gene_336,Gene_514
Gene_336,Gene_515
Gene_336,Gene_516
Gene_336,Gene_518
Gene_336,Gene_519
Gene_336,Gene_520
Gene_336,Gene_522
Gene_336,Gene_523
Gene_336,Gene_524
Gene_336,Gene_525
Gene_336,Gene_527
Gene_336,Gene_528
Gene_336,Gene_530
Gene_336,Gene_531
Gene_336,Gene_532
Gene_336,Gene_533
Gene_336,Gene_542
Gene_336,Gene_544
Gene_336,Gene_545
Gene_336,Gene_546
Gene_336,Gene_548
Gene_336,Gene_549
Gene_336,Gene_550
Gene_336,Gene_553
Gene_336,Gene_555
Gene_336,Gene_556
Gene_336,Gene_557
Gene_336,Gene_558
Gene_336,Gene_562
Gene_336,Gene_564
Gene_336,Gene_565
Gene_336,Gene_566
Gene_336,Gene_567
Gene_336,Gene_568
Gene_336,Gene_569
Gene_336,Gene_570
Gene_336,Gene_573
Gene_336,Gene_575
Gene_336,Gene_578
Gene_336,Gene_579
Gene_336,Gene_580
Gene_336,Gene_581
Gene_336,Gene_583
Gene_336,Gene_584
Gene_336,Gene_587
Gene_336,Gene_590
Gene_336,Gene_591
Gene_336,Gene_592
Gene_336,Gene_593
Gene_336,Gene_594
Gene_336,Gene_595
Gene_336,Gene_598
Gene_336,Gene_599
Gene_336,Gene_603
Gene_336,Gene_604
Gene_336,Gene_605
Gene_336,Gene_606
Gene_336,Gene_608
Gene_336,Gene_609
Gene_336,Gene_610
Gene_336,Gene_612
Gene_336,Gene_613
Gene_336,Gene_614
Gene_336,Gene_615
Gene_336,Gene_617
Gene_336,Gene_618
Gene_336,Gene_620
Gene_336,Gene_621
Gene_336,Gene_623
Gene_336,Gene_624
Gene_336,Gene_625
Gene_336,Gene_628
Gene_336,Gene_629
Gene_336,Gene_630
Gene_336,Gene_631
Gene_336,Gene_632
Gene_336,Gene_633
Gene_336,Gene_634
Gene_336,Gene_636
Gene_336,Gene_638
Gene_336,Gene_639
Gene_336,Gene_640
Gene_336,Gene_642
Gene_336,Gene_643
Gene_336,Gene_644
Gene_336,Gene_645
Gene_336,Gene_646
Gene_336,Gene_647
Gene_336,Gene_648
Gene_336,Gene_652
Gene_336,Gene_656
Gene_336,Gene_659
Gene_336,Gene_660
Gene_336,Gene_661
Gene_336,Gene_666
Gene_336,Gene_669
Gene_336,Gene_670
Gene_336,Gene_671
Gene_336,Gene_672
Gene_336,Gene_673
Gene_336,Gene_674
Gene_336,Gene_675
Gene_336,Gene_676
Gene_336,Gene_679
Gene_336,Gene_681
Gene_336,Gene_682
Gene_336,Gene_684
Gene_336,Gene_685
Gene_336,Gene_687
Gene_336,Gene_688
Gene_336,Gene_689
Gene_336,Gene_691
Gene_336,Gene_692
Gene_336,Gene_693
Gene_336,Gene_694
Gene_336,Gene_695
Gene_336,Gene_697
Gene_336,Gene_698
Gene_336,Gene_699
Gene_336,Gene_700
Gene_336,Gene_703
Gene_336,Gene_705
Gene_336,Gene_708
Gene_336,Gene_710
Gene_336,Gene_711
Gene_336,Gene_713
Gene_336,Gene_714
Gene_336,Gene_715
Gene_336,Gene_716
Gene_336,Gene_717
Gene_336,Gene_718
Gene_336,Gene_719
Gene_336,Gene_721
Gene_336,Gene_722
Gene_336,Gene_723
Gene_336,Gene_724
Gene_336,Gene_725
Gene_336,Gene_726
Gene_336,Gene_727
Gene_336,Gene_728
Gene_336,Gene_729
Gene_336,Gene_731
Gene_336,Gene_734
Gene_336,Gene_735
Gene_336,Gene_737
Gene_336,Gene_738
Gene_336,Gene_740
Gene_336,Gene_741
Gene_336,Gene_742
Gene_336,Gene_743
Gene_336,Gene_744
Gene_336,Gene_747
Gene_336,Gene_748
Gene_336,Gene_751
Gene_336,Gene_752
Gene_336,Gene_754
Gene_336,Gene_755
Gene_336,Gene_756
Gene_336,Gene_757
Gene_336,Gene_758
Gene_336,Gene_760
Gene_336,Gene_761
Gene_336,Gene_762
Gene_336,Gene_763
Gene_336,Gene_765
Gene_336,Gene_767
Gene_336,Gene_768
Gene_336,Gene_769
Gene_336,Gene_770
Gene_336,Gene_773
Gene_336,Gene_778
Gene_336,Gene_780
Gene_336,Gene_782
Gene_336,Gene_784
Gene_336,Gene_785
Gene_336,Gene_787
Gene_336,Gene_789
Gene_336,Gene_791
Gene_336,Gene_792
Gene_336,Gene_794
Gene_336,Gene_795
Gene_336,Gene_798
Gene_336,Gene_799
Gene_336,Gene_800
Gene_336,Gene_801
Gene_336,Gene_802
Gene_336,Gene_803
Gene_336,Gene_804
Gene_336,Gene_805
Gene_336,Gene_812
Gene_336,Gene_816
Gene_336,Gene_817
Gene_336,Gene_823
Gene_336,Gene_825
Gene_336,Gene_826
Gene_336,Gene_827
Gene_336,Gene_829
Gene_336,Gene_830
Gene_336,Gene_832
Gene_336,Gene_834
Gene_336,Gene_838
Gene_336,Gene_841
Gene_336,Gene_845
Gene_336,Gene_846
Gene_336,Gene_847
Gene_336,Gene_849
Gene_336,Gene_850
Gene_336,Gene_853
Gene_336,Gene_855
Gene_336,Gene_856
Gene_336,Gene_857
Gene_336,Gene_858
Gene_336,Gene_860
Gene_336,Gene_861
Gene_336,Gene_865
Gene_336,Gene_866
Gene_336,Gene_872
Gene_336,Gene_873
Gene_336,Gene_876
Gene_336,Gene_877
Gene_336,Gene_878
Gene_336,Gene_879
Gene_336,Gene_881
Gene_336,Gene_882
Gene_336,Gene_885
Gene_336,Gene_886
Gene_336,Gene_888
Gene_336,Gene_891
Gene_336,Gene_892
Gene_336,Gene_894
Gene_336,Gene_897
Gene_336,Gene_898
Gene_336,Gene_900
Gene_336,Gene_901
Gene_336,Gene_903
Gene_336,Gene_904
Gene_336,Gene_905
Gene_336,Gene_910
Gene_336,Gene_912
Gene_336,Gene_915
Gene_336,Gene_916
Gene_336,Gene_918
Gene_336,Gene_919
Gene_336,Gene_920
Gene_336,Gene_921
Gene_336,Gene_924
Gene_336,Gene_925
Gene_336,Gene_926
Gene_336,Gene_927
Gene_336,Gene_928
Gene_336,Gene_929
Gene_336,Gene_930
Gene_336,Gene_932
Gene_336,Gene_933
Gene_336,Gene_935
Gene_336,Gene_936
Gene_336,Gene_937
Gene_336,Gene_939
Gene_336,Gene_941
Gene_336,Gene_942
Gene_336,Gene_943
Gene_336,Gene_946
Gene_336,Gene_949
Gene_336,Gene_950
Gene_336,Gene_951
Gene_336,Gene_952
Gene_336,Gene_953
Gene_336,Gene_954
Gene_336,Gene_955
Gene_336,Gene_956
Gene_336,Gene_957
Gene_336,Gene_960
Gene_336,Gene_962
Gene_336,Gene_963
Gene_336,Gene_966
Gene_336,Gene_967
Gene_336,Gene_968
Gene_336,Gene_969
Gene_336,Gene_971
Gene_336,Gene_973
Gene_336,Gene_974
Gene_336,Gene_975
Gene_336,Gene_982
Gene_336,Gene_983
Gene_336,Gene_984
Gene_336,Gene_985
Gene_336,Gene_986
Gene_336,Gene_987
Gene_336,Gene_988
Gene_336,Gene_989
Gene_336,Gene_990
Gene_336,Gene_991
Gene_336,Gene_992
Gene_336,Gene_993
Gene_336,Gene_995
Gene_336,Gene_996
Gene_336,Gene_997
Gene_336,Gene_998
Gene_336,Gene_999
Gene_342,Gene_18
Gene_342,Gene_19
Gene_342,Gene_22
Gene_342,Gene_31
Gene_342,Gene_33
Gene_342,Gene_38
Gene_342,Gene_46
Gene_342,Gene_57
Gene_342,Gene_58
Gene_342,Gene_61
Gene_342,Gene_69
Gene_342,Gene_71
Gene_342,Gene_75
Gene_342,Gene_94
Gene_342,Gene_99
Gene_342,Gene_103
Gene_342,Gene_105
Gene_342,Gene_106
Gene_342,Gene_117
Gene_342,Gene_121
Gene_342,Gene_126
Gene_342,Gene_133
Gene_342,Gene_144
Gene_342,Gene_153
Gene_342,Gene_156
Gene_342,Gene_163
Gene_342,Gene_169
Gene_342,Gene_171
Gene_342,Gene_172
Gene_342,Gene_176
Gene_342,Gene_179
Gene_342,Gene_186
Gene_342,Gene_189
Gene_342,Gene_192
Gene_342,Gene_193
Gene_342,Gene_195
Gene_342,Gene_198
Gene_342,Gene_205
Gene_342,Gene_218
Gene_342,Gene_219
Gene_342,Gene_225
Gene_342,Gene_231
Gene_342,Gene_240
Gene_342,Gene_241
Gene_342,Gene_247
Gene_342,Gene_252
Gene_342,Gene_257
Gene_342,Gene_258
Gene_342,Gene_271
Gene_342,Gene_272
Gene_342,Gene_273
Gene_342,Gene_275
Gene_342,Gene_277
Gene_342,Gene_279
Gene_342,Gene_283
Gene_342,Gene_285
Gene_342,Gene_287
Gene_342,Gene_293
Gene_342,Gene_296
Gene_342,Gene_302
Gene_342,Gene_303
Gene_342,Gene_311
Gene_342,Gene_317
Gene_342,Gene_318
Gene_342,Gene_325
Gene_342,Gene_333
Gene_342,Gene_338
Gene_342,Gene_340
Gene_342,Gene_341
Gene_342,Gene_344
Gene_342,Gene_347
Gene_342,Gene_368
Gene_342,Gene_378
Gene_342,Gene_379
Gene_342,Gene_380
Gene_342,Gene_385
Gene_342,Gene_389
Gene_342,Gene_406
Gene_342,Gene_415
Gene_342,Gene_443
Gene_342,Gene_447
Gene_342,Gene_448
Gene_342,Gene_450
Gene_342,Gene_454
Gene_342,Gene_455
Gene_342,Gene_461
Gene_342,Gene_464
Gene_342,Gene_469
Gene_342,Gene_471
Gene_342,Gene_474
Gene_342,Gene_479
Gene_342,Gene_483
Gene_342,Gene_486
Gene_342,Gene_489
Gene_342,Gene_494
Gene_342,Gene_497
Gene_342,Gene_501
Gene_342,Gene_505
Gene_342,Gene_514
Gene_342,Gene_516
Gene_342,Gene_523
Gene_342,Gene_528
Gene_342,Gene_533
Gene_342,Gene_562
Gene_342,Gene_571
Gene_342,Gene_572
Gene_342,Gene_576
Gene_342,Gene_585
Gene_342,Gene_587
Gene_342,Gene_588
Gene_342,Gene_589
Gene_342,Gene_591
Gene_342,Gene_592
Gene_342,Gene_595
Gene_342,Gene_597
Gene_342,Gene_599
Gene_342,Gene_606
Gene_342,Gene_614
Gene_342,Gene_617
Gene_342,Gene_624
Gene_342,Gene_629
Gene_342,Gene_635
Gene_342,Gene_636
Gene_342,Gene_639
Gene_342,Gene_640
Gene_342,Gene_652
Gene_342,Gene_653
Gene_342,Gene_655
Gene_342,Gene_658
Gene_342,Gene_669
Gene_342,Gene_670
Gene_342,Gene_674
Gene_342,Gene_676
Gene_342,Gene_678
Gene_342,Gene_682
Gene_342,Gene_686
Gene_342,Gene_689
Gene_342,Gene_694
Gene_342,Gene_700
Gene_342,Gene_714
Gene_342,Gene_721
Gene_342,Gene_722
Gene_342,Gene_723
Gene_342,Gene_724
Gene_342,Gene_726
Gene_342,Gene_731
Gene_342,Gene_734
Gene_342,Gene_735
Gene_342,Gene_736
Gene_342,Gene_751
Gene_342,Gene_752
Gene_342,Gene_769
Gene_342,Gene_770
Gene_342,Gene_786
Gene_342,Gene_789
Gene_342,Gene_790
Gene_342,Gene_801
Gene_342,Gene_803
Gene_342,Gene_806
Gene_342,Gene_828
Gene_342,Gene_830
Gene_342,Gene_833
Gene_342,Gene_837
Gene_342,Gene_844
Gene_342,Gene_848
Gene_342,Gene_850
Gene_342,Gene_851
Gene_342,Gene_865
Gene_342,Gene_870
Gene_342,Gene_881
Gene_342,Gene_882
Gene_342,Gene_883
Gene_342,Gene_885
Gene_342,Gene_888
Gene_342,Gene_893
Gene_342,Gene_900
Gene_342,Gene_909
Gene_342,Gene_911
Gene_342,Gene_913
Gene_342,Gene_917
Gene_342,Gene_919
Gene_342,Gene_925
Gene_342,Gene_929
Gene_342,Gene_934
Gene_342,Gene_940
Gene_342,Gene_944
Gene_342,Gene_947
Gene_342,Gene_950
Gene_342,Gene_958
Gene_342,Gene_960
Gene_342,Gene_968
Gene_342,Gene_977
Gene_342,Gene_980
Gene_342,Gene_981
Gene_342,Gene_989
Gene_342,Gene_992
Gene_605,Gene_1
Gene_605,Gene_2
Gene_605,Gene_3
Gene_605,Gene_6
Gene_605,Gene_7
Gene_605,Gene_8
Gene_605,Gene_11
Gene_605,Gene_13
Gene_605,Gene_14
Gene_605,Gene_16
Gene_605,Gene_17
Gene_605,Gene_18
Gene_605,Gene_19
Gene_605,Gene_20
Gene_605,Gene_24
Gene_605,Gene_26
Gene_605,Gene_27
Gene_605,Gene_28
Gene_605,Gene_29
Gene_605,Gene_30
Gene_605,Gene_34
Gene_605,Gene_36
Gene_605,Gene_39
Gene_605,Gene_40
Gene_605,Gene_42
Gene_605,Gene_43
Gene_605,Gene_44
Gene_605,Gene_46
Gene_605,Gene_48
Gene_605,Gene_49
Gene_605,Gene_51
Gene_605,Gene_53
Gene_605,Gene_54
Gene_605,Gene_56
Gene_605,Gene_57
Gene_605,Gene_58
Gene_605,Gene_59
Gene_605,Gene_60
Gene_605,Gene_61
Gene_605,Gene_62
Gene_605,Gene_63
Gene_605,Gene_64
Gene_605,Gene_65
Gene_605,Gene_66
Gene_605,Gene_67
Gene_605,Gene_68
Gene_605,Gene_69
Gene_605,Gene_70
Gene_605,Gene_72
Gene_605,Gene_73
Gene_605,Gene_74
Gene_605,Gene_77
Gene_605,Gene_78
Gene_605,Gene_79
Gene_605,Gene_81
Gene_605,Gene_82
Gene_605,Gene_83
Gene_605,Gene_84
Gene_605,Gene_88
Gene_605,Gene_89
Gene_605,Gene_92
Gene_605,Gene_93
Gene_605,Gene_94
Gene_605,Gene_96
Gene_605,Gene_97
Gene_605,Gene_98
Gene_605,Gene_100
Gene_605,Gene_101
Gene_605,Gene_102
Gene_605,Gene_103
Gene_605,Gene_106
Gene_605,Gene_110
Gene_605,Gene_111
Gene_605,Gene_112
Gene_605,Gene_113
Gene_605,Gene_116
Gene_605,Gene_117
Gene_605,Gene_120
Gene_605,Gene_121
Gene_605,Gene_123
Gene_605,Gene_125
Gene_605,Gene_126
Gene_605,Gene_128
Gene_605,Gene_129
Gene_605,Gene_131
Gene_605,Gene_132
Gene_605,Gene_133
Gene_605,Gene_134
Gene_605,Gene_135
Gene_605,Gene_136
Gene_605,Gene_139
Gene_605,Gene_141
Gene_605,Gene_143
Gene_605,Gene_147
Gene_605,Gene_148
Gene_605,Gene_149
Gene_605,Gene_150
Gene_605,Gene_151
Gene_605,Gene_152
Gene_605,Gene_153
Gene_605,Gene_155
Gene_605,Gene_157
Gene_605,Gene_158
Gene_605,Gene_159
Gene_605,Gene_160
Gene_605,Gene_161
Gene_605,Gene_162
Gene_605,Gene_163
Gene_605,Gene_166
Gene_605,Gene_167
Gene_605,Gene_171
Gene_605,Gene_172
Gene_605,Gene_173
Gene_605,Gene_174
Gene_605,Gene_175
Gene_605,Gene_176
Gene_605,Gene_177
Gene_605,Gene_179
Gene_605,Gene_180
Gene_605,Gene_181
Gene_605,Gene_182
Gene_605,Gene_183
Gene_605,Gene_185
Gene_605,Gene_186
Gene_605,Gene_187
Gene_605,Gene_188
Gene_605,Gene_189
Gene_605,Gene_190
Gene_605,Gene_192
Gene_605,Gene_194
Gene_605,Gene_197
Gene_605,Gene_198
Gene_605,Gene_199
Gene_605,Gene_200
Gene_605,Gene_202
Gene_605,Gene_205
Gene_605,Gene_206
Gene_605,Gene_207
Gene_605,Gene_208
Gene_605,Gene_209
Gene_605,Gene_210
Gene_605,Gene_211
Gene_605,Gene_212
Gene_605,Gene_214
Gene_605,Gene_215
Gene_605,Gene_216
Gene_605,Gene_217
Gene_605,Gene_218
Gene_605,Gene_219
Gene_605,Gene_221
Gene_605,Gene_222
Gene_605,Gene_223
Gene_605,Gene_224
Gene_605,Gene_225
Gene_605,Gene_227
Gene_605,Gene_228
Gene_605,Gene_229
Gene_605,Gene_230
Gene_605,Gene_231
Gene_605,Gene_235
Gene_605,Gene_236
Gene_605,Gene_239
Gene_605,Gene_242
Gene_605,Gene_243
Gene_605,Gene_244
Gene_605,Gene_245
Gene_605,Gene_246
Gene_605,Gene_248
Gene_605,Gene_252
Gene_605,Gene_253
Gene_605,Gene_254
Gene_605,Gene_255
Gene_605,Gene_256
Gene_605,Gene_257
Gene_605,Gene_258
Gene_605,Gene_260
Gene_605,Gene_262
Gene_605,Gene_263
Gene_605,Gene_264
Gene_605,Gene_265
Gene_605,Gene_266
Gene_605,Gene_267
Gene_605,Gene_268
Gene_605,Gene_269
Gene_605,Gene_270
Gene_605,Gene_273
Gene_605,Gene_274
Gene_605,Gene_275
Gene_605,Gene_276
Gene_605,Gene_277
Gene_605,Gene_281
Gene_605,Gene_283
Gene_605,Gene_285
Gene_605,Gene_286
Gene_605,Gene_287
Gene_605,Gene_288
Gene_605,Gene_289
Gene_605,Gene_291
Gene_605,Gene_294
Gene_605,Gene_295
Gene_605,Gene_296
Gene_605,Gene_297
Gene_605,Gene_299
Gene_605,Gene_300
Gene_605,Gene_301
Gene_605,Gene_302
Gene_605,Gene_303
Gene_605,Gene_304
Gene_605,Gene_306
Gene_605,Gene_308
Gene_605,Gene_309
Gene_605,Gene_310
Gene_605,Gene_311
Gene_605,Gene_315
Gene_605,Gene_316
Gene_605,Gene_317
Gene_605,Gene_318
Gene_605,Gene_319
Gene_605,Gene_320
Gene_605,Gene_321
Gene_605,Gene_322
Gene_605,Gene_323
Gene_605,Gene_324
Gene_605,Gene_325
Gene_605,Gene_326
Gene_605,Gene_327
Gene_605,Gene_328
Gene_605,Gene_330
Gene_605,Gene_331
Gene_605,Gene_332
Gene_605,Gene_334
Gene_605,Gene_336
Gene_605,Gene_337
Gene_605,Gene_338
Gene_605,Gene_339
Gene_605,Gene_340
Gene_605,Gene_342
Gene_605,Gene_343
Gene_605,Gene_345
Gene_605,Gene_351
Gene_605,Gene_353
Gene_605,Gene_354
Gene_605,Gene_356
Gene_605,Gene_359
Gene_605,Gene_360
Gene_605,Gene_361
Gene_605,Gene_362
Gene_605,Gene_363
Gene_605,Gene_364
Gene_605,Gene_365
Gene_605,Gene_366
Gene_605,Gene_367
Gene_605,Gene_368
Gene_605,Gene_369
Gene_605,Gene_370
Gene_605,Gene_371
Gene_605,Gene_374
Gene_605,Gene_375
Gene_605,Gene_377
Gene_605,Gene_378
Gene_605,Gene_379
Gene_605,Gene_380
Gene_605,Gene_381
Gene_605,Gene_383
Gene_605,Gene_384
Gene_605,Gene_386
Gene_605,Gene_387
Gene_605,Gene_388
Gene_605,Gene_389
Gene_605,Gene_390
Gene_605,Gene_393
Gene_605,Gene_394
Gene_605,Gene_397
Gene_605,Gene_398
Gene_605,Gene_399
Gene_605,Gene_400
Gene_605,Gene_402
Gene_605,Gene_403
Gene_605,Gene_405
Gene_605,Gene_406
Gene_605,Gene_407
Gene_605,Gene_409
Gene_605,Gene_411
Gene_605,Gene_412
Gene_605,Gene_414
Gene_605,Gene_415
Gene_605,Gene_418
Gene_605,Gene_420
Gene_605,Gene_421
Gene_605,Gene_422
Gene_605,Gene_423
Gene_605,Gene_424
Gene_605,Gene_425
Gene_605,Gene_428
Gene_605,Gene_429
Gene_605,Gene_432
Gene_605,Gene_433
Gene_605,Gene_437
Gene_605,Gene_439
Gene_605,Gene_440
Gene_605,Gene_441
Gene_605,Gene_442
Gene_605,Gene_443
Gene_605,Gene_444
Gene_605,Gene_446
Gene_605,Gene_447
Gene_605,Gene_448
Gene_605,Gene_449
Gene_605,Gene_451
Gene_605,Gene_454
Gene_605,Gene_456
Gene_605,Gene_457
Gene_605,Gene_458
Gene_605,Gene_459
Gene_605,Gene_462
Gene_605,Gene_463
Gene_605,Gene_464
Gene_605,Gene_465
Gene_605,Gene_468
Gene_605,Gene_469
Gene_605,Gene_470
Gene_605,Gene_471
Gene_605,Gene_476
Gene_605,Gene_477
Gene_605,Gene_481
Gene_605,Gene_482
Gene_605,Gene_483
Gene_605,Gene_485
Gene_605,Gene_486
Gene_605,Gene_487
Gene_605,Gene_489
Gene_605,Gene_495
Gene_605,Gene_498
Gene_605,Gene_500
Gene_605,Gene_501
Gene_605,Gene_502
Gene_605,Gene_504
Gene_605,Gene_505
Gene_605,Gene_506
Gene_605,Gene_508
Gene_605,Gene_511
Gene_605,Gene_512
Gene_605,Gene_513
Gene_605,Gene_514
Gene_605,Gene_515
Gene_605,Gene_516
Gene_605,Gene_518
Gene_605,Gene_519
Gene_605,Gene_522
Gene_605,Gene_523
Gene_605,Gene_525
Gene_605,Gene_527
Gene_605,Gene_528
Gene_605,Gene_529
Gene_605,Gene_530
Gene_605,Gene_531
Gene_605,Gene_532
Gene_605,Gene_533
Gene_605,Gene_536
Gene_605,Gene_537
Gene_605,Gene_538
Gene_605,Gene_539
Gene_605,Gene_540
Gene_605,Gene_541
Gene_605,Gene_542
Gene_605,Gene_544
Gene_605,Gene_547
Gene_605,Gene_548
Gene_605,Gene_549
Gene_605,Gene_551
Gene_605,Gene_553
Gene_605,Gene_554
Gene_605,Gene_555
Gene_605,Gene_558
Gene_605,Gene_560
Gene_605,Gene_562
Gene_605,Gene_566
Gene_605,Gene_567
Gene_605,Gene_568
Gene_605,Gene_569
Gene_605,Gene_570
Gene_605,Gene_571
Gene_605,Gene_573
Gene_605,Gene_575
Gene_605,Gene_576
Gene_605,Gene_580
Gene_605,Gene_581
Gene_605,Gene_584
Gene_605,Gene_585
Gene_605,Gene_589
Gene_605,Gene_591
Gene_605,Gene_593
Gene_605,Gene_594
Gene_605,Gene_595
Gene_605,Gene_597
Gene_605,Gene_598
Gene_605,Gene_599
Gene_605,Gene_601
Gene_605,Gene_602
Gene_605,Gene_603
Gene_605,Gene_604
Gene_605,Gene_605
Gene_605,Gene_606
Gene_605,Gene_608
Gene_605,Gene_610
Gene_605,Gene_611
Gene_605,Gene_612
Gene_605,Gene_616
Gene_605,Gene_617
Gene_605,Gene_618
Gene_605,Gene_620
Gene_605,Gene_623
Gene_605,Gene_624
Gene_605,Gene_627
Gene_605,Gene_628
Gene_605,Gene_630
Gene_605,Gene_631
Gene_605,Gene_632
Gene_605,Gene_633
Gene_605,Gene_634
Gene_605,Gene_635
Gene_605,Gene_636
Gene_605,Gene_637
Gene_605,Gene_638
Gene_605,Gene_640
Gene_605,Gene_641
Gene_605,Gene_642
Gene_605,Gene_643
Gene_605,Gene_644
Gene_605,Gene_646
Gene_605,Gene_647
Gene_605,Gene_648
Gene_605,Gene_649
Gene_605,Gene_655
Gene_605,Gene_656
Gene_605,Gene_657
Gene_605,Gene_658
Gene_605,Gene_659
Gene_605,Gene_660
Gene_605,Gene_661
Gene_605,Gene_662
Gene_605,Gene_663
Gene_605,Gene_665
Gene_605,Gene_666
Gene_605,Gene_669
Gene_605,Gene_670
Gene_605,Gene_671
Gene_605,Gene_672
Gene_605,Gene_673
Gene_605,Gene_674
Gene_605,Gene_675
Gene_605,Gene_676
Gene_605,Gene_677
Gene_605,Gene_679
Gene_605,Gene_680
Gene_605,Gene_681
Gene_605,Gene_682
Gene_605,Gene_683
Gene_605,Gene_684
Gene_605,Gene_685
Gene_605,Gene_686
Gene_605,Gene_687
Gene_605,Gene_688
Gene_605,Gene_692
Gene_605,Gene_694
Gene_605,Gene_697
Gene_605,Gene_698
Gene_605,Gene_699
Gene_605,Gene_700
Gene_605,Gene_701
Gene_605,Gene_702
Gene_605,Gene_704
Gene_605,Gene_710
Gene_605,Gene_711
Gene_605,Gene_712
Gene_605,Gene_713
Gene_605,Gene_715
Gene_605,Gene_716
Gene_605,Gene_718
Gene_605,Gene_720
Gene_605,Gene_723
Gene_605,Gene_724
Gene_605,Gene_725
Gene_605,Gene_727
Gene_605,Gene_729
Gene_605,Gene_732
Gene_605,Gene_734
Gene_605,Gene_735
Gene_605,Gene_736
Gene_605,Gene_737
Gene_605,Gene_738
Gene_605,Gene_739
Gene_605,Gene_740
Gene_605,Gene_741
Gene_605,Gene_742
Gene_605,Gene_743
Gene_605,Gene_745
Gene_605,Gene_748
Gene_605,Gene_749
Gene_605,Gene_750
Gene_605,Gene_751
Gene_605,Gene_752
Gene_605,Gene_753
Gene_605,Gene_754
Gene_605,Gene_755
Gene_605,Gene_756
Gene_605,Gene_757
Gene_605,Gene_758
Gene_605,Gene_759
Gene_605,Gene_760
Gene_605,Gene_762
Gene_605,Gene_763
Gene_605,Gene_765
Gene_605,Gene_767
Gene_605,Gene_768
Gene_605,Gene_770
Gene_605,Gene_771
Gene_605,Gene_773
Gene_605,Gene_776
Gene_605,Gene_777
Gene_605,Gene_778
Gene_605,Gene_779
Gene_605,Gene_780
Gene_605,Gene_782
Gene_605,Gene_784
Gene_605,Gene_786
Gene_605,Gene_787
Gene_605,Gene_789
Gene_605,Gene_790
Gene_605,Gene_791
Gene_605,Gene_792
Gene_605,Gene_794
Gene_605,Gene_795
Gene_605,Gene_796
Gene_605,Gene_799
Gene_605,Gene_800
Gene_605,Gene_801
Gene_605,Gene_803
Gene_605,Gene_804
Gene_605,Gene_805
Gene_605,Gene_811
Gene_605,Gene_812
Gene_605,Gene_814
Gene_605,Gene_817
Gene_605,Gene_820
Gene_605,Gene_823
Gene_605,Gene_825
Gene_605,Gene_826
Gene_605,Gene_828
Gene_605,Gene_829
Gene_605,Gene_830
Gene_605,Gene_832
Gene_605,Gene_833
Gene_605,Gene_834
Gene_605,Gene_836
Gene_605,Gene_838
Gene_605,Gene_841
Gene_605,Gene_843
Gene_605,Gene_845
Gene_605,Gene_846
Gene_605,Gene_847
Gene_605,Gene_848
Gene_605,Gene_849
Gene_605,Gene_850
Gene_605,Gene_851
Gene_605,Gene_853
Gene_605,Gene_855
Gene_605,Gene_858
Gene_605,Gene_860
Gene_605,Gene_861
Gene_605,Gene_863
Gene_605,Gene_864
Gene_605,Gene_866
Gene_605,Gene_867
Gene_605,Gene_869
Gene_605,Gene_871
Gene_605,Gene_872
Gene_605,Gene_873
Gene_605,Gene_875
Gene_605,Gene_876
Gene_605,Gene_877
Gene_605,Gene_878
Gene_605,Gene_879
Gene_605,Gene_880
Gene_605,Gene_881
Gene_605,Gene_882
Gene_605,Gene_885
Gene_605,Gene_886
Gene_605,Gene_887
Gene_605,Gene_888
Gene_605,Gene_889
Gene_605,Gene_890
Gene_605,Gene_891
Gene_605,Gene_892
Gene_605,Gene_893
Gene_605,Gene_894
Gene_605,Gene_895
Gene_605,Gene_898
Gene_605,Gene_899
Gene_605,Gene_900
Gene_605,Gene_902
Gene_605,Gene_903
Gene_605,Gene_904
Gene_605,Gene_905
Gene_605,Gene_906
Gene_605,Gene_910
Gene_605,Gene_912
Gene_605,Gene_913
Gene_605,Gene_915
Gene_605,Gene_916
Gene_605,Gene_917
Gene_605,Gene_919
Gene_605,Gene_920
Gene_605,Gene_922
Gene_605,Gene_923
Gene_605,Gene_924
Gene_605,Gene_925
Gene_605,Gene_926
Gene_605,Gene_927
Gene_605,Gene_928
Gene_605,Gene_929
Gene_605,Gene_933
Gene_605,Gene_935
Gene_605,Gene_936
Gene_605,Gene_937
Gene_605,Gene_938
Gene_605,Gene_939
Gene_605,Gene_940
Gene_605,Gene_942
Gene_605,Gene_943
Gene_605,Gene_948
Gene_605,Gene_949
Gene_605,Gene_950
Gene_605,Gene_953
Gene_605,Gene_954
Gene_605,Gene_955
Gene_605,Gene_956
Gene_605,Gene_957
Gene_605,Gene_958
Gene_605,Gene_960
Gene_605,Gene_961
Gene_605,Gene_962
Gene_605,Gene_963
Gene_605,Gene_964
Gene_605,Gene_965
Gene_605,Gene_966
Gene_605,Gene_967
Gene_605,Gene_969
Gene_605,Gene_971
Gene_605,Gene_973
Gene_605,Gene_974
Gene_605,Gene_975
Gene_605,Gene_977
Gene_605,Gene_978
Gene_605,Gene_980
Gene_605,Gene_982
Gene_605,Gene_983
Gene_605,Gene_986
Gene_605,Gene_989
Gene_605,Gene_991
Gene_605,Gene_994
Gene_605,Gene_995
Gene_605,Gene_998
Gene_633,Gene_1
Gene_633,Gene_2
Gene_633,Gene_5
Gene_633,Gene_6
Gene_633,Gene_7
Gene_633,Gene_8
Gene_633,Gene_12
Gene_633,Gene_13
Gene_633,Gene_14
Gene_633,Gene_18
Gene_633,Gene_20
Gene_633,Gene_21
Gene_633,Gene_22
Gene_633,Gene_23
Gene_633,Gene_24
Gene_633,Gene_25
Gene_633,Gene_26
Gene_633,Gene_27
Gene_633,Gene_28
Gene_633,Gene_29
Gene_633,Gene_34
Gene_633,Gene_36
Gene_633,Gene_38
Gene_633,Gene_39
Gene_633,Gene_40
Gene_633,Gene_42
Gene_633,Gene_44
Gene_633,Gene_47
Gene_633,Gene_48
Gene_633,Gene_49
Gene_633,Gene_50
Gene_633,Gene_51
Gene_633,Gene_52
Gene_633,Gene_55
Gene_633,Gene_56
Gene_633,Gene_58
Gene_633,Gene_59
Gene_633,Gene_60
Gene_633,Gene_62
Gene_633,Gene_63
Gene_633,Gene_64
Gene_633,Gene_65
Gene_633,Gene_67
Gene_633,Gene_68
Gene_633,Gene_69
Gene_633,Gene_70
Gene_633,Gene_71
Gene_633,Gene_72
Gene_633,Gene_73
Gene_633,Gene_76
Gene_633,Gene_77
Gene_633,Gene_79
Gene_633,Gene_80
Gene_633,Gene_81
Gene_633,Gene_82
Gene_633,Gene_83
Gene_633,Gene_84
Gene_633,Gene_85
Gene_633,Gene_88
Gene_633,Gene_89
Gene_633,Gene_92
Gene_633,Gene_93
Gene_633,Gene_94
Gene_633,Gene_96
Gene_633,Gene_97
Gene_633,Gene_98
Gene_633,Gene_99
Gene_633,Gene_101
Gene_633,Gene_102
Gene_633,Gene_107
Gene_633,Gene_109
Gene_633,Gene_113
Gene_633,Gene_115
Gene_633,Gene_116
Gene_633,Gene_120
Gene_633,Gene_121
Gene_633,Gene_123
Gene_633,Gene_124
Gene_633,Gene_128
Gene_633,Gene_131
Gene_633,Gene_132
Gene_633,Gene_133
Gene_633,Gene_135
Gene_633,Gene_139
Gene_633,Gene_142
Gene_633,Gene_143
Gene_633,Gene_146
Gene_633,Gene_147
Gene_633,Gene_148
Gene_633,Gene_149
Gene_633,Gene_151
Gene_633,Gene_153
Gene_633,Gene_156
Gene_633,Gene_158
Gene_633,Gene_159
Gene_633,Gene_160
Gene_633,Gene_161
Gene_633,Gene_162
Gene_633,Gene_165
Gene_633,Gene_166
Gene_633,Gene_169
Gene_633,Gene_170
Gene_633,Gene_171
Gene_633,Gene_173
Gene_633,Gene_174
Gene_633,Gene_177
Gene_633,Gene_179
Gene_633,Gene_180
Gene_633,Gene_181
Gene_633,Gene_185
Gene_633,Gene_188
Gene_633,Gene_189
Gene_633,Gene_190
Gene_633,Gene_191
Gene_633,Gene_192
Gene_633,Gene_194
Gene_633,Gene_196
Gene_633,Gene_198
Gene_633,Gene_199
Gene_633,Gene_200
Gene_633,Gene_201
Gene_633,Gene_202
Gene_633,Gene_203
Gene_633,Gene_205
Gene_633,Gene_207
Gene_633,Gene_209
Gene_633,Gene_210
Gene_633,Gene_216
Gene_633,Gene_217
Gene_633,Gene_219
Gene_633,Gene_220
Gene_633,Gene_221
Gene_633,Gene_222
Gene_633,Gene_225
Gene_633,Gene_228
Gene_633,Gene_229
Gene_633,Gene_230
Gene_633,Gene_235
Gene_633,Gene_239
Gene_633,Gene_240
Gene_633,Gene_241
Gene_633,Gene_243
Gene_633,Gene_245
Gene_633,Gene_246
Gene_633,Gene_250
Gene_633,Gene_251
Gene_633,Gene_252
Gene_633,Gene_254
Gene_633,Gene_255
Gene_633,Gene_256
Gene_633,Gene_258
Gene_633,Gene_262
Gene_633,Gene_263
Gene_633,Gene_264
Gene_633,Gene_265
Gene_633,Gene_266
Gene_633,Gene_267
Gene_633,Gene_268
Gene_633,Gene_269
Gene_633,Gene_270
Gene_633,Gene_272
Gene_633,Gene_273
Gene_633,Gene_274
Gene_633,Gene_275
Gene_633,Gene_276
Gene_633,Gene_277
Gene_633,Gene_281
Gene_633,Gene_284
Gene_633,Gene_285
Gene_633,Gene_287
Gene_633,Gene_288
Gene_633,Gene_289
Gene_633,Gene_290
Gene_633,Gene_291
Gene_633,Gene_294
Gene_633,Gene_296
Gene_633,Gene_299
Gene_633,Gene_300
Gene_633,Gene_301
Gene_633,Gene_306
Gene_633,Gene_308
Gene_633,Gene_309
Gene_633,Gene_311
Gene_633,Gene_313
Gene_633,Gene_314
Gene_633,Gene_316
Gene_633,Gene_317
Gene_633,Gene_318
Gene_633,Gene_319
Gene_633,Gene_320
Gene_633,Gene_321
Gene_633,Gene_322
Gene_633,Gene_323
Gene_633,Gene_326
Gene_633,Gene_327
Gene_633,Gene_328
Gene_633,Gene_330
Gene_633,Gene_331
Gene_633,Gene_332
Gene_633,Gene_333
Gene_633,Gene_334
Gene_633,Gene_336
Gene_633,Gene_337
Gene_633,Gene_338
Gene_633,Gene_339
Gene_633,Gene_340
Gene_633,Gene_342
Gene_633,Gene_343
Gene_633,Gene_349
Gene_633,Gene_352
Gene_633,Gene_354
Gene_633,Gene_355
Gene_633,Gene_356
Gene_633,Gene_358
Gene_633,Gene_359
Gene_633,Gene_361
Gene_633,Gene_362
Gene_633,Gene_363
Gene_633,Gene_366
Gene_633,Gene_367
Gene_633,Gene_368
Gene_633,Gene_369
Gene_633,Gene_371
Gene_633,Gene_372
Gene_633,Gene_374
Gene_633,Gene_375
Gene_633,Gene_376
Gene_633,Gene_377
Gene_633,Gene_379
Gene_633,Gene_380
Gene_633,Gene_381
Gene_633,Gene_382
Gene_633,Gene_383
Gene_633,Gene_387
Gene_633,Gene_388
Gene_633,Gene_389
Gene_633,Gene_390
Gene_633,Gene_392
Gene_633,Gene_393
Gene_633,Gene_394
Gene_633,Gene_397
Gene_633,Gene_398
Gene_633,Gene_399
Gene_633,Gene_402
Gene_633,Gene_403
Gene_633,Gene_404
Gene_633,Gene_405
Gene_633,Gene_407
Gene_633,Gene_408
Gene_633,Gene_410
Gene_633,Gene_411
Gene_633,Gene_412
Gene_633,Gene_418
Gene_633,Gene_419
Gene_633,Gene_420
Gene_633,Gene_421
Gene_633,Gene_422
Gene_633,Gene_425
Gene_633,Gene_426
Gene_633,Gene_427
Gene_633,Gene_428
Gene_633,Gene_429
Gene_633,Gene_431
Gene_633,Gene_432
Gene_633,Gene_433
Gene_633,Gene_434
Gene_633,Gene_437
Gene_633,Gene_439
Gene_633,Gene_441
Gene_633,Gene_444
Gene_633,Gene_446
Gene_633,Gene_449
Gene_633,Gene_451
Gene_633,Gene_452
Gene_633,Gene_454
Gene_633,Gene_456
Gene_633,Gene_457
Gene_633,Gene_458
Gene_633,Gene_462
Gene_633,Gene_463
Gene_633,Gene_465
Gene_633,Gene_466
Gene_633,Gene_467
Gene_633,Gene_471
Gene_633,Gene_482
Gene_633,Gene_483
Gene_633,Gene_484
Gene_633,Gene_485
Gene_633,Gene_486
Gene_633,Gene_487
Gene_633,Gene_489
Gene_633,Gene_490
Gene_633,Gene_491
Gene_633,Gene_493
Gene_633,Gene_497
Gene_633,Gene_498
Gene_633,Gene_500
Gene_633,Gene_502
Gene_633,Gene_503
Gene_633,Gene_505
Gene_633,Gene_506
Gene_633,Gene_509
Gene_633,Gene_511
Gene_633,Gene_513
Gene_633,Gene_514
Gene_633,Gene_515
Gene_633,Gene_516
Gene_633,Gene_518
Gene_633,Gene_520
Gene_633,Gene_522
Gene_633,Gene_525
Gene_633,Gene_527
Gene_633,Gene_531
Gene_633,Gene_532
Gene_633,Gene_535
Gene_633,Gene_536
Gene_633,Gene_537
Gene_633,Gene_538
Gene_633,Gene_540
Gene_633,Gene_541
Gene_633,Gene_542
Gene_633,Gene_544
Gene_633,Gene_545
Gene_633,Gene_546
Gene_633,Gene_547
Gene_633,Gene_550
Gene_633,Gene_551
Gene_633,Gene_556
Gene_633,Gene_558
Gene_633,Gene_565
Gene_633,Gene_566
Gene_633,Gene_568
Gene_633,Gene_569
Gene_633,Gene_570
Gene_633,Gene_572
Gene_633,Gene_573
Gene_633,Gene_576
Gene_633,Gene_577
Gene_633,Gene_578
Gene_633,Gene_579
Gene_633,Gene_581
Gene_633,Gene_587
Gene_633,Gene_590
Gene_633,Gene_591
Gene_633,Gene_593
Gene_633,Gene_597
Gene_633,Gene_598
Gene_633,Gene_599
Gene_633,Gene_601
Gene_633,Gene_603
Gene_633,Gene_604
Gene_633,Gene_609
Gene_633,Gene_611
Gene_633,Gene_612
Gene_633,Gene_613
Gene_633,Gene_615
Gene_633,Gene_618
Gene_633,Gene_619
Gene_633,Gene_620
Gene_633,Gene_623
Gene_633,Gene_624
Gene_633,Gene_627
Gene_633,Gene_628
Gene_633,Gene_630
Gene_633,Gene_631
Gene_633,Gene_632
Gene_633,Gene_633
Gene_633,Gene_637
Gene_633,Gene_639
Gene_633,Gene_640
Gene_633,Gene_643
Gene_633,Gene_644
Gene_633,Gene_646
Gene_633,Gene_647
Gene_633,Gene_648
Gene_633,Gene_649
Gene_633,Gene_652
Gene_633,Gene_653
Gene_633,Gene_655
Gene_633,Gene_656
Gene_633,Gene_657
Gene_633,Gene_659
Gene_633,Gene_661
Gene_633,Gene_662
Gene_633,Gene_663
Gene_633,Gene_666
Gene_633,Gene_669
Gene_633,Gene_670
Gene_633,Gene_671
Gene_633,Gene_672
Gene_633,Gene_673
Gene_633,Gene_674
Gene_633,Gene_676
Gene_633,Gene_678
Gene_633,Gene_679
Gene_633,Gene_680
Gene_633,Gene_683
Gene_633,Gene_686
Gene_633,Gene_687
Gene_633,Gene_688
Gene_633,Gene_691
Gene_633,Gene_692
Gene_633,Gene_693
Gene_633,Gene_694
Gene_633,Gene_695
Gene_633,Gene_697
Gene_633,Gene_703
Gene_633,Gene_704
Gene_633,Gene_705
Gene_633,Gene_706
Gene_633,Gene_708
Gene_633,Gene_711
Gene_633,Gene_712
Gene_633,Gene_714
Gene_633,Gene_715
Gene_633,Gene_716
Gene_633,Gene_717
Gene_633,Gene_718
Gene_633,Gene_719
Gene_633,Gene_720
Gene_633,Gene_721
Gene_633,Gene_722
Gene_633,Gene_723
Gene_633,Gene_724
Gene_633,Gene_727
Gene_633,Gene_728
Gene_633,Gene_729
Gene_633,Gene_732
Gene_633,Gene_734
Gene_633,Gene_735
Gene_633,Gene_737
Gene_633,Gene_740
Gene_633,Gene_741
Gene_633,Gene_742
Gene_633,Gene_743
Gene_633,Gene_744
Gene_633,Gene_747
Gene_633,Gene_748
Gene_633,Gene_749
Gene_633,Gene_752
Gene_633,Gene_753
Gene_633,Gene_755
Gene_633,Gene_757
Gene_633,Gene_758
Gene_633,Gene_759
Gene_633,Gene_762
Gene_633,Gene_763
Gene_633,Gene_764
Gene_633,Gene_765
Gene_633,Gene_767
Gene_633,Gene_768
Gene_633,Gene_773
Gene_633,Gene_774
Gene_633,Gene_776
Gene_633,Gene_777
Gene_633,Gene_778
Gene_633,Gene_779
Gene_633,Gene_782
Gene_633,Gene_784
Gene_633,Gene_785
Gene_633,Gene_786
Gene_633,Gene_788
Gene_633,Gene_794
Gene_633,Gene_795
Gene_633,Gene_796
Gene_633,Gene_797
Gene_633,Gene_798
Gene_633,Gene_799
Gene_633,Gene_800
Gene_633,Gene_801
Gene_633,Gene_802
Gene_633,Gene_803
Gene_633,Gene_804
Gene_633,Gene_805
Gene_633,Gene_812
Gene_633,Gene_813
Gene_633,Gene_816
Gene_633,Gene_817
Gene_633,Gene_820
Gene_633,Gene_826
Gene_633,Gene_829
Gene_633,Gene_832
Gene_633,Gene_833
Gene_633,Gene_835
Gene_633,Gene_836
Gene_633,Gene_838
Gene_633,Gene_843
Gene_633,Gene_847
Gene_633,Gene_848
Gene_633,Gene_850
Gene_633,Gene_852
Gene_633,Gene_853
Gene_633,Gene_854
Gene_633,Gene_855
Gene_633,Gene_856
Gene_633,Gene_860
Gene_633,Gene_861
Gene_633,Gene_863
Gene_633,Gene_864
Gene_633,Gene_865
Gene_633,Gene_866
Gene_633,Gene_868
Gene_633,Gene_869
Gene_633,Gene_871
Gene_633,Gene_873
Gene_633,Gene_874
Gene_633,Gene_878
Gene_633,Gene_880
Gene_633,Gene_881
Gene_633,Gene_882
Gene_633,Gene_883
Gene_633,Gene_885
Gene_633,Gene_886
Gene_633,Gene_887
Gene_633,Gene_888
Gene_633,Gene_889
Gene_633,Gene_891
Gene_633,Gene_892
Gene_633,Gene_894
Gene_633,Gene_895
Gene_633,Gene_897
Gene_633,Gene_898
Gene_633,Gene_900
Gene_633,Gene_902
Gene_633,Gene_903
Gene_633,Gene_905
Gene_633,Gene_912
Gene_633,Gene_914
Gene_633,Gene_915
Gene_633,Gene_916
Gene_633,Gene_918
Gene_633,Gene_919
Gene_633,Gene_922
Gene_633,Gene_923
Gene_633,Gene_924
Gene_633,Gene_925
Gene_633,Gene_926
Gene_633,Gene_927
Gene_633,Gene_928
Gene_633,Gene_929
Gene_633,Gene_930
Gene_633,Gene_933
Gene_633,Gene_935
Gene_633,Gene_937
Gene_633,Gene_938
Gene_633,Gene_939
Gene_633,Gene_941
Gene_633,Gene_942
Gene_633,Gene_943
Gene_633,Gene_944
Gene_633,Gene_945
Gene_633,Gene_946
Gene_633,Gene_949
Gene_633,Gene_951
Gene_633,Gene_954
Gene_633,Gene_956
Gene_633,Gene_957
Gene_633,Gene_958
Gene_633,Gene_964
Gene_633,Gene_965
Gene_633,Gene_966
Gene_633,Gene_967
Gene_633,Gene_968
Gene_633,Gene_969
Gene_633,Gene_971
Gene_633,Gene_973
Gene_633,Gene_974
Gene_633,Gene_975
Gene_633,Gene_977
Gene_633,Gene_978
Gene_633,Gene_981
Gene_633,Gene_982
Gene_633,Gene_983
Gene_633,Gene_984
Gene_633,Gene_985
Gene_633,Gene_986
Gene_633,Gene_987
Gene_633,Gene_991
Gene_633,Gene_993
Gene_633,Gene_996
Gene_633,Gene_998
Gene_633,Gene_999
Gene_759,Gene_2
Gene_759,Gene_3
Gene_759,Gene_8
Gene_759,Gene_13
Gene_759,Gene_18
Gene_759,Gene_21
Gene_759,Gene_22
Gene_759,Gene_23
Gene_759,Gene_24
Gene_759,Gene_26
Gene_759,Gene_27
Gene_759,Gene_28
Gene_759,Gene_31
Gene_759,Gene_32
Gene_759,Gene_34
Gene_759,Gene_40
Gene_759,Gene_41
Gene_759,Gene_42
Gene_759,Gene_51
Gene_759,Gene_52
Gene_759,Gene_61
Gene_759,Gene_63
Gene_759,Gene_64
Gene_759,Gene_71
Gene_759,Gene_77
Gene_759,Gene_79
Gene_759,Gene_80
Gene_759,Gene_81
Gene_759,Gene_86
Gene_759,Gene_89
Gene_759,Gene_92
Gene_759,Gene_93
Gene_759,Gene_98
Gene_759,Gene_101
Gene_759,Gene_106
Gene_759,Gene_113
Gene_759,Gene_115
Gene_759,Gene_124
Gene_759,Gene_128
Gene_759,Gene_131
Gene_759,Gene_132
Gene_759,Gene_135
Gene_759,Gene_139
Gene_759,Gene_147
Gene_759,Gene_150
Gene_759,Gene_153
Gene_759,Gene_155
Gene_759,Gene_156
Gene_759,Gene_159
Gene_759,Gene_167
Gene_759,Gene_169
Gene_759,Gene_171
Gene_759,Gene_174
Gene_759,Gene_181
Gene_759,Gene_183
Gene_759,Gene_185
Gene_759,Gene_186
Gene_759,Gene_187
Gene_759,Gene_188
Gene_759,Gene_191
Gene_759,Gene_198
Gene_759,Gene_202
Gene_759,Gene_203
Gene_759,Gene_206
Gene_759,Gene_208
Gene_759,Gene_209
Gene_759,Gene_214
Gene_759,Gene_216
Gene_759,Gene_220
Gene_759,Gene_223
Gene_759,Gene_229
Gene_759,Gene_233
Gene_759,Gene_235
Gene_759,Gene_239
Gene_759,Gene_240
Gene_759,Gene_243
Gene_759,Gene_245
Gene_759,Gene_246
Gene_759,Gene_250
Gene_759,Gene_252
Gene_759,Gene_253
Gene_759,Gene_254
Gene_759,Gene_262
Gene_759,Gene_263
Gene_759,Gene_264
Gene_759,Gene_265
Gene_759,Gene_270
Gene_759,Gene_274
Gene_759,Gene_275
Gene_759,Gene_276
Gene_759,Gene_283
Gene_759,Gene_284
Gene_759,Gene_286
Gene_759,Gene_287
Gene_759,Gene_293
Gene_759,Gene_294
Gene_759,Gene_302
Gene_759,Gene_304
Gene_759,Gene_309
Gene_759,Gene_311
Gene_759,Gene_315
Gene_759,Gene_316
Gene_759,Gene_317
Gene_759,Gene_318
Gene_759,Gene_319
Gene_759,Gene_322
Gene_759,Gene_330
Gene_759,Gene_333
Gene_759,Gene_334
Gene_759,Gene_338
Gene_759,Gene_339
Gene_759,Gene_353
Gene_759,Gene_354
Gene_759,Gene_356
Gene_759,Gene_361
Gene_759,Gene_364
Gene_759,Gene_367
Gene_759,Gene_369
Gene_759,Gene_371
Gene_759,Gene_375
Gene_759,Gene_376
Gene_759,Gene_377
Gene_759,Gene_380
Gene_759,Gene_381
Gene_759,Gene_384
Gene_759,Gene_387
Gene_759,Gene_389
Gene_759,Gene_392
Gene_759,Gene_394
Gene_759,Gene_398
Gene_759,Gene_399
Gene_759,Gene_403
Gene_759,Gene_408
Gene_759,Gene_409
Gene_759,Gene_411
Gene_759,Gene_415
Gene_759,Gene_416
Gene_759,Gene_419
Gene_759,Gene_421
Gene_759,Gene_422
Gene_759,Gene_428
Gene_759,Gene_429
Gene_759,Gene_432
Gene_759,Gene_433
Gene_759,Gene_438
Gene_759,Gene_444
Gene_759,Gene_449
Gene_759,Gene_451
Gene_759,Gene_454
Gene_759,Gene_474
Gene_759,Gene_490
Gene_759,Gene_491
Gene_759,Gene_496
Gene_759,Gene_498
Gene_759,Gene_503
Gene_759,Gene_505
Gene_759,Gene_507
Gene_759,Gene_508
Gene_759,Gene_509
Gene_759,Gene_513
Gene_759,Gene_514
Gene_759,Gene_516
Gene_759,Gene_521
Gene_759,Gene_522
Gene_759,Gene_530
Gene_759,Gene_531
Gene_759,Gene_532
Gene_759,Gene_533
Gene_759,Gene_537
Gene_759,Gene_540
Gene_759,Gene_544
Gene_759,Gene_549
Gene_759,Gene_550
Gene_759,Gene_551
Gene_759,Gene_555
Gene_759,Gene_558
Gene_759,Gene_564
Gene_759,Gene_566
Gene_759,Gene_567
Gene_759,Gene_581
Gene_759,Gene_583
Gene_759,Gene_585
Gene_759,Gene_587
Gene_759,Gene_590
Gene_759,Gene_593
Gene_759,Gene_595
Gene_759,Gene_599
Gene_759,Gene_603
Gene_759,Gene_609
Gene_759,Gene_615
Gene_759,Gene_618
Gene_759,Gene_619
Gene_759,Gene_624
Gene_759,Gene_627
Gene_759,Gene_630
Gene_759,Gene_631
Gene_759,Gene_633
Gene_759,Gene_636
Gene_759,Gene_638
Gene_759,Gene_640
Gene_759,Gene_644
Gene_759,Gene_646
Gene_759,Gene_650
Gene_759,Gene_652
Gene_759,Gene_655
Gene_759,Gene_662
Gene_759,Gene_665
Gene_759,Gene_670
Gene_759,Gene_671
Gene_759,Gene_672
Gene_759,Gene_676
Gene_759,Gene_677
Gene_759,Gene_679
Gene_759,Gene_681
Gene_759,Gene_682
Gene_759,Gene_686
Gene_759,Gene_687
Gene_759,Gene_688
Gene_759,Gene_696
Gene_759,Gene_701
Gene_759,Gene_703
Gene_759,Gene_710
Gene_759,Gene_712
Gene_759,Gene_713
Gene_759,Gene_716
Gene_759,Gene_718
Gene_759,Gene_720
Gene_759,Gene_721
Gene_759,Gene_723
Gene_759,Gene_728
Gene_759,Gene_731
Gene_759,Gene_737
Gene_759,Gene_740
Gene_759,Gene_744
Gene_759,Gene_747
Gene_759,Gene_748
Gene_759,Gene_754
Gene_759,Gene_755
Gene_759,Gene_757
Gene_759,Gene_758
Gene_759,Gene_764
Gene_759,Gene_766
Gene_759,Gene_768
Gene_759,Gene_773
Gene_759,Gene_776
Gene_759,Gene_778
Gene_759,Gene_779
Gene_759,Gene_780
Gene_759,Gene_785
Gene_759,Gene_792
Gene_759,Gene_795
Gene_759,Gene_798
Gene_759,Gene_800
Gene_759,Gene_806
Gene_759,Gene_811
Gene_759,Gene_814
Gene_759,Gene_816
Gene_759,Gene_817
Gene_759,Gene_821
Gene_759,Gene_825
Gene_759,Gene_826
Gene_759,Gene_827
Gene_759,Gene_833
Gene_759,Gene_836
Gene_759,Gene_843
Gene_759,Gene_847
Gene_759,Gene_848
Gene_759,Gene_849
Gene_759,Gene_853
Gene_759,Gene_856
Gene_759,Gene_870
Gene_759,Gene_873
Gene_759,Gene_874
Gene_759,Gene_877
Gene_759,Gene_880
Gene_759,Gene_885
Gene_759,Gene_886
Gene_759,Gene_891
Gene_759,Gene_897
Gene_759,Gene_900
Gene_759,Gene_901
Gene_759,Gene_902
Gene_759,Gene_904
Gene_759,Gene_911
Gene_759,Gene_915
Gene_759,Gene_916
Gene_759,Gene_918
Gene_759,Gene_919
Gene_759,Gene_922
Gene_759,Gene_927
Gene_759,Gene_933
Gene_759,Gene_934
Gene_759,Gene_935
Gene_759,Gene_937
Gene_759,Gene_938
Gene_759,Gene_940
Gene_759,Gene_941
Gene_759,Gene_945
Gene_759,Gene_946
Gene_759,Gene_947
Gene_759,Gene_948
Gene_759,Gene_950
Gene_759,Gene_954
Gene_759,Gene_956
Gene_759,Gene_958
Gene_759,Gene_960
Gene_759,Gene_963
Gene_759,Gene_964
Gene_759,Gene_969
Gene_759,Gene_971
Gene_759,Gene_972
Gene_759,Gene_973
Gene_759,Gene_974
Gene_759,Gene_978
Gene_759,Gene_981
Gene_759,Gene_985
Gene_759,Gene_986
Gene_759,Gene_992
Gene_759,Gene_994
Gene_759,Gene_995
Gene_759,Gene_999
Gene_803,Gene_85
Gene_803,Gene_286
Gene_803,Gene_332
Gene_803,Gene_624
Gene_803,Gene_702
Gene_803,Gene_722
Gene_803,Gene_966
Gene_803,Gene_974
Gene_827,Gene_62
Gene_827,Gene_89
Gene_827,Gene_286
Gene_827,Gene_333
Gene_827,Gene_407
Gene_827,Gene_732
Gene_827,Gene_846
Gene_827,Gene_875
Gene_827,Gene_974
Gene_922,Gene_0
Gene_922,Gene_1
Gene_922,Gene_2
Gene_922,Gene_6
Gene_922,Gene_7
Gene_922,Gene_8
Gene_922,Gene_9
Gene_922,Gene_10
Gene_922,Gene_11
Gene_922,Gene_12
Gene_922,Gene_13
Gene_922,Gene_17
Gene_922,Gene_18
Gene_922,Gene_20
Gene_922,Gene_21
Gene_922,Gene_22
Gene_922,Gene_23
Gene_922,Gene_24
Gene_922,Gene_25
Gene_922,Gene_26
Gene_922,Gene_27
Gene_922,Gene_30
Gene_922,Gene_31
Gene_922,Gene_32
Gene_922,Gene_34
Gene_922,Gene_35
Gene_922,Gene_36
Gene_922,Gene_38
Gene_922,Gene_40
Gene_922,Gene_42
Gene_922,Gene_43
Gene_922,Gene_44
Gene_922,Gene_46
Gene_922,Gene_47
Gene_922,Gene_48
Gene_922,Gene_49
Gene_922,Gene_50
Gene_922,Gene_51
Gene_922,Gene_52
Gene_922,Gene_54
Gene_922,Gene_55
Gene_922,Gene_56
Gene_922,Gene_57
Gene_922,Gene_58
Gene_922,Gene_59
Gene_922,Gene_60
Gene_922,Gene_61
Gene_922,Gene_63
Gene_922,Gene_64
Gene_922,Gene_65
Gene_922,Gene_66
Gene_922,Gene_67
Gene_922,Gene_68
Gene_922,Gene_69
Gene_922,Gene_70
Gene_922,Gene_72
Gene_922,Gene_73
Gene_922,Gene_74
Gene_922,Gene_75
Gene_922,Gene_76
Gene_922,Gene_77
Gene_922,Gene_78
Gene_922,Gene_79
Gene_922,Gene_80
Gene_922,Gene_81
Gene_922,Gene_82
Gene_922,Gene_84
Gene_922,Gene_85
Gene_922,Gene_87
Gene_922,Gene_89
Gene_922,Gene_92
Gene_922,Gene_93
Gene_922,Gene_94
Gene_922,Gene_96
Gene_922,Gene_97
Gene_922,Gene_98
Gene_922,Gene_100
Gene_922,Gene_101
Gene_922,Gene_102
Gene_922,Gene_103
Gene_922,Gene_105
Gene_922,Gene_106
Gene_922,Gene_107
Gene_922,Gene_108
Gene_922,Gene_109
Gene_922,Gene_110
Gene_922,Gene_111
Gene_922,Gene_112
Gene_922,Gene_113
Gene_922,Gene_114
Gene_922,Gene_115
Gene_922,Gene_117
Gene_922,Gene_118
Gene_922,Gene_120
Gene_922,Gene_122
Gene_922,Gene_123
Gene_922,Gene_124
Gene_922,Gene_125
Gene_922,Gene_128
Gene_922,Gene_129
Gene_922,Gene_131
Gene_922,Gene_132
Gene_922,Gene_134
Gene_922,Gene_135
Gene_922,Gene_137
Gene_922,Gene_138
Gene_922,Gene_141
Gene_922,Gene_143
Gene_922,Gene_144
Gene_922,Gene_145
Gene_922,Gene_147
Gene_922,Gene_148
Gene_922,Gene_149
Gene_922,Gene_150
Gene_922,Gene_151
Gene_922,Gene_152
Gene_922,Gene_153
Gene_922,Gene_156
Gene_922,Gene_157
Gene_922,Gene_158
Gene_922,Gene_159
Gene_922,Gene_160
Gene_922,Gene_161
Gene_922,Gene_162
Gene_922,Gene_163
Gene_922,Gene_165
Gene_922,Gene_166
Gene_922,Gene_168
Gene_922,Gene_169
Gene_922,Gene_170
Gene_922,Gene_172
Gene_922,Gene_174
Gene_922,Gene_175
Gene_922,Gene_176
Gene_922,Gene_177
Gene_922,Gene_179
Gene_922,Gene_180
Gene_922,Gene_181
Gene_922,Gene_182
Gene_922,Gene_184
Gene_922,Gene_185
Gene_922,Gene_186
Gene_922,Gene_187
Gene_922,Gene_188
Gene_922,Gene_189
Gene_922,Gene_190
Gene_922,Gene_192
Gene_922,Gene_195
Gene_922,Gene_198
Gene_922,Gene_199
Gene_922,Gene_201
Gene_922,Gene_202
Gene_922,Gene_203
Gene_922,Gene_206
Gene_922,Gene_207
Gene_922,Gene_208
Gene_922,Gene_209
Gene_922,Gene_211
Gene_922,Gene_212
Gene_922,Gene_213
Gene_922,Gene_214
Gene_922,Gene_216
Gene_922,Gene_220
Gene_922,Gene_221
Gene_922,Gene_222
Gene_922,Gene_224
Gene_922,Gene_228
Gene_922,Gene_229
Gene_922,Gene_231
Gene_922,Gene_232
Gene_922,Gene_233
Gene_922,Gene_235
Gene_922,Gene_237
Gene_922,Gene_239
Gene_922,Gene_240
Gene_922,Gene_242
Gene_922,Gene_243
Gene_922,Gene_244
Gene_922,Gene_246
Gene_922,Gene_247
Gene_922,Gene_248
Gene_922,Gene_250
Gene_922,Gene_251
Gene_922,Gene_252
Gene_922,Gene_253
Gene_922,Gene_254
Gene_922,Gene_255
Gene_922,Gene_256
Gene_922,Gene_257
Gene_922,Gene_258
Gene_922,Gene_262
Gene_922,Gene_264
Gene_922,Gene_266
Gene_922,Gene_267
Gene_922,Gene_268
Gene_922,Gene_272
Gene_922,Gene_274
Gene_922,Gene_275
Gene_922,Gene_276
Gene_922,Gene_277
Gene_922,Gene_279
Gene_922,Gene_281
Gene_922,Gene_283
Gene_922,Gene_286
Gene_922,Gene_287
Gene_922,Gene_288
Gene_922,Gene_289
Gene_922,Gene_290
Gene_922,Gene_292
Gene_922,Gene_293
Gene_922,Gene_294
Gene_922,Gene_296
Gene_922,Gene_297
Gene_922,Gene_299
Gene_922,Gene_300
Gene_922,Gene_301
Gene_922,Gene_302
Gene_922,Gene_303
Gene_922,Gene_304
Gene_922,Gene_305
Gene_922,Gene_306
Gene_922,Gene_307
Gene_922,Gene_309
Gene_922,Gene_311
Gene_922,Gene_313
Gene_922,Gene_315
Gene_922,Gene_316
Gene_922,Gene_317
Gene_922,Gene_318
Gene_922,Gene_319
Gene_922,Gene_320
Gene_922,Gene_321
Gene_922,Gene_322
Gene_922,Gene_324
Gene_922,Gene_325
Gene_922,Gene_328
Gene_922,Gene_330
Gene_922,Gene_332
Gene_922,Gene_334
Gene_922,Gene_335
Gene_922,Gene_336
Gene_922,Gene_337
Gene_922,Gene_338
Gene_922,Gene_339
Gene_922,Gene_341
Gene_922,Gene_342
Gene_922,Gene_344
Gene_922,Gene_345
Gene_922,Gene_347
Gene_922,Gene_348
Gene_922,Gene_349
Gene_922,Gene_351
Gene_922,Gene_352
Gene_922,Gene_353
Gene_922,Gene_354
Gene_922,Gene_355
Gene_922,Gene_356
Gene_922,Gene_357
Gene_922,Gene_359
Gene_922,Gene_360
Gene_922,Gene_361
Gene_922,Gene_362
Gene_922,Gene_363
Gene_922,Gene_364
Gene_922,Gene_366
Gene_922,Gene_367
Gene_922,Gene_368
Gene_922,Gene_369
Gene_922,Gene_370
Gene_922,Gene_371
Gene_922,Gene_372
Gene_922,Gene_375
Gene_922,Gene_378
Gene_922,Gene_379
Gene_922,Gene_380
Gene_922,Gene_381
Gene_922,Gene_382
Gene_922,Gene_384
Gene_922,Gene_385
Gene_922,Gene_387
Gene_922,Gene_388
Gene_922,Gene_392
Gene_922,Gene_393
Gene_922,Gene_394
Gene_922,Gene_397
Gene_922,Gene_398
Gene_922,Gene_399
Gene_922,Gene_402
Gene_922,Gene_404
Gene_922,Gene_405
Gene_922,Gene_406
Gene_922,Gene_407
Gene_922,Gene_408
Gene_922,Gene_409
Gene_922,Gene_410
Gene_922,Gene_411
Gene_922,Gene_413
Gene_922,Gene_414
Gene_922,Gene_415
Gene_922,Gene_416
Gene_922,Gene_417
Gene_922,Gene_418
Gene_922,Gene_419
Gene_922,Gene_420
Gene_922,Gene_421
Gene_922,Gene_422
Gene_922,Gene_424
Gene_922,Gene_425
Gene_922,Gene_426
Gene_922,Gene_427
Gene_922,Gene_428
Gene_922,Gene_429
Gene_922,Gene_431
Gene_922,Gene_432
Gene_922,Gene_433
Gene_922,Gene_434
Gene_922,Gene_437
Gene_922,Gene_438
Gene_922,Gene_439
Gene_922,Gene_441
Gene_922,Gene_443
Gene_922,Gene_445
Gene_922,Gene_447
Gene_922,Gene_448
Gene_922,Gene_450
Gene_922,Gene_451
Gene_922,Gene_452
Gene_922,Gene_454
Gene_922,Gene_455
Gene_922,Gene_456
Gene_922,Gene_457
Gene_922,Gene_458
Gene_922,Gene_459
Gene_922,Gene_461
Gene_922,Gene_462
Gene_922,Gene_463
Gene_922,Gene_464
Gene_922,Gene_466
Gene_922,Gene_467
Gene_922,Gene_468
Gene_922,Gene_469
Gene_922,Gene_470
Gene_922,Gene_471
Gene_922,Gene_474
Gene_922,Gene_476
Gene_922,Gene_478
Gene_922,Gene_479
Gene_922,Gene_480
Gene_922,Gene_481
Gene_922,Gene_484
Gene_922,Gene_485
Gene_922,Gene_486
Gene_922,Gene_487
Gene_922,Gene_489
Gene_922,Gene_490
Gene_922,Gene_491
Gene_922,Gene_492
Gene_922,Gene_493
Gene_922,Gene_494
Gene_922,Gene_495
Gene_922,Gene_497
Gene_922,Gene_498
Gene_922,Gene_500
Gene_922,Gene_502
Gene_922,Gene_503
Gene_922,Gene_505
Gene_922,Gene_506
Gene_922,Gene_508
Gene_922,Gene_509
Gene_922,Gene_511
Gene_922,Gene_512
Gene_922,Gene_513
Gene_922,Gene_515
Gene_922,Gene_516
Gene_922,Gene_518
Gene_922,Gene_520
Gene_922,Gene_522
Gene_922,Gene_523
Gene_922,Gene_525
Gene_922,Gene_526
Gene_922,Gene_527
Gene_922,Gene_528
Gene_922,Gene_529
Gene_922,Gene_530
Gene_922,Gene_531
Gene_922,Gene_532
Gene_922,Gene_533
Gene_922,Gene_535
Gene_922,Gene_536
Gene_922,Gene_537
Gene_922,Gene_538
Gene_922,Gene_540
Gene_922,Gene_541
Gene_922,Gene_543
Gene_922,Gene_544
Gene_922,Gene_546
Gene_922,Gene_547
Gene_922,Gene_548
Gene_922,Gene_549
Gene_922,Gene_550
Gene_922,Gene_551
Gene_922,Gene_552
Gene_922,Gene_554
Gene_922,Gene_555
Gene_922,Gene_556
Gene_922,Gene_557
Gene_922,Gene_558
Gene_922,Gene_560
Gene_922,Gene_561
Gene_922,Gene_562
Gene_922,Gene_564
Gene_922,Gene_565
Gene_922,Gene_566
Gene_922,Gene_568
Gene_922,Gene_569
Gene_922,Gene_570
Gene_922,Gene_572
Gene_922,Gene_573
Gene_922,Gene_574
Gene_922,Gene_575
Gene_922,Gene_576
Gene_922,Gene_577
Gene_922,Gene_578
Gene_922,Gene_579
Gene_922,Gene_580
Gene_922,Gene_581
Gene_922,Gene_583
Gene_922,Gene_584
Gene_922,Gene_585
Gene_922,Gene_587
Gene_922,Gene_588
Gene_922,Gene_589
Gene_922,Gene_590
Gene_922,Gene_593
Gene_922,Gene_594
Gene_922,Gene_595
Gene_922,Gene_596
Gene_922,Gene_597
Gene_922,Gene_598
Gene_922,Gene_599
Gene_922,Gene_600
Gene_922,Gene_601
Gene_922,Gene_603
Gene_922,Gene_604
Gene_922,Gene_607
Gene_922,Gene_608
Gene_922,Gene_609
Gene_922,Gene_610
Gene_922,Gene_611
Gene_922,Gene_613
Gene_922,Gene_614
Gene_922,Gene_615
Gene_922,Gene_616
Gene_922,Gene_617
Gene_922,Gene_618
Gene_922,Gene_619
Gene_922,Gene_623
Gene_922,Gene_624
Gene_922,Gene_627
Gene_922,Gene_628
Gene_922,Gene_629
Gene_922,Gene_630
Gene_922,Gene_631
Gene_922,Gene_632
Gene_922,Gene_633
Gene_922,Gene_634
Gene_922,Gene_635
Gene_922,Gene_636
Gene_922,Gene_637
Gene_922,Gene_638
Gene_922,Gene_640
Gene_922,Gene_641
Gene_922,Gene_642
Gene_922,Gene_643
Gene_922,Gene_644
Gene_922,Gene_646
Gene_922,Gene_647
Gene_922,Gene_649
Gene_922,Gene_650
Gene_922,Gene_651
Gene_922,Gene_652
Gene_922,Gene_653
Gene_922,Gene_654
Gene_922,Gene_655
Gene_922,Gene_656
Gene_922,Gene_657
Gene_922,Gene_658
Gene_922,Gene_659
Gene_922,Gene_660
Gene_922,Gene_661
Gene_922,Gene_663
Gene_922,Gene_666
Gene_922,Gene_670
Gene_922,Gene_671
Gene_922,Gene_673
Gene_922,Gene_675
Gene_922,Gene_676
Gene_922,Gene_678
Gene_922,Gene_679
Gene_922,Gene_680
Gene_922,Gene_681
Gene_922,Gene_682
Gene_922,Gene_684
Gene_922,Gene_685
Gene_922,Gene_686
Gene_922,Gene_688
Gene_922,Gene_690
Gene_922,Gene_691
Gene_922,Gene_692
Gene_922,Gene_693
Gene_922,Gene_694
Gene_922,Gene_695
Gene_922,Gene_696
Gene_922,Gene_697
Gene_922,Gene_700
Gene_922,Gene_702
Gene_922,Gene_703
Gene_922,Gene_704
Gene_922,Gene_705
Gene_922,Gene_706
Gene_922,Gene_708
Gene_922,Gene_710
Gene_922,Gene_712
Gene_922,Gene_713
Gene_922,Gene_714
Gene_922,Gene_715
Gene_922,Gene_716
Gene_922,Gene_717
Gene_922,Gene_719
Gene_922,Gene_720
Gene_922,Gene_721
Gene_922,Gene_722
Gene_922,Gene_723
Gene_922,Gene_727
Gene_922,Gene_728
Gene_922,Gene_729
Gene_922,Gene_732
Gene_922,Gene_733
Gene_922,Gene_734
Gene_922,Gene_735
Gene_922,Gene_736
Gene_922,Gene_737
Gene_922,Gene_739
Gene_922,Gene_740
Gene_922,Gene_741
Gene_922,Gene_743
Gene_922,Gene_744
Gene_922,Gene_746
Gene_922,Gene_747
Gene_922,Gene_749
Gene_922,Gene_750
Gene_922,Gene_751
Gene_922,Gene_753
Gene_922,Gene_754
Gene_922,Gene_756
Gene_922,Gene_757
Gene_922,Gene_758
Gene_922,Gene_759
Gene_922,Gene_761
Gene_922,Gene_764
Gene_922,Gene_767
Gene_922,Gene_768
Gene_922,Gene_769
Gene_922,Gene_770
Gene_922,Gene_771
Gene_922,Gene_773
Gene_922,Gene_776
Gene_922,Gene_777
Gene_922,Gene_778
Gene_922,Gene_779
Gene_922,Gene_781
Gene_922,Gene_782
Gene_922,Gene_784
Gene_922,Gene_785
Gene_922,Gene_786
Gene_922,Gene_787
Gene_922,Gene_788
Gene_922,Gene_789
Gene_922,Gene_790
Gene_922,Gene_791
Gene_922,Gene_792
Gene_922,Gene_794
Gene_922,Gene_796
Gene_922,Gene_798
Gene_922,Gene_800
Gene_922,Gene_802
Gene_922,Gene_803
Gene_922,Gene_805
Gene_922,Gene_807
Gene_922,Gene_809
Gene_922,Gene_810
Gene_922,Gene_811
Gene_922,Gene_814
Gene_922,Gene_816
Gene_922,Gene_817
Gene_922,Gene_822
Gene_922,Gene_823
Gene_922,Gene_825
Gene_922,Gene_826
Gene_922,Gene_830
Gene_922,Gene_833
Gene_922,Gene_834
Gene_922,Gene_835
Gene_922,Gene_836
Gene_922,Gene_837
Gene_922,Gene_838
Gene_922,Gene_840
Gene_922,Gene_841
Gene_922,Gene_842
Gene_922,Gene_843
Gene_922,Gene_844
Gene_922,Gene_849
Gene_922,Gene_850
Gene_922,Gene_853
Gene_922,Gene_855
Gene_922,Gene_856
Gene_922,Gene_858
Gene_922,Gene_861
Gene_922,Gene_863
Gene_922,Gene_864
Gene_922,Gene_865
Gene_922,Gene_866
Gene_922,Gene_867
Gene_922,Gene_868
Gene_922,Gene_869
Gene_922,Gene_870
Gene_922,Gene_873
Gene_922,Gene_875
Gene_922,Gene_876
Gene_922,Gene_877
Gene_922,Gene_878
Gene_922,Gene_879
Gene_922,Gene_880
Gene_922,Gene_881
Gene_922,Gene_882
Gene_922,Gene_883
Gene_922,Gene_884
Gene_922,Gene_885
Gene_922,Gene_886
Gene_922,Gene_887
Gene_922,Gene_892
Gene_922,Gene_893
Gene_922,Gene_894
Gene_922,Gene_895
Gene_922,Gene_896
Gene_922,Gene_897
Gene_922,Gene_898
Gene_922,Gene_899
Gene_922,Gene_900
Gene_922,Gene_902
Gene_922,Gene_903
Gene_922,Gene_905
Gene_922,Gene_906
Gene_922,Gene_907
Gene_922,Gene_909
Gene_922,Gene_910
Gene_922,Gene_911
Gene_922,Gene_912
Gene_922,Gene_915
Gene_922,Gene_916
Gene_922,Gene_917
Gene_922,Gene_920
Gene_922,Gene_921
Gene_922,Gene_923
Gene_922,Gene_924
Gene_922,Gene_925
Gene_922,Gene_926
Gene_922,Gene_927
Gene_922,Gene_928
Gene_922,Gene_929
Gene_922,Gene_932
Gene_922,Gene_933
Gene_922,Gene_934
Gene_922,Gene_935
Gene_922,Gene_936
Gene_922,Gene_937
Gene_922,Gene_938
Gene_922,Gene_939
Gene_922,Gene_940
Gene_922,Gene_941
Gene_922,Gene_942
Gene_922,Gene_943
Gene_922,Gene_944
Gene_922,Gene_945
Gene_922,Gene_946
Gene_922,Gene_947
Gene_922,Gene_948
Gene_922,Gene_949
Gene_922,Gene_950
Gene_922,Gene_953
Gene_922,Gene_954
Gene_922,Gene_956
Gene_922,Gene_957
Gene_922,Gene_960
Gene_922,Gene_961
Gene_922,Gene_962
Gene_922,Gene_963
Gene_922,Gene_964
Gene_922,Gene_965
Gene_922,Gene_966
Gene_922,Gene_967
Gene_922,Gene_968
Gene_922,Gene_970
Gene_922,Gene_971
Gene_922,Gene_972
Gene_922,Gene_973
Gene_922,Gene_974
Gene_922,Gene_975
Gene_922,Gene_978
Gene_922,Gene_982
Gene_922,Gene_983
Gene_922,Gene_984
Gene_922,Gene_985
Gene_922,Gene_986
Gene_922,Gene_987
Gene_922,Gene_988
Gene_922,Gene_989
Gene_922,Gene_990
Gene_922,Gene_991
Gene_922,Gene_993
Gene_922,Gene_994
Gene_922,Gene_995
Gene_922,Gene_996
Gene_922,Gene_997
Gene_922,Gene_998
Gene_922,Gene_999
Gene_936,Gene_131
Gene_936,Gene_732
Gene_936,Gene_853
Gene_936,Gene_974
