Gene1,Gene2
cbx7,trim2
cbx7,tgfbr3
cbx7,col27a1
cbx7,fgf3
cbx7,htra1
cbx7,esrrb
cbx7,nrg2
cbx7,grb10
cbx7,foxq1
cbx7,slco3a1
cbx7,fgfr3
cbx7,bmper
cbx7,tpm1
cbx7,chst15
cbx7,cdh6
cbx7,pth1r
cbx7,gas6
cbx7,gdpd5
cbx7,gnas
cbx7,sox7
cbx7,thbd
cbx7,p3h2
cbx7,zfpm1
cbx7,lrrk1
cbx7,cited1
cbx7,app
cbx7,fst
cbx7,col4a2
cbx7,col4a1
cbx7,khdc3
cbx7,spock1
cbx7,vim
cbx7,cachd1
cbx7,st3gal6
cbx7,ctdspl
cbx7,tns1
cbx7,podxl
cbx7,frmd4a
cbx7,cyp26a1
cbx7,cpm
cbx7,zbtb10
cbx7,gprc5c
cbx7,dtx1
cbx7,mras
cbx7,dkk1
cbx7,myo5b
cbx7,ddah1
cbx7,serpine2
cbx7,man1a
cbx7,parva
cbx7,epas1
cbx7,chn2
cbx7,spns2
cbx7,lrp2
cbx7,id3
cbx7,pde4dip
cbx7,obsl1
cbx7,p4ha2
cbx7,nrg1
cbx7,phldb2
cbx7,fgf10
cbx7,ptpn14
cbx7,kdelr3
cbx7,sh3pxd2b
cbx7,igf2
cbx7,msc
cbx7,eva1a
cbx7,ank
cbx7,cobll1
cbx7,ccnd2
cbx7,smarca2
cbx7,emp2
cbx7,arhgap29
cbx7,klf4
cbx7,bmp4
cbx7,ets1
cbx7,ndrg1
cbx7,retreg2
cbx7,notum
cbx7,sema4c
cbx7,hnf1b
cbx7,hs3st1
cbx7,morc4
cbx7,dpp4
cbx7,bcat1
cbx7,nid1
cbx7,marcks
cbx7,lad1
cbx7,timp3
cbx7,vegfa
cbx7,loxl2
cbx7,impdh1
cbx7,commd3
cbx7,kit
cbx7,mapkapk2
cbx7,klf2
cbx7,timp2
cbx7,pcsk6
cbx7,fabp3
cbx7,lama1
cbx7,epha4
cbx7,plk2
cbx7,gcnt1
cbx7,usp3
cbx7,car4
cbx7,sox17
cbx7,lamb1
cbx7,ttc7
cbx7,sfmbt2
cbx7,aqp3
cbx7,pxdn
cbx7,mt1
cbx7,mfsd1
cbx7,oat
cbx7,arhgef5
cbx7,gsn
cbx7,itga9
cbx7,pdgfra
cbx7,fgfr4
cbx7,ckb
cbx7,tenm4
cbx7,shroom3
cbx7,mcam
cbx7,runx1
cbx7,clcn5
cbx7,cemip
cbx7,hspb1
cbx7,ghr
cbx7,rbm47
cbx7,cdkn1a
cbx7,txnip
cbx7,stard10
cbx7,rtn1
cbx7,cdca7
cbx7,tcea3
cbx7,anxa5
cbx7,vangl1
cbx7,phlda3
cbx7,tyro3
cbx7,sfi1
cbx7,rhpn1
cbx7,adam15
cbx7,anxa2
cbx7,b2m
cbx7,dnmt3a
cbx7,f2r
cbx7,arhgef40
cbx7,sdc4
cbx7,slc25a4
cbx7,upp1
cbx7,amfr
cbx7,rbms1
cbx7,stard8
cbx7,mme
cbx7,myc
cbx7,zyx
cbx7,ly75
cbx7,mtf2
cbx7,rnpep
cbx7,nsmaf
cbx7,krt8
cbx7,dusp9
cbx7,cltc
cbx7,pcolce2
cbx7,jam2
cbx7,igfbp2
cbx7,abhd5
cbx7,rasgrp2
cbx7,nr0b1
cbx7,gata6
cbx7,dab2
cbx7,parvb
cbx7,krt19
cbx7,gjb3
cbx7,gata4
cbx7,trh
cbx7,krt18
cbx7,plxna1
cbx7,fndc3b
cbx7,atg16l2
cbx7,ggta1
cbx7,tbx3
cbx7,lefty2
cbx7,stag3
cbx7,bnc2
cbx7,f3
cbx7,sms
cbx7,mt2
cbx7,tcf15
cbx7,tubb6
cbx7,cd63
cbx7,p4ha1
cbx7,lama5
cbx7,gldc
cbx7,vsir
cbx7,me1
cbx7,ildr1
cbx7,retreg1
cbx7,lamp1
cbx7,ldhb
cbx7,sgk1
cbx7,hist1h1d
cbx7,car2
cbx7,gfpt2
cbx7,atp1b1
cbx7,cmklr1
cbx7,pros1
cbx7,flrt3
cbx7,glipr2
cbx7,slc7a6
cbx7,tle1
cbx7,selenow
cbx7,bend5
cbx7,prps2
cbx7,hip1
cbx7,mymx
cbx7,ckap4
cbx7,slc6a8
cbx7,fgf4
cbx7,pdpn
cbx7,tmem9
cbx7,rdm1
cbx7,ass1
cbx7,tuba4a
cbx7,tmsb4x
cbx7,egr1
cbx7,id2
cbx7,cotl1
cbx7,lgals3
cbx7,cobl
cbx7,pfkp
cbx7,glul
cbx7,serpinh1
cbx7,rab3il1
cbx7,tpm4
cbx7,fxyd6
cbx7,dap
cbx7,anp32a
cbx7,ly6e
cbx7,gng10
cbx7,galnt2
cbx7,msl3
cbx7,eps8
cbx7,cryab
cbx7,creb3l2
cbx7,adam19
cbx7,rnf157
cbx7,basp1
cbx7,fn1
cbx7,mpzl2
cbx7,slc26a10
cbx7,adgre5
cbx7,pdgfa
cbx7,nfxl1
ddx21,fdps
ddx21,srprb
ddx21,tmed9
ddx21,nfxl1
ddx21,npl
ddx21,tmem150a
ddx21,sec61a1
ddx21,ahcy
ddx21,abcc5
ddx21,eif2s2
ddx21,pdia5
ddx21,ssr3
ddx21,tmem214
ddx21,tmem59
ddx21,hsp90b1
ddx21,tmed2
ddx21,tfeb
ddx21,hsph1
ddx21,vkorc1
ddx21,txndc12
ddx21,stmn1
ddx21,tspan4
ddx21,ifrd1
ddx21,jarid2
ddx21,arfgap1
ddx21,creb3
ddx21,spc25
ddx21,acp6
ddx21,hirip3
ddx21,gorasp2
ddx21,nagk
ddx21,ppib
ddx21,tpx2
ddx21,atp6v0b
ddx21,bub1b
ddx21,rbm38
ddx21,trp53
ddx21,eed
ddx21,hspa5
ddx21,actl6a
ddx21,arf4
ddx21,mdn1
ddx21,nfatc2ip
ddx21,plod3
ddx21,cdipt
ddx21,mrps5
ddx21,hdlbp
ddx21,d230025d16rik
ddx21,selenok
ddx21,nfya
ddx21,pofut2
ddx21,2410141k09rik
ddx21,lamp1
ddx21,prkab1
ddx21,sec31a
ddx21,manf
ddx21,fahd2a
ddx21,copa
ddx21,wdr45
ddx21,pfas
ddx21,lmf2
ddx21,dnajc10
ddx21,tax1bp3
ddx21,mtf2
ddx21,senp3
ddx21,ilk
ddx21,hsp90aa1
ddx21,sfi1
ddx21,hspa8
ddx21,ddx21
ddx21,cltc
ddx21,snx1
ddx21,kdelr2
ddx21,colgalt1
ddx21,eif4a2
ddx21,mdm2
ddx21,psme2
ddx21,pdcd6ip
ddx21,fndc3a
ddx21,srm
ddx21,slc35f5
ddx21,mgst3
ddx21,bsg
ddx21,calr
ddx21,erp29
ddx21,mfsd1
ddx21,pdia3
ddx21,appbp2
ddx21,fzr1
ddx21,rcn3
ddx21,krtcap2
ddx21,asah1
ddx21,msmo1
ddx21,rab11a
ddx21,atg16l2
ddx21,rpn1
ddx21,tfrc
ddx21,ube2s
ddx21,p4hb
ddx21,rif1
ddx21,setx
ddx21,suz12
ddx21,mcfd2
ddx21,sec23a
ddx21,fbxo5
ddx21,got1
ddx21,retreg2
ddx21,cdc20
ddx21,ctsd
ddx21,selenos
ddx21,hist1h2bk
ddx21,atp6v0a1
ddx21,hyou1
ddx21,nrf1
ddx21,pdia6
ddx21,ddit3
ddx21,idi1
ddx21,calu
ddx21,gnas
ddx21,mkrn1
ddx21,gabarapl2
ddx21,pgd
ddx21,hsf2bp
ddx21,tubb4b
ddx21,asns
ddx21,wdr1
ddx21,hist1h2ac
ddx21,lpcat1
ddx21,calm1
ddx21,stag3
ddx21,hist1h3h
ddx21,hist1h2bl
ddx21,hist1h2ai
ddx21,prdx1
ddx21,nktr
ddx21,herpud1
ddx21,ppp2r5a
ddx21,bex4
ddx21,hist1h4k
ddx21,hells
ddx21,tmem165
ddx21,tpm1
ddx21,sun1
ddx21,pcna
ddx21,mcm6
ddx21,bex1
ddx21,abhd5
ddx21,myo6
ddx21,pdk1
ddx21,odc1
ddx21,morf4l2
ddx21,ehd1
ddx21,cotl1
ddx21,resf1
ddx21,gfpt1
ddx21,marc2
ddx21,kdm3a
ddx21,parp1
ddx21,pafah1b3
ddx21,sdcbp
ddx21,surf4
ddx21,hook1
ddx21,slc25a4
ddx21,msh6
ddx21,mcm10
ddx21,rbpj
ddx21,chn2
ddx21,carmil1
ddx21,p4ha1
ddx21,rdm1
ddx21,atp13a3
ddx21,itgav
ddx21,txndc5
ddx21,plod2
ddx21,kat6b
ddx21,pdia4
ddx21,wdfy1
ddx21,lrrc1
ddx21,klf3
ddx21,psap
ddx21,ranbp17
ddx21,cdca7
ddx21,iqsec1
ddx21,fndc3b
ddx21,hist1h2bf
ddx21,nup210
ddx21,usp3
ddx21,sdf2l1
ddx21,bex3
ddx21,bend5
ddx21,crip2
ddx21,patj
ddx21,trim28
ddx21,glmp
ddx21,galnt2
ddx21,myl6
ddx21,uhrf1
ddx21,rffl
ddx21,rbms1
ddx21,man1a2
ddx21,rnf157
ddx21,ect2
ddx21,hist1h2bn
ddx21,hist1h2ak
ddx21,dnajc3
ddx21,rras2
ddx21,anp32a
ddx21,akr1b3
ddx21,zfp979
ddx21,rmc1
ddx21,hist1h2af
ddx21,rlim
ddx21,gga2
ddx21,klf2
ddx21,cndp2
ddx21,pnp
ddx21,lamc1
ddx21,etv4
ddx21,impdh1
ddx21,mapkapk2
ddx21,zfp600
ddx21,commd3
ddx21,gls
ddx21,cdc42se2
ddx21,pfkl
ddx21,gnpda1
ddx21,kdm5b
ddx21,zfyve21
ddx21,pcolce2
ddx21,rnpep
ddx21,kpna2
ddx21,msl3
ddx21,itm2b
ddx21,rpl39l
ddx21,slc16a1
ddx21,tmem9
ddx21,slc25a36
ddx21,shisa5
ddx21,insig1
ddx21,ccnb2
ddx21,slc25a5
ddx21,msh2
ddx21,ldlrap1
ddx21,gnptab
ddx21,ndrg1
ddx21,nasp
ddx21,crtap
ddx21,fam234a
ddx21,ccnb1
ddx21,pttg1ip
ddx21,cul7
ddx21,fam102a
ddx21,nrg2
ddx21,cbx7
ddx21,tcf15
ddx21,lgmn
ddx21,edem1
ddx21,slc20a1
ddx21,kdelr3
ddx21,stxbp2
ddx21,camsap3
ddx21,ccne1
ddx21,gclm
ddx21,zbtb10
ddx21,rtn1
ddx21,gsr
ddx21,selenow
ddx21,rbbp7
ddx21,nusap1
ddx21,ccng1
ddx21,cr1l
ddx21,ly75
ddx21,slc7a6
ddx21,plscr1
ddx21,lama1
ddx21,arhgap21
ddx21,tmem231
ddx21,hist1h1d
ddx21,uap1
ddx21,lrp2
ddx21,tnk2
ddx21,dap
ddx21,ctsa
ddx21,nsmaf
ddx21,cobll1
ddx21,csrp2
ddx21,ccn2
ddx21,morc4
ddx21,car2
ddx21,tubb6
ddx21,snx2
ddx21,calm2
ddx21,tgfbr3
ddx21,tex264
ddx21,rrbp1
ddx21,acadm
ddx21,hmces
ddx21,hip1
ddx21,fam83d
ddx21,ttc7
ddx21,manba
ddx21,galk1
ddx21,glipr2
ddx21,ass1
ddx21,ubqln2
ddx21,pdcd4
ddx21,gsn
ddx21,cd63
ddx21,sec24d
ddx21,oat
ddx21,apaf1
ddx21,4930402h24rik
ddx21,rrm2
ddx21,aars
ddx21,pmm1
ddx21,hmga1b
ddx21,hmga1
ddx21,cdh1
ddx21,ccnd3
ddx21,xbp1
ddx21,p3h4
ddx21,lrrk1
ddx21,sri
ddx21,mt2
ddx21,rev1
ddx21,ube2c
ddx21,msi2
ddx21,cited2
ddx21,amfr
ddx21,oplah
ddx21,prdx4
ddx21,bnip3
ddx21,ulk1
ddx21,cstb
ddx21,plekha7
ddx21,alg13
ddx21,p3h1
ddx21,fam129b
ddx21,shkbp1
ddx21,pitpnc1
ddx21,ly6e
ddx21,dab2
ddx21,adam23
ddx21,tyro3
ddx21,st3gal6
ddx21,rcc2
ddx21,arhgap29
ddx21,ltbp4
ddx21,gldc
ddx21,tpd52
ddx21,timp2
ddx21,sun2
ddx21,rbm47
ddx21,mme
ddx21,ctbp2
ddx21,cenpv
ddx21,adam15
ddx21,vangl1
ddx21,myh9
ddx21,mybl2
ddx21,sinhcaf
ddx21,gabbr1
ddx21,fn1
ddx21,echdc2
ddx21,anxa5
ddx21,ctnnal1
ddx21,plxnb2
ddx21,ctsl
ddx21,phlda3
ddx21,obsl1
ddx21,col4a2
ddx21,col4a1
ddx21,clcn5
ddx21,f3
ddx21,zfp990
ddx21,spry2
ddx21,efemp2
ddx21,bmper
ddx21,pik3r1
ddx21,glul
ddx21,pipox
ddx21,tubb2b
ddx21,nedd4
ddx21,hk2
ddx21,soat1
ddx21,podxl
ddx21,nrg1
ddx21,mylpf
ddx21,p4ha2
ddx21,me1
ddx21,lrrc8d
ddx21,klf4
ddx21,ddah2
ddx21,socs2
ddx21,itpk1
ddx21,ubald2
ddx21,itga9
ddx21,aplp1
ddx21,zfp42
ddx21,gprc5c
ddx21,htra1
ddx21,gcnt1
ddx21,icam1
ddx21,zfp57
ddx21,cst3
ddx21,bcam
ddx21,tpm4
ddx21,top2a
ddx21,tle1
ddx21,st5
ddx21,sema4c
ddx21,tns1
ddx21,tcf7l2
ddx21,eps8
ddx21,chchd10
ddx21,bag2
ddx21,actg1
ddx21,renbp
ddx21,uchl1
ddx21,rpp25
ddx21,retreg1
ddx21,b2m
ddx21,f2r
ddx21,etl4
ddx21,spock1
ddx21,enah
ddx21,runx1
ddx21,fkbp11
ddx21,chst15
ddx21,gabarapl1
ddx21,ung
ddx21,lifr
ddx21,gramd1a
ddx21,adam19
ddx21,qdpr
ddx21,klf6
ddx21,zfp710
ddx21,smad7
ddx21,mfge8
ddx21,slc7a5
ddx21,neu1
ddx21,cobl
ddx21,atp1b1
ddx21,msc
ddx21,frrs1
ddx21,ptpn14
ddx21,lamb2
ddx21,emp2
ddx21,gaa
ddx21,ddah1
ddx21,slc6a6
ddx21,rbpms2
ddx21,ehmt2
ddx21,app
ddx21,tfcp2l1
ddx21,plxna1
ddx21,akap12
ddx21,adgre5
ddx21,myo5b
ddx21,igfbp2
ddx21,tspan9
ddx21,nid1
ddx21,fgfr4
ddx21,creb3l2
ddx21,phldb2
ddx21,parva
ddx21,isyna1
ddx21,tceal9
ddx21,tet2
ddx21,serping1
ddx21,sdc4
ddx21,zyx
ddx21,shroom3
ddx21,p3h2
ddx21,mras
ddx21,loxl2
ddx21,fgf4
ddx21,dusp3
ddx21,vsir
ddx21,slc38a2
ddx21,ifitm2
ddx21,dpp4
ddx21,cdh6
ddx21,trim2
ddx21,gas6
ddx21,sms
ddx21,serpine2
ddx21,vamp8
ddx21,lamp2
ddx21,hs3st1
ddx21,msantd3
ddx21,ets1
ddx21,gfpt2
ddx21,ctsz
ddx21,pfkp
ddx21,pcsk6
ddx21,pth1r
ddx21,bnc2
ddx21,stard10
ddx21,sord
ddx21,frmd4a
ddx21,plk2
ddx21,fgf3
ddx21,pcbd1
ddx21,nipsnap1
ddx21,mymx
ddx21,cyba
ddx21,elovl6
ddx21,rab3il1
ddx21,jpt1
ddx21,mov10
ddx21,smarca2
ddx21,gng10
ddx21,cyp26a1
ddx21,cth
ddx21,tagln2
ddx21,sat1
ddx21,pros1
ddx21,epha2
ddx21,arhgef5
ddx21,amotl2
ddx21,tmem144
ddx21,notum
ddx21,fblim1
ddx21,egr1
ddx21,col27a1
ddx21,etv5
ddx21,btg2
ddx21,ampd2
ddx21,itga6
ddx21,kit
ddx21,anxa2
ddx21,spns2
ddx21,carhsp1
ddx21,lgals3
ddx21,l1td1
ddx21,calcoco2
ddx21,slco3a1
ddx21,mtcl1
ddx21,dcxr
ddx21,cers4
ddx21,ggta1
ddx21,dusp6
ddx21,cpm
ddx21,ckb
ddx21,tcea3
ddx21,jam2
ddx21,zfpm1
dppa2,sfi1
dppa2,patj
dppa2,cpm
dppa2,chn2
dppa2,marc2
dppa2,ranbp17
dppa2,adam23
dppa2,lama1
dppa2,gldc
dppa2,st3gal6
dppa2,camsap3
dppa2,igfbp2
dppa2,galnt2
dppa2,fndc3a
dppa2,nrg2
dppa2,tcf15
dppa2,cdh1
dppa2,herpud1
dppa2,fgfr4
dppa2,car2
dppa2,pdia5
dppa2,myo5b
dppa2,shroom3
dppa2,pcsk6
dppa2,rtn1
dppa2,lpcat1
dppa2,p3h2
dppa2,bex4
dppa2,kat2b
dppa2,txndc5
dppa2,nup210
dppa2,gsr
dppa2,plekha7
dppa2,tet2
dppa2,cobl
dppa2,ppp2r5a
dppa2,itga9
dppa2,gnas
dppa2,hook1
dppa2,pcolce2
dppa2,amfr
dppa2,arhgap29
dppa2,lamc1
dppa2,retreg1
dppa2,tmem231
dppa2,sms
dppa2,krt8
dppa2,rffl
dppa2,lifr
dppa2,bex1
dppa2,mme
dppa2,rbms1
dppa2,gclm
dppa2,mtcl1
dppa2,plxna1
dppa2,spns2
dppa2,khdc3
dppa2,xbp1
dppa2,nrf1
dppa2,lrrc1
dppa2,itgav
dppa2,pde4dip
dppa2,tpd52
dppa2,msh2
dppa2,crtap
dppa2,edem1
dppa2,lamp1
dppa2,vangl1
dppa2,itga6
dppa2,ahcy
dppa2,cenpv
dppa2,tpm1
dppa2,tmem9
dppa2,dnajc3
dppa2,ank
dppa2,nrg1
dppa2,ddah1
dppa2,kcng1
dppa2,resf1
dppa2,tmem165
dppa2,cobll1
dppa2,slco3a1
dppa2,gsn
dppa2,bmper
dppa2,tnk2
dppa2,rras2
dppa2,gprc5c
dppa2,gas6
dppa2,ckap4
dppa2,tubb6
dppa2,gga2
dppa2,pik3r1
dppa2,stard10
dppa2,eps8l2
dppa2,atp13a3
dppa2,col4a2
dppa2,col4a1
dppa2,me1
dppa2,bex3
dppa2,manba
dppa2,man1a2
dppa2,retreg2
dppa2,lrrk1
dppa2,ccn2
dppa2,odc1
dppa2,foxq1
dppa2,lrrc8d
dppa2,lrp2
dppa2,usp3
dppa2,rrbp1
dppa2,colgalt1
dppa2,cdca7
dppa2,carmil1
dppa2,tle1
dppa2,impdh1
dppa2,gfpt1
dppa2,myo6
dppa2,ctsa
dppa2,asns
dppa2,asah1
dppa2,rnf157
dppa2,setx
dppa2,iqsec1
dppa2,pcbd1
dppa2,zfp532
dppa2,rnpep
dppa2,vim
dppa2,sdcbp
dppa2,chst15
dppa2,rmc1
dppa2,lama5
dppa2,cdc42se2
dppa2,akr1b3
dppa2,zbtb10
dppa2,grb10
dppa2,pdia3
dppa2,msantd3
dppa2,hist1h2ac
dppa2,nsmaf
dppa2,hsf2bp
dppa2,ubqln2
dppa2,gorasp2
dppa2,timp2
dppa2,tgfbr3
dppa2,hdlbp
dppa2,parvb
dppa2,cdh6
dppa2,acp6
dppa2,rev1
dppa2,dpp4
dppa2,tyro3
dppa2,dnmt3a
dppa2,etv4
dppa2,ccne1
dppa2,phldb2
dppa2,akap12
dppa2,app
dppa2,alpl
dppa2,srprb
dppa2,hells
dppa2,pttg1ip
dppa2,mov10
dppa2,plxnb2
dppa2,sun2
dppa2,adam15
dppa2,calu
dppa2,plod2
dppa2,p3h1
dppa2,spc25
dppa2,cstb
dppa2,d230025d16rik
dppa2,pmm1
dppa2,fndc3b
dppa2,smarca2
dppa2,enah
dppa2,hist1h2bl
dppa2,hist1h2ai
dppa2,col27a1
dppa2,ptpn14
dppa2,snx2
dppa2,hist1h2bn
dppa2,hist1h2ak
dppa2,cachd1
dppa2,cdipt
dppa2,cryab
dppa2,hist1h2bk
dppa2,ulk1
dppa2,5031439g07rik
dppa2,atg16l2
dppa2,gnptab
dppa2,bnc2
dppa2,4930402h24rik
dppa2,p4ha2
dppa2,p3h4
dppa2,wdr1
dppa2,dtx1
dppa2,tpm4
dppa2,sun1
dppa2,rbpms2
dppa2,slc16a1
dppa2,oplah
dppa2,smad7
dppa2,glipr2
dppa2,suz12
dppa2,rpn1
dppa2,npl
dppa2,plk2
dppa2,arhgap21
dppa2,tfcp2l1
dppa2,socs2
dppa2,mgst3
dppa2,pcna
dppa2,mapkapk2
dppa2,tmem150a
dppa2,gpx3
dppa2,eed
dppa2,pfkp
dppa2,hmga1b
dppa2,hmga1
dppa2,ldlrap1
dppa2,slc25a4
dppa2,pdia6
dppa2,itpk1
dppa2,eps8
dppa2,spock1
dppa2,sh3pxd2b
dppa2,sec23a
dppa2,klf3
dppa2,ssr3
dppa2,cth
dppa2,sord
dppa2,msi2
dppa2,rif1
dppa2,dab2
dppa2,stag3
dppa2,arhgap45
dppa2,krt19
dppa2,hspb1
dppa2,sec24d
dppa2,commd3
dppa2,myo1c
dppa2,calm1
dppa2,ndrg1
dppa2,bend5
dppa2,hist1h3h
dppa2,fam129b
dppa2,ddx21
dppa2,hist1h2af
dppa2,apaf1
dppa2,dap
dppa2,zfpm1
dppa2,zfp57
dppa2,rdm1
dppa2,nagk
dppa2,hist1h2bf
dppa2,cemip
dppa2,ccnb2
dppa2,hsp90b1
dppa2,acadm
dppa2,mras
dppa2,nusap1
dppa2,rbpj
dppa2,kdm3a
dppa2,zfp990
dppa2,gls
dppa2,csrp2
dppa2,cald1
dppa2,apobec3
dppa2,pdgfa
dppa2,cltc
dppa2,aars
dppa2,nktr
dppa2,cotl1
dppa2,etl4
dppa2,klf4
dppa2,arfgap1
dppa2,akt1
dppa2,2410141k09rik
dppa2,vkorc1
dppa2,dennd2c
dppa2,ube2c
dppa2,shisa5
dppa2,tspan4
dppa2,sparc
dppa2,appbp2
dppa2,zfp979
dppa2,lgals3
dppa2,ctsd
dppa2,zfp600
dppa2,foxh1
dppa2,ube2s
dppa2,renbp
dppa2,nipsnap1
dppa2,calcoco2
dppa2,lbhd1
dppa2,wdr45
dppa2,ndrg4
dppa2,krt17
dppa2,cox7a1
dppa2,myo18a
dppa2,srgn
dppa2,csrp1
dppa4,sfi1
dppa4,galnt2
dppa4,gldc
dppa4,pdia5
dppa4,shroom3
dppa4,st3gal6
dppa4,marc2
dppa4,adam23
dppa4,ahcy
dppa4,camsap3
dppa4,colgalt1
dppa4,chn2
dppa4,retreg1
dppa4,pcsk6
dppa4,igfbp2
dppa4,ranbp17
dppa4,p3h2
dppa4,gclm
dppa4,cdh1
dppa4,ppp2r5a
dppa4,gsr
dppa4,lama1
dppa4,kat2b
dppa4,plekha7
dppa4,herpud1
dppa4,car2
dppa4,cobll1
dppa4,sms
dppa4,lpcat1
dppa4,spns2
dppa4,resf1
dppa4,vangl1
dppa4,itgav
dppa4,nup210
dppa4,tet2
dppa4,atp1b1
dppa4,bex4
dppa4,pde4dip
dppa4,usp3
dppa4,rtn1
dppa4,dab2
dppa4,abcc5
dppa4,txndc5
dppa4,carmil1
dppa4,pcolce2
dppa4,tcf15
dppa4,tmem165
dppa4,rras2
dppa4,nrg2
dppa4,msh2
dppa4,rbms1
dppa4,gfpt1
dppa4,itga6
dppa4,tnk2
dppa4,khdc3
dppa4,lamc1
dppa4,col4a2
dppa4,col4a1
dppa4,sun2
dppa4,notum
dppa4,mme
dppa4,lrrc8d
dppa4,tpd52
dppa4,ttc7
dppa4,nrg1
dppa4,atp13a3
dppa4,mtcl1
dppa4,ddah1
dppa4,man1a
dppa4,ank
dppa4,bmper
dppa4,ccn2
dppa4,lifr
dppa4,msantd3
dppa4,gorasp2
dppa4,rpp25
dppa4,podxl
dppa4,spc25
dppa4,myo5b
dppa4,amfr
dppa4,lrp2
dppa4,lama5
dppa4,rrbp1
dppa4,hook1
dppa4,5031439g07rik
dppa4,fndc3a
dppa4,stard10
dppa4,ckap4
dppa4,bex1
dppa4,kcng1
dppa4,cobl
dppa4,gnas
dppa4,rffl
dppa4,hsp90b1
dppa4,me1
dppa4,lrrk1
dppa4,phlda3
dppa4,cenpv
dppa4,cdca7
dppa4,fgfr4
dppa4,lamp1
dppa4,itga9
dppa4,iqsec1
dppa4,fam83d
dppa4,pdia3
dppa4,sdcbp
dppa4,kdelr2
dppa4,xbp1
dppa4,akr1b3
dppa4,pik3r1
dppa4,myo6
dppa4,rnf157
dppa4,dnajc3
dppa4,tpm1
dppa4,edem1
dppa4,asah1
dppa4,sec24d
dppa4,nrf1
dppa4,plxna1
dppa4,zfp532
dppa4,tle1
dppa4,crtap
dppa4,man1a2
dppa4,rnpep
dppa4,cltc
dppa4,tgfbr3
dppa4,gprc5c
dppa4,akap12
dppa4,frmd4a
dppa4,gnptab
dppa4,d230025d16rik
dppa4,dpp4
dppa4,krt8
dppa4,rif1
dppa4,rbpj
dppa4,impdh1
dppa4,pmm1
dppa4,gas6
dppa4,pros1
dppa4,hells
dppa4,slc16a1
dppa4,cachd1
dppa4,retreg2
dppa4,plod2
dppa4,p3h1
dppa4,kit
dppa4,slc25a4
dppa4,phldb2
dppa4,enah
dppa4,cdc42se2
dppa4,ccnd3
dppa4,etv4
dppa4,nktr
dppa4,sun1
dppa4,itpk1
dppa4,rev1
dppa4,slc7a6
dppa4,hdlbp
dppa4,ptpn14
dppa4,manba
dppa4,eps8
dppa4,dnmt3a
dppa4,rmc1
dppa4,ehd1
dppa4,setx
dppa4,grb10
dppa4,pxdn
dppa4,fam102a
dppa4,plxnb2
dppa4,ccne1
dppa4,zfpm1
dppa4,fndc3b
dppa4,rbpms2
dppa4,timp2
dppa4,glipr2
dppa4,tmem9
dppa4,wdr1
dppa4,bex3
dppa4,pitpnc1
dppa4,mras
dppa4,tubb6
dppa4,tmem214
dppa4,snx2
dppa4,calu
dppa4,surf4
dppa4,tyro3
dppa4,zbtb10
dppa4,p3h4
dppa4,p4ha2
dppa4,calm2
dppa4,adgre5
dppa4,rpn1
dppa4,mgst3
dppa4,actl6a
dppa4,pofut2
dppa4,ndrg1
dppa4,arhgap21
dppa4,nsmaf
dppa4,bnc2
dppa4,app
dppa4,mapkapk2
dppa4,eed
dppa4,eva1a
dppa4,dnajc10
dppa4,ctnnal1
dppa4,ddx21
dppa4,creb3l2
dppa4,atg16l2
dppa4,sec23a
dppa4,sord
dppa4,arf4
dppa4,cdipt
dppa4,pfkp
dppa4,sdf2l1
dppa4,krt19
dppa4,mov10
dppa4,ly6e
dppa4,pfas
dppa4,uap1
dppa4,ulk1
dppa4,aplp1
dppa4,tspan4
dppa4,mylpf
dppa4,ctdspl
dppa4,gcnt1
dppa4,plk2
dppa4,gls
dppa4,ggta1
dppa4,sec31a
dppa4,tpm4
dppa4,ssr3
dppa4,pdcd4
dppa4,ldlrap1
dppa4,myh9
dppa4,akt1
dppa4,sh3pxd2b
dppa4,pdgfa
dppa4,cryab
dppa4,sinhcaf
dppa4,fam129b
dppa4,bend5
dppa4,parva
dppa4,cd63
dppa4,hmga1b
dppa4,hmga1
dppa4,4930402h24rik
dppa4,ubald2
dppa4,klf4
dppa4,klf3
dppa4,dap
dppa4,rab11a
dppa4,mcm6
dppa4,stmn1
dppa4,anp32a
dppa4,spock1
dppa4,amotl2
dppa4,shisa5
ehmt2,cdh1
ehmt2,zfp990
esrrb,icam1
esrrb,mtf2
esrrb,spp1
esrrb,fabp3
esrrb,ldhb
esrrb,phc1
esrrb,tfrc
esrrb,mkrn1
esrrb,upp1
esrrb,rbm47
esrrb,sgk1
esrrb,ly6g6e
esrrb,calu
esrrb,igfbp2
esrrb,rif1
esrrb,fbxo15
esrrb,zfp42
esrrb,slc25a4
esrrb,mylpf
esrrb,got1
esrrb,acp6
esrrb,cst3
esrrb,mme
esrrb,4930402h24rik
esrrb,zfpm1
esrrb,shisa5
esrrb,acadm
esrrb,mymx
esrrb,msh6
esrrb,sfi1
esrrb,pcolce
esrrb,pdk1
esrrb,tdgf1
esrrb,parvb
esrrb,oplah
esrrb,rbpj
esrrb,fblim1
esrrb,asns
esrrb,stmn1
esrrb,ccne1
esrrb,id2
esrrb,psap
esrrb,slc25a5
esrrb,cltc
esrrb,nr0b1
esrrb,lasp1
esrrb,slc6a6
esrrb,dennd2c
esrrb,cbx7
esrrb,cobll1
esrrb,sun1
esrrb,hspa8
esrrb,ddah2
esrrb,csrp2
esrrb,dppa2
esrrb,crybg2
esrrb,rbpms2
esrrb,msi2
esrrb,plk2
esrrb,rasgrp2
esrrb,cdh1
esrrb,bcl3
esrrb,hspa5
esrrb,pou5f1
esrrb,2410141k09rik
esrrb,rbms1
esrrb,gabbr1
esrrb,eif4a2
esrrb,atp1b1
esrrb,slc16a1
esrrb,stag3
esrrb,fgfr4
esrrb,hmces
esrrb,ccn2
esrrb,sat1
esrrb,abcc5
esrrb,hells
esrrb,elovl6
esrrb,oat
esrrb,bub1b
esrrb,ckb
esrrb,ifrd1
esrrb,nanog
esrrb,hspb1
esrrb,nktr
esrrb,bcam
esrrb,actg1
esrrb,car2
esrrb,pmm1
esrrb,tpd52
esrrb,tcf15
esrrb,zic3
esrrb,galnt2
esrrb,tmem150a
esrrb,cox7a1
esrrb,cdc20
esrrb,atg16l2
esrrb,pipox
esrrb,ctsa
esrrb,uap1
esrrb,pcsk6
esrrb,slc1a5
esrrb,calr
esrrb,ung
esrrb,xaf1
esrrb,susd2
esrrb,tcea3
esrrb,enah
esrrb,zfp532
esrrb,khdc3
esrrb,zfp57
esrrb,hist1h1b
esrrb,plod1
esrrb,tdh
esrrb,gnpda1
esrrb,slc20a1
esrrb,pdpn
esrrb,zscan10
esrrb,bmper
esrrb,etv4
esrrb,rdm1
esrrb,sri
esrrb,spry4
esrrb,frrs1
esrrb,slc7a3
esrrb,ube2c
esrrb,mgst3
esrrb,sept1
esrrb,hnf1b
esrrb,epas1
esrrb,trim2
esrrb,fkbp11
esrrb,tinagl1
esrrb,tspan9
esrrb,zfp710
esrrb,mdn1
esrrb,txndc12
esrrb,mt1
esrrb,slc35f5
esrrb,pdia3
esrrb,hsd17b14
esrrb,sfmbt2
esrrb,tns1
esrrb,eps8l2
esrrb,dusp9
esrrb,cenpv
esrrb,mdm2
esrrb,st5
esrrb,amotl2
esrrb,rbbp7
esrrb,hist1h2bk
esrrb,gdpd5
esrrb,edem1
esrrb,slc26a10
esrrb,gls
esrrb,asah1
esrrb,kdm3a
esrrb,slc5a11
esrrb,arf4
esrrb,dkk1
esrrb,myo1c
esrrb,patj
esrrb,mrps5
esrrb,tcf7l2
esrrb,cited2
esrrb,gata6
esrrb,thbd
esrrb,neu1
esrrb,top2a
esrrb,herpud1
esrrb,itga9
esrrb,sms
esrrb,hist1h4k
esrrb,mdk
esrrb,hist1h1a
esrrb,gaa
esrrb,fahd2a
esrrb,dnmt3a
esrrb,tmem9
esrrb,lifr
esrrb,qdpr
esrrb,retreg1
esrrb,tmem231
esrrb,epha2
esrrb,nrg2
esrrb,msc
esrrb,sinhcaf
esrrb,shroom3
esrrb,ifitm1
esrrb,vsir
esrrb,tmem144
esrrb,ctsl
esrrb,spry2
esrrb,sord
esrrb,adam19
esrrb,selenok
esrrb,anxa5
esrrb,il33
esrrb,pml
esrrb,selenow
esrrb,nasp
esrrb,hist1h2bf
esrrb,apobec3
esrrb,tgif1
esrrb,krt19
esrrb,arhgap21
esrrb,gfpt2
esrrb,f3
esrrb,gata4
esrrb,fam83d
esrrb,serping1
esrrb,rffl
esrrb,kat6b
esrrb,crip2
esrrb,bcat1
esrrb,fgf10
esrrb,slco3a1
esrrb,ndrg4
esrrb,tnk2
esrrb,lama1
esrrb,klf4
esrrb,cdh6
esrrb,myh9
esrrb,gsta4
esrrb,ahcy
esrrb,ccng1
esrrb,timp3
esrrb,hsp90b1
esrrb,gabarapl1
esrrb,rpp25
esrrb,msantd3
esrrb,cald1
esrrb,dnajc10
esrrb,lrpap1
esrrb,mpzl2
esrrb,prdx1
esrrb,manba
esrrb,cstb
esrrb,lrrc2
esrrb,hk2
esrrb,srm
esrrb,tmed9
esrrb,gas6
esrrb,ly6e
esrrb,smad7
esrrb,zfp600
esrrb,epha4
esrrb,ampd2
esrrb,ccnd3
esrrb,klf6
esrrb,wdr45
esrrb,ier2
esrrb,tcl1
esrrb,etl4
esrrb,rcn3
esrrb,rbm38
esrrb,tax1bp3
esrrb,plekha7
esrrb,cyba
esrrb,adgre5
esrrb,idi1
esrrb,tagln2
esrrb,itpk1
esrrb,surf4
esrrb,cndp2
esrrb,chchd10
esrrb,lamb1
esrrb,tle1
esrrb,colgalt1
esrrb,lgmn
esrrb,2200002d01rik
esrrb,ranbp17
esrrb,akap12
esrrb,tuba4a
esrrb,tcn2
esrrb,nipsnap1
esrrb,id3
esrrb,msh2
esrrb,s100a6
esrrb,lamp1
esrrb,wdr1
esrrb,nagk
esrrb,ppp2r5a
esrrb,kdelr2
esrrb,gga2
esrrb,gabarap
esrrb,apoe
esrrb,tfeb
esrrb,stxbp2
gabbr1,soat1
gabbr1,ccnb2
gabbr1,tpx2
gabbr1,oat
gabbr1,mfge8
gabbr1,itm2b
gabbr1,srprb
gabbr1,gas6
gabbr1,selenos
gabbr1,cpm
gabbr1,bub1b
gabbr1,msmo1
gabbr1,nfatc2ip
gabbr1,dap
gabbr1,fahd2a
gabbr1,tmem9
gabbr1,sdcbp
gabbr1,mcm10
gabbr1,spc25
gabbr1,pdcd6ip
gabbr1,mfsd1
gabbr1,pdia6
gabbr1,gnpda1
gabbr1,galk1
gabbr1,arhgap29
gabbr1,hook1
gabbr1,cst3
gabbr1,cotl1
gabbr1,rmc1
gabbr1,creb3l2
gabbr1,rffl
gabbr1,mcm6
gabbr1,cr1l
gabbr1,tmem214
gabbr1,tmem231
gabbr1,cndp2
gabbr1,acadm
gabbr1,camsap3
gabbr1,atp6v0a1
gabbr1,nipsnap1
gabbr1,ccnb1
gabbr1,mcfd2
gabbr1,gaa
gabbr1,pfkl
gabbr1,fam234a
gabbr1,txndc5
gabbr1,bag2
gabbr1,pofut2
gabbr1,dnajc3
gabbr1,rtn1
gabbr1,shroom3
gabbr1,wdfy1
gabbr1,qdpr
gabbr1,idi1
gabbr1,nfxl1
gabbr1,ly75
gabbr1,cdc42se2
gabbr1,tfrc
gabbr1,asah1
gabbr1,npl
gabbr1,marc2
gabbr1,pdia5
gabbr1,me1
gabbr1,fam83d
gabbr1,uap1
gabbr1,akr1b3
gabbr1,serpine2
gabbr1,shisa5
gabbr1,snx2
gabbr1,dnajc10
gabbr1,p4ha1
gabbr1,ccng1
gabbr1,crtap
gabbr1,cdipt
gabbr1,psap
gabbr1,gldc
gabbr1,ctnnal1
gabbr1,nusap1
gabbr1,dusp3
gabbr1,rnpep
gabbr1,sun2
gabbr1,hdlbp
gabbr1,gga2
gabbr1,fgfr4
gabbr1,calu
gabbr1,actl6a
gabbr1,colgalt1
gabbr1,vkorc1
gabbr1,ppib
gabbr1,edem1
gabbr1,msh2
gabbr1,bnip3
gabbr1,mtf2
gabbr1,neu1
gabbr1,carhsp1
gabbr1,ghr
gabbr1,mgst3
gabbr1,tmed9
gabbr1,kdelr2
gabbr1,ahcy
gabbr1,pttg1ip
gabbr1,lamp1
gabbr1,p4ha2
gabbr1,mdn1
gabbr1,glipr2
gabbr1,pdia4
gabbr1,rbms1
gabbr1,patj
gabbr1,gnptab
gabbr1,tpm1
gabbr1,apaf1
gabbr1,rhpn1
gabbr1,cstb
gabbr1,alpl
gabbr1,gng10
gabbr1,selenok
gabbr1,prkab1
gabbr1,5031439g07rik
gabbr1,pdcd4
gabbr1,hip1
gabbr1,d230025d16rik
gabbr1,myo6
gabbr1,sh3pxd2b
gabbr1,pnp
gabbr1,loxl2
gabbr1,gsr
gabbr1,ctsl
gabbr1,tpd52
gabbr1,abcc5
gabbr1,copa
gabbr1,ect2
gabbr1,gclm
gabbr1,jpt1
gabbr1,gorasp2
gabbr1,lama1
gabbr1,prdx4
gabbr1,ets1
gabbr1,vangl1
gabbr1,sdf2l1
gabbr1,mme
gabbr1,gabarapl2
gabbr1,setx
gabbr1,pdia3
gabbr1,ranbp17
gabbr1,f3
gabbr1,adam23
gabbr1,retreg1
gabbr1,lgmn
gabbr1,echdc2
gabbr1,rpn1
gabbr1,gabarapl1
gabbr1,pmm1
gabbr1,ctsd
gabbr1,rab11a
gabbr1,surf4
gabbr1,abhd5
gabbr1,rab3il1
gabbr1,lrpap1
gabbr1,rnf157
gabbr1,top2a
gabbr1,ssr3
gabbr1,frrs1
gabbr1,sec23a
gabbr1,insig1
gabbr1,fzr1
gabbr1,arfgap1
gabbr1,amfr
gabbr1,xbp1
gabbr1,acp6
gabbr1,slc25a4
gabbr1,tfcp2l1
gabbr1,tns1
gabbr1,4930402h24rik
gabbr1,sri
gabbr1,pafah1b3
gabbr1,kpna2
gabbr1,galnt2
gabbr1,lpcat1
gabbr1,itga6
gabbr1,sec31a
gabbr1,cdca7
gabbr1,fdps
gabbr1,pfas
gabbr1,stard10
gabbr1,stxbp2
gabbr1,lad1
gabbr1,adam15
gabbr1,sun1
gabbr1,bsg
gabbr1,btg2
gabbr1,pdk1
gabbr1,ddah2
gabbr1,manba
gabbr1,tnk2
gabbr1,itgav
gabbr1,ass1
gabbr1,timp3
gabbr1,hsph1
gabbr1,ube2c
gabbr1,cdc20
gabbr1,slc7a6
gabbr1,cers4
gabbr1,asns
gabbr1,tex264
gabbr1,bex4
gabbr1,nasp
gabbr1,wdr1
gabbr1,aars
gabbr1,kank3
gabbr1,p3h1
gabbr1,gcnt1
gabbr1,calr
gabbr1,arf4
gabbr1,zfyve21
gabbr1,retreg2
gabbr1,cenpv
gabbr1,bend5
gabbr1,glmp
gabbr1,eps8
gabbr1,appbp2
gabbr1,tubb6
gabbr1,slc9a6
gabbr1,herpud1
gabbr1,tspan9
gabbr1,tmem165
gabbr1,suz12
gabbr1,anxa2
gabbr1,tmed2
gabbr1,bcat1
gabbr1,lrrk1
gabbr1,odc1
gabbr1,slc35f5
gabbr1,gsn
gabbr1,f2r
gabbr1,calm2
gabbr1,spock1
gabbr1,itga9
gabbr1,rbm38
gabbr1,ldlrap1
gabbr1,crip2
gabbr1,car2
gabbr1,selenow
gabbr1,nktr
gabbr1,cd63
gabbr1,rrbp1
gabbr1,ilk
gabbr1,ifrd1
gabbr1,cyba
gabbr1,ccne1
gabbr1,rlim
gabbr1,rev1
gabbr1,plscr1
gabbr1,tax1bp3
gabbr1,myo5b
gabbr1,plod2
gabbr1,lmf2
gabbr1,st3gal6
gabbr1,psme2
gabbr1,tgfbr3
gabbr1,rras2
gabbr1,fndc3a
gabbr1,nrg1
gabbr1,timp2
gabbr1,ccn2
gabbr1,mapkapk2
gabbr1,gfpt2
gabbr1,zfp57
gabbr1,hyou1
gabbr1,bex1
gabbr1,sec61a1
gabbr1,gpx3
gabbr1,pros1
gabbr1,pgd
gabbr1,hells
gabbr1,fam129b
gabbr1,slc16a1
gabbr1,aplp1
gabbr1,tpm4
gabbr1,ckap4
gabbr1,man1a2
gabbr1,slc25a36
gabbr1,p3h2
gabbr1,chn2
gabbr1,resf1
gabbr1,ly6e
gabbr1,ddx21
gabbr1,frmd4a
gabbr1,atg16l2
gabbr1,sec24d
gabbr1,etv5
gabbr1,lrrc1
gabbr1,tyro3
gabbr1,nid1
gabbr1,myh9
gabbr1,ptpn14
gabbr1,cdh1
gabbr1,fam102a
gabbr1,plekha7
gabbr1,msc
gabbr1,erp29
gabbr1,lifr
gabbr1,tmem59
gabbr1,dkc1
gabbr1,srm
gabbr1,pcolce2
gabbr1,ank
gabbr1,fn1
gabbr1,lamp2
gabbr1,clcn5
gabbr1,vsir
gabbr1,prdx1
gabbr1,gfpt1
gabbr1,hspg2
gabbr1,usp3
gabbr1,bex3
gabbr1,arpc1b
gabbr1,mdm2
gabbr1,sdc4
gabbr1,rif1
gabbr1,impdh1
gabbr1,cd9
gabbr1,parva
gabbr1,manf
gabbr1,gls
gabbr1,sord
gabbr1,rrm2
gabbr1,slc25a5
gabbr1,htra1
gabbr1,hspa5
gabbr1,pxdn
gabbr1,adam19
gabbr1,mov10
gabbr1,pcsk6
gabbr1,dcxr
gabbr1,fndc3b
gabbr1,ttc7
gabbr1,nagk
gabbr1,cemip
gabbr1,slc20a1
gabbr1,ildr1
gabbr1,dab2
gabbr1,hmces
gabbr1,plk2
gabbr1,p4hb
gabbr1,hspb1
gabbr1,zfpm1
gabbr1,podxl
gabbr1,isyna1
gabbr1,csrp2
gabbr1,bmper
gabbr1,plod3
gabbr1,nfya
gabbr1,trim2
gabbr1,col4a2
gabbr1,col4a1
gabbr1,b2m
gabbr1,slc6a6
gabbr1,nsmaf
gabbr1,plod1
gabbr1,carmil1
gabbr1,parp1
gabbr1,sfi1
gabbr1,tet2
gabbr1,slc7a5
gabbr1,ctsz
gabbr1,2410141k09rik
gabbr1,uchl1
gabbr1,spns2
gabbr1,eif2s2
gabbr1,zyx
gabbr1,msantd3
gabbr1,lefty2
gabbr1,gdpd5
gabbr1,dppa4
gabbr1,nrg2
gabbr1,cth
gabbr1,cald1
gabbr1,lrp2
gabbr1,cdh6
gabbr1,atp13a3
gabbr1,sgk1
gabbr1,nedd4
gabbr1,morc4
gabbr1,ampd2
gabbr1,mylpf
gabbr1,ube2s
gabbr1,hs3st1
gabbr1,ulk1
gabbr1,lrrc8d
gabbr1,rdm1
gabbr1,pik3r1
gabbr1,phldb2
gabbr1,mras
gabbr1,stard8
gabbr1,arhgef5
gabbr1,stag3
gabbr1,ehd1
gabbr1,app
gabbr1,snx1
gabbr1,rbbp7
gabbr1,mt2
gabbr1,iqsec1
gabbr1,anxa5
gabbr1,kit
gabbr1,lamc1
gabbr1,uhrf1
gabbr1,runx1
gabbr1,cltc
gabbr1,arhgef40
gabbr1,hsp90b1
gabbr1,hsp90aa1
gabbr1,eed
gabbr1,myl6
gabbr1,tspan4
gabbr1,akap12
gabbr1,tuba4a
gabbr1,nrf1
gabbr1,ddah1
gabbr1,ppp2r5a
gabbr1,pltp
gabbr1,phlda3
gabbr1,pcna
gabbr1,man1a
gabbr1,basp1
gabbr1,fbxo5
gabbr1,ctsa
gabbr1,adgre5
gabbr1,emp2
gabbr1,ccnd3
gabbr1,tagln2
gabbr1,gramd1a
gabbr1,ubald2
gabbr1,tle1
gabbr1,plxna1
gabbr1,amotl2
gabbr1,apobec3
gabbr1,tubb4b
gabbr1,zfp600
gabbr1,agpat4
gabbr1,enah
gabbr1,atp6v0b
gabbr1,tmem150a
gabbr1,tcf15
gabbr1,mrps5
gabbr1,calm1
gabbr1,cachd1
gabbr1,slc38a2
gabbr1,prss35
gabbr1,msi2
gabbr1,cobl
gabbr1,ckb
gabbr1,sema4c
gabbr1,lama5
gabbr1,shkbp1
gabbr1,rpp25
gabbr1,pde4dip
gabbr1,id3
gabbr1,bnc2
gabbr1,fgfr3
gabbr1,kdm3a
gabbr1,kdelr3
gabbr1,col27a1
gabbr1,l1td1
gabbr1,rbm47
gabbr1,fgf10
gabbr1,akt1
gabbr1,ung
gabbr1,krtcap2
gabbr1,cobll1
gabbr1,pfkp
gabbr1,ndrg4
gabbr1,glul
gabbr1,msh6
gabbr1,rbpj
gabbr1,kat2b
gabbr1,peg3
gabbr1,plxnb2
gabbr1,arhgap21
gabbr1,sat1
gabbr1,esrrb
gabbr1,nup210
gabbr1,mcam
gabbr1,khdc3
gabbr1,igfbp2
gabbr1,hirip3
gabbr1,ctdspl
gabbr1,lasp1
gabbr1,mpp1
gabbr1,jam2
gabbr1,utf1
gabbr1,slc6a8
gabbr1,txnip
gabbr1,phc1
gabbr1,klf6
gabbr1,pla2g1b
gabbr1,tfeb
gabbr1,tdh
gabbr1,cdkn1a
gabbr1,atp1b1
gabbr1,sms
gabbr1,fkbp11
gabbr1,senp3
gabbr1,slco3a1
gabbr1,p3h4
gabbr1,lamb1
gabbr1,smarca2
gabbr1,gprc5c
gabbr1,epas1
gabbr1,wdr45
gabbr1,fxyd6
gabbr1,car4
gabbr1,mkrn1
gabbr1,nr0b1
gabbr1,snurf
gabbr1,creb3
gabbr1,upp1
gabbr1,fblim1
gabbr1,egr1
gabbr1,obsl1
gabbr1,eif4a2
gabbr1,slc1a5
gabbr1,itpk1
gabbr1,pitpnc1
gabbr1,alg13
gabbr1,kat6b
gabbr1,parvb
gabbr1,ubqln2
gabbr1,klf3
gabbr1,gnas
gabbr1,tcea3
gabbr1,bcam
gabbr1,dnmt3a
gabbr1,efemp2
gabbr1,mt1
gabbr1,tmem144
gabbr1,mtcl1
gabbr1,rbpms2
gabbr1,fgf4
gabbr1,txndc12
gabbr1,icam1
gabbr1,fst
gabbr1,commd3
gabbr1,tcf7l2
gabbr1,rpl39l
gabbr1,cul7
gabbr1,mybl2
gabbr1,got1
gabbr1,kdm5b
gabbr1,ldhb
gabbr1,sinhcaf
gabbr1,sfmbt2
gabbr1,ifitm2
gabbr1,tcn2
gabbr1,fgf3
gabbr1,cited2
gabbr1,mymx
gabbr1,zbtb10
gabbr1,prps2
gabbr1,hspa8
gabbr1,chst15
gabbr1,slc7a3
gabbr1,dkk1
gabbr1,pth1r
gabbr1,grb10
gabbr1,actg1
gabbr1,ndrg1
gabbr1,etl4
gabbr1,krt18
gabbr1,tubb2b
gabbr1,epha2
gabbr1,flrt3
gabbr1,plat
gabbr1,etv4
gabbr1,foxq1
gabbr1,tceal9
gabbr1,mpzl2
gabbr1,tenm4
gabbr1,vegfa
gabbr1,lgals3
gabbr1,hist1h1b
gabbr1,bcl3
gabbr1,ggta1
gabbr1,notum
gabbr1,gabbr1
gabbr1,msl3
gabbr1,hist1h2ac
gabbr1,pcbd1
gabbr1,krt19
gabbr1,aqp3
gabbr1,klf2
gabbr1,eva1a
gabbr1,mdk
gabbr1,hk2
gabbr1,renbp
gabbr1,elovl6
gabbr1,gata4
gabbr1,fabp3
gabbr1,vill
gabbr1,trim28
gabbr1,myo1c
gabbr1,hist1h2bk
gabbr1,vim
gabbr1,zfp979
gabbr1,gabarap
gabbr1,hist1h1d
gabbr1,chchd10
gabbr1,dpp4
gabbr1,morf4l2
gabbr1,dtx1
gabbr1,trp53
gabbr1,calcoco2
gabbr1,mcm2
gabbr1,gjb3
gabbr1,dusp6
gabbr1,zfp990
gabbr1,pdgfra
gabbr1,s100a6
gabbr1,cbx7
gabbr1,zfp42
gabbr1,st5
gabbr1,socs2
gabbr1,plaur
gabbr1,gja1
gabbr1,ehmt2
gabbr1,cnn2
gabbr1,rcc2
gabbr1,kcng1
gabbr1,trh
gabbr1,id2
gabbr1,rasgrp2
gabbr1,stmn1
gabbr1,epha4
gabbr1,zfp710
gabbr1,eps8l2
gabbr1,gsta4
gabbr1,sox7
gabbr1,pdgfa
gabbr1,hsf2bp
gabbr1,nanog
gabbr1,lamb2
gabbr1,pipox
gabbr1,pou5f1
gabbr1,elf3
gabbr1,sox2
gabbr1,cyp26a1
gabbr1,spry4
gabbr1,cox7a1
gabbr1,eda2r
gabbr1,ctbp2
gabbr1,rcn3
gabbr1,hmga1b
gabbr1,hmga1
gabbr1,ddit3
gabbr1,fbxo15
gabbr1,pml
gabbr1,vamp8
gabbr1,sparc
gabbr1,ifi30
gabbr1,zfp532
gabbr1,tet1
gabbr1,hist1h4k
gabbr1,laptm5
gabbr1,dusp9
gabbr1,marcks
gabbr1,gata6
gabbr1,serping1
gabbr1,dppa2
gabbr1,hist1h2bl
gabbr1,hist1h2ai
gabbr1,myo7a
gabbr1,tbx3
gabbr1,spp1
gabbr1,zscan10
gabbr1,hist1h3h
gabbr1,cited1
gabbr1,tmsb4x
gabbr1,spry2
gabbr1,serpinh1
gabbr1,apoe
gabbr1,ifitm1
gabbr1,klf4
gabbr1,ltbp4
gabbr1,tdgf1
gabbr1,ier2
gabbr1,hist1h2af
gabbr1,myc
gabbr1,zic3
gabbr1,jarid2
gabbr1,krt8
gabbr1,ifitm3
gabbr1,cmklr1
gabbr1,slc17a9
gabbr1,hist1h1a
gabbr1,igf2
gabbr1,anp32a
gabbr1,tgif1
gabbr1,tcl1
gabbr1,mycn
gabbr1,tinagl1
gabbr1,clic1
gabbr1,hist1h2bf
gabbr1,2200002d01rik
gabbr1,tgm1
gabbr1,smad7
gabbr1,cryab
gabbr1,ccnd2
gabbr1,ccnd1
gabbr1,foxh1
gabbr1,oplah
gabbr1,ly6g6e
gabbr1,pdpn
gabbr1,pcolce
gabbr1,hist1h2bn
gabbr1,hist1h2ak
gabbr1,zfp462
gabbr1,hnf1b
gabbr1,dennd2c
gabbr1,au018091
gabbr1,thbd
gabbr1,srgn
gabbr1,akr1b8
gabbr1,lefty1
gabbr1,cldn6
gabbr1,fam25c
gabbr1,susd2
gabbr1,bmp4
gabbr1,xaf1
gabbr1,arhgap45
gabbr1,sept1
gabbr1,csrp1
gabbr1,krt17
gabbr1,gpa33
gabbr1,hkdc1
gata4,got1
gata4,rdm1
gata4,top2a
gata4,asah1
gata4,vkorc1
gata4,calm2
gata4,fzr1
gata4,ube2c
gata4,ccnb2
gata4,ect2
gata4,cox7a1
gata4,akr1b3
gata4,sfi1
gata4,herpud1
gata4,gaa
gata4,tpx2
gata4,nusap1
gata4,cdc20
gata4,ube2s
gata4,cltc
gata4,kpna2
gata4,nfatc2ip
gata4,runx1
gata4,hsp90b1
gata4,hist1h4k
gata4,ubald2
gata4,spc25
gata4,hist1h2ac
gata4,hist1h2bk
gata4,slc16a1
gata4,upp1
gata4,tubb4b
gata4,mtf2
gata4,arf4
gata4,fbxo5
gata4,hdlbp
gata4,trim28
gata4,mcm6
gata4,pdia5
gata4,podxl
gata4,pdia4
gata4,calu
gata4,dnajc10
gata4,lifr
gata4,idi1
gata4,pfas
gata4,dusp6
gata4,cdca7
gata4,sec23a
gata4,mdn1
gata4,senp3
gata4,ccnb1
gata4,sun1
gata4,srprb
gata4,spns2
gata4,manf
gata4,hspa5
gata4,tfrc
gata4,fam83d
gata4,bub1b
gata4,hist1h2bl
gata4,hist1h2ai
gata4,hist1h2bf
gata4,cald1
gata4,suz12
gata4,fbp2
gata4,ppp2r5a
gata4,nagk
gata4,galnt2
gata4,myo6
gata4,cdc42se2
gata4,4930402h24rik
gata4,slc6a6
gata4,sec31a
gata4,ddx21
gata4,lrrc8d
gata4,kdelr2
gata4,pdia3
gata4,marc2
gata4,klf2
gata4,pofut2
gata4,xbp1
gata4,nktr
gata4,tnk2
gata4,pmm1
gata4,ctnnal1
gata4,gfpt1
gata4,pcna
gata4,slc25a36
gata4,mme
gata4,amotl2
gata4,hist1h3h
gata4,abcc5
gata4,plekha7
gata4,tmem214
gata4,rmc1
gata4,setx
gata4,p4hb
gata4,jpt1
gata4,gls
gata4,tmem9
gata4,lad1
gata4,rffl
gata4,apaf1
gata4,pttg1ip
gata4,p3h2
gata4,atg16l2
gata4,ccng1
gata4,rpn1
gata4,sdf2l1
gata4,ranbp17
gata4,colgalt1
gata4,creb3l2
gata4,nrg1
gata4,cenpv
gata4,appbp2
gata4,pxdn
gata4,serpinh1
gata4,tle1
gata4,pfkl
gata4,sdcbp
gata4,txndc5
gata4,app
gata4,acadm
gata4,phc1
gata4,gga2
gata4,etv4
gata4,mcfd2
gata4,nrg2
gata4,p3h4
gata4,htra1
gata4,impdh1
gata4,crtap
gata4,hook1
gata4,lama1
gata4,itgav
gata4,manba
gata4,p3h1
gata4,selenok
gata4,lrrc1
gata4,asns
gata4,tmem165
gata4,ehd1
gata4,pitpnc1
gata4,ccn2
gata4,rnf157
gata4,chn2
gata4,fahd2a
gata4,myl6
gata4,itm2b
gata4,pipox
gata4,pdgfra
gata4,st3gal6
gata4,zfp57
gata4,tpd52
gata4,ttc7
gata4,notum
gata4,sh3pxd2b
gata4,gprc5c
gata4,2410141k09rik
gata4,sinhcaf
gata4,rnpep
gata4,hsph1
gata4,myh9
gata4,mkrn1
gata4,vangl1
gata4,hs3st1
gata4,glipr1
gata4,kit
gata4,gsr
gata4,stmn1
gata4,tpm4
gata4,icam1
gata4,igfbp2
gata4,pfkp
gata4,fbxo15
gata4,man1a
gata4,lrrk1
gata4,timp2
gata4,rif1
gata4,gldc
gata4,slc1a5
gata4,rpp25
gata4,lrp2
gata4,pcolce2
gata4,pcsk6
gata4,slco3a1
gata4,gnptab
gata4,cdh1
gata4,lama5
gata4,col27a1
gata4,pde4dip
gata4,spp1
jarid2,sfi1
jarid2,rdm1
jarid2,trim2
jarid2,slco3a1
jarid2,esrrb
jarid2,fgf3
jarid2,htra1
jarid2,col27a1
jarid2,stag3
jarid2,tgfbr3
jarid2,cyp26a1
jarid2,retreg2
jarid2,fgfr3
jarid2,gnas
jarid2,lrrk1
jarid2,cachd1
jarid2,fst
jarid2,bmper
jarid2,col4a2
jarid2,col4a1
jarid2,foxq1
jarid2,p3h2
jarid2,sox7
jarid2,serpine2
jarid2,grb10
jarid2,frmd4a
jarid2,cited1
jarid2,pth1r
jarid2,tpm1
jarid2,app
jarid2,cdh6
jarid2,chst15
jarid2,igf2
jarid2,hist1h2ac
jarid2,spock1
jarid2,st3gal6
jarid2,pdgfra
jarid2,podxl
jarid2,mfsd1
jarid2,cobll1
jarid2,nrg2
jarid2,zfpm1
jarid2,man1a
jarid2,ctdspl
jarid2,p4ha2
jarid2,gdpd5
jarid2,hist1h2bn
jarid2,hist1h2ak
jarid2,myo5b
jarid2,gas6
jarid2,nrg1
jarid2,hist1h2bl
jarid2,hist1h2ai
jarid2,cpm
jarid2,hs3st1
jarid2,chn2
jarid2,parva
jarid2,ddah1
jarid2,zbtb10
jarid2,msc
jarid2,lad1
jarid2,nsmaf
jarid2,lasp1
jarid2,hnf1b
jarid2,hist1h2bk
jarid2,plk2
jarid2,ank
jarid2,lrp2
jarid2,pde4dip
jarid2,dpp4
jarid2,ets1
jarid2,dkk1
jarid2,gprc5c
jarid2,hist1h1d
jarid2,ccnd2
jarid2,odc1
jarid2,timp2
jarid2,id3
jarid2,obsl1
jarid2,thbd
jarid2,pxdn
jarid2,phldb2
jarid2,khdc3
jarid2,lamb1
jarid2,stard10
jarid2,fgf10
jarid2,car4
jarid2,acp6
jarid2,spns2
jarid2,usp3
jarid2,ptpn14
jarid2,arhgap29
jarid2,atg16l2
jarid2,sox17
jarid2,abhd5
jarid2,tmed9
jarid2,timp3
jarid2,smarca2
jarid2,sh3pxd2b
jarid2,dtx1
jarid2,gsn
jarid2,rtn1
jarid2,amfr
jarid2,arhgef5
jarid2,vim
jarid2,dab2
jarid2,morc4
jarid2,ghr
jarid2,epas1
jarid2,tns1
jarid2,mapkapk2
jarid2,notum
jarid2,galnt2
jarid2,phlda3
jarid2,gldc
jarid2,kdm3a
jarid2,zyx
jarid2,cemip
jarid2,b2m
jarid2,peg3
jarid2,clcn5
jarid2,plod2
jarid2,eva1a
jarid2,vsir
jarid2,itga9
jarid2,ppib
jarid2,mras
jarid2,lama1
jarid2,bend5
jarid2,adam15
jarid2,gata4
jarid2,rbms1
jarid2,tenm4
jarid2,rbm47
jarid2,plxna1
jarid2,fgfr4
jarid2,gng10
jarid2,sgk1
jarid2,me1
jarid2,car2
jarid2,commd3
jarid2,mt1
jarid2,impdh1
jarid2,ass1
jarid2,kcng1
jarid2,sri
jarid2,hist1h2bf
jarid2,p3h4
jarid2,epha4
jarid2,egr1
jarid2,rnpep
jarid2,bag2
jarid2,sema4c
jarid2,hist1h4k
jarid2,hspa8
jarid2,dap
jarid2,pdia5
jarid2,patj
jarid2,gcnt1
jarid2,shroom3
jarid2,adam19
jarid2,slc7a6
jarid2,slc25a4
jarid2,trp53
jarid2,kit
jarid2,krt18
jarid2,cenpv
jarid2,cotl1
jarid2,ttc7
jarid2,gorasp2
jarid2,ndrg1
jarid2,arhgef40
jarid2,selenos
jarid2,fndc3a
jarid2,pnp
jarid2,eps8
jarid2,rev1
jarid2,hspb1
jarid2,cdkn1a
jarid2,krt19
jarid2,echdc2
jarid2,sec61a1
jarid2,ppp2r5a
jarid2,rab3il1
jarid2,pcsk6
jarid2,rhpn1
jarid2,man1a2
jarid2,tcf7l2
jarid2,rnf157
jarid2,npl
jarid2,hook1
jarid2,gata6
jarid2,itgav
jarid2,basp1
jarid2,lamp1
jarid2,anxa5
jarid2,tmem9
jarid2,colgalt1
jarid2,sdf2l1
jarid2,runx1
jarid2,trim28
jarid2,klf3
jarid2,emp2
jarid2,cryab
jarid2,5031439g07rik
jarid2,f3
jarid2,dnmt3a
jarid2,tpm4
jarid2,itpk1
jarid2,krt8
jarid2,mycn
jarid2,hist1h1a
jarid2,tuba4a
jarid2,eif4a2
jarid2,abcc5
jarid2,alpl
jarid2,igfbp2
jarid2,prdx1
jarid2,pik3r1
jarid2,actl6a
jarid2,tfeb
jarid2,kat6b
jarid2,sdcbp
jarid2,dusp9
jarid2,mcam
jarid2,flrt3
jarid2,krtcap2
jarid2,aqp3
jarid2,txndc5
jarid2,tmem165
jarid2,2200002d01rik
jarid2,myo6
jarid2,qdpr
jarid2,cr1l
jarid2,soat1
jarid2,ldlrap1
jarid2,oat
jarid2,prkab1
jarid2,marc2
jarid2,gnptab
jarid2,cdh1
jarid2,p4ha1
jarid2,gaa
jarid2,snurf
jarid2,nup210
jarid2,hyou1
jarid2,fam234a
jarid2,mt2
jarid2,hip1
jarid2,rrbp1
jarid2,tle1
jarid2,fn1
jarid2,loxl2
jarid2,pmm1
jarid2,fxyd6
jarid2,glipr2
jarid2,bcat1
jarid2,efemp2
jarid2,creb3l2
jarid2,tubb6
jarid2,klf2
jarid2,tcf15
jarid2,nid1
jarid2,nfxl1
jarid2,mdm2
jarid2,bnip3
jarid2,snx2
jarid2,hsph1
jarid2,prps2
jarid2,carmil1
jarid2,tmem214
jarid2,cdipt
jarid2,vangl1
jarid2,msl3
jarid2,appbp2
jarid2,wdfy1
jarid2,crip2
jarid2,msmo1
jarid2,f2r
jarid2,gls
jarid2,calm1
jarid2,sat1
jarid2,amotl2
jarid2,d230025d16rik
jarid2,pttg1ip
jarid2,cbx7
jarid2,asah1
jarid2,hspg2
jarid2,arf4
jarid2,gfpt1
jarid2,stard8
jarid2,retreg1
jarid2,cdc42se2
jarid2,tcea3
jarid2,insig1
jarid2,ddx21
jarid2,srprb
jarid2,glul
jarid2,tubb4b
jarid2,rpn1
jarid2,oplah
jarid2,etl4
jarid2,cltc
jarid2,rasgrp2
jarid2,mymx
jarid2,calr
jarid2,tmem231
jarid2,psap
jarid2,ifrd1
jarid2,ssr3
jarid2,crtap
jarid2,ccnb2
jarid2,slc16a1
jarid2,mme
jarid2,ly75
jarid2,hist1h3h
jarid2,atp6v0b
jarid2,mpzl2
jarid2,eed
jarid2,asns
jarid2,p3h1
jarid2,fam83d
jarid2,pofut2
jarid2,gramd1a
jarid2,creb3
jarid2,anxa2
jarid2,shisa5
jarid2,mtf2
jarid2,mfge8
jarid2,fkbp11
jarid2,bsg
jarid2,uap1
jarid2,trh
jarid2,fabp3
jarid2,ehd1
jarid2,ctnnal1
jarid2,pdia6
jarid2,fahd2a
jarid2,tdh
jarid2,hsp90aa1
jarid2,stmn1
jarid2,rpp25
jarid2,gga2
jarid2,nagk
jarid2,hspa5
jarid2,akr1b3
jarid2,pcna
jarid2,resf1
jarid2,tmem150a
jarid2,rmc1
jarid2,eps8l2
jarid2,ung
jarid2,spc25
jarid2,mcfd2
jarid2,ly6e
jarid2,fbxo15
jarid2,ctsl
jarid2,plscr1
jarid2,tfrc
jarid2,slc7a5
jarid2,selenow
jarid2,idi1
jarid2,gabarapl2
jarid2,ctsa
jarid2,arfgap1
jarid2,cnn2
jarid2,cdc20
jarid2,adam23
jarid2,xbp1
jarid2,upp1
jarid2,sun1
jarid2,parp1
jarid2,lgals3
jarid2,itm2b
jarid2,ccn2
jarid2,dnajc3
jarid2,sdc4
jarid2,kdelr2
jarid2,pcolce2
jarid2,erp29
jarid2,ahcy
jarid2,tspan4
jarid2,ndrg4
jarid2,iqsec1
jarid2,bnc2
jarid2,pfkl
jarid2,marcks
jarid2,gnpda1
kdm5b,sfi1
klf4,ass1
klf4,klf3
klf4,hsp90aa1
klf4,fbxo15
klf4,psap
klf4,arpc1b
klf4,rbm38
klf4,lrrc1
klf4,ndrg1
klf4,stmn1
klf4,vkorc1
klf4,lgals3
klf4,cltc
klf4,cdc42se2
klf4,vim
klf4,lamp1
klf4,setx
klf4,kdm3a
klf4,odc1
klf4,xaf1
klf4,rffl
klf4,nagk
klf4,tubb6
klf4,lamc1
klf4,sfi1
klf4,rif1
klf4,anxa5
klf4,ldlrap1
klf4,lamb2
klf4,rab11a
klf4,hdlbp
klf4,gsr
klf4,mtf2
klf4,slc16a1
klf4,spry4
klf4,slc1a5
klf4,sun1
klf4,anxa2
klf4,tex264
klf4,s100a6
klf4,ilk
klf4,ppib
klf4,rev1
klf4,sdc4
klf4,itm2b
klf4,bsg
klf4,ctnnal1
klf4,fam234a
klf4,frrs1
klf4,asns
klf4,mgst3
klf4,dap
klf4,pdk1
klf4,lmf2
klf4,mfsd1
klf4,tmem150a
klf4,pofut2
klf4,txnip
klf4,uap1
klf4,calr
klf4,chchd10
klf4,creb3
klf4,mapkapk2
klf4,zfp42
klf4,gabarap
klf4,tubb4b
klf4,zbtb10
klf4,pltp
klf4,4930402h24rik
klf4,tubb2b
klf4,abcc5
klf4,ptpn14
klf4,ifrd1
klf4,pik3r1
klf4,gls
klf4,cdkn1a
klf4,gclm
klf4,serping1
klf4,pcolce2
klf4,mrps5
klf4,gnpda1
klf4,mfge8
klf4,calm1
klf4,pgd
klf4,amotl2
klf4,tdgf1
klf4,nid1
klf4,rlim
klf4,fbxo5
klf4,msh6
klf4,sdcbp
klf4,mt2
klf4,cst3
klf4,plscr1
klf4,pipox
klf4,crip2
klf4,sec31a
klf4,galnt2
klf4,myh9
klf4,hspa8
klf4,spc25
klf4,tinagl1
klf4,prdx1
klf4,enah
klf4,resf1
klf4,gsn
klf4,mymx
klf4,krt8
klf4,wdr1
klf4,nedd4
klf4,usp3
klf4,ampd2
klf4,colgalt1
klf4,carhsp1
klf4,ckap4
klf4,csrp2
klf4,apaf1
klf4,cd63
klf4,arhgap29
klf4,sec23a
klf4,2200002d01rik
klf4,dnajc10
klf4,fam129b
klf4,lamp2
klf4,rab3il1
klf4,phlda3
klf4,glipr2
klf4,tagln2
klf4,tpm1
klf4,oplah
klf4,appbp2
klf4,hmces
klf4,dennd2c
klf4,bnip3
klf4,galk1
klf4,calu
klf4,podxl
klf4,ier2
klf4,shisa5
klf4,retreg1
klf4,cpm
klf4,nktr
klf4,rmc1
klf4,asah1
klf4,socs2
klf4,gabbr1
klf4,ccne1
klf4,impdh1
klf4,erp29
klf4,phc1
klf4,edem1
klf4,stxbp2
klf4,arf4
klf4,slc20a1
klf4,nfya
klf4,tax1bp3
klf4,cers4
klf4,rdm1
klf4,pdia6
klf4,myo6
klf4,mdn1
klf4,prdx4
klf4,patj
klf4,tcf7l2
klf4,cstb
klf4,l1td1
klf4,trim28
klf4,ets1
klf4,ranbp17
klf4,fdps
klf4,herpud1
klf4,cndp2
klf4,aqp3
klf4,sec61a1
klf4,rbpms2
klf4,parp1
klf4,calm2
klf4,trim2
klf4,frmd4a
klf4,surf4
klf4,cited2
klf4,ctdspl
klf4,me1
klf4,hspb1
klf4,mylpf
klf4,mybl2
klf4,lrpap1
klf4,cr1l
klf4,tfcp2l1
klf4,nrg1
klf4,cul7
klf4,tpm4
klf4,itga6
klf4,slc7a5
klf4,tns1
klf4,bcam
klf4,rbms1
klf4,itga9
klf4,rnpep
klf4,gramd1a
klf4,nfxl1
klf4,uchl1
klf4,snx1
klf4,idi1
klf4,rbpj
klf4,au018091
klf4,ctsd
klf4,selenok
klf4,qdpr
klf4,dnajc3
klf4,rbbp7
klf4,agpat4
klf4,eif4a2
klf4,p3h1
klf4,stag3
klf4,acadm
klf4,spry2
klf4,morf4l2
klf4,glul
klf4,cdipt
klf4,tfrc
klf4,pros1
klf4,pfkp
klf4,creb3l2
klf4,cachd1
klf4,grb10
klf4,pcna
klf4,ttc7
klf4,sh3pxd2b
klf4,nasp
klf4,lasp1
klf4,sri
klf4,rrbp1
klf4,hist1h4k
klf4,uhrf1
klf4,tspan9
klf4,upp1
klf4,kpna2
klf4,hmga1
klf4,dusp3
klf4,prss35
klf4,amfr
klf4,mme
klf4,zfpm1
klf4,pttg1ip
klf4,slc25a4
klf4,arhgef5
klf4,prkab1
klf4,tle1
klf4,kdm5b
klf4,sgk1
klf4,abhd5
klf4,tdh
klf4,cyba
klf4,txndc5
klf4,hk2
klf4,tspan4
klf4,iqsec1
klf4,selenos
klf4,ddah2
klf4,fzr1
klf4,plod2
klf4,klf4
klf4,gcnt1
klf4,xbp1
klf4,fam83d
klf4,pdia4
klf4,lpcat1
klf4,ppp2r5a
klf4,pfas
klf4,tmem165
klf4,crtap
klf4,serpinh1
klf4,cobll1
klf4,mcfd2
klf4,etl4
klf4,tfeb
klf4,pdia3
klf4,st3gal6
klf4,sinhcaf
klf4,gnptab
klf4,pmm1
klf4,hmga1b
klf4,plxnb2
klf4,p4ha2
klf4,bend5
klf4,srm
klf4,zfp710
klf4,gfpt1
klf4,slc38a2
klf4,marc2
klf4,p4ha1
klf4,pafah1b3
klf4,hells
klf4,carmil1
klf4,msmo1
klf4,psme2
klf4,lad1
klf4,zfyve21
klf4,jarid2
klf4,5031439g07rik
klf4,hist1h2ac
klf4,rtn1
klf4,itpk1
klf4,pcolce
klf4,ccng1
klf4,man1a
klf4,mcm6
klf4,kat6b
klf4,nup210
klf4,hist1h1d
klf4,plk2
klf4,ube2c
klf4,p4hb
klf4,cdc20
klf4,vangl1
klf4,tcea3
klf4,sema4c
klf4,myo1c
klf4,msc
klf4,nanog
klf4,cobl
klf4,ccn2
klf4,loxl2
klf4,tmem59
klf4,shroom3
klf4,lrrc8d
klf4,pnp
klf4,etv5
klf4,atg16l2
klf4,serpine2
klf4,tpd52
klf4,retreg2
klf4,krt18
klf4,fgfr4
klf4,hspg2
klf4,ggta1
klf4,tnk2
klf4,cdca7
klf4,pdia5
klf4,msi2
klf4,ly6g6e
klf4,nrg2
klf4,runx1
klf4,ccnb2
klf4,man1a2
klf4,fabp3
klf4,ctsz
klf4,tbx3
klf4,krtcap2
klf4,b2m
klf4,pfkl
klf4,slc7a6
klf4,lama1
klf4,mcm10
klf4,hist1h2bk
klf4,plat
klf4,nusap1
klf4,rcc2
klf4,etv4
klf4,f3
klf4,fndc3a
klf4,plod1
klf4,bag2
klf4,itgav
klf4,soat1
klf4,suz12
klf4,tuba4a
klf4,gaa
klf4,fblim1
klf4,tmsb4x
klf4,spp1
klf4,hist1h2bn
klf4,hist1h2ak
klf4,foxq1
klf4,selenow
klf4,gdpd5
klf4,senp3
klf4,mras
klf4,zscan10
klf4,rbm47
klf4,plod3
klf4,fgfr3
klf4,lefty1
klf4,hsp90b1
klf4,slco3a1
klf4,adgre5
klf4,ifi30
klf4,hist1h2bl
klf4,hist1h2ai
klf4,rpn1
klf4,adam23
klf4,tcl1
klf4,pou5f1
klf4,btg2
klf4,arhgap21
klf4,lifr
klf4,npl
klf4,mkrn1
klf4,isyna1
klf4,mcam
klf4,tcn2
klf4,hook1
klf4,nrf1
klf4,spns2
klf4,ildr1
klf4,rpp25
klf4,actg1
klf4,mdk
klf4,vegfa
klf4,lrp2
klf4,camsap3
klf4,gfpt2
klf4,krt19
klf4,f2r
klf4,car2
klf4,lamb1
klf4,dnmt3a
klf4,foxh1
klf4,stard10
klf4,ddah1
klf4,fkbp11
klf4,ifitm1
klf4,cenpv
klf4,pth1r
klf4,epha4
klf4,tyro3
klf4,mpp1
klf4,basp1
klf4,myo18a
klf4,gas6
klf4,timp3
klf4,calcoco2
klf4,dppa2
klf4,parvb
klf4,atp1b1
klf4,gsta4
klf4,pga5
klf4,hist1h2af
klf4,bex3
klf4,rasgrp2
klf4,slc25a5
klf4,egr1
klf4,ehd1
klf4,tet2
klf4,pcbd1
klf4,slc5a11
klf4,apoe
klf4,hsd17b14
klf4,mpzl2
klf4,rnf157
klf4,sept1
klf4,jam2
klf4,laptm5
mtf2,sfi1
mtf2,trim2
mtf2,fgfr3
mtf2,htra1
mtf2,lrrk1
mtf2,esrrb
mtf2,slco3a1
mtf2,grb10
mtf2,cyp26a1
mtf2,pth1r
mtf2,tpm1
mtf2,cachd1
mtf2,tgfbr3
mtf2,p3h2
mtf2,col27a1
mtf2,bmper
mtf2,serpine2
mtf2,gnas
mtf2,fst
mtf2,frmd4a
mtf2,sox7
mtf2,fgf3
mtf2,foxq1
mtf2,spock1
mtf2,nrg2
mtf2,zfpm1
mtf2,cited1
mtf2,nsmaf
mtf2,man1a
mtf2,pdgfra
mtf2,igf2
mtf2,cobll1
mtf2,myo5b
mtf2,p4ha2
mtf2,cdh6
mtf2,retreg2
mtf2,app
mtf2,parva
mtf2,ank
mtf2,dkk1
mtf2,st3gal6
mtf2,cpm
mtf2,zbtb10
mtf2,rtn1
mtf2,col4a2
mtf2,col4a1
mtf2,spns2
mtf2,ddah1
mtf2,ppp2r5a
mtf2,gas6
mtf2,lad1
mtf2,khdc3
mtf2,chst15
mtf2,dpp4
mtf2,plk2
mtf2,id3
mtf2,podxl
mtf2,msc
mtf2,tns1
mtf2,lamb1
mtf2,dtx1
mtf2,abhd5
mtf2,amfr
mtf2,hs3st1
mtf2,ctdspl
mtf2,arhgap29
mtf2,timp2
mtf2,hnf1b
mtf2,pde4dip
mtf2,me1
mtf2,chn2
mtf2,gsn
mtf2,pxdn
mtf2,car4
mtf2,ptpn14
mtf2,gdpd5
mtf2,hspb1
mtf2,sh3pxd2b
mtf2,mapkapk2
mtf2,stard10
mtf2,ets1
mtf2,nrg1
mtf2,morc4
mtf2,timp3
mtf2,lrp2
mtf2,thbd
mtf2,gata4
mtf2,gldc
mtf2,smarca2
mtf2,rbms1
mtf2,zyx
mtf2,phldb2
mtf2,gng10
mtf2,dab2
mtf2,sox17
mtf2,fgfr4
mtf2,ghr
mtf2,tenm4
mtf2,itga9
mtf2,epha4
mtf2,ccnd2
mtf2,eps8
mtf2,gprc5c
mtf2,arhgef5
mtf2,sgk1
mtf2,rnf157
mtf2,fgf10
mtf2,mfsd1
mtf2,cemip
mtf2,bag2
mtf2,impdh1
mtf2,egr1
mtf2,notum
mtf2,man1a2
mtf2,atg16l2
mtf2,mras
mtf2,apobec3
mtf2,sri
mtf2,car2
mtf2,usp3
mtf2,dap
mtf2,clcn5
mtf2,adam15
mtf2,arhgef40
mtf2,commd3
mtf2,vim
mtf2,epas1
mtf2,tbx3
mtf2,mt2
mtf2,pcsk6
mtf2,b2m
mtf2,ndrg1
mtf2,echdc2
mtf2,sfmbt2
mtf2,obsl1
myc,asns
myc,sfi1
myc,rif1
myc,pou5f1
nanog,upp1
nanog,spp1
nanog,rif1
nanog,mtf2
nanog,pou5f1
nanog,fbxo15
nanog,rbpj
nanog,itga9
nanog,il33
nanog,cst3
nanog,slc7a3
nanog,2410141k09rik
nanog,msh6
nanog,mme
nanog,phc1
nanog,patj
nanog,tmem150a
nanog,sms
nanog,cenpv
nanog,asns
nanog,kdm3a
nanog,adam19
nanog,bcat1
nanog,dennd2c
nanog,tex264
nanog,bmp4
nanog,tspan9
nanog,mymx
nanog,zscan10
nanog,zfp42
nanog,mkrn1
nanog,dppa2
nanog,sfi1
nanog,gsta4
nanog,ccnd3
nanog,plaur
nanog,selenos
nanog,txndc5
nanog,gjb3
nanog,lrpap1
nanog,sinhcaf
nanog,cltc
nanog,shroom3
nanog,acp6
nanog,tcea3
nanog,eif2s2
nanog,gja1
nanog,hook1
nanog,lamc1
nanog,tubb4b
nanog,pdk1
nanog,ifitm1
nanog,sox2
nanog,pipox
nanog,tmsb4x
nanog,4930402h24rik
nanog,icam1
nanog,alg13
nanog,hmces
nanog,actl6a
nanog,sun1
nanog,msantd3
nanog,rbm47
nanog,tfrc
nanog,lamb2
nanog,zfp532
nanog,plscr1
nanog,stmn1
nanog,hist1h4k
nanog,kat2b
nanog,cdkn1a
nanog,ddit3
nanog,pltp
nanog,lamb1
nanog,msmo1
nanog,nanog
nanog,mt1
nanog,elovl6
nanog,tcf7l2
nanog,txnip
nanog,tpd52
nanog,tbx3
nanog,kdm5b
nanog,st5
nanog,nfxl1
nanog,tubb2b
nanog,mylpf
nanog,socs2
nanog,wdr45
nanog,rlim
nanog,nsmaf
nanog,snx1
nanog,fbp2
nanog,cdca7
nanog,manf
nanog,calu
nanog,cald1
nanog,apoe
nanog,tax1bp3
nanog,snurf
nanog,nfatc2ip
nanog,nasp
nanog,morf4l2
nanog,ccn2
nanog,slc6a8
nanog,spry4
nanog,got1
nanog,sdcbp
nanog,hspb1
nanog,pdia6
nanog,serping1
nanog,sgk1
nanog,serpine2
nanog,etv5
nanog,uhrf1
nanog,sdc4
nanog,hist1h2ac
nanog,me1
nanog,hyou1
nanog,plod1
nanog,dpp4
nanog,amotl2
nanog,dusp6
nanog,id2
nanog,hip1
nanog,glul
nanog,smad7
nanog,rpn1
nanog,ulk1
nanog,gls
nanog,fdps
nanog,nedd4
nanog,lmf2
nanog,mdk
nanog,tgfbr3
nanog,ctnnal1
nanog,rev1
nanog,frmd4a
nanog,atp6v0a1
nanog,zfp710
nanog,slc25a36
nanog,tgif1
nanog,top2a
nanog,ptpn14
nanog,hspa8
nanog,hist1h2bn
nanog,hist1h2ak
nanog,gsr
nanog,hist1h3h
nanog,idi1
nanog,asah1
nanog,spry2
nanog,bcam
nanog,jarid2
nanog,trim2
nanog,plekha7
nanog,pcna
nanog,kpna2
nanog,slc6a6
nanog,rhpn1
nanog,psap
nanog,bnip3
nanog,tmed9
nanog,pfas
nanog,slc25a5
nanog,flrt3
nanog,mfsd1
nanog,lgmn
nanog,tdh
nanog,spc25
nanog,ubald2
nanog,klf6
nanog,insig1
nanog,tpx2
nanog,cth
nanog,tdgf1
nanog,clcn5
nanog,oplah
nanog,hdlbp
nanog,kat6b
nanog,csrp2
nanog,marc2
nanog,stag3
nanog,mdn1
nanog,gramd1a
nanog,foxh1
nanog,chst15
nanog,ccng1
nanog,abcc5
nanog,p4ha1
nanog,marcks
nanog,rtn1
nanog,plk2
nanog,lrrc1
nanog,ect2
nanog,hist1h2bk
nanog,sec31a
nanog,lamp1
nanog,ifitm3
nanog,ppp2r5a
nanog,rmc1
nanog,mcm10
nanog,fabp3
nanog,etv4
nanog,pcolce2
nanog,b2m
nanog,gorasp2
nanog,myc
nanog,ly6e
nanog,hsp90aa1
nanog,slc25a4
nanog,bex3
nanog,ifrd1
nanog,cdipt
nanog,anp32a
nanog,calr
nanog,hsp90b1
nanog,herpud1
nanog,dap
nanog,cdc20
nanog,gnpda1
nanog,ldhb
nanog,dnajc10
nanog,erp29
nanog,trim28
nanog,fbxo5
nanog,galk1
nanog,soat1
nanog,morc4
nanog,hist1h2bl
nanog,hist1h2ai
nanog,tle1
nanog,cr1l
nanog,eva1a
nanog,txndc12
nanog,frrs1
nanog,gfpt1
nanog,enah
nanog,anxa5
nanog,nr0b1
nanog,tet2
nanog,resf1
nanog,msi2
nanog,lrrc8d
nanog,sh3pxd2b
nanog,oat
nanog,tet1
nanog,mcm6
nanog,rdm1
nanog,chn2
nanog,rbbp7
nanog,hells
nanog,odc1
nanog,p4hb
nanog,tcl1
nanog,vkorc1
nanog,p3h1
nanog,zfp57
nanog,calm2
nanog,pdcd6ip
nanog,edem1
nanog,creb3
nanog,rasgrp2
nanog,fn1
nanog,nagk
nanog,prdx1
nanog,retreg2
nanog,fahd2a
nanog,suz12
nanog,klf3
nanog,srprb
nanog,hist1h2bf
nanog,arhgap29
nanog,senp3
nanog,arf4
nanog,slc7a5
nanog,ranbp17
nanog,pml
nanog,wdfy1
nanog,ube2s
nanog,gabarap
nanog,akap12
nanog,tmem9
nanog,ndrg1
nanog,pofut2
nanog,fat1
nanog,pga5
nanog,pdia5
nanog,slc7a6
nanog,rbpms2
nanog,utf1
nanog,calm1
nanog,fblim1
nanog,nrg1
nanog,prkab1
nanog,msh2
nanog,tmed2
nanog,copa
nanog,nktr
nanog,hspa5
nanog,hmga1
nanog,msl3
nanog,gsn
nanog,pcolce
nanog,sec61a1
nanog,nfya
nanog,d230025d16rik
nanog,rbms1
nanog,ppib
nanog,apaf1
nanog,abhd5
nanog,rab11a
nanog,rrbp1
nanog,qdpr
nanog,fndc3b
nanog,retreg1
nanog,slc1a5
nanog,gga2
nanog,tmem144
nanog,appbp2
nanog,hk2
nanog,pros1
nanog,bcl3
nanog,acadm
nanog,ctbp2
nanog,pdia3
nanog,mfge8
nanog,hist1h2af
nanog,ctsl
nanog,basp1
nanog,myh9
nanog,sat1
nanog,rpp25
nanog,lad1
nanog,pnp
nanog,fndc3a
nanog,atp13a3
nanog,tmem231
nanog,pxdn
nanog,ssr3
nanog,tpm1
nanog,sdf2l1
nanog,usp3
nanog,sfmbt2
nanog,hist1h1d
nanog,slc20a1
nanog,klf4
nanog,eif4a2
nanog,pdia4
nanog,pafah1b3
nanog,etl4
nanog,parp1
nanog,trp53
nanog,stxbp2
nanog,nrf1
nanog,gpx3
nanog,slc16a1
nanog,ctsd
nanog,tcn2
nanog,selenow
nanog,jpt1
nanog,itga6
nanog,ddah1
nanog,bsg
nanog,esrrb
nanog,smarca2
nanog,slc35f5
nanog,eed
nanog,ddx21
nanog,akr1b3
nanog,hmga1b
nanog,ube2c
nanog,pttg1ip
nanog,selenok
nanog,cdc42se2
nanog,aqp3
nanog,cd63
nanog,hsph1
nanog,zfp600
nanog,atp6v0b
nanog,uchl1
nanog,ggta1
nanog,dusp3
nanog,parvb
nanog,lrp2
nanog,mcfd2
nanog,spns2
nanog,nup210
nanog,gaa
nanog,gabarapl1
nanog,nrg2
nanog,mapkapk2
nanog,pik3r1
nanog,npl
nanog,au018091
nanog,mcm2
nanog,eda2r
nanog,dppa4
nanog,stard10
nanog,mpp1
nanog,ccnb2
nanog,cstb
nanog,fgfr4
nanog,cobl
nanog,zic3
nanog,sec23a
nanog,fam234a
nanog,susd2
nanog,arpc1b
nanog,itgav
nanog,ubqln2
nanog,nid1
nanog,cbx7
nanog,lifr
nanog,phlda3
nanog,vim
nanog,calcoco2
nanog,manba
nanog,khdc3
nanog,mt2
nanog,aqp8
nanog,tagln2
nanog,hsf2bp
nanog,ampd2
nanog,bub1b
nanog,cited2
nanog,galnt2
nanog,fzr1
nanog,itm2b
nanog,car2
nanog,wdr1
nanog,lrrc2
nanog,cdh1
nanog,apobec3
nanog,ass1
nanog,uap1
nanog,dab2
nanog,rrm2
nanog,myo1c
nanog,hirip3
nanog,myo6
nanog,ly6g6e
nanog,neu1
nanog,man1a2
nanog,tns4
nanog,cers4
nanog,shisa5
nanog,klf2
nanog,pdgfra
nanog,cdh6
nanog,phldb2
nanog,rffl
nanog,plod3
nanog,nusap1
nanog,lama1
nanog,gprc5c
nanog,fxyd6
nanog,ddah2
nanog,colgalt1
nanog,zfp990
nanog,tcf15
nanog,pfkl
nanog,loxl2
nanog,hist1h1b
nanog,gnas
nanog,htra1
nanog,s100a6
nanog,adam15
nanog,cpm
nanog,setx
nanog,ccnb1
nanog,tmem214
nanog,rnpep
nanog,fst
nanog,cobll1
nanog,man1a
nanog,aars
nanog,creb3l2
nanog,msc
nanog,lama5
nanog,isyna1
nanog,ets1
nanog,gfpt2
nanog,fam83d
nanog,cyba
nanog,bnc2
nanog,tspan4
nanog,rras2
nanog,zfp979
nanog,mov10
nanog,pitpnc1
nanog,gabbr1
nanog,ctsa
nanog,fam129b
nanog,bex1
nanog,bex4
nanog,prss35
nanog,rnf157
nanog,gdpd5
nanog,zbtb10
nanog,bend5
nanog,carhsp1
nanog,podxl
nanog,igfbp2
nanog,gldc
nanog,cotl1
nanog,cndp2
nanog,cul7
nanog,zfyve21
nanog,lgals3
nanog,rab3il1
nanog,f2r
nanog,atg16l2
nanog,bag2
nanog,mgst3
nanog,tmem165
nanog,krt18
nanog,cyp26a1
nanog,fgf3
nanog,zfpm1
nanog,srgn
nanog,lpcat1
nanog,fgf4
nanog,p4ha2
nanog,mdm2
nanog,glipr2
nanog,tceal9
nanog,ahcy
nanog,gata4
nanog,efemp2
nanog,pfkp
nanog,l1td1
nanog,gcnt1
nanog,5031439g07rik
nanog,srm
nanog,bmper
nanog,camsap3
nanog,impdh1
nanog,st3gal6
nanog,myl6
nanog,ehd1
nanog,mrps5
nanog,krt42
nanog,mpzl2
nanog,f3
nanog,chchd10
nanog,tmem59
nanog,sri
nanog,sord
nanog,zyx
nanog,gclm
nanog,psme2
nanog,aplp1
nanog,elf3
nanog,gnptab
nanog,xaf1
nanog,plod2
nanog,serpinh1
nanog,surf4
nanog,plat
nanog,alpl
nanog,pmm1
nanog,car4
nanog,crip2
nanog,tfcp2l1
nanog,tinagl1
nanog,slc38a2
nanog,rbm38
nanog,timp2
nanog,iqsec1
nanog,gabarapl2
nanog,sec24d
nanog,prdx4
nanog,lefty1
nanog,ttc7
nanog,runx1
nanog,ghr
nanog,pgd
nanog,rcn3
nanog,ctdspl
nanog,ly75
nanog,epha2
nanog,kcng1
nanog,ckap4
nanog,eps8
nanog,pde4dip
nanog,plxna1
nanog,col27a1
nanog,dnajc3
nanog,slco3a1
nanog,app
nanog,kdelr3
nanog,grb10
nanog,crtap
nanog,gas6
nanog,tubb6
nanog,cachd1
nanog,tns1
nanog,cd9
nanog,sema4c
nanog,amfr
nanog,tpm4
nanog,ildr1
nanog,tfeb
nanog,kit
nanog,hnf1b
nanog,arfgap1
nanog,epas1
nanog,kdelr2
nanog,ckb
nanog,commd3
nanog,igf2
nanog,fgfr3
nanog,cited1
nanog,parva
nanog,ilk
nanog,p3h2
nanog,mtcl1
nanog,nipsnap1
nanog,dkc1
nanog,mybl2
nanog,anxa2
nanog,xbp1
nanog,ank
nanog,dkk1
nanog,sun2
nanog,ccne1
nanog,carmil1
nanog,myo5b
nanog,btg2
nanog,tuba4a
nanog,tyro3
nanog,plxnb2
nanog,fgf10
nanog,pdcd4
nanog,vangl1
nanog,lasp1
nanog,vsir
nanog,hspg2
nanog,tnk2
nanog,2200002d01rik
nanog,cox7a1
nanog,timp3
nanog,jam2
nanog,fam102a
nanog,arhgef5
nanog,sox7
nanog,emp2
nanog,adam23
nanog,id3
nanog,mcam
nanog,ldlrap1
nanog,pcbd1
nanog,egr1
nanog,vamp8
nanog,trh
nanog,krt8
nanog,dnmt3a
nanog,lrrk1
nanog,rpl39l
nanog,echdc2
nanog,krt19
nanog,col4a2
nanog,col4a1
nanog,adgre5
nanog,ltbp4
nanog,gng10
nanog,cemip
nanog,foxq1
nanog,p3h4
nanog,rcc2
nanog,pcsk6
nanog,hs3st1
nanog,krt17
nanog,atp1b1
nanog,itpk1
nanog,fkbp11
nanog,epha4
nanog,fam25c
nanog,hist1h1a
nanog,glmp
nanog,ctsz
nanog,agpat4
nanog,mras
nanog,sparc
nanog,snx2
nanog,cryab
nanog,shkbp1
nanog,slc17a9
nanog,eps8l2
nanog,pth1r
nanog,notum
nanog,ehmt2
nanog,thbd
nanog,pdpn
nanog,kank3
nanog,cldn6
nanog,ccnd2
nanog,lamp2
nanog,krtcap2
nanog,mycn
nanog,arhgap21
nfya,nfatc2ip
nfya,ube2c
nfya,aars
nfya,hspa5
nfya,jpt1
nfya,got1
nfya,calr
nfya,zfyve21
nfya,hsp90b1
nfya,anp32a
nfya,tubb4b
nfya,pgd
nfya,manf
nfya,top2a
nfya,kat6b
nfya,rrbp1
nfya,myh9
nfya,ung
nfya,nusap1
nfya,fam83d
nfya,p4hb
nfya,hist1h2bf
nfya,txnip
nfya,tmem9
nfya,ubald2
nfya,sdf2l1
nfya,hook1
nfya,actl6a
nfya,srm
nfya,msmo1
nfya,herpud1
nfya,gls
nfya,rhpn1
nfya,trp53
nfya,hip1
nfya,hist1h2bk
nfya,lgmn
nfya,kank3
nfya,hist1h2ac
nfya,ube2s
nfya,msh2
nfya,glul
nfya,ssr3
nfya,cotl1
nfya,mcm10
nfya,spc25
nfya,hist1h2bn
nfya,hist1h2ak
nfya,klf6
nfya,etv5
nfya,id2
nfya,morf4l2
nfya,ect2
nfya,ndrg4
nfya,selenos
nfya,creb3l2
nfya,2410141k09rik
nfya,tpx2
nfya,kdm3a
nfya,cdc20
nfya,pdia6
nfya,hspa8
nfya,pcna
nfya,stmn1
nfya,fdps
nfya,mylpf
nfya,nfya
nfya,ppp2r5a
nfya,uhrf1
nfya,insig1
nfya,akr1b3
nfya,hk2
nfya,ccnb2
nfya,tle1
nfya,hist1h2bl
nfya,hist1h2ai
nfya,ifrd1
nfya,ccng1
nfya,hyou1
nfya,fbxo5
nfya,calu
nfya,idi1
nfya,oat
nfya,tax1bp3
nfya,stag3
nfya,ddit3
nfya,cth
nfya,qdpr
nfya,neu1
nfya,vkorc1
nfya,pdia4
nfya,dusp6
nfya,hist1h1a
nfya,slc1a5
nfya,shkbp1
nfya,nasp
nfya,ccnb1
nfya,hist1h3h
nfya,rnf157
nfya,p3h1
nfya,b2m
nfya,tbx3
nfya,etv4
nfya,tmem165
nfya,shroom3
nfya,ctsl
nfya,cltc
nfya,cmklr1
nfya,mcm6
nfya,ckb
nfya,zic3
nfya,dcxr
nfya,shisa5
nfya,uap1
nfya,pla2g1b
nfya,cox7a1
nfya,zfp710
nfya,tubb2b
nfya,mtf2
nfya,hsph1
nfya,edem1
nfya,hdlbp
nfya,cers4
nfya,gfpt2
nfya,xbp1
nfya,slc25a4
nfya,sfi1
nfya,slc25a36
nfya,myl6
nfya,cndp2
nfya,sec23a
nfya,ulk1
nfya,gramd1a
nfya,ltbp4
nfya,ctsd
nfya,ctdspl
nfya,fzr1
nfya,tmed9
nfya,gpx3
nfya,kpna2
nfya,tfrc
nfya,parp1
nfya,selenok
nfya,mt1
nr0b1,rif1
nr0b1,icam1
nr0b1,spp1
nr0b1,mtf2
nr0b1,mkrn1
nr0b1,tdgf1
nr0b1,dppa2
nr0b1,sgk1
nr0b1,acp6
nr0b1,fbxo15
nr0b1,etv4
nr0b1,phc1
nr0b1,tfrc
nr0b1,enah
nr0b1,upp1
nr0b1,rbm47
nr0b1,fabp3
nr0b1,zfp42
nr0b1,mymx
nr0b1,calu
nr0b1,igfbp2
nr0b1,ldhb
nr0b1,cst3
nr0b1,pcolce
nr0b1,sfi1
nr0b1,elovl6
nr0b1,nanog
nr0b1,ly6g6e
nr0b1,slc5a11
nr0b1,gnpda1
nr0b1,oat
nr0b1,ifitm1
nr0b1,rbpj
nr0b1,slc7a3
nr0b1,4930402h24rik
nr0b1,stmn1
nr0b1,rev1
nr0b1,tdh
nr0b1,bcl3
nr0b1,st5
nr0b1,sept1
nr0b1,zfp532
nr0b1,tax1bp3
nr0b1,fblim1
nr0b1,zscan10
nr0b1,gsta4
nr0b1,lifr
nr0b1,hmces
nr0b1,id2
nr0b1,slc25a5
nr0b1,mylpf
nr0b1,crybg2
nr0b1,arhgap21
nr0b1,sun1
nr0b1,oplah
nrf1,kdm3a
nrf1,rhpn1
nrf1,pdia5
nrf1,anxa5
nrf1,eed
nrf1,eif2s2
nrf1,sinhcaf
nrf1,spry4
nrf1,plod3
nrf1,tgif1
nrf1,snurf
nrf1,stag3
nrf1,nfya
nrf1,fbxo5
nrf1,pofut2
nrf1,mgst3
nrf1,odc1
nrf1,abcc5
nrf1,hsp90aa1
nrf1,acadm
nrf1,fzr1
nrf1,msh2
nrf1,nedd4
nrf1,sfmbt2
nrf1,isyna1
nrf1,hook1
nrf1,hist1h2ac
nrf1,d230025d16rik
nrf1,krtcap2
nrf1,lgmn
nrf1,sec61a1
nrf1,hirip3
nrf1,nagk
nrf1,dap
nrf1,hdlbp
nrf1,flrt3
nrf1,ube2c
nrf1,nfxl1
nrf1,cr1l
nrf1,hist1h2bk
nrf1,hsf2bp
nrf1,tpm1
nrf1,rbpj
nrf1,dkc1
nrf1,p4ha1
nrf1,lpcat1
nrf1,ddit3
nrf1,retreg2
nrf1,hist1h2bl
nrf1,hist1h2ai
nrf1,hist1h2bn
nrf1,hist1h2ak
nrf1,uhrf1
nrf1,gfpt1
nrf1,adam23
nrf1,cd9
nrf1,sun1
nrf1,ndrg4
nrf1,hist1h2bf
nrf1,clcn5
nrf1,slc16a1
nrf1,rbbp7
nrf1,p4hb
nrf1,mylpf
nrf1,pttg1ip
nrf1,p3h1
nrf1,parp1
nrf1,hyou1
nrf1,psap
nrf1,amotl2
nrf1,mt2
nrf1,mdm2
nrf1,mcm6
nrf1,lamb1
nrf1,tubb4b
nrf1,tax1bp3
nrf1,cbx7
nrf1,tmed9
nrf1,tfrc
nrf1,abhd5
nrf1,pdcd6ip
nrf1,peg3
nrf1,jpt1
nrf1,marc2
nrf1,st5
nrf1,nrf1
nrf1,rdm1
nrf1,trim28
nrf1,ung
nrf1,fn1
nrf1,fbp2
nrf1,erp29
nrf1,cdc42se2
nrf1,ccnb1
nrf1,pfkl
nrf1,sfi1
nrf1,ube2s
nrf1,ppp2r5a
nrf1,plxna1
nrf1,senp3
nrf1,neu1
nrf1,qdpr
nrf1,2200002d01rik
nrf1,pdk1
nrf1,calu
nrf1,ppib
nrf1,nr0b1
nrf1,tmem231
nrf1,sdf2l1
nrf1,nktr
nrf1,glipr2
nrf1,rrbp1
nrf1,bcam
nrf1,slc25a36
nrf1,rrm2
nrf1,rcn3
nrf1,sdcbp
nrf1,txndc12
nrf1,ulk1
nrf1,snx1
nrf1,camsap3
nrf1,gnptab
nrf1,srm
nrf1,bnip3
nrf1,gdpd5
nrf1,tspan9
nrf1,acp6
nrf1,vegfa
nrf1,pdia4
nrf1,selenow
nrf1,hspg2
nrf1,npl
nrf1,nid1
nrf1,ctsd
nrf1,pxdn
nrf1,asns
nrf1,pcna
nrf1,myo6
nrf1,gnas
nrf1,slc6a6
nrf1,ccne1
nrf1,herpud1
nrf1,ifitm2
nrf1,socs2
nrf1,tspan4
nrf1,ccn2
nrf1,msc
nrf1,kpna2
nrf1,cald1
nrf1,rab11a
nrf1,hsp90b1
nrf1,lgals3
nrf1,bub1b
nrf1,bex4
nrf1,hist1h1d
nrf1,bex1
nrf1,selenos
nrf1,adam15
nrf1,morf4l2
nrf1,ehd1
nrf1,lama1
nrf1,cdca7
nrf1,hspa8
nrf1,gjb3
nrf1,nusap1
nrf1,b2m
nrf1,mcfd2
nrf1,rpn1
nrf1,ccnb2
nrf1,pdia3
nrf1,tnk2
nrf1,smad7
nrf1,fndc3a
nrf1,selenok
nrf1,myc
nrf1,arf4
nrf1,ctbp2
nrf1,cltc
nrf1,stxbp2
nrf1,dpp4
nrf1,surf4
nrf1,zfp710
nrf1,tenm4
nrf1,cul7
nrf1,podxl
nrf1,aplp1
nrf1,hist1h4k
nrf1,retreg1
nrf1,bcat1
nrf1,cdipt
nrf1,bsg
nrf1,cpm
nrf1,enah
nrf1,etv4
nrf1,myl6
nrf1,aars
nrf1,pdia6
nrf1,pdcd4
nrf1,txnip
nrf1,myo18a
nrf1,lrrc1
nrf1,carmil1
nrf1,plscr1
nrf1,slc7a5
nrf1,apaf1
nrf1,sord
nrf1,oat
nrf1,msmo1
nrf1,klf4
nrf1,slc7a6
nrf1,tuba4a
nrf1,dnajc3
nrf1,galk1
nrf1,smarca2
nrf1,gls
nrf1,gprc5c
nrf1,mybl2
nrf1,vangl1
nrf1,tle1
nrf1,akr1b3
nrf1,hsph1
nrf1,eps8
nrf1,ccnd2
nrf1,spock1
nrf1,spc25
nrf1,mtf2
nrf1,ccng1
nrf1,akt1
nrf1,rpl39l
nrf1,wdr1
nrf1,mpp1
nrf1,cyba
nrf1,hk2
nrf1,shroom3
nrf1,rev1
nrf1,arhgap45
nrf1,pfas
nrf1,rpp25
nrf1,crip2
nrf1,eif4a2
nrf1,trim2
nrf1,id3
nrf1,cdh1
nrf1,arfgap1
nrf1,2410141k09rik
nrf1,nrg2
nrf1,tdgf1
nrf1,tbx3
nrf1,mpzl2
nrf1,atp6v0a1
nrf1,mcm2
nrf1,pgd
nrf1,slc35f5
nrf1,idi1
nrf1,ndrg1
nrf1,dusp3
nrf1,foxq1
nrf1,pmm1
nrf1,tcea3
nrf1,ltbp4
nrf1,zfp57
nrf1,laptm5
nrf1,prdx4
nrf1,lmf2
nrf1,rmc1
nrf1,gramd1a
nrf1,gabarapl1
nrf1,tcf15
nrf1,manba
nrf1,anp32a
nrf1,mt1
nrf1,pcsk6
nrf1,ifitm1
nrf1,ctsl
nrf1,lrp2
nrf1,rtn1
nrf1,mapkapk2
nrf1,icam1
nrf1,mdn1
nrf1,klf6
nrf1,glul
nrf1,cenpv
nrf1,notum
nrf1,tex264
nrf1,fndc3b
nrf1,col27a1
nrf1,runx1
nrf1,chn2
nrf1,plat
nrf1,gsr
nrf1,frrs1
nrf1,fabp3
nrf1,phlda3
nrf1,epas1
nrf1,calr
nrf1,slc25a4
nrf1,tmem9
nrf1,p3h2
nrf1,nup210
nrf1,appbp2
nrf1,msi2
nrf1,egr1
nrf1,rcc2
nrf1,rasgrp2
nrf1,uap1
nrf1,ldhb
nrf1,cd63
nrf1,psme2
nrf1,ddah1
nrf1,gaa
nrf1,ly6e
nrf1,pltp
nrf1,pdpn
nrf1,etv5
nrf1,ets1
nrf1,mkrn1
nrf1,lamc1
nrf1,stard8
nrf1,zfp42
nrf1,calcoco2
nrf1,pcolce2
nrf1,actg1
nrf1,commd3
nrf1,ahcy
nrf1,ehmt2
nrf1,calm2
nrf1,stmn1
nrf1,cotl1
nrf1,colgalt1
nrf1,gorasp2
nrf1,tpx2
nrf1,hspa5
nrf1,sec23a
nrf1,vkorc1
nrf1,prdx1
nrf1,oplah
nrf1,adgre5
nrf1,vim
nrf1,zfyve21
nrf1,atp6v0b
nrf1,tinagl1
nrf1,tmem59
nrf1,btg2
nrf1,fdps
nrf1,nsd2
nrf1,ier2
nrf1,pde4dip
nrf1,tmed2
nrf1,hip1
nrf1,frmd4a
nrf1,ifrd1
nrf1,creb3l2
nrf1,zyx
nrf1,tpm4
nrf1,timp3
nrf1,cth
nrf1,epha2
nrf1,apobec3
nrf1,kdelr3
nrf1,hist1h1a
nrf1,parvb
nrf1,zfpm1
nrf1,tcf7l2
nrf1,agpat4
nrf1,asah1
nrf1,nanog
nrf1,sec24d
nrf1,nfatc2ip
nrf1,prps2
nrf1,cited2
nrf1,tdh
nrf1,slc1a5
nrf1,srprb
nrf1,arhgef40
nrf1,prkab1
nrf1,vamp8
nrf1,lrrc8d
nrf1,f2r
nrf1,ptpn14
nrf1,hist1h3h
nrf1,gldc
nrf1,ctdspl
nrf1,insig1
nrf1,xaf1
nrf1,suz12
nrf1,igfbp2
nrf1,kit
nrf1,col4a2
nrf1,col4a1
nrf1,tmem144
nrf1,pnp
nrf1,gng10
nrf1,uchl1
nrf1,kat6b
nrf1,ctsa
nrf1,creb3
nrf1,dusp6
nrf1,carhsp1
nrf1,fam102a
nrf1,tfeb
nrf1,fam234a
nrf1,sox2
nrf1,sat1
nrf1,cndp2
nrf1,cers4
nrf1,dnmt3a
nrf1,ddx21
nrf1,tubb2b
nrf1,trp53
nrf1,l1td1
nrf1,calm1
nrf1,mcm10
nrf1,spns2
nrf1,soat1
nrf1,dppa2
nrf1,ttc7
nrf1,csrp2
nrf1,myh9
nrf1,ghr
nrf1,plod1
nrf1,upp1
nrf1,cdc20
nrf1,cdkn1a
nrf1,usp3
nrf1,man1a2
nrf1,f3
nrf1,pth1r
nrf1,kdm5b
nrf1,tgfbr3
nrf1,sdc4
nrf1,lrrc2
nrf1,mme
nrf1,ctnnal1
nrf1,gas6
nrf1,setx
nrf1,phc1
nrf1,gga2
nrf1,slc20a1
nrf1,mfge8
nrf1,sec31a
nrf1,nipsnap1
nrf1,5031439g07rik
nrf1,ldlrap1
nrf1,edem1
nrf1,p3h4
nrf1,galnt2
nrf1,tmem150a
nrf1,plk2
nrf1,nrg1
nrf1,ckb
nrf1,ranbp17
nrf1,adam19
nrf1,st3gal6
nrf1,tet2
nrf1,bnc2
nrf1,marcks
nrf1,cmklr1
nrf1,zfp532
nrf1,ssr3
nrf1,sgk1
nrf1,elovl6
nrf1,sun2
nrf1,ly6g6e
nrf1,tpd52
nrf1,srgn
nrf1,rbm47
nrf1,slc38a2
nrf1,clic1
nrf1,pou5f1
nrf1,ctsz
nrf1,elf3
nrf1,copa
nrf1,impdh1
nrf1,fgf4
nrf1,gnpda1
nrf1,fam83d
nrf1,etl4
nrf1,ilk
nrf1,gfpt2
nrf1,fgf3
nrf1,fahd2a
nrf1,hmces
nrf1,ifi30
nrf1,grb10
nrf1,xbp1
nrf1,cdh6
nrf1,ect2
nrf1,plod2
nrf1,nasp
nrf1,bmper
nrf1,pafah1b3
nrf1,hist1h1b
nrf1,thbd
nrf1,chst15
nrf1,mymx
nrf1,dkk1
nrf1,fst
nrf1,tmsb4x
nrf1,pfkp
nrf1,alpl
nrf1,arhgef5
nrf1,ass1
nrf1,cemip
nrf1,tubb6
nrf1,hells
nrf1,gata6
nrf1,cyp26a1
nrf1,tcl1
nrf1,eva1a
nrf1,tagln2
nrf1,crtap
nrf1,jam2
nrf1,snx2
nrf1,kank3
nrf1,rlim
nrf1,mfsd1
nrf1,gsn
nrf1,fxyd6
nrf1,plekha7
nrf1,kat2b
nrf1,vsir
nrf1,lamb2
nrf1,gabarapl2
nrf1,gsta4
nrf1,atg16l2
nrf1,sema4c
nrf1,shisa5
nrf1,car2
nrf1,dusp9
nrf1,ccnd3
nrf1,htra1
nrf1,id2
nrf1,fblim1
nrf1,mrps5
nrf1,gata4
nrf1,dtx1
nrf1,sox7
nrf1,p4ha2
nrf1,lrpap1
nrf1,atp1b1
nrf1,rffl
nrf1,jarid2
nrf1,ccnd1
nrf1,actl6a
nrf1,cst3
nrf1,itpk1
nrf1,gabarap
nrf1,lasp1
nrf1,tmem165
nrf1,plxnb2
nrf1,mdk
nrf1,tfcp2l1
nrf1,mycn
nrf1,ubald2
nrf1,chchd10
nrf1,tns1
nrf1,fgfr3
nrf1,manf
nrf1,resf1
nrf1,rbms1
nrf1,wdr45
nrf1,tcn2
nrf1,got1
nrf1,pipox
nrf1,hs3st1
nrf1,utf1
nrf1,serping1
nrf1,phldb2
nrf1,hspb1
nrf1,trh
nrf1,fkbp11
nrf1,timp2
nrf1,apoe
nrf1,lrrk1
nrf1,csrp1
nrf1,ly75
nrf1,eps8l2
nrf1,kdelr2
nrf1,aqp3
nrf1,loxl2
nrf1,arhgap21
nrf1,msantd3
nrf1,igf2
nrf1,fbxo15
nrf1,spp1
nrf1,slc5a11
nrf1,cited1
nrf1,slc7a3
nrf1,pitpnc1
nrf1,rras2
nrf1,iqsec1
nrf1,tet1
nrf1,krt19
nrf1,msh6
nrf1,wdfy1
nrf1,anxa2
nrf1,tceal9
nrf1,vill
nrf1,nsmaf
nrf1,sh3pxd2b
nrf1,rif1
nrf1,efemp2
nrf1,pros1
nrf1,cobl
nrf1,cobll1
nrf1,rbpms2
nrf1,app
nrf1,ubqln2
nrf1,echdc2
nrf1,cox7a1
nrf1,sox17
nrf1,arpc1b
nrf1,dab2
nrf1,lifr
nrf1,slc25a5
nrf1,kcng1
nrf1,eda2r
nrf1,ggta1
nrf1,alg13
nrf1,renbp
nrf1,dnajc10
nrf1,ddah2
nrf1,tmem214
nrf1,cachd1
nrf1,gclm
nrf1,spry2
nrf1,akap12
nrf1,susd2
nrf1,sms
nrf1,arhgap29
nrf1,plaur
nrf1,atp13a3
nrf1,pdgfra
nrf1,zic3
nrf1,slc6a8
nrf1,gcnt1
nrf1,zbtb10
nrf1,pik3r1
nrf1,parva
nrf1,hmga1b
nrf1,hmga1
nrf1,epha4
nrf1,itgav
nrf1,itga6
nrf1,hist1h2af
nrf1,serpine2
nrf1,bcl3
nrf1,msl3
nrf1,cryab
nrf1,mov10
nrf1,pml
nrf1,s100a6
nrf1,fam129b
nrf1,serpinh1
nrf1,lamp2
nrf1,krt8
nrf1,gpx3
nrf1,esrrb
nrf1,sparc
nrf1,hnf1b
parp1,ifrd1
parp1,nanog
parp1,tfeb
parp1,fdps
pou5f1,rif1
pou5f1,pipox
pou5f1,acp6
pou5f1,mtf2
pou5f1,upp1
pou5f1,fbxo15
pou5f1,lrpap1
pou5f1,lefty1
pou5f1,zscan10
pou5f1,foxh1
pou5f1,slc1a5
pou5f1,nanog
pou5f1,shroom3
pou5f1,slc7a3
pou5f1,sfi1
pou5f1,rbpj
pou5f1,kdm3a
pou5f1,dennd2c
pou5f1,phc1
pou5f1,il33
pou5f1,socs2
pou5f1,spp1
pou5f1,cltc
pou5f1,etv5
pou5f1,srm
pou5f1,zfp42
pou5f1,cdh6
pou5f1,calm1
pou5f1,bcat1
pou5f1,klf3
pou5f1,rdm1
pou5f1,tet2
pou5f1,sms
pou5f1,ly6e
pou5f1,msh6
pou5f1,mymx
pou5f1,hdlbp
pou5f1,mkrn1
pou5f1,spry4
pou5f1,gjb3
pou5f1,stag3
pou5f1,ahcy
pou5f1,cst3
pou5f1,2410141k09rik
pou5f1,dusp6
pou5f1,trim2
pou5f1,hist1h2ac
pou5f1,cdipt
pou5f1,lamp1
pou5f1,rras2
pou5f1,ass1
pou5f1,pla2g1b
pou5f1,creb3
pou5f1,pcolce2
pou5f1,tax1bp3
pou5f1,hmces
pou5f1,gorasp2
pou5f1,gls
pou5f1,zfp710
pou5f1,fam234a
pou5f1,mfsd1
pou5f1,ccnd3
pou5f1,odc1
pou5f1,psap
pou5f1,sun1
pou5f1,gsta4
pou5f1,pdk1
pou5f1,pou5f1
pou5f1,stmn1
pou5f1,cdh1
pou5f1,gabarapl2
pou5f1,msantd3
pou5f1,txndc12
pou5f1,marc2
pou5f1,eif4a2
pou5f1,asah1
pou5f1,anxa5
pou5f1,mycn
pou5f1,tfrc
pou5f1,retreg2
pou5f1,st5
pou5f1,cr1l
pou5f1,frrs1
pou5f1,cdc42se2
pou5f1,s100a6
pou5f1,tubb2b
pou5f1,mylpf
pou5f1,kdm5b
pou5f1,ndrg1
pou5f1,lrrc1
pou5f1,usp3
pou5f1,rev1
pou5f1,calm2
pou5f1,rlim
pou5f1,gabarap
pou5f1,zfp532
pou5f1,p4ha1
pou5f1,txnip
pou5f1,myo18a
pou5f1,glipr2
pou5f1,pafah1b3
pou5f1,spry2
pou5f1,ilk
pou5f1,lamc1
pou5f1,snx1
pou5f1,hist1h4k
pou5f1,pofut2
pou5f1,arf4
pou5f1,dap
pou5f1,slc16a1
pou5f1,sema4c
pou5f1,hk2
pou5f1,fbxo5
pou5f1,itm2b
pou5f1,prdx1
pou5f1,glul
pou5f1,sinhcaf
pou5f1,cald1
pou5f1,adam19
pou5f1,gnptab
pou5f1,hsp90aa1
pou5f1,phlda3
pou5f1,cdca7
pou5f1,tspan9
pou5f1,sec31a
pou5f1,cited2
pou5f1,oplah
pou5f1,nrg2
pou5f1,uchl1
pou5f1,mcm10
pou5f1,tmed2
pou5f1,hist1h2bl
pou5f1,hist1h2ai
pou5f1,sec61a1
pou5f1,calr
pou5f1,nrf1
pou5f1,podxl
pou5f1,atp6v0a1
pou5f1,plscr1
pou5f1,lgals3
pou5f1,slc6a6
pou5f1,ube2s
pou5f1,tcf7l2
pou5f1,ifrd1
pou5f1,pfas
pou5f1,mgst3
pou5f1,hist1h2bk
pou5f1,tmed9
pou5f1,amotl2
pou5f1,pttg1ip
pou5f1,gnpda1
pou5f1,parp1
pou5f1,setx
pou5f1,elf3
pou5f1,ppib
pou5f1,dnajc10
pou5f1,mdn1
pou5f1,senp3
pou5f1,id2
pou5f1,fzr1
pou5f1,ctsd
pou5f1,tpm1
pou5f1,bend5
pou5f1,slc25a4
pou5f1,pcna
pou5f1,bsg
pou5f1,apaf1
pou5f1,enah
pou5f1,myl6
pou5f1,fabp3
pou5f1,fam83d
pou5f1,ptpn14
pou5f1,zfp979
pou5f1,frmd4a
pou5f1,cdkn1a
pou5f1,abhd5
pou5f1,slc5a11
pou5f1,nfya
pou5f1,erp29
pou5f1,pdcd6ip
pou5f1,mfge8
pou5f1,insig1
pou5f1,cenpv
pou5f1,asns
pou5f1,wdfy1
pou5f1,nedd4
pou5f1,hist1h1d
pou5f1,rab11a
pou5f1,trim28
pou5f1,spc25
pou5f1,calu
pou5f1,mapkapk2
pou5f1,nagk
pou5f1,hspa5
pou5f1,sdc4
pou5f1,ccnd1
pou5f1,prkab1
pou5f1,ctnnal1
pou5f1,tdgf1
pou5f1,slc35f5
pou5f1,pnp
pou5f1,elovl6
pou5f1,ddit3
pou5f1,kpna2
pou5f1,hspb1
pou5f1,slc7a6
pou5f1,lmf2
pou5f1,xaf1
pou5f1,hyou1
pou5f1,mt2
pou5f1,tex264
pou5f1,msi2
pou5f1,lamb2
pou5f1,pdia3
pou5f1,slc7a5
pou5f1,abcc5
pou5f1,itga9
pou5f1,lrp2
pou5f1,smad7
pou5f1,ccng1
pou5f1,etv4
pou5f1,vkorc1
pou5f1,anxa2
pou5f1,zbtb10
pou5f1,ppp2r5a
pou5f1,bnip3
pou5f1,copa
pou5f1,mcm6
pou5f1,hist1h2bn
pou5f1,hist1h2ak
pou5f1,bcam
pou5f1,nrg1
pou5f1,hmga1
pou5f1,fahd2a
pou5f1,sox2
pou5f1,slc20a1
pou5f1,sdcbp
pou5f1,hsph1
pou5f1,gaa
pou5f1,cd63
pou5f1,camsap3
pou5f1,tubb4b
pou5f1,crip2
pou5f1,uap1
pou5f1,tpx2
pou5f1,arhgap29
pou5f1,gsn
pou5f1,hsp90b1
pou5f1,ctbp2
pou5f1,pdia5
pou5f1,selenos
pou5f1,apoe
pou5f1,cdc20
pou5f1,eed
pou5f1,mrps5
pou5f1,mme
pou5f1,rtn1
pou5f1,mcfd2
pou5f1,rffl
pou5f1,soat1
pou5f1,rmc1
pou5f1,actl6a
pou5f1,mdk
pou5f1,btg2
pou5f1,atg16l2
pou5f1,selenow
pou5f1,ddah1
pou5f1,fndc3b
pou5f1,tpd52
pou5f1,nsmaf
pou5f1,zfpm1
pou5f1,chchd10
pou5f1,tcl1
pou5f1,hist1h3h
pou5f1,galk1
pou5f1,herpud1
pou5f1,nfxl1
pou5f1,selenok
pou5f1,tmem214
pou5f1,colgalt1
pou5f1,suz12
pou5f1,ctsa
pou5f1,appbp2
pou5f1,dppa4
pou5f1,ddx21
pou5f1,p4hb
pou5f1,mt1
pou5f1,klf6
pou5f1,tspan4
pou5f1,tmem165
pou5f1,tdh
pou5f1,msh2
pou5f1,hspa8
pou5f1,cpm
pou5f1,sec23a
pou5f1,akr1b3
pou5f1,ccnb2
pou5f1,qdpr
pou5f1,wdr1
pou5f1,gclm
pou5f1,tfeb
pou5f1,resf1
pou5f1,csrp2
pou5f1,hist1h1b
pou5f1,eif2s2
pou5f1,rrbp1
pou5f1,tmem9
pou5f1,edem1
pou5f1,oat
pou5f1,serping1
pou5f1,mybl2
pou5f1,surf4
pou5f1,rbm47
pou5f1,snurf
pou5f1,smarca2
pou5f1,patj
pou5f1,tbx3
pou5f1,flrt3
pou5f1,apobec3
pou5f1,ets1
pou5f1,pik3r1
pou5f1,sh3pxd2b
pou5f1,runx1
pou5f1,pga5
pou5f1,4930402h24rik
pou5f1,nktr
pou5f1,idi1
pou5f1,plxnb2
pou5f1,lrrc8d
pou5f1,rnpep
pou5f1,morf4l2
pou5f1,bub1b
pou5f1,l1td1
pou5f1,tmsb4x
pou5f1,impdh1
pou5f1,sgk1
pou5f1,pmm1
pou5f1,lama1
pou5f1,krt8
pou5f1,tubb6
pou5f1,kdelr2
pou5f1,dusp3
pou5f1,icam1
pou5f1,d230025d16rik
pou5f1,carmil1
pou5f1,rbm38
pou5f1,top2a
pou5f1,gsr
pou5f1,ttc7
pou5f1,acadm
pou5f1,rbbp7
pou5f1,hmga1b
pou5f1,klf4
pou5f1,kat6b
pou5f1,manf
pou5f1,mdm2
pou5f1,jpt1
pou5f1,msc
pou5f1,tcea3
pou5f1,ccnb1
pou5f1,parvb
pou5f1,hist1h2af
pou5f1,arhgap21
pou5f1,carhsp1
pou5f1,fgfr3
pou5f1,tgif1
pou5f1,atp6v0b
pou5f1,cul7
pou5f1,fdps
pou5f1,ulk1
pou5f1,ect2
pou5f1,rcc2
pou5f1,lpcat1
pou5f1,myo6
pou5f1,slc38a2
pou5f1,plod3
pou5f1,ly75
pou5f1,plekha7
pou5f1,myh9
pou5f1,gfpt1
pou5f1,msmo1
pou5f1,plk2
pou5f1,aars
pou5f1,tmem150a
pou5f1,gabbr1
pou5f1,hells
pou5f1,stxbp2
pou5f1,tle1
pou5f1,pdia4
pou5f1,ube2c
pou5f1,pdia6
pou5f1,ifitm1
pou5f1,snx2
pou5f1,nasp
pou5f1,uhrf1
pou5f1,txndc5
pou5f1,sat1
pou5f1,id3
pou5f1,laptm5
pou5f1,ly6g6e
pou5f1,dppa2
pou5f1,ctsl
pou5f1,hist1h2bf
pou5f1,ier2
pou5f1,arfgap1
pou5f1,plxna1
pou5f1,rrm2
pou5f1,ccne1
pou5f1,rpp25
pou5f1,efemp2
pou5f1,nup210
pou5f1,gdpd5
pou5f1,vegfa
pou5f1,trp53
pou5f1,dab2
pou5f1,atp13a3
pou5f1,agpat4
pou5f1,ubqln2
pou5f1,itga6
pou5f1,cstb
pou5f1,shisa5
pou5f1,lasp1
pou5f1,ranbp17
pou5f1,b2m
pou5f1,phldb2
pou5f1,pfkp
pou5f1,tmem231
pou5f1,hook1
pou5f1,fblim1
pou5f1,5031439g07rik
pou5f1,pltp
pou5f1,etl4
pou5f1,f3
pou5f1,neu1
pou5f1,au018091
pou5f1,tuba4a
pou5f1,tagln2
pou5f1,krtcap2
pou5f1,iqsec1
pou5f1,ldlrap1
pou5f1,zyx
pou5f1,zic3
pou5f1,gramd1a
pou5f1,slc25a5
pou5f1,nusap1
pou5f1,zfp57
pou5f1,klf2
pou5f1,ddah2
pou5f1,eda2r
pou5f1,psme2
pou5f1,rab3il1
pou5f1,srprb
pou5f1,cox7a1
pou5f1,crtap
pou5f1,plod2
pou5f1,clcn5
pou5f1,cachd1
pou5f1,dnajc3
pou5f1,aqp3
pou5f1,cth
pou5f1,pml
pou5f1,npl
pou5f1,tmem144
pou5f1,bcl3
pou5f1,tpm4
pou5f1,pfkl
pou5f1,ckap4
pou5f1,loxl2
pou5f1,ampd2
pou5f1,rpn1
pou5f1,fn1
pou5f1,fgf4
pou5f1,sdf2l1
pou5f1,chst15
pou5f1,gfpt2
pou5f1,pros1
pou5f1,slc25a36
pou5f1,f2r
pou5f1,p3h1
pou5f1,atp1b1
pou5f1,cd9
pou5f1,tcf15
pou5f1,nfatc2ip
pou5f1,pgd
pou5f1,adgre5
pou5f1,gga2
pou5f1,slc6a8
pou5f1,wdr45
pou5f1,tfcp2l1
pou5f1,arpc1b
pou5f1,ccn2
pou5f1,spns2
pou5f1,pdgfra
pou5f1,pcolce
pou5f1,pitpnc1
pou5f1,eps8
pou5f1,gldc
pou5f1,cobll1
pou5f1,egr1
pou5f1,mcm2
pou5f1,app
pou5f1,fndc3a
pou5f1,hirip3
pou5f1,nid1
pou5f1,ifitm2
pou5f1,ehd1
pou5f1,tinagl1
pou5f1,2200002d01rik
pou5f1,tcn2
pou5f1,amfr
pou5f1,akap12
pou5f1,p4ha2
pou5f1,man1a2
pou5f1,itgav
pou5f1,thbd
pou5f1,jarid2
pou5f1,manba
pou5f1,hspg2
pou5f1,lad1
pou5f1,lamb1
pou5f1,retreg1
pou5f1,sept1
pou5f1,stard10
pou5f1,dnmt3a
pou5f1,nr0b1
pou5f1,galnt2
pou5f1,tet1
pou5f1,vsir
pou5f1,mcam
pou5f1,cyba
pou5f1,dkc1
pou5f1,serpine2
pou5f1,arhgap45
pou5f1,utf1
pou5f1,myc
pou5f1,kit
pou5f1,mov10
pou5f1,actg1
pou5f1,ldhb
pou5f1,cotl1
pou5f1,prss35
pou5f1,tgfbr3
pou5f1,kat2b
pou5f1,lifr
pou5f1,pcsk6
pou5f1,vamp8
pou5f1,mpzl2
pou5f1,igfbp2
pou5f1,rasgrp2
pou5f1,hist1h1a
pou5f1,arhgef40
pou5f1,alpl
pou5f1,ggta1
pou5f1,rbpms2
pou5f1,p3h4
pou5f1,ctdspl
pou5f1,pdcd4
pou5f1,parva
pou5f1,man1a
pou5f1,tmem59
pou5f1,serpinh1
pou5f1,plat
pou5f1,vangl1
pou5f1,tnk2
pou5f1,car2
pou5f1,bnc2
pou5f1,akt1
pou5f1,ank
pou5f1,rhpn1
pou5f1,lama5
pou5f1,gja1
pou5f1,bex1
pou5f1,lgmn
pou5f1,gata6
pou5f1,ifi30
pou5f1,st3gal6
pou5f1,ifitm3
pou5f1,lrrc2
pou5f1,cldn6
pou5f1,plod1
pou5f1,fgf10
pou5f1,pdpn
pou5f1,ctsz
pou5f1,fbp2
pou5f1,aplp1
pou5f1,hs3st1
pou5f1,zfp600
pou5f1,pxdn
pou5f1,col27a1
pou5f1,sfmbt2
pou5f1,gas6
pou5f1,fxyd6
pou5f1,srgn
pou5f1,rnf157
pou5f1,echdc2
pou5f1,rpl39l
pou5f1,gcnt1
pou5f1,fgfr4
pou5f1,mtcl1
pou5f1,commd3
pou5f1,fkbp11
pou5f1,myo1c
pou5f1,ildr1
pou5f1,dkk1
pou5f1,spock1
pou5f1,hsf2bp
pou5f1,gprc5c
pou5f1,renbp
pou5f1,cfc1
pou5f1,bmp4
pou5f1,vill
pou5f1,eva1a
pou5f1,epha4
pou5f1,marcks
pou5f1,ckb
pou5f1,tceal9
pou5f1,isyna1
pou5f1,adam23
pou5f1,kcng1
pou5f1,epas1
pou5f1,cemip
rif1,suz12
rif1,hist1h2ac
rif1,plekha7
rif1,hist1h4k
rif1,sfi1
rif1,npl
rif1,stag3
rif1,retreg2
rif1,man1a2
sox17,pou5f1
sox17,mtf2
sox17,cdca7
sox17,srgn
sox17,upp1
sox17,sox2
sox17,retreg2
sox17,sfi1
sox17,phc1
sox17,stmn1
sox17,lama1
sox2,mtf2
sox2,rif1
sox2,pipox
sox2,upp1
sox2,acp6
sox2,phc1
sox2,shroom3
sox2,zscan10
sox2,slc7a3
sox2,spry4
sox2,kdm3a
sox2,stmn1
sox2,fbxo15
sox2,mme
sox2,spp1
sox2,msh6
sox2,pdia4
sox2,lefty1
sox2,tubb2b
sox2,sinhcaf
sox2,trim28
sox2,crip2
sox2,gsta4
sox2,rbpj
sox2,slc1a5
sox2,cst3
sox2,cald1
sox2,itga9
sox2,sfi1
sox2,dennd2c
sox2,tpx2
sox2,marcks
sox2,etv4
sox2,top2a
sox2,pou5f1
sox2,zfp710
sox2,lrpap1
sox2,rdm1
sox2,sms
sox2,nfatc2ip
sox2,cenpv
sox2,nanog
sox2,hmces
sox2,tax1bp3
sox2,hsp90b1
sox2,hip1
sox2,p4hb
sox2,nfya
sox2,txndc12
sox2,pga5
sox2,cdh6
sox2,dusp6
sox2,hist1h2bk
sox2,tspan9
sox2,foxh1
sox2,mylpf
sox2,cdc20
sox2,cltc
sox2,rrbp1
sox2,ly6e
sox2,ccnd3
sox2,zfp532
sox2,ctsa
sox2,trp53
sox2,ube2s
sox2,sema4c
sox2,pla2g1b
sox2,mkrn1
sox2,srm
sox2,sh3pxd2b
sox2,cited2
sox2,socs2
sox2,il33
sox2,amotl2
sox2,2410141k09rik
sox2,slc6a6
sox2,gls
sox2,hspb1
sox2,smarca2
sox2,gjb3
sox2,stag3
sox2,lmf2
sox2,plscr1
sox2,tpd52
sox2,dppa2
sox2,eps8
sox2,hist1h4k
sox2,snx1
sox2,rlim
sox2,jpt1
sox2,sun1
sox2,fam234a
sox2,glul
sox2,rtn1
sox2,fblim1
sox2,nsmaf
sox2,ccng1
sox2,nasp
sox2,frrs1
sox2,pfas
sox2,zfp42
sox2,bcat1
sox2,pdia3
sox2,cdca7
sox2,arf4
sox2,etv5
sox2,selenok
sox2,ung
sox2,msh2
sox2,ccn2
sox2,mdk
sox2,hsph1
sox2,resf1
sox2,hist1h1d
sox2,frmd4a
sox2,chn2
sox2,klf6
sox2,4930402h24rik
sox2,fn1
sox2,parvb
sox2,rab11a
sox2,gdpd5
sox2,tfrc
sox2,ptpn14
sox2,bend5
sox2,plxnb2
sox2,tcf7l2
sox2,p4ha1
sox2,ppp2r5a
sox2,dppa4
sox2,chchd10
sox2,pnp
sox2,sun2
sox2,ssr3
sox2,eif2s2
sox2,rbm47
sox2,bmp4
sox2,plekha7
sox2,spry2
sox2,ubqln2
sox2,tcea3
sox2,ly6g6e
sox2,sox2
sox2,senp3
sox2,serpinh1
sox2,serping1
sox2,fabp3
sox2,icam1
sox2,patj
sox2,tmed9
sox2,apoe
sox2,atp6v0a1
sox2,nrg2
sox2,atp1b1
sox2,plod1
sox2,itgav
sox2,pxdn
sox2,zfp979
sox2,zbtb10
sox2,adam19
sox2,lifr
sox2,agpat4
sox2,colgalt1
sox2,igfbp2
sox2,tmem144
sox2,pml
sox2,usp3
sox2,cr1l
sox2,msc
sox2,pcolce2
sox2,pdia5
sox2,ddah1
sox2,uap1
sox2,vkorc1
sox2,tdgf1
sox2,pitpnc1
sox2,tmsb4x
sox2,tinagl1
sox2,tgif1
sox2,f2r
sox2,lasp1
sox2,ctnnal1
sox2,slc25a5
sox2,btg2
sox2,tbx3
sox2,kcng1
sox2,eda2r
sox2,pafah1b3
sox2,smad7
sox2,mgst3
sox2,wdfy1
sox2,krt17
sox2,pdk1
sox2,qdpr
sox2,lamb1
sox2,zic3
sox2,wdr45
sox2,tmem231
sox2,nrf1
sox2,gabarap
sox2,krt42
sox2,lamb2
sox2,sdc4
sox2,rhpn1
sox2,camsap3
sox2,tfeb
sox2,adgre5
sox2,zfp57
sox2,elovl6
sox2,ctsl
sox2,ulk1
sox2,pltp
sox2,mymx
sox2,gprc5c
sox2,ldhb
sox2,csrp2
sox2,phldb2
sox2,cdkn1a
sox2,gja1
sox2,mfge8
sox2,serpine2
sox2,thbd
sox2,creb3
sox2,susd2
sox2,shisa5
sox2,id2
sox2,gnptab
sox2,gabbr1
sox2,ifitm1
sox2,loxl2
sox2,fam129b
sox2,bcl3
sox2,rbbp7
sox2,lrrc8d
sox2,gabarapl1
sox2,msantd3
sox2,klf4
sox2,xaf1
sox2,myo18a
sox2,ly75
sox2,pdgfra
sox2,bcam
sox2,crybg2
sox2,st5
sox2,fam102a
sox2,plaur
sox2,nr0b1
sox2,akap12
sox2,tcn2
sox2,aplp1
sox2,tmem150a
sox2,ctsz
sox2,elf3
sox2,rbpms2
sox2,akt1
sox2,oplah
sox2,fat1
sox2,hnf1b
suz12,htra1
suz12,esrrb
suz12,trim2
suz12,fgf3
suz12,fgfr3
suz12,grb10
suz12,tgfbr3
suz12,foxq1
suz12,col27a1
suz12,slco3a1
suz12,pth1r
suz12,sox7
suz12,lrrk1
suz12,cyp26a1
suz12,gnas
suz12,sfi1
suz12,igf2
suz12,gas6
suz12,cachd1
suz12,nrg2
suz12,p3h2
suz12,col4a2
suz12,col4a1
suz12,bmper
suz12,tpm1
suz12,fst
suz12,myo5b
suz12,pdgfra
suz12,cited1
suz12,podxl
suz12,spock1
suz12,retreg2
suz12,p4ha2
suz12,lad1
suz12,frmd4a
suz12,msc
suz12,serpine2
suz12,zfpm1
suz12,cdh6
suz12,app
suz12,hnf1b
suz12,chst15
suz12,tns1
suz12,lrp2
suz12,zbtb10
suz12,gdpd5
suz12,cobll1
suz12,st3gal6
suz12,parva
suz12,man1a
suz12,cpm
suz12,ddah1
suz12,epas1
suz12,hs3st1
suz12,spns2
suz12,obsl1
suz12,chn2
suz12,nrg1
suz12,rtn1
suz12,pxdn
suz12,timp2
suz12,sh3pxd2b
suz12,rnf157
suz12,gprc5c
suz12,pde4dip
suz12,dkk1
suz12,notum
suz12,arhgap29
suz12,ctdspl
suz12,dtx1
suz12,ank
suz12,stard10
suz12,gsn
suz12,mras
suz12,id3
suz12,smarca2
suz12,abhd5
suz12,khdc3
suz12,car4
suz12,mapkapk2
suz12,ets1
suz12,tcf15
suz12,ccnd2
suz12,lamb1
suz12,morc4
suz12,pcsk6
suz12,amfr
suz12,phldb2
suz12,emp2
suz12,impdh1
suz12,fgfr4
suz12,timp3
suz12,ppp2r5a
suz12,rnpep
suz12,cemip
suz12,thbd
suz12,fgf10
suz12,ptpn14
suz12,rbm47
suz12,tenm4
suz12,itga9
suz12,slc7a6
suz12,phlda3
suz12,me1
suz12,arhgef5
suz12,vim
suz12,clcn5
suz12,sox17
suz12,p3h4
suz12,commd3
suz12,vegfa
suz12,plk2
suz12,sema4c
suz12,usp3
suz12,eva1a
suz12,mcam
suz12,adam15
suz12,kdelr3
suz12,atg16l2
suz12,hspb1
suz12,gata4
suz12,zyx
suz12,nsmaf
suz12,utf1
suz12,ndrg1
suz12,pdia5
suz12,kit
suz12,car2
suz12,mfsd1
suz12,loxl2
suz12,bnc2
suz12,b2m
suz12,lama1
suz12,klf2
suz12,gng10
suz12,nfxl1
suz12,5031439g07rik
suz12,cenpv
suz12,dpp4
suz12,cd63
suz12,ttc7
suz12,fgf4
suz12,bag2
suz12,sfmbt2
suz12,tcf7l2
suz12,crip2
suz12,krt18
suz12,plxna1
suz12,pcolce2
suz12,ckap4
suz12,man1a2
suz12,efemp2
suz12,gldc
suz12,dusp9
suz12,tubb6
suz12,ccnd1
suz12,sri
suz12,ghr
suz12,f3
suz12,rhpn1
suz12,dnmt3a
suz12,patj
suz12,galnt2
suz12,klf4
suz12,cdkn1a
suz12,bend5
suz12,rbms1
suz12,epha4
suz12,mtcl1
suz12,aqp3
suz12,spry4
suz12,egr1
suz12,vangl1
suz12,shroom3
suz12,sgk1
suz12,mt1
suz12,ckb
suz12,basp1
suz12,runx1
suz12,dab2
suz12,dnajc3
suz12,myo6
suz12,tuba4a
suz12,nid1
suz12,cotl1
suz12,tpm4
suz12,igfbp2
suz12,p3h1
suz12,cited2
suz12,tle1
suz12,edem1
suz12,gfpt1
suz12,eps8
suz12,gata6
suz12,krt19
suz12,bmp4
suz12,tyro3
suz12,lrrc1
suz12,slc25a4
suz12,ildr1
suz12,myc
suz12,soat1
suz12,retreg1
suz12,arpc1b
suz12,fabp3
suz12,arhgef40
suz12,ldlrap1
suz12,kcng1
suz12,itgav
suz12,lama5
suz12,ltbp4
suz12,tmem9
suz12,f2r
suz12,bcat1
suz12,fam102a
suz12,adam23
suz12,adam19
suz12,rab3il1
suz12,sdc4
suz12,manba
suz12,slc16a1
suz12,anp32a
suz12,lgals3
suz12,echdc2
suz12,fndc3b
suz12,p4ha1
suz12,cryab
suz12,tbx3
suz12,ccn2
suz12,gorasp2
suz12,gls
suz12,hook1
suz12,alpl
suz12,txndc5
suz12,etv4
suz12,vsir
suz12,fndc3a
suz12,pdcd4
suz12,plekha7
suz12,krt8
suz12,plxnb2
suz12,akt1
suz12,rpp25
suz12,dusp6
suz12,dusp3
suz12,gcnt1
suz12,mpzl2
suz12,rbpms2
suz12,enah
suz12,sec24d
suz12,mt2
suz12,tspan4
suz12,dap
suz12,lifr
suz12,slc26a10
suz12,hsph1
suz12,bcl3
suz12,upp1
suz12,gnptab
suz12,anxa2
suz12,rif1
suz12,qdpr
suz12,socs2
suz12,rmc1
suz12,hist1h2ac
suz12,cobl
suz12,plod1
suz12,pik3r1
suz12,sdf2l1
suz12,fam83d
suz12,slc7a5
suz12,hist1h2bl
suz12,hist1h2ai
suz12,mymx
suz12,ctnnal1
suz12,slc35f5
suz12,cnn2
suz12,camsap3
suz12,nktr
suz12,hdlbp
suz12,tex264
suz12,atp6v0a1
suz12,tfeb
suz12,mme
suz12,phc1
suz12,anxa5
suz12,slc6a8
suz12,cdh1
suz12,tmem150a
suz12,odc1
suz12,hist1h2bk
suz12,acp6
suz12,carmil1
suz12,rasgrp2
suz12,tcea3
suz12,marc2
suz12,ly75
suz12,cyba
suz12,npl
suz12,trh
suz12,hip1
suz12,colgalt1
suz12,wdfy1
suz12,tmem231
suz12,mtf2
suz12,itga6
suz12,atp1b1
suz12,lpcat1
suz12,gfpt2
suz12,rras2
suz12,slc1a5
suz12,calm1
suz12,jam2
suz12,hist1h2bn
suz12,hist1h2ak
suz12,sox2
suz12,gsr
suz12,asns
suz12,oat
suz12,creb3l2
suz12,ctsz
suz12,sun2
suz12,parvb
suz12,akr1b3
suz12,isyna1
suz12,herpud1
suz12,stard8
suz12,zfp710
suz12,msl3
suz12,zfp462
suz12,ilk
suz12,klf3
suz12,shisa5
suz12,cbx7
suz12,selenos
suz12,4930402h24rik
suz12,hmces
suz12,nr0b1
suz12,pitpnc1
suz12,mov10
suz12,cmklr1
suz12,zfp532
suz12,epha2
suz12,gclm
suz12,pdcd6ip
suz12,ccnd3
suz12,zfyve21
suz12,crtap
suz12,cdc42se2
suz12,aplp1
suz12,amotl2
suz12,hist1h3h
suz12,nrf1
suz12,sms
suz12,plod2
suz12,marcks
suz12,lamc1
suz12,glipr2
suz12,tinagl1
suz12,pofut2
suz12,bnip3
suz12,atp13a3
suz12,cltc
suz12,calm2
suz12,nup210
suz12,hist1h4k
suz12,bex4
suz12,itpk1
suz12,vamp8
suz12,ehd1
suz12,serpinh1
suz12,hist1h2bf
suz12,msi2
suz12,ctsa
suz12,id2
suz12,srprb
suz12,bex1
suz12,uchl1
suz12,nagk
suz12,flrt3
suz12,peg3
suz12,uap1
suz12,actg1
suz12,parp1
suz12,icam1
suz12,pipox
suz12,hist1h2af
suz12,fam129b
suz12,adgre5
suz12,myo1c
suz12,iqsec1
suz12,dcxr
suz12,rev1
suz12,lrrc8d
suz12,mkrn1
suz12,lamp1
suz12,sdcbp
suz12,sinhcaf
suz12,pfas
suz12,tpd52
suz12,xbp1
suz12,vill
suz12,tdgf1
suz12,gjb3
suz12,ggta1
suz12,gga2
suz12,pgd
suz12,tgm1
suz12,ranbp17
suz12,eps8l2
suz12,hist1h1d
suz12,ctbp2
suz12,sun1
suz12,ctsl
suz12,zscan10
suz12,etl4
suz12,gabbr1
suz12,prps2
suz12,hsp90aa1
suz12,cst3
suz12,kdelr2
suz12,tnk2
suz12,slc38a2
suz12,mycn
suz12,prkab1
suz12,pdgfa
suz12,itm2b
suz12,slc25a36
suz12,gabarapl1
suz12,sec31a
suz12,tagln2
suz12,rrbp1
suz12,tet2
suz12,oplah
suz12,hyou1
suz12,ubqln2
suz12,lefty2
suz12,cndp2
suz12,pltp
suz12,pdpn
suz12,mdk
suz12,pros1
suz12,tmem165
suz12,rffl
suz12,rbm38
suz12,selenow
suz12,wdr1
suz12,cers4
suz12,tdh
suz12,ldhb
suz12,smad7
suz12,msh2
suz12,dnajc10
suz12,surf4
suz12,gnpda1
suz12,gramd1a
suz12,tmem144
suz12,sec61a1
suz12,mcfd2
suz12,spp1
suz12,kdm5b
suz12,pdk1
suz12,ier2
suz12,hist1h1b
suz12,tmed2
suz12,slc7a3
suz12,ssr3
suz12,stmn1
suz12,tcl1
suz12,lefty1
suz12,cd9
suz12,senp3
suz12,eif4a2
suz12,fat1
suz12,klf6
suz12,eed
suz12,ung
suz12,myh9
suz12,carhsp1
suz12,hk2
suz12,spry2
suz12,nfatc2ip
suz12,zic3
suz12,stxbp2
suz12,resf1
suz12,hspg2
suz12,bcam
suz12,nanog
suz12,ccne1
suz12,appbp2
suz12,pttg1ip
suz12,akap12
suz12,gja1
suz12,rbpj
suz12,plscr1
suz12,mgst3
suz12,gabarapl2
suz12,zfp57
suz12,tfrc
suz12,pdia6
suz12,tet1
suz12,glul
suz12,cdipt
suz12,hspa5
suz12,cstb
suz12,etv5
suz12,pfkp
suz12,neu1
suz12,galk1
suz12,ehmt2
suz12,p4hb
suz12,arhgap21
suz12,csrp2
suz12,setx
suz12,hsp90b1
suz12,klb
suz12,asah1
suz12,nusap1
suz12,nedd4
suz12,ccnb2
suz12,tgif1
suz12,pdia3
suz12,ube2s
suz12,rab11a
suz12,apaf1
suz12,pafah1b3
suz12,msh6
suz12,psme2
suz12,ubald2
suz12,tmsb4x
suz12,spc25
suz12,gsta4
suz12,snurf
suz12,snx1
suz12,tubb4b
suz12,ifi30
suz12,cdca7
suz12,jarid2
suz12,tmem214
suz12,calcoco2
suz12,mfge8
suz12,fbp2
suz12,msmo1
suz12,cr1l
suz12,ampd2
suz12,foxh1
suz12,insig1
tbx3,tfrc
tbx3,rev1
tbx3,zfp990
tbx3,sfi1
tbx3,hist1h4k
tbx3,ppp2r5a
tbx3,arhgap29
tbx3,hdlbp
tbx3,cltc
tbx3,arf4
tbx3,pdia5
tbx3,psap
tbx3,nagk
tbx3,tpd52
tbx3,oat
tbx3,erp29
tbx3,upp1
tbx3,anxa5
tbx3,slc25a36
tbx3,manba
tbx3,hist1h2bf
tbx3,p4ha1
tbx3,stmn1
tbx3,hist1h2bl
tbx3,hist1h2ai
tbx3,dap
tbx3,sinhcaf
tbx3,cth
tbx3,msmo1
tbx3,shroom3
tbx3,sdcbp
tbx3,cenpv
tbx3,gnpda1
tbx3,nrf1
tbx3,nfya
tbx3,mcm2
tbx3,abhd5
tbx3,hist1h2bk
tbx3,hist1h2ac
tbx3,senp3
tbx3,mfsd1
tbx3,cpm
tbx3,snx1
tbx3,hist1h3h
tbx3,asah1
tbx3,slc16a1
tbx3,hist1h2af
tbx3,rif1
tbx3,cbx7
tbx3,retreg2
tbx3,calm1
tbx3,lamc1
tbx3,marc2
tbx3,plk2
tbx3,pipox
tbx3,car2
tbx3,kat6b
tbx3,rbpj
tbx3,mcm6
tbx3,suz12
tbx3,qdpr
tbx3,trim28
tbx3,p4ha2
tbx3,fdps
tbx3,eed
tbx3,hist1h2bn
tbx3,hist1h2ak
tbx3,me1
tbx3,tmem150a
tbx3,man1a
tbx3,hook1
tbx3,gorasp2
tbx3,prdx1
tbx3,nedd4
tbx3,bag2
tbx3,phc1
tbx3,hspa5
tbx3,mt1
tbx3,apaf1
tbx3,tmem9
tbx3,idi1
tbx3,spp1
tbx3,nktr
tbx3,ect2
tbx3,d230025d16rik
tbx3,herpud1
tbx3,slc35f5
tbx3,gabarap
tbx3,tmsb4x
tbx3,hsp90b1
tbx3,cdkn1a
tbx3,gfpt1
tbx3,gsn
tbx3,ccn2
tbx3,fndc3a
tbx3,adam19
tbx3,tbx3
tbx3,odc1
tbx3,sec61a1
tbx3,lgmn
tbx3,zbtb10
tbx3,calu
tbx3,asns
tbx3,mkrn1
tbx3,lamp1
tbx3,pcna
tbx3,amotl2
tbx3,morf4l2
tbx3,itga6
tbx3,enah
tbx3,patj
tbx3,zfp600
tbx3,npl
tbx3,surf4
tbx3,cotl1
tbx3,atp6v0a1
tbx3,fat1
tbx3,nrg2
tbx3,rhpn1
tbx3,kdm3a
tbx3,hk2
tbx3,stxbp2
tbx3,fbxo5
tbx3,pou5f1
tbx3,zfp979
tbx3,txndc12
tbx3,spry4
tbx3,cst3
tbx3,kcng1
tbx3,appbp2
tbx3,hsp90aa1
tbx3,fst
tbx3,aqp3
tbx3,pxdn
tbx3,pltp
tbx3,epha2
tbx3,atp6v0b
tbx3,pfas
tbx3,fabp3
tbx3,sox2
tbx3,pdcd6ip
tbx3,stag3
tbx3,elovl6
tbx3,tns4
tbx3,2410141k09rik
tbx3,nanog
tbx3,foxh1
tbx3,fahd2a
tbx3,fbxo15
tbx3,ssr3
tbx3,ilk
tbx3,gcnt1
tbx3,ube2s
tbx3,dusp6
tbx3,prss35
tbx3,l1td1
tbx3,xaf1
tbx3,tmed9
tbx3,selenos
tet1,sfi1
tet1,pdia3
tet1,pdia5
tet1,hspa8
tet1,lamp1
tet1,ppp2r5a
tet1,mfsd1
tet1,kpna2
tet1,tet1
tet1,hsp90aa1
tet1,mkrn1
tet1,ranbp17
tet1,pmm1
tet1,slc25a36
tet1,slc16a1
tet1,mme
tet1,gabarapl2
tet1,tfrc
tet1,setx
tet1,hist1h2ac
tet1,lrp2
tet1,mybl2
tet1,suz12
tet1,ier2
tet1,msh6
tet1,hsph1
tet1,kdm5b
tet1,ifrd1
tet1,phc1
tet1,nasp
tet1,insig1
tet1,sinhcaf
tet1,crtap
tet1,plekha7
tet1,zfp57
tet1,hdlbp
tet1,asah1
tet1,cltc
tet1,parp1
tet1,acp6
tet1,nfatc2ip
tet1,rab11a
tet1,phlda3
tet1,chn2
tet1,rif1
tet1,glul
tet1,gls
tet1,trim28
tet1,ccn2
tet1,alg13
tet1,arf4
tet1,hist1h2bk
tet1,cenpv
tet1,prdx1
tet1,asns
tet1,sec31a
tet1,gnpda1
tet1,oat
tet1,akr1b3
tet1,fgf4
tet1,hist1h1d
tet1,mtf2
tet1,calm2
tet1,gfpt2
tet1,hspa5
tet1,cdipt
tet1,nfya
tet1,igfbp2
tet1,hells
tet1,edem1
tet1,ddah1
tet1,ccnb2
tet1,mcm6
tet1,sun1
tet1,ttc7
tet1,p4hb
tet1,odc1
tet1,fndc3b
tet1,klf2
tet1,snx2
tet1,lamc1
tet1,appbp2
tet1,eed
tet1,myh9
tet1,gorasp2
tet1,nedd4
tet1,mapkapk2
tet1,cst3
tet1,cobl
tet1,npl
tet1,stmn1
tet1,jpt1
tet1,rpn1
tet1,shroom3
tet1,slc20a1
tet1,rev1
tet1,lpcat1
tet1,resf1
tet1,mov10
tet1,ccne1
tet1,srm
tet1,slc7a6
tet1,tmed2
tet1,camsap3
tet1,tax1bp3
tet1,kat6b
tet1,spry4
tet1,zfp532
tet1,pdk1
tet1,tcf15
tet1,ptpn14
tet1,mdm2
tet1,enah
tet1,sox2
tet1,cdc42se2
tet1,calm1
tet1,nrg2
tet1,rnpep
tet1,tpd52
tet1,actl6a
tet1,galnt2
tet1,pitpnc1
tet1,tcf7l2
tet1,cited2
tet1,dnajc3
tet1,tubb6
tet1,sema4c
tet1,tmem231
tet1,gprc5c
tet1,apaf1
tet1,kit
tet1,slc38a2
tet1,impdh1
tet1,ube2s
tet1,hmces
tet1,p4ha1
tet1,pltp
tet1,kdm3a
tet1,msi2
tet1,uhrf1
tet1,tet2
tet1,hist1h2bl
tet1,hist1h2ai
tet1,lama1
tet1,rffl
tet1,eif2s2
tet1,spc25
tet1,nfxl1
tet1,htra1
tet1,ctsa
tet1,selenos
tet1,socs2
tet1,calr
tet1,mymx
tet1,gga2
tet1,jam2
tet1,rrm2
tet1,etv5
tet1,hist1h4k
tet1,gfpt1
tet1,nagk
tet1,nrf1
tet1,tmem214
tet1,klf3
tet1,itga6
tet1,rbms1
tet1,retreg2
tet1,marc2
tet1,mtcl1
tet1,xbp1
tet1,arhgap29
tet1,nrg1
tet1,cdc20
tet1,pik3r1
tet1,podxl
tet1,bcat1
tet1,tbx3
tet1,zbtb10
tet1,surf4
tet1,qdpr
tet1,p3h1
tet1,utf1
tet1,ccng1
tet1,tfcp2l1
tet1,tfeb
tet1,parvb
tet1,lasp1
tet1,calu
tet1,msh2
tet1,d230025d16rik
tet1,gas6
tet1,cachd1
tet1,ccnd3
tet1,psap
tet1,rnf157
tet1,gsn
tet1,ube2c
tet1,erp29
tet1,dnajc10
tet1,wdfy1
tet1,adam19
tet1,selenok
tet1,fam102a
tet1,4930402h24rik
tet1,ctnnal1
tet1,atp6v0b
tet1,actg1
tet1,ect2
tet1,rras2
tet1,srprb
tet1,hist1h3h
tet1,top2a
tet1,tex264
tet1,akap12
tet1,eif4a2
tet1,kat2b
tet1,ddx21
tet1,tpm1
tet1,kdelr2
tet1,car2
tet1,hspg2
tet1,fam129b
tet1,rbm47
tet1,slc7a5
tet1,rrbp1
tet1,nusap1
tet1,p4ha2
tet1,tspan9
tet1,man1a
tet1,cdkn1a
tet1,gclm
tet1,cdca7
tet1,sgk1
tet1,cdh1
tet1,frmd4a
tet1,mcfd2
tet1,atp1b1
tet1,itga9
tet1,fdps
tet1,ilk
tet1,fam83d
tet1,itgav
tet1,ung
tet1,hspb1
tet1,rlim
tet1,hk2
tet1,gnptab
tet1,pfkl
tet1,hist1h2bn
tet1,hist1h2ak
tet1,atp13a3
tet1,abhd5
tet1,spry2
tet1,kcng1
tet1,rbpj
tet1,hist1h2bf
tet1,pcolce2
tet1,atg16l2
tet1,cndp2
tet1,ampd2
tet1,pcsk6
tet1,uap1
tet1,bnc2
tet1,st5
tet1,patj
tet1,pofut2
tet1,abcc5
tet1,etv4
tet1,zfp710
tet1,sec61a1
tet1,col4a2
tet1,col4a1
tet1,peg3
tet1,mylpf
tet1,me1
tet1,glipr2
tet1,uchl1
tet1,pttg1ip
tet1,vkorc1
tet1,mdn1
tet1,gsr
tet1,eps8
tet1,p3h4
tet1,ctbp2
tet1,gramd1a
tet1,rbm38
tet1,ly75
tet1,pgd
tet1,ehd1
tet1,usp3
tet1,shisa5
tet1,rbpms2
tet1,msc
tet1,slc1a5
tet1,pcna
tet1,txndc5
tet1,ubald2
tet1,slc25a4
tet1,dap
tet1,alpl
tet1,man1a2
tet1,bag2
tet1,creb3l2
tet1,hook1
tet1,l1td1
tet1,pdcd4
tet1,lrrk1
tet1,fn1
tet1,stag3
tet1,copa
tet1,spns2
tet1,khdc3
tet1,gnas
tet1,soat1
tet1,lrrc8d
tet1,cd9
tet1,tle1
tet1,tgfbr3
tet1,pdcd6ip
tet1,upp1
tet1,zic3
tet1,trim2
tet1,gldc
tet1,plxnb2
tet1,ahcy
tet1,colgalt1
tet1,tmem59
tet1,rmc1
tet1,manba
tet1,epha2
tet1,dtx1
tet1,senp3
tet1,rbbp7
tet1,lrrc1
tet1,vim
tet1,vangl1
tet1,cth
tet1,txndc12
tet1,tmem150a
tet1,gabbr1
tet1,amotl2
tet1,hist1h2af
tet1,sdf2l1
tet1,nup210
tet1,vegfa
tet1,cpm
tet1,basp1
tet1,plod2
tet1,adam23
tet1,ildr1
tet1,arhgef5
tet1,app
tet1,f3
tet1,rtn1
tet1,dusp3
tet1,f2r
tet1,tgif1
tet1,slc35f5
tet1,anxa5
tet1,serpine2
tet1,pdia4
tet1,notum
tet1,ggta1
tet1,lama5
tet1,fam234a
tet1,sdc4
tet1,egr1
tet1,st3gal6
tet1,msmo1
tet1,tubb4b
tet1,vsir
tet1,smad7
tet1,chst15
tet1,manf
tet1,ckap4
tet1,ccnb1
tet1,rpp25
tet1,ppib
tet1,p3h2
tet1,zyx
tet1,wdr1
tet1,pde4dip
tet1,lifr
tet1,cd63
tet1,snx1
tet1,aplp1
tet1,tmem165
tet1,tenm4
tet1,anxa2
tet1,arhgap21
tet1,plscr1
tet1,hsp90b1
tet1,retreg1
tet1,tspan4
tet1,tnk2
tet1,mrps5
tet1,gng10
tet1,id3
tet1,fgf3
tet1,fzr1
tet1,ctsl
tet1,bex1
tet1,arpc1b
tet1,tcea3
tet1,tdh
tet1,plod3
tet1,tpx2
tet1,galk1
tet1,bex3
tet1,parva
tet1,bmper
tet1,morc4
tet1,mt2
tet1,herpud1
tet1,ank
tet1,tuba4a
tet1,creb3
tet1,cdh6
tet1,vamp8
tet1,fbxo5
tet1,pxdn
tet1,pdia6
tet1,aqp3
tet1,cbx7
tet1,plk2
tet1,commd3
tet1,itm2b
tet1,acadm
tet1,bcam
tet1,ndrg1
tet1,ulk1
tet1,tpm4
tet1,slc6a8
tet1,hyou1
tet1,sh3pxd2b
tet1,mfge8
tet1,ets1
tet1,cobll1
tet1,adgre5
tet1,timp2
tet1,obsl1
tet1,gcnt1
tet1,tmed9
tet1,slc6a6
tet1,smarca2
tet1,mgst3
tet1,aars
tet1,srgn
tet1,ldhb
tet1,fgfr4
tet1,tmem9
tet1,sec23a
tet1,msantd3
tet1,jarid2
tet1,igf2
tet1,got1
tet1,rcc2
tet1,sms
tet1,pdgfa
tet1,lgals3
tet1,idi1
tet1,tyro3
tet1,rdm1
tet1,adam15
tet1,prkab1
tet1,carhsp1
tet1,nr0b1
tet1,hist1h1b
tet1,itpk1
tet1,iqsec1
tet1,runx1
tet1,slco3a1
tet1,nid1
tet1,cstb
tet1,car4
tet1,ldlrap1
tet1,etl4
tet1,elovl6
tet1,phldb2
tet1,gjb3
tet1,arfgap1
tet1,5031439g07rik
tet1,zfyve21
tet1,echdc2
tet1,atp6v0a1
tet1,icam1
tet1,carmil1
tet1,bend5
tet1,cotl1
tet1,pafah1b3
tet1,cers4
tet1,pdgfra
tet1,mdk
tet1,amfr
tet1,loxl2
tet1,gdpd5
tet1,isyna1
tet1,fgf10
tet1,sdcbp
tet1,pfas
tet1,txnip
tet1,myo5b
tet1,stard10
tet1,fabp3
tet1,ly6e
tet1,klf6
tet1,csrp2
tet1,pou5f1
tet1,stxbp2
tet1,bex4
tet1,plxna1
tet1,gaa
tet1,pcbd1
tet1,bnip3
tet1,myo1c
tet1,fahd2a
tet1,tgm1
tet1,clcn5
tet1,hsf2bp
tet1,dnmt3a
tet1,chchd10
tet1,krt8
tet1,ssr3
tet1,dusp6
tet1,sri
tet1,esrrb
tet1,ghr
tet1,rasgrp2
tet1,rab3il1
tet1,agpat4
tet1,ctsd
tet1,hmga1b
tet1,hmga1
tet1,epas1
tet1,fndc3a
tet1,pros1
tet1,mras
tet1,myo6
tet1,sfmbt2
tet1,sec24d
tet1,lrpap1
tet1,bsg
tet1,mycn
tet1,bcl3
tet1,dcxr
tet1,psme2
tet1,ltbp4
tet1,emp2
tet1,cited1
tet1,grb10
tet1,epha4
tet1,prps2
tet1,rhpn1
tet1,neu1
tet1,snurf
tet1,nktr
tet1,ctdspl
tet1,slc25a5
tet1,rpl39l
tet1,tns1
tet1,dkk1
tet1,thbd
tet1,oplah
tet1,dusp9
tet1,hs3st1
tet1,frrs1
tet1,klf4
tet1,sun2
tet1,foxq1
tet1,nipsnap1
tet1,gpx3
tet1,hip1
tet1,pth1r
tet1,cul7
tet1,dab2
tet1,spock1
tet1,pfkp
tet1,b2m
tet1,morf4l2
tet1,gabarap
tet1,pipox
tet1,nsmaf
tet1,hnf1b
tet1,myo18a
tet1,msl3
tet1,ubqln2
tet1,bub1b
tet1,hkdc1
tet1,cyba
tet1,cald1
tet1,prdx4
tet1,kdelr3
tet1,mcam
tet1,lamb2
tet1,tinagl1
tet1,timp3
tet1,col27a1
tet1,gabarapl1
tet1,ctsz
tet1,fblim1
tet1,trh
tet1,cr1l
tet1,slc5a11
tet1,lad1
tet1,akt1
tet1,s100a6
tet1,stard8
tet1,slc17a9
tet1,ass1
tet1,lamb1
tet1,ly6g6e
tet1,slc9a6
tet1,mpzl2
tet1,dpp4
tet1,cemip
tet1,mpp1
tet1,plod1
tet1,pnp
tet1,ckb
tet1,cryab
tet1,prss35
tet1,mcm10
tet1,tmem144
tet1,tubb2b
tet1,hist1h1a
tet1,fgfr3
tet1,eps8l2
tet1,ehmt2
tet1,fxyd6
tet1,myc
tet1,selenow
tet1,2200002d01rik
tet1,elf3
tet1,tdgf1
tet1,zfp600
tet1,fat1
tet1,tcn2
tet1,efemp2
tet1,2410141k09rik
tet1,cox7a1
tet1,lamp2
tet1,krtcap2
tet1,fbp2
tet1,lmf2
tet1,btg2
tet1,mcm2
tet1,cnn2
tet1,ifitm1
tet1,aqp8
tet1,tagln2
tet1,fbxo15
tet1,apobec3
tet1,flrt3
tet2,sfi1
tet2,bsg
tet2,stmn1
tet2,rif1
tet2,gorasp2
tet2,klf3
tet2,pou5f1
tet2,nanog
tet2,calm1
tet2,acp6
tet2,mtf2
tet2,mylpf
tet2,tmed9
tet2,hist1h2bk
tet2,spry4
tet2,mdk
tet2,mfsd1
tet2,hist1h2bf
tet2,phc1
tet2,nedd4
tet2,socs2
tet2,lrpap1
tet2,rbpj
tet2,lasp1
tet2,spry2
tet2,lamp1
tet2,mymx
tet2,cst3
tet2,sun1
tet2,usp3
tet2,rdm1
tet2,elovl6
tet2,foxh1
tet2,enah
tet2,slc7a5
tet2,hmces
tet2,upp1
tet2,tspan9
tet2,rbm47
tet2,pipox
tet2,sdc4
tet2,tdh
tet2,sema4c
tet2,sfmbt2
tet2,fbxo15
tet2,st5
tet2,spp1
tgif1,tspan4
tgif1,dusp3
tgif1,mdm2
tgif1,selenow
tgif1,asah1
tgif1,herpud1
tgif1,dap
tgif1,cdipt
tgif1,txnip
tgif1,tgif1
tgif1,tfeb
tgif1,pfkp
tgif1,eed
tgif1,ccnd3
tgif1,sfi1
tgif1,marc2
tgif1,sun2
tgif1,mylpf
tgif1,selenok
tgif1,creb3
tgif1,pdk1
tgif1,ghr
tgif1,gaa
tgif1,tet2
tgif1,sord
tgif1,nktr
tgif1,lgals3
tgif1,dnajc3
tgif1,tfrc
tgif1,vkorc1
tgif1,selenos
tgif1,tgm1
tgif1,tpx2
tgif1,fndc3b
tgif1,cox7a1
tgif1,icam1
tgif1,xaf1
tgif1,slc7a5
tgif1,pdia3
tgif1,spns2
tgif1,cltc
tgif1,tmem59
tgif1,oat
tgif1,zbtb10
tgif1,anxa5
tgif1,vsir
tgif1,p4ha1
tgif1,idi1
tgif1,pik3r1
tgif1,rnpep
tgif1,mdn1
tgif1,gls
tgif1,cdkn1a
tgif1,uap1
tgif1,app
tgif1,tax1bp3
tgif1,hdlbp
tgif1,hist1h4k
tgif1,fdps
tgif1,mcm6
tgif1,slc35f5
tgif1,abhd5
tgif1,odc1
tgif1,pfkl
tgif1,creb3l2
tgif1,stmn1
tgif1,kdm5b
tgif1,sdf2l1
tgif1,atg16l2
tgif1,manba
tgif1,calm1
tgif1,abcc5
tgif1,tns1
tgif1,smarca2
tgif1,d230025d16rik
tgif1,pfas
tgif1,fahd2a
tgif1,plod3
tgif1,mrps5
tgif1,sec23a
tgif1,klf3
tgif1,usp3
tgif1,gsn
tgif1,zfp710
tgif1,tinagl1
tgif1,copa
tgif1,cst3
tgif1,parp1
tgif1,slc25a5
tgif1,ifitm2
tgif1,lmf2
tgif1,aplp1
tgif1,cd63
tgif1,ilk
tgif1,hist1h2ac
tgif1,spry4
tgif1,qdpr
tgif1,cr1l
tgif1,gabarap
tgif1,chn2
tgif1,upp1
tgif1,slc7a6
tgif1,mfsd1
tgif1,erp29
tgif1,msmo1
tgif1,hspa5
tgif1,rif1
tgif1,bcam
tgif1,ly75
tgif1,ccnb1
tgif1,ptpn14
tgif1,tpm4
tgif1,senp3
tgif1,cobll1
tgif1,bnc2
tgif1,hist1h1d
tgif1,msc
tgif1,hsp90aa1
tgif1,arf4
tgif1,foxh1
tgif1,mycn
tgif1,gorasp2
tgif1,mtf2
tgif1,sema4c
tgif1,tubb6
tgif1,ccnb2
tgif1,tmem150a
tgif1,fabp3
tgif1,acp6
tgif1,tubb2b
tgif1,eda2r
tgif1,anxa2
tgif1,2410141k09rik
tgif1,fbxo15
tgif1,mkrn1
tgif1,pipox
tgif1,pcolce
tgif1,dppa2
tgif1,pafah1b3
tgif1,ccn2
tgif1,itga6
tgif1,elf3
tgif1,chst15
tgif1,fn1
tgif1,pdia5
tgif1,rbpj
tgif1,jarid2
tgif1,loxl2
tgif1,lamp1
tgif1,appbp2
tgif1,prdx1
tgif1,mymx
tgif1,mme
tgif1,gnpda1
tgif1,slc6a8
tgif1,rbbp7
tgif1,socs2
tgif1,pros1
tgif1,agpat4
tgif1,uhrf1
tgif1,tns4
tgif1,au018091
tgif1,jam2
tgif1,ly6e
tgif1,elovl6
tgif1,mdk
tgif1,plscr1
tgif1,lamb2
tgif1,uchl1
tgif1,lrrc1
tgif1,tmem9
tgif1,ildr1
tgif1,bend5
tgif1,spp1
tgif1,dennd2c
tgif1,arfgap1
tgif1,rbm47
tgif1,phlda3
tgif1,etl4
tgif1,etv4
tgif1,shroom3
tgif1,nrg2
tgif1,crip2
tgif1,plekha7
tgif1,adam19
trim28,peg3
trim28,tmed9
trim28,sfi1
trim28,snurf
trim28,cltc
trim28,apobec3
trim28,gnas
trim28,mtf2
trim28,calr
trim28,itm2b
trim28,mdk
trim28,atg16l2
trim28,galnt2
trim28,pfas
trim28,prkab1
trim28,nrg2
trim28,2200002d01rik
trim28,trp53
trim28,anp32a
trim28,slc1a5
trim28,gorasp2
trim28,arhgap45
trim28,tns1
trim28,arhgap29
trim28,bsg
trim28,tet2
trim28,tgif1
trim28,ppib
trim28,mt1
trim28,apaf1
trim28,ranbp17
trim28,kdm3a
trim28,pik3r1
trim28,il33
trim28,pdk1
trim28,bmp4
trim28,sord
trim28,gas6
trim28,erp29
trim28,ifitm2
trim28,st5
trim28,parp1
trim28,ubald2
trim28,sdf2l1
trim28,elovl6
trim28,msh2
trim28,fam234a
trim28,sox2
trim28,zfp710
trim28,fam129b
trim28,dusp6
trim28,zyx
trim28,ifitm3
trim28,hist1h2af
trim28,slc5a11
trim28,trim28
trim28,anxa5
trim28,gfpt2
trim28,slc7a5
trim28,ppp2r5a
trim28,sgk1
trim28,tcf7l2
trim28,nrg1
trim28,hist1h1d
trim28,hist1h2bl
trim28,hist1h2ai
trim28,pdia3
trim28,klf2
trim28,slc16a1
trim28,zfp532
trim28,slc7a3
trim28,calm1
trim28,nrf1
trim28,rpn1
trim28,frmd4a
trim28,bub1b
trim28,cr1l
trim28,pml
trim28,ddit3
trim28,smarca2
trim28,tfcp2l1
trim28,prdx1
trim28,rbbp7
trim28,amfr
trim28,rffl
trim28,hist1h2ac
trim28,app
trim28,rif1
trim28,tmem231
trim28,atp1b1
trim28,hist1h2bk
trim28,smad7
trim28,ctnnal1
trim28,dkk1
trim28,rasgrp2
trim28,cald1
trim28,kdm5b
trim28,atp6v0b
trim28,morf4l2
trim28,fn1
trim28,cdkn1a
trim28,adgre5
trim28,hist1h2bn
trim28,hist1h2ak
trim28,pfkl
trim28,wdfy1
trim28,bnc2
trim28,nup210
trim28,hmces
trim28,ghr
trim28,cdh6
trim28,mme
trim28,etv4
trim28,sec61a1
trim28,glul
trim28,tmed2
trim28,igfbp2
trim28,fabp3
trim28,slc20a1
trim28,eif4a2
trim28,pcolce
trim28,fxyd3
trim28,csrp2
trim28,trh
trim28,f2r
trim28,chn2
trim28,plod1
trim28,spc25
trim28,chchd10
trim28,zfyve21
trim28,stxbp2
trim28,gramd1a
trim28,socs2
trim28,ly6g6e
trim28,plekha7
trim28,hspb1
trim28,usp3
trim28,serping1
trim28,gfpt1
trim28,appbp2
trim28,tle1
trim28,2410141k09rik
trim28,cdipt
trim28,hook1
trim28,plscr1
trim28,lrpap1
trim28,snx1
trim28,tdh
trim28,rpl39l
trim28,pnp
trim28,glmp
trim28,sema4c
trim28,suz12
trim28,hist1h2bf
trim28,rhpn1
trim28,tenm4
trim28,flrt3
trim28,frrs1
trim28,txndc12
trim28,d230025d16rik
trim28,cobl
trim28,akap12
trim28,car4
trim28,gsn
trim28,tbx3
trim28,spns2
trim28,col27a1
trim28,spry2
trim28,hnf1b
trim28,akt1
trim28,dppa2
trim28,lamb2
trim28,nedd4
trim28,foxh1
trim28,shroom3
trim28,tspan9
trim28,rtn1
trim28,id2
trim28,gjb3
trim28,thbd
trim28,camsap3
utf1,sfi1
utf1,atp6v0a1
utf1,d230025d16rik
utf1,pdia5
utf1,tfrc
utf1,msmo1
utf1,bnip3
utf1,ly75
utf1,gorasp2
utf1,hspa5
utf1,anxa5
utf1,creb3l2
utf1,p4ha1
utf1,frmd4a
utf1,ppib
utf1,odc1
utf1,rmc1
utf1,lgmn
utf1,idi1
utf1,marc2
utf1,chn2
utf1,snx1
utf1,rpn1
utf1,spc25
utf1,gsn
utf1,calu
utf1,usp3
utf1,hdlbp
utf1,gpx3
utf1,gls
utf1,ccnb2
utf1,p4hb
utf1,tmem9
utf1,asah1
utf1,setx
utf1,srprb
utf1,itgav
utf1,ets1
utf1,rnpep
utf1,tcf7l2
utf1,mapkapk2
utf1,gdpd5
utf1,msantd3
utf1,nagk
utf1,car2
utf1,flrt3
utf1,tdh
utf1,ildr1
utf1,itm2b
utf1,suz12
utf1,sdf2l1
utf1,dpp4
utf1,arf4
utf1,pdia3
utf1,serping1
utf1,mfge8
utf1,soat1
utf1,txndc12
utf1,pttg1ip
utf1,cenpv
utf1,rbm47
utf1,atg16l2
utf1,oat
utf1,phldb2
utf1,ccng1
utf1,gcnt1
utf1,cdc42se2
utf1,ddx21
utf1,ctnnal1
utf1,vamp8
utf1,nid1
utf1,st3gal6
utf1,gldc
utf1,gclm
utf1,b2m
utf1,frrs1
utf1,shisa5
utf1,resf1
utf1,nusap1
utf1,tpd52
utf1,pdia6
utf1,copa
utf1,bend5
utf1,rras2
utf1,npl
utf1,akr1b3
utf1,calm2
utf1,jam2
utf1,slc35f5
utf1,selenos
utf1,hist1h2bk
utf1,pofut2
utf1,fdps
utf1,pdia4
utf1,fahd2a
utf1,cltc
utf1,mov10
utf1,hsp90b1
utf1,cemip
utf1,arhgef5
utf1,tmem165
utf1,hs3st1
utf1,gnptab
utf1,chst15
utf1,vangl1
utf1,vsir
utf1,arhgap29
utf1,pitpnc1
utf1,mfsd1
utf1,sec23a
utf1,ldhb
utf1,uap1
utf1,hyou1
utf1,nrg2
utf1,prdx1
utf1,got1
utf1,pdk1
utf1,dap
utf1,sun1
utf1,ssr3
utf1,appbp2
utf1,ppp2r5a
utf1,psap
utf1,hist1h2ac
utf1,tmem231
utf1,tmem214
utf1,kcng1
utf1,gga2
utf1,vkorc1
utf1,trim2
utf1,parp1
utf1,cited2
utf1,cpm
utf1,plekha7
utf1,mme
utf1,csrp2
utf1,mkrn1
utf1,pfkl
utf1,gfpt1
utf1,plscr1
utf1,mtf2
utf1,psme2
utf1,ahcy
utf1,gfpt2
utf1,ttc7
utf1,mybl2
utf1,gnpda1
utf1,nrg1
utf1,tpm1
utf1,rffl
utf1,loxl2
utf1,bag2
utf1,pcna
utf1,krt19
utf1,p3h1
utf1,plod2
utf1,acadm
utf1,lrrc1
utf1,abcc5
utf1,l1td1
utf1,cst3
utf1,cdca7
utf1,gprc5c
utf1,apaf1
utf1,ctsl
utf1,lrrk1
utf1,fam234a
utf1,mcm6
utf1,ifrd1
utf1,hist1h2bn
utf1,hist1h2ak
utf1,hells
utf1,tmem59
utf1,fgfr4
utf1,pde4dip
utf1,lrp2
utf1,s100a6
utf1,nipsnap1
utf1,adam15
utf1,man1a2
utf1,hip1
utf1,ccn2
utf1,nfya
utf1,trim28
utf1,cotl1
utf1,bmper
utf1,qdpr
utf1,fn1
utf1,rnf157
utf1,cdipt
utf1,basp1
utf1,nktr
utf1,cstb
utf1,sgk1
utf1,cdh1
utf1,fam83d
utf1,plod1
utf1,hk2
utf1,slc25a4
utf1,wdfy1
utf1,slc25a36
utf1,shroom3
utf1,tgfbr3
utf1,iqsec1
utf1,uchl1
utf1,selenow
utf1,bcat1
utf1,impdh1
utf1,lama1
utf1,krt18
utf1,insig1
utf1,hmces
utf1,etv4
utf1,stxbp2
utf1,atp1b1
utf1,tmem150a
utf1,sec31a
utf1,tbx3
utf1,echdc2
utf1,arfgap1
utf1,tmed9
utf1,eif2s2
utf1,slc20a1
utf1,rtn1
utf1,ddah1
utf1,bub1b
utf1,ranbp17
utf1,kdelr2
utf1,eif4a2
utf1,pfkp
utf1,tuba4a
utf1,tfcp2l1
utf1,surf4
utf1,rpp25
utf1,selenok
utf1,adgre5
utf1,4930402h24rik
utf1,khdc3
utf1,cdc20
utf1,vim
utf1,asns
utf1,pnp
utf1,pfas
utf1,aqp3
utf1,msh2
utf1,trh
utf1,sox2
utf1,rab11a
utf1,p3h2
utf1,zfp57
utf1,stmn1
utf1,slc7a6
utf1,pdcd6ip
utf1,lrrc8d
utf1,cdh6
utf1,kit
utf1,glul
utf1,cr1l
utf1,myo6
utf1,manba
utf1,ly6e
utf1,txnip
utf1,lgals3
utf1,dnajc10
utf1,carhsp1
utf1,tpx2
utf1,hook1
utf1,dab2
utf1,tubb6
utf1,etl4
utf1,htra1
utf1,tspan9
utf1,ctsd
utf1,cachd1
utf1,kdm3a
utf1,sdcbp
utf1,pcbd1
utf1,crtap
utf1,rrbp1
utf1,nfxl1
utf1,krt8
utf1,hist1h3h
utf1,fndc3b
utf1,timp2
utf1,smad7
utf1,edem1
utf1,manf
utf1,rrm2
utf1,mrps5
utf1,ube2s
utf1,lpcat1
utf1,msh6
utf1,itga6
utf1,sh3pxd2b
utf1,rhpn1
utf1,bnc2
utf1,pcolce2
utf1,zbtb10
utf1,spns2
utf1,pmm1
utf1,serpine2
utf1,pipox
utf1,mt2
utf1,fabp3
utf1,cers4
utf1,mpzl2
utf1,klf3
utf1,dnajc3
utf1,sdc4
utf1,lamp1
utf1,cth
utf1,tax1bp3
utf1,pcsk6
utf1,hist1h1d
utf1,stag3
utf1,hspa8
utf1,kdm5b
utf1,hist1h2bl
utf1,hist1h2ai
utf1,pafah1b3
utf1,nfatc2ip
utf1,slc16a1
utf1,sparc
utf1,abhd5
utf1,myh9
utf1,mcfd2
utf1,ctbp2
utf1,slc6a6
utf1,sinhcaf
utf1,prss35
utf1,id3
utf1,camsap3
utf1,adam19
utf1,tex264
utf1,herpud1
utf1,akap12
utf1,zfp710
utf1,anxa2
utf1,rbpj
utf1,man1a
utf1,hsph1
utf1,fzr1
utf1,xbp1
utf1,jpt1
utf1,parva
utf1,retreg2
utf1,esrrb
utf1,plk2
utf1,zyx
utf1,msc
utf1,p4ha2
utf1,klf2
utf1,utf1
utf1,zfyve21
utf1,pik3r1
utf1,adam23
utf1,me1
utf1,dkk1
utf1,pltp
utf1,mymx
utf1,zfpm1
utf1,mdn1
utf1,galk1
utf1,ptpn14
utf1,cyba
utf1,ass1
utf1,acp6
utf1,rbms1
utf1,prkab1
utf1,stard10
utf1,amfr
utf1,pgd
utf1,calm1
utf1,actl6a
utf1,glipr2
utf1,ctsz
utf1,cald1
utf1,msi2
utf1,fxyd6
utf1,bcam
utf1,commd3
utf1,erp29
utf1,uhrf1
utf1,kpna2
utf1,ehd1
utf1,btg2
utf1,top2a
utf1,nedd4
utf1,tpm4
utf1,sox7
utf1,fbxo5
utf1,retreg1
utf1,lasp1
utf1,sec24d
utf1,eed
utf1,pros1
utf1,patj
utf1,eps8
utf1,parvb
utf1,spry4
utf1,atp13a3
utf1,elf3
utf1,creb3
utf1,ckap4
utf1,lad1
utf1,colgalt1
utf1,pxdn
utf1,ghr
utf1,gabarapl2
utf1,st5
utf1,mdm2
utf1,f3
utf1,cndp2
utf1,tet2
utf1,sri
utf1,emp2
utf1,ilk
utf1,calr
utf1,snx2
utf1,hspb1
utf1,phlda3
utf1,hist1h4k
utf1,cobll1
utf1,gabarapl1
utf1,vill
utf1,tspan4
utf1,slc1a5
utf1,sord
utf1,gnas
utf1,lamb1
utf1,clcn5
utf1,hist1h2bf
utf1,carmil1
utf1,tle1
utf1,neu1
utf1,ndrg4
utf1,mcm10
utf1,sec61a1
utf1,cryab
utf1,f2r
utf1,tmem144
utf1,ulk1
utf1,fndc3a
utf1,ampd2
utf1,car4
utf1,gng10
utf1,hist1h2af
utf1,atp6v0b
utf1,cdkn1a
utf1,timp3
utf1,nrf1
utf1,ndrg1
utf1,gaa
utf1,tcea3
utf1,kat2b
utf1,lamc1
utf1,tgif1
utf1,2200002d01rik
utf1,tet1
utf1,p3h4
utf1,cbx7
utf1,calcoco2
utf1,pdcd4
utf1,fgf4
utf1,galnt2
utf1,aars
utf1,stard8
utf1,rbpms2
utf1,ggta1
utf1,tinagl1
utf1,slco3a1
utf1,mt1
utf1,ccne1
utf1,fam102a
utf1,sema4c
utf1,oplah
utf1,cox7a1
utf1,spock1
utf1,tenm4
utf1,lrpap1
utf1,lefty2
utf1,upp1
utf1,txndc5
utf1,senp3
utf1,ly6g6e
utf1,tcf15
utf1,hsp90aa1
utf1,ube2c
utf1,rab3il1
utf1,efemp2
utf1,cmklr1
utf1,nasp
utf1,igfbp2
utf1,etv5
utf1,ctdspl
utf1,fam129b
utf1,mgst3
utf1,cul7
utf1,agpat4
utf1,fkbp11
utf1,epas1
utf1,myo5b
utf1,hsf2bp
utf1,foxh1
utf1,bsg
utf1,kank3
utf1,eps8l2
utf1,tns1
utf1,app
utf1,runx1
utf1,foxq1
utf1,egr1
utf1,zfp462
utf1,smarca2
utf1,cobl
utf1,arpc1b
utf1,ubald2
utf1,dusp3
utf1,phc1
utf1,gas6
utf1,amotl2
utf1,tcn2
utf1,ccnd3
utf1,slc38a2
utf1,nr0b1
utf1,kat6b
utf1,hspg2
utf1,tubb4b
utf1,lamb2
utf1,fgf3
utf1,zfp42
utf1,alpl
utf1,obsl1
utf1,arhgap21
utf1,gjb3
utf1,ddah2
utf1,ccnb1
utf1,myo18a
utf1,ldlrap1
utf1,fgfr3
utf1,ung
utf1,dusp6
utf1,rev1
utf1,itpk1
utf1,grb10
utf1,lama5
utf1,5031439g07rik
utf1,epha4
utf1,mtcl1
utf1,ddit3
utf1,apobec3
utf1,ank
utf1,sfmbt2
utf1,bex1
utf1,2410141k09rik
utf1,pou5f1
utf1,ifitm2
utf1,icam1
utf1,gsr
utf1,tfeb
utf1,zfp532
utf1,socs2
utf1,krtcap2
utf1,col4a2
utf1,col4a1
utf1,itga9
utf1,tcl1
utf1,nanog
utf1,gramd1a
utf1,slc7a5
utf1,cd63
utf1,id2
utf1,tmed2
utf1,ctsa
utf1,tdgf1
utf1,myc
utf1,ect2
utf1,tns4
utf1,rcn3
utf1,dtx1
utf1,dcxr
utf1,plxnb2
utf1,nup210
utf1,hnf1b
utf1,mylpf
utf1,peg3
utf1,ltbp4
utf1,anp32a
utf1,plxna1
utf1,gabbr1
utf1,hist1h1b
utf1,plat
utf1,xaf1
utf1,myo1c
utf1,elovl6
utf1,pth1r
utf1,podxl
utf1,tnk2
utf1,epha2
utf1,mras
utf1,sox17
utf1,pdgfra
utf1,notum
utf1,col27a1
utf1,clic1
utf1,hkdc1
utf1,eva1a
utf1,tubb2b
utf1,dkc1
utf1,igf2
utf1,fgf10
utf1,marcks
utf1,zfp979
utf1,trp53
utf1,mpp1
utf1,ier2
utf1,dppa2
utf1,bex3
utf1,gpa33
utf1,slc25a5
utf1,rbm38
utf1,arhgef40
utf1,sun2
utf1,cd9
utf1,slc5a11
utf1,nsmaf
utf1,enah
utf1,chchd10
utf1,snurf
utf1,klf6
utf1,tagln2
utf1,cited1
utf1,vegfa
utf1,mycn
utf1,lifr
utf1,rif1
utf1,rdm1
utf1,sms
utf1,sat1
utf1,msl3
utf1,kdelr3
utf1,pcolce
utf1,hist1h1a
utf1,gata6
utf1,crip2
utf1,thbd
utf1,bex4
utf1,pml
utf1,dnmt3a
utf1,lamp2
utf1,srgn
utf1,jarid2
utf1,prps2
utf1,srm
utf1,myl6
utf1,dennd2c
utf1,isyna1
utf1,crybg2
utf1,wdr1
utf1,shkbp1
utf1,aplp1
utf1,serpinh1
utf1,laptm5
utf1,klf4
utf1,tceal9
utf1,slc9a6
utf1,prdx4
utf1,akr1b8
utf1,ubqln2
utf1,plod3
utf1,morc4
utf1,pdpn
utf1,akt1
utf1,zfp600
utf1,rasgrp2
utf1,mcm2
utf1,rpl39l
utf1,plaur
utf1,susd2
utf1,fbp2
utf1,gabarap
utf1,dusp9
utf1,slc26a10
utf1,fat1
utf1,cyp26a1
utf1,slc17a9
utf1,apoe
utf1,hirip3
utf1,bmp4
utf1,cldn6
utf1,csrp1
utf1,tmsb4x
utf1,slc7a3
utf1,tyro3
utf1,fam25c
utf1,ckb
utf1,fblim1
utf1,rlim
utf1,morf4l2
utf1,tgm1
utf1,zic3
utf1,lmf2
utf1,actg1
utf1,myo7a
utf1,ifitm1
utf1,ifi30
utf1,ccnd2
zfp42,selenos
zfp42,kdm3a
zfp42,gfpt1
zfp42,rras2
zfp42,crybg2
zfp42,pou5f1
zfp42,ets1
zfp42,frmd4a
zfp42,ube2s
zfp42,gorasp2
zfp42,nrf1
zfp42,mtf2
zfp42,cdc42se2
zfp42,tet2
zfp42,ccnb1
zfp42,bcam
zfp42,rtn1
zfp42,insig1
zfp42,msh2
zfp42,slc20a1
zfp42,gaa
zfp42,atg16l2
zfp42,cltc
zfp42,hsp90aa1
zfp42,calm1
zfp42,snx2
zfp42,hist1h4k
zfp42,morf4l2
zfp42,4930402h24rik
zfp42,zfp532
zfp42,rlim
zfp42,hdlbp
zfp42,fam83d
zfp42,dusp3
zfp42,atp6v0b
zfp42,amotl2
zfp42,hist1h2ac
zfp42,ubald2
zfp42,atp6v0a1
zfp42,man1a2
zfp42,mgst3
zfp42,clcn5
zfp42,mkrn1
zfp42,aars
zfp42,sdc4
zfp42,tfrc
zfp42,tax1bp3
zfp42,dkc1
zfp42,slc25a4
zfp42,pnp
zfp42,spry2
zfp42,odc1
zfp42,hist1h2bn
zfp42,hist1h2ak
zfp42,pofut2
zfp42,sms
zfp42,rbbp7
zfp42,stag3
zfp42,zfp990
zfp42,abhd5
zfp42,snx1
zfp42,snurf
zfp42,sfi1
zfp42,zfp979
zfp42,tmed9
zfp42,ubqln2
zfp42,hist1h2bk
zfp42,tmem214
zfp42,lmf2
zfp42,nusap1
zfp42,fndc3b
zfp42,top2a
zfp42,pmm1
zfp42,ifrd1
zfp42,calm2
zfp42,rrm2
zfp42,jarid2
zfp42,appbp2
zfp42,prdx4
zfp42,hist1h2bf
zfp42,mrps5
zfp42,hist1h2bl
zfp42,hist1h2ai
zfp42,etl4
zfp42,ppp2r5a
zfp42,p3h1
zfp42,slc7a5
zfp42,bex4
zfp42,wdfy1
zfp42,hsph1
zfp42,colgalt1
zfp42,oat
zfp42,nfatc2ip
zfp42,ccng1
zfp42,ccnb2
zfp42,ccn2
zfp42,glul
zfp42,plxnb2
zfp42,arhgap29
zfp42,bcat1
zfp42,mme
zfp42,itm2b
zfp42,zfp600
zfp42,abcc5
zfp42,frrs1
zfp42,cpm
zfp42,shisa5
zfp42,cdh1
zfp42,nr0b1
zfp42,krt18
zfp42,ctnnal1
zfp42,pdia3
zfp42,herpud1
zfp42,hspa5
zfp42,xbp1
zfp42,myl6
zfp42,eif2s2
zfp42,bex1
zfp42,hspa8
zfp42,eif4a2
zfp42,zfp987
zfp42,fbxo5
zfp42,itgav
zfp42,sri
zfp42,nasp
zfp42,prdx1
zfp42,sec23a
zfp42,p4hb
zfp42,edem1
zfp42,cr1l
zfp42,galk1
zfp42,rffl
zfp42,gfpt2
zfp42,cdipt
zfp42,nrg2
zfp42,tubb6
zfp42,morc4
zfp42,slc25a36
zfp42,nedd4
zfp42,nagk
zfp42,gls
zfp42,qdpr
zfp42,sat1
zfp42,hspb1
zfp42,commd3
zfp42,pdia6
zfp42,acadm
zfp42,tmem144
zfp42,d230025d16rik
zfp42,tspan4
zfp42,mt2
zfp42,lama1
zfp42,kdm5b
zfp42,cald1
zfp42,mfsd1
zfp42,klf6
zfp42,kdelr2
zfp42,hsf2bp
zfp42,calr
zfp42,cbx7
zfp42,bex3
zfp42,tfcp2l1
zfp42,pfkl
zfp42,lrpap1
zfp42,klf3
zfp42,jpt1
zfp42,hist1h3h
zfp42,pcna
zfp42,amfr
zfp42,uchl1
zfp42,eps8
zfp42,rbpj
zfp42,peg3
zfp42,rasgrp2
zfp42,rbm38
zfp42,msmo1
zfp42,gsr
zfp42,bag2
zfp42,crtap
zfp42,hist1h1b
zfp42,prps2
zfp42,rnpep
zfp42,pdcd6ip
zfp42,nfya
zfp42,ctsd
zfp42,tmem231
zfp42,mdm2
zfp42,rbms1
zfp42,pcolce2
zfp42,slc25a5
zfp42,dnajc10
zfp42,surf4
zfp42,slc9a6
zfp42,khdc3
zfp42,hist1h2af
zfp42,2410141k09rik
zfp42,lrrc1
zfp42,ildr1
zfp42,itga6
zfp42,fabp3
zfp42,cobll1
zfp42,cdca7
zfp42,p4ha1
zfp42,fndc3a
zfp42,spp1
zfp42,hook1
zfp42,fahd2a
zfp42,eda2r
zfp42,resf1
zfp42,hirip3
zfp42,copa
zfp42,plod2
zfp42,pfas
zfp42,gnpda1
zfp42,car2
zfp42,cth
zfp42,rrbp1
zfp42,ggta1
zfp42,vegfa
zfp42,smarca2
zfp42,plscr1
zfp42,anxa5
zfp42,uap1
zfp42,tgif1
zfp42,plekha7
zfp42,icam1
zfp42,erp29
zfp42,pros1
zfp42,msh6
zfp42,srprb
zfp42,retreg2
zfp42,pitpnc1
zfp42,timp2
zfp42,zfp57
zfp42,mapkapk2
zfp42,carmil1
zfp42,tmem165
zfp42,pttg1ip
zfp42,tpm1
zfp42,spry4
zfp42,me1
zfp42,mcm6
zfp42,dusp6
zfp42,nsmaf
zfp42,gabarapl1
zfp42,rpn1
zfp42,hist1h1d
zfp42,asah1
zfp42,usp3
zfp42,rev1
zfp42,chst15
zfp42,utf1
zfp42,lrrk1
zfp42,flrt3
zfp42,bmper
zfp42,shkbp1
zfp42,msl3
zfp42,ilk
zfp42,btg2
zfp42,lpcat1
zfp42,tle1
zfp42,pipox
zfp42,pdia4
zfp42,mpp1
zfp42,hyou1
zfp42,gga2
zfp42,zyx
zfp42,zic3
zfp42,slc16a1
zfp42,f3
zfp42,cdc20
zfp42,plod3
zfp42,st3gal6
zfp42,tcf15
zfp42,arf4
zfp42,idi1
zfp42,krt19
zfp42,acp6
zfp42,senp3
zfp42,lrrc8d
zfp42,lamb1
zfp42,b2m
zfp42,selenok
zfp42,sec61a1
zfp42,dkk1
zfp42,ctsl
zfp42,gng10
zfp42,sdcbp
zfp42,nktr
zfp42,myo6
zfp42,gldc
zfp42,fgf10
zfp42,tdh
zfp42,nipsnap1
zfp42,lamc1
zfp42,ghr
zfp42,eed
zfp42,dusp9
zfp42,chn2
zfp42,tpx2
zfp42,stxbp2
zfp42,pltp
zfp42,hsp90b1
zfp42,tmem9
zfp42,spns2
zfp42,suz12
zfp42,pxdn
zfp42,gdpd5
zfp42,akr1b3
zfp42,tubb4b
zfp42,sinhcaf
zfp42,hmga1b
zfp42,hmga1
zfp42,camsap3
zfp42,arhgap21
zfp42,stmn1
zfp42,rif1
zfp42,lamp1
zfp42,fgfr3
zfp42,socs2
zfp42,gcnt1
zfp42,cst3
zfp42,ssr3
zfp42,pdia5
zfp42,mymx
zfp42,jam2
zfp42,enah
zfp42,msc
zfp42,myc
zfp42,apaf1
zfp42,ddx21
zfp42,mybl2
zfp42,epha2
zfp42,txndc5
zfp42,ttc7
zfp42,rdm1
zfp42,phldb2
zfp42,etv5
zfp42,hip1
zfp42,elovl6
zfp42,plk2
zfp42,lrp2
zfp42,ier2
zfp42,ddah1
zfp42,sox2
zfp42,selenow
zfp42,p3h2
zfp42,lama5
zfp42,hs3st1
zfp42,gclm
zfp42,arhgef5
zfp42,klf2
zfp42,marc2
zfp42,phlda3
zfp42,impdh1
zfp42,epha4
zfp42,cited2
zfp42,pik3r1
zfp42,nup210
zfp42,msantd3
zfp42,htra1
zfp42,gnptab
zfp42,ctbp2
zfp42,kpna2
zfp42,klf4
zfp42,serpine2
zfp42,fst
zfp42,dnajc3
zfp42,cers4
zfp42,zfp710
zfp42,sdf2l1
zfp42,ifitm2
zfp42,got1
zfp42,fam234a
zfp42,tmsb4x
zfp42,tceal9
zfp42,retreg1
zfp42,pdk1
zfp42,patj
zfp42,bend5
zfp42,vamp8
zfp42,tcl1
zfp42,pde4dip
zfp42,manf
zfp42,ccne1
zfp42,cachd1
zfp42,tubb2b
zfp42,tpm4
zfp42,nrg1
zfp42,gsta4
zfp42,gprc5c
zfp42,ect2
zfp42,dab2
zfp42,adam19
zfp42,s100a6
zfp42,nanog
zfp42,igfbp2
zfp42,fn1
zfp42,ppib
zfp42,lgals3
zfp42,foxh1
zfp42,dap
zfp42,calu
zfp42,rbm47
zfp42,parp1
zfp42,lamb2
zfp42,hells
zfp42,ctsz
zfp42,fzr1
zfp42,cotl1
zfp42,ank
zfp42,npl
zfp42,cdh6
zfp42,soat1
zfp42,podxl
zfp42,kcng1
zfp42,adam23
zfp42,tmed2
zfp42,rbpms2
zfp42,trim28
zfp42,shroom3
zfp42,rab11a
zfp42,psap
zfp42,phc1
zfp42,fgfr4
zfp42,dpp4
zfp42,pgd
zfp42,parva
zfp42,man1a
zfp42,alpl
zfp57,snurf
zfp57,peg3
zfp57,sfi1
zfp57,rpl39l
zfp57,crtap
zfp57,bcat1
zfp57,car4
zfp57,pde4dip
zfp57,hist1h2bk
zfp57,tpm1
zfp57,frmd4a
zfp57,myo6
zfp57,manba
zfp57,adam15
zfp57,pxdn
zfp57,rpn1
zfp57,khdc3
zfp57,enah
zfp57,sinhcaf
zfp57,slc25a36
zfp57,ddah1
zfp57,cstb
zfp57,lamc1
zfp57,gga2
zfp57,p3h1
zfp57,rrm2
zfp57,cited2
zfp57,cst3
zfp57,spock1
zfp57,kcng1
zfp57,fat1
zfp57,vim
zfp57,hspa5
zfp57,timp2
zfp57,rbpms2
zfp57,marc2
zfp57,slc26a10
zfp57,htra1
zfp57,fgf4
zfp57,ccn2
zfp57,herpud1
zfp57,mkrn1
zfp57,rnpep
zfp57,igfbp2
zfp57,rab3il1
zfp57,bnip3
zfp57,hook1
zfp57,5031439g07rik
zfp57,insig1
zfp57,zfp57
zfp57,hsph1
zfp57,qdpr
zfp57,pgd
zfp57,pdcd6ip
zfp57,ctdspl
zfp57,hist1h2af
zfp57,rnf157
zfp57,adam19
zfp57,cdca7
zfp57,slc16a1
zfp57,akap12
zfp57,msc
zfp57,ctsz
zfp57,rtn1
zfp57,app
zfp57,sh3pxd2b
zfp57,lrp2
zfp57,sri
zfp57,hist1h2ac
zfp57,ndrg1
zfp57,igf2
zfp57,gfpt1
zfp57,pmm1
zfp57,echdc2
zfp57,ctnnal1
zfp57,st3gal6
zfp57,nfya
zfp57,ehd1
zfp57,uchl1
zfp57,sec31a
zfp57,pcsk6
zfp57,calm1
zfp57,ank
zfp57,vkorc1
zfp57,tinagl1
zfp57,tfeb
zfp57,phc1
zfp57,gsn
zfp57,tmem165
zfp57,sema4c
zfp57,sdf2l1
zfp57,pcbd1
zfp57,cachd1
zfp57,gldc
zfp57,wdfy1
zfp57,srprb
zfp57,tcf7l2
zfp57,mov10
zfp57,tcf15
zfp57,grb10
zfp57,mcfd2
zfp57,galnt2
zfp57,eif4a2
zfp57,tfrc
zfp57,edem1
zfp57,fam129b
zfp57,utf1
zfp57,plekha7
zfp57,etv4
zfp57,mfsd1
zfp57,alpl
zfp57,cpm
zfp57,ifrd1
zfp57,gng10
zfp57,nusap1
zfp57,ccnb2
zfp57,arf4
zfp57,sun1
zfp57,selenos
zfp57,gorasp2
zfp57,cltc
zfp57,spns2
zfp57,slc7a5
zfp57,hspg2
zfp57,asah1
zfp57,pdia3
zfp57,cryab
zfp57,retreg2
zfp57,runx1
zfp57,pttg1ip
zfp57,gcnt1
zfp57,l1td1
zfp57,arhgap29
zfp57,snx2
zfp57,glipr2
zfp57,adgre5
zfp57,p3h2
zfp57,hells
zfp57,colgalt1
zfp57,vangl1
zfp57,shisa5
zfp57,acp6
zfp57,klf3
zfp57,esrrb
zfp57,tpd52
zfp57,p4ha2
zfp57,lama1
zfp57,kpna2
zfp57,hsp90aa1
zfp57,itga6
zfp57,lamp1
zfp57,bag2
zfp57,oplah
zfp57,manf
zfp57,slc1a5
zfp57,erp29
zfp57,cemip
zfp57,cd9
zfp57,itpk1
zfp57,sox2
zfp57,dusp3
zfp57,lrrc1
zfp57,trim28
zfp57,slc35f5
zfp57,gabarapl2
zfp57,tgfbr3
zfp57,rbms1
zfp57,ildr1
zfp57,myo5b
zfp57,apaf1
zfp57,usp3
zfp57,pdk1
zfp57,2200002d01rik
zfp57,abhd5
zfp57,rbm38
zfp57,pfkl
zfp57,gnptab
zfp57,srm
zfp57,txndc5
zfp57,jpt1
zfp57,hs3st1
zfp57,cdc42se2
zfp57,ppp2r5a
zfp57,cyba
zfp57,amfr
zfp57,tubb4b
zfp57,tmem214
zfp57,hist1h2bn
zfp57,hist1h2ak
zfp57,rhpn1
zfp57,podxl
zfp57,atg16l2
zfp57,rev1
zfp57,cotl1
zfp57,stag3
zfp57,pdia6
zfp57,mtcl1
zfp57,icam1
zfp57,hdlbp
zfp57,fbxo5
zfp57,kdelr2
zfp57,krt18
zfp57,tmem231
zfp57,serpine2
zfp57,kat6b
zfp57,hsp90b1
zfp57,chn2
zfp57,gas6
zfp57,hspb1
zfp57,sox7
zfp57,hist1h4k
zfp57,d230025d16rik
zfp57,upp1
zfp57,spc25
zfp57,nasp
zfp57,dnmt3a
zfp57,slc6a6
zfp57,rbpj
zfp57,actg1
zfp57,pofut2
zfp57,nedd4
zfp57,lama5
zfp57,acadm
zfp57,gnas
zfp57,dusp6
zfp57,col27a1
zfp57,dnajc10
zfp57,tex264
zfp57,uap1
zfp57,plxnb2
zfp57,ttc7
zfp57,nrg1
zfp57,fam102a
zfp57,tax1bp3
zfp57,creb3l2
zfp57,ccnd3
zfp57,rmc1
zfp57,bex4
zfp57,epha2
zfp57,emp2
zfp57,glul
zfp57,senp3
zfp57,rrbp1
zfp57,ccnd1
zfp57,phldb2
zfp57,s100a6
zfp57,chst15
zfp57,pik3r1
zfp57,cdc20
zfp57,man1a
zfp57,trim2
zfp57,nagk
zfp57,itgav
zfp57,hmces
zfp57,fgf3
zfp57,hist1h1d
zfp57,zfp532
zfp57,fahd2a
zfp57,ckap4
zfp57,car2
zfp57,ubald2
zfp57,odc1
zfp57,ly6e
zfp57,f2r
zfp57,tmem9
zfp57,tcea3
zfp57,sec23a
zfp57,oat
zfp57,ctsl
zfp57,pdcd4
zfp57,atp13a3
zfp57,setx
zfp57,msh2
zfp57,anxa5
zfp57,tpm4
zfp57,bend5
zfp57,akr1b3
zfp57,mfge8
zfp57,pdia5
zfp57,pdgfa
zfp57,anp32a
zfp57,mybl2
zfp57,itga9
zfp57,hist1h2bf
zfp57,hist1h3h
zfp57,cobl
zfp57,aqp3
zfp57,rbm47
zfp57,itm2b
zfp57,cdkn1a
zfp57,tgif1
zfp57,rif1
zfp57,myh9
zfp57,lifr
zfp57,bmper
zfp57,tdh
zfp57,stard8
zfp57,phlda3
zfp57,patj
zfp57,mtf2
zfp57,msmo1
zfp57,fgf10
zfp57,ect2
zfp57,4930402h24rik
zfp57,iqsec1
zfp57,crip2
zfp57,cndp2
zfp57,slc7a6
zfp57,nup210
zfp57,nfxl1
zfp57,lrrk1
zfp57,actl6a
zfp57,notum
zfp57,pafah1b3
zfp57,mme
zfp57,kat2b
zfp57,sgk1
zfp57,rras2
zfp57,stard10
zfp57,sdcbp
zfp57,rpp25
zfp57,kit
zfp57,rab11a
zfp57,xbp1
zfp57,retreg1
zfp57,pth1r
zfp57,pitpnc1
zfp57,dusp9
zfp57,col4a2
zfp57,col4a1
zfp57,top2a
zfp57,plk2
zfp57,pdia4
zfp57,nfatc2ip
zfp57,impdh1
zfp57,hist1h2bl
zfp57,hist1h2ai
zfp57,ggta1
zfp57,bex1
zfp57,ubqln2
zfp57,selenow
zfp57,parvb
zfp57,ltbp4
zfp57,tmed2
zfp57,p3h4
zfp57,tspan4
zfp57,surf4
zfp57,mylpf
zfp57,kdelr3
zfp57,id3
zfp57,gls
zfp57,etl4
zfp57,psme2
zfp57,lgals3
zfp57,arpc1b
zfp57,sec24d
zfp57,mdm2
zfp57,cd63
zfp57,p4hb
zfp57,nipsnap1
zfp57,fam83d
zfp57,socs2
zfp57,dnajc3
zfp57,cenpv
zfp57,wdr1
zfp57,tmem59
zfp57,ckb
zfp57,spry4
zfp57,tnk2
zfp57,gclm
zfp57,shroom3
zfp57,rffl
zfp57,resf1
zfp57,prdx1
zfp57,lad1
zfp57,ilk
zfp57,dcxr
zfp57,carhsp1
zfp57,sec61a1
zfp57,klf4
zfp57,gdpd5
zfp57,fndc3a
zfp57,commd3
zfp57,ampd2
zfp57,akt1
zfp57,krt8
zfp57,fdps
zfp57,ier2
zfp57,ulk1
zfp57,nrg2
zfp57,mymx
zfp57,egr1
zfp57,gnpda1
zfp57,ptpn14
zfp57,ldlrap1
zfp57,klf2
zfp57,slc20a1
zfp57,plod1
zfp57,nrf1
zfp57,gramd1a
zfp57,gpx3
zfp57,vsir
zfp57,foxh1
zfp57,pltp
zfp57,npl
zfp57,morc4
zfp57,cth
zfp57,arhgef5
zfp57,timp3
zfp57,parva
zfp57,obsl1
zfp57,ifitm3
zfp57,eva1a
zfp57,psap
zfp57,ccne1
zfp57,calr
zfp57,nid1
zfp57,etv5
zfp57,mapkapk2
zfp57,gaa
zfp57,lpcat1
zfp57,slc25a4
zfp57,bcl3
zfp57,ung
zfp57,plod2
zfp57,nsmaf
zfp57,ctsa
zfp57,chchd10
zfp57,tet1
zfp57,spry2
zfp57,soat1
zfp57,parp1
zfp57,tgm1
zfp57,rlim
zfp57,mcm6
zfp57,klf6
zfp57,eed
zfp57,dkk1
zfp57,cdipt
zfp57,anxa2
zfp57,zic3
zfp57,pdgfra
zfp57,ctbp2
zfp57,alg13
zfp57,tyro3
zfp57,cdh1
zfp57,bnc2
zfp57,cmklr1
zfp57,arfgap1
zfp57,neu1
zfp57,sun2
zfp57,pcolce2
zfp57,fkbp11
zfp57,tmed9
zfp57,pfkp
zfp57,lasp1
zfp57,kdm5b
zfp57,gprc5c
zfp57,lrpap1
zfp57,asns
zfp57,tfcp2l1
zfp57,tenm4
zfp57,prkab1
zfp57,cbx7
zfp57,atp1b1
zfp57,adam23
zfp57,hyou1
zfp57,csrp2
zfp57,appbp2
zfp57,ssr3
zfp57,ppib
zfp57,man1a2
zfp57,f3
zfp57,tet2
zfp57,slco3a1
zfp57,slc25a5
zfp57,prss35
zfp57,prps2
zfp57,msh6
zfp57,fn1
zfp57,fblim1
zfp57,eif2s2
zfp57,ube2c
zfp57,tle1
zfp57,slc17a9
zfp57,gsr
zfp57,calu
zfp57,basp1
zfp57,fzr1
zfp57,fgfr3
zfp57,amotl2
zfp57,vill
zfp57,mrps5
zfp57,galk1
zfp57,calm2
zfp57,slc6a8
zfp57,krt19
zfp57,efemp2
zfp57,ccnd2
zfp57,ranbp17
zfp57,fndc3b
zfp57,gfpt2
zfp57,foxq1
zfp57,stmn1
zfp57,lrrc8d
zfp57,isyna1
zfp57,camsap3
zfp57,tpx2
zfp57,p4ha1
zfp57,nr0b1
zfp57,morf4l2
zfp57,mcam
zfp57,ets1
zfp57,ccng1
zfp57,msi2
zfp57,msantd3
zfp57,ifitm2
zfp57,fabp3
zfp57,ddx21
zfp57,cobll1
zfp57,zyx
zfp57,zfp710
zfp57,me1
zfp57,dap
zfp57,carmil1
zfp57,lamb2
zfp57,mcm2
zfp57,hspa8
zfp57,btg2
zfp57,sms
zfp57,mdn1
zfp57,loxl2
zfp57,epas1
zfp57,dpp4
zfp57,cdh6
zfp57,ahcy
zfp57,tmem150a
zfp57,lamb1
zfp57,zfyve21
zfp57,slc38a2
zfp57,thbd
zfp57,zbtb10
zfp57,tspan9
zfp57,jam2
zfp57,eps8
zfp57,clic1
zfp57,smad7
zfp57,pdpn
zfp57,myo1c
zfp57,hk2
zfp57,apobec3
zfp57,snx1
zfp57,mcm10
zfp57,idi1
zfp57,ghr
zfp57,atp6v0b
zfp57,dtx1
zfp57,eps8l2
zfp57,aplp1
zfp57,plxna1
zfp57,plod3
zfp57,mt2
zfp57,lefty2
zfp57,kdm3a
zfp57,cnn2
zfp57,abcc5
zic3,pou5f1
zic3,rif1
zic3,stmn1
zic3,lama1
zic3,tpd52
zic3,shroom3
zic3,fbxo5
zic3,fndc3b
zic3,oplah
zic3,ndrg1
zic3,glul
zic3,slc38a2
zic3,tcl1
zic3,cst3
zic3,hspb1
zic3,sox2
zic3,zscan10
zic3,smad7
zic3,spry4
zic3,itm2b
zic3,msc
zic3,rbm47
zic3,itga9
zic3,msh6
zic3,tfeb
zic3,calm2
zic3,lrrc8d
zic3,tcea3
zic3,socs2
zic3,enah
zic3,ddah2
zic3,app
zic3,mt1
zic3,4930402h24rik
zic3,mov10
zic3,rbpj
zic3,patj
zic3,gabbr1
zic3,hip1
zic3,aqp3
zic3,p3h1
zic3,upp1
zic3,col27a1
zic3,sec24d
zic3,retreg1
zic3,sfi1
zic3,2410141k09rik
zic3,nanog
zic3,klf6
zic3,fahd2a
zic3,fam102a
zic3,rasgrp2
zic3,timp2
zic3,csrp2
zic3,lgmn
zic3,lifr
zic3,atp1b1
zic3,pipox
zic3,kat6b
zic3,slc25a5
zic3,sdc4
zic3,chst15
zic3,fgf4
zic3,apoe
zic3,gclm
zic3,tdh
zic3,rbbp7
zic3,ccn2
zic3,mcam
zic3,cd63
zic3,pdgfra
zic3,hmga1b
zic3,hmga1
zic3,slc25a36
zic3,icam1
zic3,plekha7
zic3,suz12
zic3,l1td1
zic3,pdk1
zic3,gramd1a
zic3,psap
zic3,bnc2
zic3,lefty1
zic3,zfp710
zic3,hmces
zic3,zfp532
zic3,nedd4
zic3,lrp2
zic3,pfkp
zic3,chchd10
zic3,xbp1
zic3,tubb2b
zic3,spp1
zic3,pafah1b3
zic3,pdcd4
zic3,ly6e
zic3,hdlbp
zic3,epha2
zic3,lrrc1
zic3,pdia5
zic3,acp6
zic3,ptpn14
zic3,anp32a
zic3,tfrc
zic3,pros1
zic3,jpt1
zic3,fn1
zic3,fblim1
zic3,mme
zic3,spry2
zic3,plxna1
zic3,lamb1
zic3,dennd2c
zic3,hist1h1d
zic3,phlda3
zic3,cobl
zic3,spns2
zic3,lama5
zic3,gsn
zic3,tspan9
zic3,mapkapk2
zic3,dusp9
zic3,ly6g6e
zic3,dnajc10
zic3,adgre5
zic3,txnip
zic3,wdfy1
zic3,srm
zic3,myo6
zic3,fabp3
zic3,rnpep
zic3,mdm2
zic3,gls
zic3,tinagl1
zic3,amotl2
zic3,kat2b
zic3,mylpf
zic3,galk1
zic3,rbm38
zic3,tyro3
zic3,tagln2
zic3,gprc5c
zic3,ctsl
zic3,cltc
zic3,calm1
zic3,rpl39l
zic3,etv4
zic3,carmil1
zic3,s100a6
zic3,tnk2
zic3,sox7
zic3,tpm1
zic3,chn2
zic3,pcolce2
zic3,lamc1
zic3,mtf2
zic3,car2
zic3,vsir
zic3,rcc2
zic3,myo5b
zic3,anxa2
eed,bmp4
eed,bmper
eed,car4
eed,ccnd2
eed,cited1
eed,col27a1
eed,col4a1
eed,col4a2
eed,ctdspl
eed,cyp26a1
eed,dkk1
eed,epas1
eed,fgf3
eed,fgfr3
eed,foxq1
eed,gata4
eed,gata6
eed,gdpd5
eed,hs3st1
eed,id3
eed,igf2
eed,myc
eed,pdgfra
eed,podxl
eed,serpine2
eed,smarca2
eed,sox7
eed,stag3
eed,thbd
eed,tpm1
eed,zfpm1
esrrb,1810032o08rik
esrrb,abhd5
esrrb,actl6a
esrrb,adam23
esrrb,agpat4
esrrb,ahnak
esrrb,akt1
esrrb,alg13
esrrb,alpl
esrrb,anp32a
esrrb,anxa2
esrrb,aplp1
esrrb,aqp3
esrrb,arfgap1
esrrb,arpc1b
esrrb,ass1
esrrb,bag2
esrrb,basp1
esrrb,bex1
esrrb,bmp4
esrrb,bsg
esrrb,btg2
esrrb,calm1
esrrb,calm2
esrrb,carhsp1
esrrb,ccnb2
esrrb,ccnd2
esrrb,cd63
esrrb,cd9
esrrb,cdca7
esrrb,cdkn1a
esrrb,cfc1
esrrb,ckap4
esrrb,clic1
esrrb,cnn2
esrrb,col4a2
esrrb,commd3
esrrb,cpm
esrrb,creb3
esrrb,creb3l2
esrrb,crtap
esrrb,csrp1
esrrb,ctdspl
esrrb,ctsd
esrrb,ctsz
esrrb,cul7
esrrb,cyp26a1
esrrb,d230025d16rik
esrrb,ddah1
esrrb,ddit3
esrrb,ddx21
esrrb,dtx1
esrrb,dusp3
esrrb,dusp6
esrrb,echdc2
esrrb,efemp2
esrrb,egr1
esrrb,ehd1
esrrb,ehmt2
esrrb,elf3
esrrb,erp29
esrrb,esrrb
esrrb,etv5
esrrb,f2r
esrrb,fam102a
esrrb,fbxo5
esrrb,fdps
esrrb,fgf3
esrrb,fgf4
esrrb,fgfr3
esrrb,fndc3b
esrrb,foxh1
esrrb,fst
esrrb,fxyd3
esrrb,fxyd6
esrrb,fzr1
esrrb,gabarapl2
esrrb,galk1
esrrb,gja1
esrrb,gjb3
esrrb,glipr2
esrrb,glul
esrrb,gm10039
esrrb,gnptab
esrrb,gorasp2
esrrb,gpa33
esrrb,gprc5c
esrrb,gramd1a
esrrb,grb10
esrrb,gsr
esrrb,hirip3
esrrb,hkdc1
esrrb,hmga1
esrrb,hook1
esrrb,hsp90aa1
esrrb,hspg2
esrrb,hsph1
esrrb,htra1
esrrb,hyou1
esrrb,ifi30
esrrb,ifitm2
esrrb,ifitm3
esrrb,ilk
esrrb,impdh1
esrrb,isyna1
esrrb,itgav
esrrb,itm2b
esrrb,jam2
esrrb,jarid2
esrrb,kank3
esrrb,kat2b
esrrb,kdelr3
esrrb,kdm5b
esrrb,kit
esrrb,klf2
esrrb,klf3
esrrb,krt18
esrrb,krt42
esrrb,krtcap2
esrrb,l1td1
esrrb,lad1
esrrb,lamb2
esrrb,lamc1
esrrb,laptm5
esrrb,ldlrap1
esrrb,lefty2
esrrb,lgals3
esrrb,lrrc8d
esrrb,ltbp4
esrrb,mapkapk2
esrrb,marcks
esrrb,mcam
esrrb,mcfd2
esrrb,mov10
esrrb,mras
esrrb,mt2
esrrb,mybl2
esrrb,myc
esrrb,mycn
esrrb,nphs1
esrrb,obsl1
esrrb,odc1
esrrb,parp1
esrrb,pdcd6ip
esrrb,pdgfa
esrrb,pdgfra
esrrb,pfkp
esrrb,pga5
esrrb,phlda3
esrrb,phldb2
esrrb,pitpnc1
esrrb,pla2g1b
esrrb,plaur
esrrb,plscr1
esrrb,pnp
esrrb,podxl
esrrb,pofut2
esrrb,ppib
esrrb,ptpn14
esrrb,pttg1ip
esrrb,rab3il1
esrrb,rcc2
esrrb,rhpn1
esrrb,rnf157
esrrb,rpl22l1
esrrb,rrm2
esrrb,runx1
esrrb,sdc4
esrrb,sec24d
esrrb,sema4c
esrrb,senp3
esrrb,setx
esrrb,slc17a9
esrrb,slc25a36
esrrb,slc38a2
esrrb,slc6a8
esrrb,slc7a5
esrrb,slc7a6
esrrb,snhg3
esrrb,snora17
esrrb,snora26
esrrb,snora62
esrrb,snord32a
esrrb,snord35b
esrrb,snord83b
esrrb,snord93
esrrb,soat1
esrrb,socs2
esrrb,sox2
esrrb,sox7
esrrb,srprb
esrrb,ssr3
esrrb,st3gal6
esrrb,stard10
esrrb,suz12
esrrb,tbx3
esrrb,tex264
esrrb,tgfbr3
esrrb,timp2
esrrb,tmem214
esrrb,tmsb4x
esrrb,tns4
esrrb,tpm1
esrrb,tpm4
esrrb,tpx2
esrrb,trh
esrrb,trp53
esrrb,tubb2b
esrrb,tubb6
esrrb,ube2s
esrrb,uchl1
esrrb,uhrf1
esrrb,ulk1
esrrb,usp3
esrrb,utf1
esrrb,vangl1
esrrb,vim
esrrb,zc3h7a
esrrb,zfp462
esrrb,zyx
jarid2,etv4
jarid2,lifr
jarid2,plat
jarid2,tinagl1
jarid2,ube2c
klf2,bmp4
klf2,bnip3
klf2,cdkn1a
klf2,dnmt3a
klf2,jarid2
klf2,klf2
klf2,klf4
klf2,lefty1
klf2,lefty2
klf2,mkrn1
klf2,nanog
klf2,pdgfra
klf2,phc1
klf2,pla2g1b
klf2,rpn1
klf2,sox2
klf2,tcf15
klf2,zic3
klf4,1810032o08rik
klf4,aars
klf4,acp6
klf4,adam19
klf4,ahcy
klf4,ahnak
klf4,akap12
klf4,anp32a
klf4,bcat1
klf4,bcl3
klf4,bmp4
klf4,bmper
klf4,cbx7
klf4,ccnb1
klf4,ccnd1
klf4,ccnd2
klf4,cd9
klf4,cfc1
klf4,ckb
klf4,clic1
klf4,col4a1
klf4,col4a2
klf4,cox7a1
klf4,csrp1
klf4,ctbp2
klf4,cth
klf4,cyp26a1
klf4,ddx21
klf4,dkk1
klf4,dppa4
klf4,dusp6
klf4,echdc2
klf4,ect2
klf4,efemp2
klf4,eif2s2
klf4,elf3
klf4,elovl6
klf4,emp2
klf4,epha2
klf4,fgf3
klf4,fn1
klf4,gabarapl2
klf4,gata4
klf4,gata6
klf4,gga2
klf4,gja1
klf4,gjb3
klf4,gpa33
klf4,gprc5c
klf4,hist1h1a
klf4,hist1h1b
klf4,hist1h2bf
klf4,hist1h3h
klf4,htra1
klf4,hyou1
klf4,icam1
klf4,id2
klf4,id3
klf4,ifitm2
klf4,ifitm3
klf4,igf2
klf4,igfbp2
klf4,insig1
klf4,kdelr3
klf4,kit
klf4,klf2
klf4,klf6
klf4,krt17
klf4,krt42
klf4,ldhb
klf4,lefty2
klf4,lrrc2
klf4,ly6e
klf4,ly75
klf4,mcm2
klf4,mov10
klf4,msh2
klf4,mt1
klf4,myc
klf4,mycn
klf4,nphs1
klf4,pde4dip
klf4,pdgfa
klf4,pdgfra
klf4,pla2g1b
klf4,pml
klf4,rpl22l1
klf4,sdf2l1
klf4,slc25a36
klf4,slc35f5
klf4,smad7
klf4,sms
klf4,snurf
klf4,sox17
klf4,sox2
klf4,susd2
klf4,tcf15
klf4,tgif1
klf4,thbd
klf4,trh
klf4,ulk1
klf4,ung
klf4,utf1
klf4,zc3h7a
klf4,zfp532
klf4,zfp57
klf4,zic3
myc,1810032o08rik
myc,2810025m15rik
myc,4930402h24rik
myc,aars
myc,abcc5
myc,acadm
myc,acp6
myc,actg1
myc,actl6a
myc,adam23
myc,agpat4
myc,ahcy
myc,akap12
myc,akr1b3
myc,alg13
myc,amfr
myc,ampd2
myc,anp32a
myc,apobec3
myc,apoe
myc,appbp2
myc,aqp3
myc,arf4
myc,ass1
myc,atp1b1
myc,atp6v0b
myc,bag2
myc,basp1
myc,bcat1
myc,bmp4
myc,btg2
myc,bub1b
myc,calm2
myc,calr
myc,calu
myc,cbx7
myc,ccnb1
myc,ccnd1
myc,ccnd2
myc,ccnd3
myc,ccne1
myc,ccng1
myc,cd63
myc,cdc20
myc,cdca7
myc,cdh1
myc,cdipt
myc,cdkn1a
myc,chn2
myc,cited2
myc,ckb
myc,cldn6
myc,cltc
myc,cobl
myc,col27a1
myc,creb3l2
myc,crip2
myc,crtap
myc,cst3
myc,ctbp2
myc,ctsd
myc,ctsl
myc,ctsz
myc,cul7
myc,d230025d16rik
myc,ddah1
myc,ddit3
myc,ddx21
myc,dkc1
myc,dusp6
myc,dusp9
myc,ect2
myc,eda2r
myc,eed
myc,ehd1
myc,ehmt2
myc,eif2s2
myc,eif4a2
myc,elf3
myc,elovl6
myc,enah
myc,epha2
myc,erp29
myc,etv4
myc,etv5
myc,f3
myc,fabp3
myc,fahd2a
myc,fbp2
myc,fbxo15
myc,fbxo5
myc,fdps
myc,fkbp11
myc,flrt3
myc,fn1
myc,fndc3a
myc,foxh1
myc,fxyd6
myc,fzr1
myc,gaa
myc,gabarap
myc,gabarapl1
myc,gabarapl2
myc,galk1
myc,gata6
myc,gclm
myc,gcnt1
myc,gfpt1
myc,gfpt2
myc,gga2
myc,gja1
myc,gjb3
myc,gldc
myc,gls
myc,glul
myc,gnas
myc,gnptab
myc,gorasp2
myc,got1
myc,gprc5c
myc,grb10
myc,gsr
myc,gsta4
myc,hdlbp
myc,hells
myc,herpud1
myc,hirip3
myc,hist1h1b
myc,hist1h1d
myc,hist1h2ac
myc,hist1h2af
myc,hist1h2ai
myc,hist1h2ak
myc,hist1h2bk
myc,hist1h2bl
myc,hist1h2bn
myc,hist1h3h
myc,hk2
myc,hmga1
myc,hsd17b14
myc,hsp90aa1
myc,hsp90b1
myc,hspa5
myc,hspa8
myc,hspb1
myc,hyou1
myc,icam1
myc,id2
myc,id3
myc,ier2
myc,ifi30
myc,ifitm1
myc,ifitm2
myc,ifitm3
myc,ifrd1
myc,igfbp2
myc,ilk
myc,impdh1
myc,insig1
myc,isyna1
myc,itga6
myc,itpk1
myc,jarid2
myc,kit
myc,klf2
myc,klf4
myc,kpna2
myc,krt42
myc,krtcap2
myc,l1td1
myc,lamc1
myc,lamp1
myc,lasp1
myc,ldhb
myc,lefty2
myc,lifr
myc,lrrc2
myc,lrrc8d
myc,ltbp4
myc,ly6e
myc,ly6g6e
myc,man1a2
myc,manba
myc,marcks
myc,mcfd2
myc,mcm10
myc,mcm2
myc,mcm6
myc,mdk
myc,mdm2
myc,mdn1
myc,mgst3
myc,mkrn1
myc,morf4l2
myc,mras
myc,mrps5
myc,msh2
myc,msh6
myc,msi2
myc,mt1
myc,mt2
myc,mtf2
myc,mybl2
myc,mycn
myc,mylpf
myc,myo1c
mycn,aars
myc,nagk
mycn,akap12
mycn,alg13
mycn,amfr
mycn,ampd2
myc,nasp
mycn,ass1
mycn,bsg
mycn,btg2
mycn,calm1
mycn,calm2
mycn,ccnb1
mycn,ccne1
mycn,ccng1
mycn,cdc20
mycn,cdh1
mycn,cdipt
mycn,cited2
mycn,ckap4
mycn,cltc
mycn,ctbp2
mycn,d230025d16rik
mycn,dap
mycn,ddah1
mycn,ddit3
mycn,ect2
myc,nedd4
mycn,ehd1
mycn,ehmt2
mycn,eif4a2
mycn,elovl6
mycn,enah
mycn,fabp3
mycn,fbxo5
mycn,fn1
mycn,fndc3a
mycn,fndc3b
mycn,foxh1
myc,nfxl1
myc,nfya
mycn,gabarap
mycn,gclm
mycn,gfpt1
mycn,gls
mycn,gnptab
mycn,hdlbp
mycn,herpud1
mycn,hip1
mycn,hsp90aa1
mycn,hyou1
mycn,idi1
mycn,ifrd1
mycn,igfbp2
mycn,ilk
myc,nipsnap1
mycn,jam2
mycn,kit
mycn,lamc1
mycn,ldhb
mycn,lefty1
mycn,lrrc1
mycn,lrrc2
mycn,lrrc8d
mycn,mcfd2
mycn,mkrn1
mycn,morf4l2
mycn,mrps5
mycn,msh2
mycn,msh6
mycn,msi2
mycn,mt1
mycn,mtf2
mycn,mycn
mycn,nanog
mycn,nasp
mycn,nfxl1
mycn,nipsnap1
mycn,nrf1
mycn,nup210
mycn,odc1
mycn,p4ha2
mycn,p4hb
mycn,parp1
mycn,pcna
mycn,pgd
mycn,phlda3
mycn,pitpnc1
mycn,prdx4
mycn,prkab1
mycn,rab3il1
mycn,rcc2
mycn,rev1
myc,nrf1
mycn,rif1
mycn,rrm2
mycn,sat1
mycn,sdc4
mycn,sec61a1
mycn,senp3
mycn,slc16a1
mycn,slc20a1
mycn,slc7a5
mycn,smad7
myc,nsmaf
mycn,socs2
mycn,sox2
mycn,srm
mycn,srprb
mycn,stag3
mycn,stmn1
mycn,suz12
mycn,tax1bp3
mycn,tcf15
mycn,tcl1
mycn,tfrc
mycn,tmed2
mycn,tnk2
mycn,top2a
mycn,tpx2
mycn,trim2
mycn,ube2c
mycn,ube2s
myc,nusap1
mycn,wdfy1
mycn,xbp1
mycn,zfp57
myc,odc1
myc,p4ha1
myc,p4hb
myc,pafah1b3
myc,parp1
myc,pcna
myc,pcolce
myc,pcolce2
myc,pdgfa
myc,pdia4
myc,pdia5
myc,pdia6
myc,pdk1
myc,pfkl
myc,pfkp
myc,pgd
myc,phc1
myc,phlda3
myc,plod3
myc,plscr1
myc,pltp
myc,pmm1
myc,podxl
myc,pofut2
myc,ppib
myc,prdx1
myc,prkab1
myc,ptpn14
myc,qdpr
myc,rab11a
myc,ranbp17
myc,rasgrp2
myc,rbbp7
myc,rbm38
myc,rcc2
myc,rdm1
myc,renbp
myc,rev1
myc,rhpn1
myc,rnpep
myc,rpl22l1
myc,rpn1
myc,rpp25
myc,rrm2
myc,sdf2l1
myc,sec23a
myc,sec61a1
myc,senp3
myc,sfmbt2
myc,shkbp1
myc,shroom3
myc,slc16a1
myc,slc1a5
myc,slc20a1
myc,slc25a36
myc,slc25a5
myc,slc35f5
myc,slc38a2
myc,slc5a11
myc,slc6a6
myc,slc7a3
myc,slc7a5
myc,slc7a6
myc,smad7
myc,sms
myc,soat1
myc,socs2
myc,sox17
myc,sox2
myc,spry2
myc,srm
myc,srprb
myc,stag3
myc,stmn1
myc,suz12
myc,tagln2
myc,tbx3
myc,tcea3
myc,tcf15
myc,tcf7l2
myc,tcl1
myc,tdh
myc,tex264
myc,tfrc
myc,tgif1
myc,timp2
myc,tle1
myc,tmed2
myc,tmed9
myc,tmem165
myc,tmem9
myc,top2a
myc,tpd52
myc,tpm4
myc,tpx2
myc,trh
myc,trim28
myc,trp53
myc,tspan4
myc,ttc7
myc,tuba4a
myc,tubb2b
myc,txndc12
myc,txndc5
myc,txnip
myc,ube2c
myc,ube2s
myc,ubqln2
myc,uchl1
myc,uhrf1
myc,ulk1
myc,ung
myc,upp1
myc,utf1
myc,vegfa
myc,vkorc1
myc,wdfy1
myc,xbp1
myc,zc3h7a
myc,zfp42
myc,zfp532
myc,zfp710
myc,zic3
myc,zscan10
nanog,1810032o08rik
nanog,2810025m15rik
nanog,adamts9
nanog,ahnak
nanog,akr1b8
nanog,amot
nanog,cfc1
nanog,csrp1
nanog,gpa33
nanog,ier2
nanog,ifitm2
nanog,lefty2
nanog,maged1
nanog,myo18a
nanog,myo7a
nanog,ndrg4
nanog,nphs1
nanog,pdgfa
nanog,pla2g1b
nanog,slc45a4
nanog,slc5a11
nanog,spock1
nanog,tgm1
nanog,vill
nanog,zfp462
nr0b1,abcc5
nr0b1,acadm
nr0b1,actg1
nr0b1,adam19
nr0b1,akap12
nr0b1,anp32a
nr0b1,apoe
nr0b1,aqp3
nr0b1,asns
nr0b1,ass1
nr0b1,atp1b1
nr0b1,atp6v0b
nr0b1,basp1
nr0b1,bcam
nr0b1,bmp4
nr0b1,btg2
nr0b1,calr
nr0b1,cbx7
nr0b1,ccne1
nr0b1,cdh1
nr0b1,cdkn1a
nr0b1,cfc1
nr0b1,cited2
nr0b1,ckb
nr0b1,cltc
nr0b1,cobl
nr0b1,cobll1
nr0b1,col4a2
nr0b1,creb3
nr0b1,csrp1
nr0b1,ctbp2
nr0b1,ddah1
nr0b1,ddah2
nr0b1,ddit3
nr0b1,dennd2c
nr0b1,dnmt3a
nr0b1,dusp3
nr0b1,dusp6
nr0b1,echdc2
nr0b1,ect2
nr0b1,ehd1
nr0b1,epha2
nr0b1,epha4
nr0b1,eps8l2
nr0b1,etv5
nr0b1,fgf4
nr0b1,flrt3
nr0b1,fn1
nr0b1,foxh1
nr0b1,gabbr1
nr0b1,gata6
nr0b1,gjb3
nr0b1,glul
nr0b1,got1
nr0b1,gpa33
nr0b1,hells
nr0b1,hist1h1a
nr0b1,hmga1
nr0b1,hspa5
nr0b1,id3
nr0b1,ifitm2
nr0b1,itgav
nr0b1,itpk1
nr0b1,jarid2
nr0b1,kit
nr0b1,klf2
nr0b1,krt17
nr0b1,krt42
nr0b1,lama1
nr0b1,laptm5
nr0b1,lasp1
nr0b1,lefty1
nr0b1,lefty2
nr0b1,lrrc2
nr0b1,ly75
nr0b1,mapkapk2
nr0b1,mgst3
nr0b1,mme
nr0b1,mov10
nr0b1,mras
nr0b1,msc
nr0b1,msh6
nr0b1,msi2
nr0b1,mt1
nr0b1,mybl2
nr0b1,mycn
nr0b1,myh9
nr0b1,ndrg4
nr0b1,nr0b1
nr0b1,pafah1b3
nr0b1,parp1
nr0b1,parvb
nr0b1,pdgfa
nr0b1,pdia5
nr0b1,pdk1
nr0b1,pdpn
nr0b1,pfkp
nr0b1,pipox
nr0b1,plscr1
nr0b1,pltp
nr0b1,pou5f1
nr0b1,psap
nr0b1,pttg1ip
nr0b1,rab3il1
nr0b1,rasgrp2
nr0b1,rbbp7
nr0b1,rbpms2
nr0b1,rpp25
nr0b1,sfmbt2
nr0b1,shroom3
nr0b1,slc20a1
nr0b1,slc25a36
nr0b1,slc25a4
nr0b1,slc6a6
nr0b1,slc6a8
nr0b1,smad7
nr0b1,sms
nr0b1,socs2
nr0b1,sox2
nr0b1,sox7
nr0b1,sparc
nr0b1,spry2
nr0b1,spry4
nr0b1,susd2
nr0b1,tagln2
nr0b1,tbx3
nr0b1,tcea3
nr0b1,tcf15
nr0b1,tcl1
nr0b1,tcn2
nr0b1,tex264
nr0b1,tpd52
nr0b1,trh
nr0b1,tspan9
nr0b1,tubb2b
nr0b1,txndc12
nr0b1,ube2c
nr0b1,uchl1
nr0b1,ulk1
nr0b1,utf1
nr0b1,vim
nr0b1,zfp57
phc1,anp32a
phc1,arhgap29
phc1,bmp4
phc1,ccnd1
phc1,ccnd2
phc1,cited1
phc1,col27a1
phc1,col4a1
phc1,col4a2
phc1,ctdspl
phc1,cyp26a1
phc1,epas1
phc1,erp29
phc1,fgf3
phc1,fgfr3
phc1,foxq1
phc1,fst
phc1,gata4
phc1,gata6
phc1,hmga1
phc1,hs3st1
phc1,id3
phc1,igf2
phc1,klf2
phc1,marcks
phc1,msh2
phc1,myc
phc1,nfya
phc1,pdgfra
phc1,phldb2
phc1,podxl
phc1,serpine2
phc1,smarca2
phc1,sox7
phc1,tbx3
phc1,thbd
phc1,tpm1
phc1,zfpm1
pou5f1,ahnak
pou5f1,akr1b8
pou5f1,anp32a
pou5f1,bmper
pou5f1,cbx7
pou5f1,chn2
pou5f1,clic1
pou5f1,cnn2
pou5f1,cobl
pou5f1,cryab
pou5f1,csrp1
pou5f1,cyp26a1
pou5f1,dcxr
pou5f1,dpp4
pou5f1,dtx1
pou5f1,epha2
pou5f1,eps8l2
pou5f1,esrrb
pou5f1,fgf3
pou5f1,fst
pou5f1,gnas
pou5f1,got1
pou5f1,gpa33
pou5f1,itpk1
pou5f1,jam2
pou5f1,lefty2
pou5f1,ndrg4
pou5f1,nphs1
pou5f1,pdgfa
pou5f1,plaur
pou5f1,prdx4
pou5f1,rpl22l1
pou5f1,sec24d
pou5f1,shkbp1
pou5f1,slc45a4
pou5f1,sox17
pou5f1,sox7
pou5f1,sparc
pou5f1,sri
pou5f1,susd2
pou5f1,trh
pou5f1,tyro3
pou5f1,ung
pou5f1,zc3h7a
pou5f1,zfp462
pou5f1,zfyve21
sox17,aars
sox17,akap12
sox17,amot
sox17,asns
sox17,bag2
sox17,basp1
sox17,bmper
sox17,btg2
sox17,cald1
sox17,cdc20
sox17,col4a1
sox17,creb3l2
sox17,csrp1
sox17,ctbp2
sox17,cyp26a1
sox17,dennd2c
sox17,dusp6
sox17,elf3
sox17,eps8
sox17,etv4
sox17,f2r
sox17,galk1
sox17,gcnt1
sox17,gnas
sox17,gramd1a
sox17,gsta4
sox17,hdlbp
sox17,hells
sox17,hs3st1
sox17,hsp90aa1
sox17,hsp90b1
sox17,hspa5
sox17,hspa8
sox17,ier2
sox17,ifi30
sox17,ifitm2
sox17,ifrd1
sox17,itgav
sox17,jam2
sox17,jarid2
sox17,klf4
sox17,klf6
sox17,lamc1
sox17,ldhb
sox17,marcks
sox17,mkrn1
sox17,mme
sox17,mov10
sox17,msh2
sox17,mybl2
sox17,mycn
sox17,myh9
sox17,nasp
sox17,nedd4
sox17,nrf1
sox17,pafah1b3
sox17,parp1
sox17,pdgfa
sox17,phldb2
sox17,pik3r1
sox17,pipox
sox17,plk2
sox17,ptpn14
sox17,rab11a
sox17,rbms1
sox17,rpl22l1
sox17,sfmbt2
sox17,slc20a1
sox17,slc25a36
sox17,slc25a5
sox17,slc38a2
sox17,slco3a1
sox17,snx25
sox17,socs2
sox17,spp1
sox17,ssr3
sox17,tcf7l2
sox17,tmem144
sox17,tns4
sox17,top2a
sox17,tspan9
sox17,zfp42
sox17,zfp532
sox2,aars
sox2,abcc5
sox2,adam15
sox2,adam23
sox2,ahcy
sox2,ahnak
sox2,alg13
sox2,amfr
sox2,anp32a
sox2,appbp2
sox2,aqp3
sox2,asah1
sox2,asns
sox2,basp1
sox2,cachd1
sox2,calm1
sox2,cbx7
sox2,cdh1
sox2,cfc1
sox2,ckap4
sox2,ckb
sox2,cldn6
sox2,clic1
sox2,cobl
sox2,col4a1
sox2,col4a2
sox2,commd3
sox2,cox7a1
sox2,creb3l2
sox2,csrp1
sox2,ctbp2
sox2,cth
sox2,d230025d16rik
sox2,ddah2
sox2,dkk1
sox2,dnmt3a
sox2,dpp4
sox2,echdc2
sox2,ect2
sox2,edem1
sox2,eed
sox2,egr1
sox2,ehd1
sox2,ehmt2
sox2,eif4a2
sox2,emp2
sox2,enah
sox2,epas1
sox2,epha4
sox2,ets1
sox2,fbxo5
sox2,fgf4
sox2,flrt3
sox2,fndc3b
sox2,gabarapl2
sox2,galnt2
sox2,gata6
sox2,gclm
sox2,gcnt1
sox2,gfpt2
sox2,gga2
sox2,gldc
sox2,gnas
sox2,gpa33
sox2,gramd1a
sox2,gsn
sox2,hells
sox2,herpud1
sox2,hist1h1a
sox2,hist1h1b
sox2,hist1h2ac
sox2,hist1h2af
sox2,hist1h2ai
sox2,hist1h2ak
sox2,hist1h2bf
sox2,hist1h2bl
sox2,hist1h2bn
sox2,hist1h3h
sox2,hk2
sox2,hs3st1
sox2,hsp90aa1
sox2,hspa5
sox2,id3
sox2,ier2
sox2,ifi30
sox2,ifitm2
sox2,ifitm3
sox2,itpk1
sox2,jam2
sox2,jarid2
sox2,kit
sox2,klf2
sox2,klf3
sox2,kpna2
sox2,l1td1
sox2,lama1
sox2,lefty2
sox2,lrp2
sox2,lrrc2
sox2,maged1
sox2,man1a
sox2,man1a2
sox2,mcm10
sox2,mov10
sox2,mras
sox2,mt1
sox2,mt2
sox2,mybl2
sox2,myc
sox2,mycn
sox2,myh9
sox2,ndrg4
sox2,nedd4
sox2,nphs1
sox2,nusap1
sox2,parp1
sox2,pdgfa
sox2,pdia6
sox2,pdpn
sox2,peg3
sox2,pmm1
sox2,podxl
sox2,pofut2
sox2,prps2
sox2,rcc2
sox2,renbp
sox2,rffl
sox2,rpp25
sox2,rrm2
sox2,sec24d
sox2,sec61a1
sox2,setx
sox2,shkbp1
sox2,slc16a1
sox2,slc20a1
sox2,slc25a36
sox2,slc25a4
sox2,slc38a2
sox2,slc45a4
sox2,slc5a11
sox2,slc6a8
sox2,slc7a5
sox2,snurf
sox2,soat1
sox2,sox17
sox2,sox7
sox2,sparc
sox2,stard8
sox2,tcl1
sox2,tdh
sox2,tex264
sox2,tgfbr3
sox2,tle1
sox2,tnk2
sox2,tpm1
sox2,tpm4
sox2,trh
sox2,trim2
sox2,txnip
sox2,tyro3
sox2,utf1
sox2,vim
sox2,wdr1
sox2,zfp462
suz12,2810025m15rik
suz12,ahnak
suz12,cfc1
suz12,cldn6
suz12,cul7
suz12,erp29
suz12,ndrg4
suz12,nphs1
suz12,rpl22l1
suz12,snora68
tbx3,anp32a
tbx3,bmp4
tbx3,ccnd2
tbx3,cd9
tbx3,chn2
tbx3,cobl
tbx3,ctbp2
tbx3,dennd2c
tbx3,dkk1
tbx3,dnmt3a
tbx3,echdc2
tbx3,eif4a2
tbx3,eps8
tbx3,ets1
tbx3,fblim1
tbx3,frmd4a
tbx3,ggta1
tbx3,ghr
tbx3,gja1
tbx3,gldc
tbx3,gng10
tbx3,id2
tbx3,id3
tbx3,ifitm2
tbx3,itga9
tbx3,jarid2
tbx3,kit
tbx3,klf2
tbx3,klf4
tbx3,lefty1
tbx3,lifr
tbx3,lrp2
tbx3,mdm2
tbx3,mtf2
tbx3,mybl2
tbx3,myc
tbx3,mycn
tbx3,pdia6
tbx3,peg3
tbx3,pnp
tbx3,rffl
tbx3,serping1
tbx3,sfmbt2
tbx3,slc38a2
tbx3,spock1
tbx3,tdh
tbx3,trh
tbx3,tyro3
tbx3,ulk1
tbx3,vangl1
tbx3,zfp42
tbx3,zic3
trim28,2810025m15rik
trim28,4930402h24rik
trim28,aars
trim28,abcc5
trim28,actg1
trim28,adam19
trim28,akr1b3
trim28,ank
trim28,arf4
trim28,asah1
trim28,ass1
trim28,bag2
trim28,bmper
trim28,cachd1
trim28,car2
trim28,cdca7
trim28,cited2
trim28,ckb
trim28,col4a1
trim28,col4a2
trim28,commd3
trim28,creb3
trim28,crip2
trim28,crtap
trim28,ctbp2
trim28,dap
trim28,ddah1
trim28,dusp3
trim28,eed
trim28,egr1
trim28,ets1
trim28,fgfr4
trim28,fndc3b
trim28,foxq1
trim28,gabarapl2
trim28,gata6
trim28,gdpd5
trim28,gga2
trim28,glipr2
trim28,gnpda1
trim28,gpa33
trim28,gprc5c
trim28,gsr
trim28,hmga1
trim28,hsp90aa1
trim28,htra1
trim28,ier2
trim28,ifitm1
trim28,ifrd1
trim28,impdh1
trim28,itgav
trim28,kit
trim28,kpna2
trim28,lama1
trim28,lasp1
trim28,ldlrap1
trim28,lefty2
trim28,lifr
trim28,lrrc8d
trim28,man1a2
trim28,mkrn1
trim28,msc
trim28,msh6
trim28,msi2
trim28,mt2
trim28,mybl2
trim28,nanog
trim28,odc1
trim28,pdcd6ip
trim28,pde4dip
trim28,pdia5
trim28,pdia6
trim28,phlda3
trim28,phldb2
trim28,podxl
trim28,pofut2
trim28,pros1
trim28,pttg1ip
trim28,rbm38
trim28,rbms1
trim28,rnpep
trim28,runx1
trim28,setx
trim28,slc25a36
trim28,slc25a4
trim28,slc25a5
trim28,slc35f5
trim28,slc6a6
trim28,slc7a6
trim28,sox17
trim28,spock1
trim28,srm
trim28,tcf15
trim28,tpd52
trim28,tspan4
trim28,ttc7
trim28,tubb6
trim28,ung
trim28,utf1
trim28,vegfa
trim28,xbp1
trim28,zc3h7a
zfp42,1810032o08rik
zfp42,actg1
zfp42,anp32a
zfp42,apobec3
zfp42,aqp3
zfp42,ass1
zfp42,atp1b1
zfp42,basp1
zfp42,ckb
zfp42,col4a2
zfp42,cul7
zfp42,emp2
zfp42,epas1
zfp42,etv4
zfp42,gnas
zfp42,gpa33
zfp42,hist1h1a
zfp42,krt42
zfp42,lrrc2
zfp42,ly6g6e
zfp42,pcolce
zfp42,plod1
zfp42,prkab1
zfp42,runx1
zfp42,sfmbt2
zfp42,slc5a11
zfp42,smad7
zfp42,sox17
zfp42,susd2
zfp42,tdgf1
zic3,basp1
zic3,commd3
zic3,dkk1
zic3,ehmt2
zic3,etv5
zic3,gja1
zic3,hist1h1b
zic3,hist1h3h
zic3,ifitm2
zic3,jarid2
zic3,klf2
zic3,ldhb
zic3,mycn
zic3,pdpn
zic3,phc1
zic3,slc7a3
zic3,sms
zic3,snurf
zic3,tdgf1
zic3,tgfbr3
zic3,trh
zic3,trp53
zic3,vim
zic3,zfp57
