Gene1,Gene2,Score
bmi1,gata2,375.0
bmi1,ppm1h,617.0
bmi1,armc8,638.0
bmi1,trib2,524.0
bmi1,bmi1,279.0
bmi1,atp7b,334.0
bmi1,alg11,334.0
bmi1,hoxa9,337.0
bmi1,myo1d,331.0
bmi1,hlf,265.0
bmi1,golm1,206.0
bmi1,lcp1,332.0
bmi1,asns,168.0
bmi1,tmem56,258.0
bmi1,tifa,228.0
bmi1,sphk1,159.0
bmi1,mef2c,255.0
bmi1,tspan33,152.0
bmi1,gatm,212.0
bmi1,pik3c3,155.0
bmi1,sqor,134.0
bmi1,gfi1b,136.0
bmi1,metap1d,115.0
bmi1,plcg2,124.0
bmi1,sgo1,199.0
bmi1,st8sia4,187.0
bmi1,snx10,183.0
bmi1,slc25a21,104.0
bmi1,psmf1,174.0
bmi1,pde4b,173.0
bmi1,wdr75,154.0
bmi1,prkch,151.0
bmi1,gnb4,148.0
bmi1,st3gal6,147.0
bmi1,angpt1,147.0
bmi1,epdr1,139.0
bmi1,champ1,135.0
bmi1,rcor1,130.0
bmi1,mycn,122.0
bmi1,eya2,121.0
bmi1,slc11a2,115.0
bmi1,gcnt2,114.0
bmi1,btrc,103.0
bmi1,il27ra,101.0
bmi1,ank,101.0
cbfb,msh6,2386.0
cbfb,slc35a1,2378.0
cbfb,copg1,2085.0
cbfb,orc5,1604.0
cbfb,hemgn,2379.0
cbfb,calu,1753.0
cbfb,limd2,2036.0
cbfb,timm29,1667.0
cbfb,otud6b,1505.0
cbfb,wdr5,1641.0
cbfb,nop2,1401.0
cbfb,clptm1l,1319.0
cbfb,dnajc11,1608.0
cbfb,seh1l,1380.0
cbfb,tes,1896.0
cbfb,dnajc10,1166.0
cbfb,snrnp200,1979.0
cbfb,ndor1,1274.0
cbfb,acss2,1070.0
cbfb,pcyt1a,1583.0
cbfb,gars,1106.0
cbfb,nuf2,1801.0
cbfb,rangap1,1371.0
cbfb,esyt2,1223.0
cbfb,arl6ip6,1337.0
cbfb,hspa4l,1081.0
cbfb,rprd1b,2128.0
cbfb,atg16l1,1624.0
cbfb,vps26c,927.0
cbfb,pmpca,1004.0
cbfb,erlin2,1410.0
cbfb,pkm,1218.0
cbfb,armt1,1221.0
cbfb,rcor1,1087.0
cbfb,unk,1188.0
cbfb,dcaf13,1211.0
cbfb,spns2,1482.0
cbfb,ppat,1126.0
cbfb,casp2,1016.0
cbfb,nudcd3,1302.0
cbfb,ctps,1345.0
cbfb,prkch,1078.0
cbfb,morc3,1068.0
cbfb,pglyrp2,1575.0
cbfb,atad2,1446.0
cbfb,supt7l,2335.0
cbfb,tmem129,1328.0
cbfb,tacc3,1328.0
cbfb,ddx20,1368.0
cbfb,eif1ad,1821.0
cbfb,tfr2,1464.0
cbfb,atp2a3,1420.0
cbfb,mis12,1022.0
cbfb,fam76b,1047.0
cbfb,gosr2,1101.0
cbfb,mis18bp1,1481.0
cbfb,wars,1191.0
cbfb,pfkm,937.0
cbfb,ap5m1,1224.0
cbfb,stk25,1091.0
cbfb,nceh1,1122.0
cbfb,cstf2,1106.0
cbfb,clpx,1189.0
cbfb,crnkl1,1428.0
cbfb,rabggtb,883.0
cbfb,gmfb,1137.0
cbfb,pole3,1723.0
cbfb,acap1,1177.0
cbfb,eya2,1293.0
cbfb,pwp2,1314.0
cbfb,incenp,1145.0
cbfb,birc5,1024.0
cbfb,dus1l,1358.0
cbfb,rad51ap1,1497.0
cbfb,rexo4,1500.0
cbfb,fignl1,981.0
cbfb,pja2,915.0
cbfb,clic4,813.0
cbfb,trmt2a,1469.0
cbfb,9430015g10rik,1079.0
cbfb,colgalt1,1178.0
cbfb,plec,753.0
cbfb,gypc,1019.0
cbfb,cmpk2,1170.0
cbfb,far1,976.0
cbfb,rassf5,1125.0
cbfb,ddhd2,836.0
cbfb,1700017b05rik,976.0
cbfb,pik3r2,822.0
cbfb,armc8,1471.0
cbfb,nudt9,1013.0
cbfb,treml2,905.0
cbfb,uba5,1483.0
cbfb,wdr36,1055.0
cbfb,anapc2,1000.0
cbfb,dusp2,1331.0
cbfb,gtf2h1,1221.0
cbfb,serpinb9,857.0
cbfb,dph6,1064.0
cbfb,rnf115,852.0
cbfb,csgalnact2,1052.0
cbfb,pno1,1169.0
cbfb,rasal3,1088.0
cbfb,cenpe,1089.0
cbfb,slc14a1,1092.0
cbfb,psmf1,1382.0
cbfb,ngly1,923.0
cbfb,fem1b,1103.0
cbfb,c330018d20rik,932.0
cbfb,dhx33,1248.0
cbfb,cul2,1436.0
cbfb,chmp7,1273.0
cbfb,pold1,926.0
cbfb,chordc1,1069.0
cbfb,pheta2,1429.0
cbfb,nif3l1,924.0
cbfb,ubac1,918.0
cbfb,scrn3,1474.0
cbfb,eps15,797.0
cbfb,cdc45,1004.0
cbfb,xpc,803.0
cbfb,mtmr6,1275.0
cbfb,cdca5,1146.0
cbfb,ypel3,1030.0
cbfb,zdhhc6,1362.0
cbfb,cdk1,945.0
cbfb,abhd16a,917.0
cbfb,kat7,851.0
cbfb,fchsd2,895.0
cbfb,prkab1,1011.0
cbfb,acss1,1109.0
cbfb,naa35,940.0
cbfb,dnpep,1004.0
cbfb,stxbp3,1020.0
cbfb,ptpn12,680.0
cbfb,nt5dc1,974.0
cbfb,hmbs,779.0
cbfb,metap1,811.0
cbfb,zzz3,935.0
cbfb,atp7b,868.0
cbfb,alg11,868.0
cbfb,tcp11l2,1006.0
cbfb,lcp1,1162.0
cbfb,xab2,1094.0
cbfb,enpp4,832.0
cbfb,cyb5r3,1127.0
cbfb,ube2g2,1351.0
cbfb,crk,818.0
cbfb,sacm1l,797.0
cbfb,fgfr1op,851.0
cbfb,elac2,1091.0
cbfb,vps33b,793.0
cbfb,ckap5,972.0
cbfb,zfp62,708.0
cbfb,pde4b,1064.0
cbfb,wdr75,1295.0
cbfb,mbtps1,647.0
cbfb,clcn4,820.0
cbfb,wdr45b,799.0
cbfb,fnta,788.0
cbfb,bclaf3,849.0
cbfb,ifrd2,911.0
cbfb,gpr171,1237.0
cbfb,ezr,792.0
cbfb,zfp24,754.0
cbfb,tbcd,1382.0
cbfb,gypa,1957.0
cbfb,phax,1001.0
cbfb,ift140,768.0
cbfb,st8sia4,866.0
cbfb,atl2,754.0
cbfb,isg20,638.0
cbfb,kif11,1030.0
cbfb,aurka,1297.0
cbfb,cnot7,601.0
cbfb,ptdss1,1004.0
cbfb,chp1,862.0
cbfb,atg4b,836.0
cbfb,ahcyl1,917.0
cbfb,wdsub1,849.0
cbfb,zfp397,1386.0
cbfb,ubr1,906.0
cbfb,rad21,630.0
cbfb,lancl2,1086.0
cbfb,ipo9,675.0
cbfb,haus2,1155.0
cbfb,adk,975.0
cbfb,mcm4,1102.0
cbfb,cep70,676.0
cbfb,nol9,885.0
cbfb,bap1,827.0
cbfb,arhgap15,1121.0
cbfb,stat3,955.0
cbfb,prmt7,731.0
cbfb,nolc1,1293.0
cbfb,hars2,1564.0
cbfb,hars,1564.0
cbfb,rnf139,678.0
cbfb,fastkd2,1275.0
cbfb,coa5,889.0
cbfb,thumpd3,1543.0
cbfb,mogs,538.0
cbfb,cdca3,1062.0
cbfb,cnot10,1142.0
cbfb,slc31a1,672.0
cbfb,mars,976.0
cbfb,tfrc,673.0
cbfb,uros,1198.0
cbfb,ptcd3,1126.0
cbfb,nudcd1,861.0
cbfb,mgst3,698.0
cbfb,rfc4,730.0
cbfb,tcf12,765.0
cbfb,fam45a,753.0
cbfb,cdca8,1054.0
cbfb,ncaph,673.0
cbfb,eftud2,887.0
cbfb,d10wsu102e,933.0
cbfb,ubr7,901.0
cbfb,cdca4,766.0
cbfb,ppox,719.0
cbfb,elp3,675.0
cbfb,fam168b,568.0
cbfb,memo1,711.0
cbfb,rnf145,778.0
cbfb,cops8,788.0
cbfb,abtb1,867.0
cbfb,vkorc1l1,750.0
cbfb,galk2,942.0
cbfb,dusp1,581.0
cbfb,adamts10,728.0
cbfb,tbl3,837.0
cbfb,sptbn1,811.0
cbfb,itsn1,727.0
cbfb,zyx,705.0
cbfb,cenpo,844.0
cbfb,vps33a,1053.0
cbfb,pacsin2,596.0
cbfb,ndc1,1136.0
cbfb,hacd3,1012.0
cbfb,crbn,679.0
cbfb,uap1,808.0
cbfb,cbfb,736.0
cbfb,vim,588.0
cbfb,fam136a,801.0
cbfb,eif2b1,863.0
cbfb,mtrex,905.0
cbfb,dok2,844.0
cbfb,zfp655,641.0
cbfb,ccne2,1470.0
cbfb,pld3,791.0
cbfb,necap2,972.0
cbfb,plin3,553.0
cbfb,farsb,1049.0
cbfb,nfkbia,555.0
cbfb,cpox,848.0
cbfb,dennd1c,863.0
cbfb,lpcat3,749.0
cbfb,ilvbl,559.0
cbfb,kpna3,679.0
cbfb,rrm1,796.0
cbfb,sdhaf2,705.0
cbfb,cul4a,770.0
cbfb,minpp1,642.0
cbfb,ice1,970.0
cbfb,herc4,512.0
cbfb,usp37,1327.0
cbfb,abcb8,572.0
cbfb,ncapd2,668.0
cbfb,asah1,670.0
cbfb,nubp2,933.0
cbfb,d1ertd622e,765.0
cbfb,foxred1,743.0
cbfb,cks1b,981.0
cbfb,scfd1,1047.0
cbfb,p2ry14,801.0
cbfb,alkbh8,904.0
cbfb,psmd9,841.0
cbfb,rars,794.0
cbfb,ubash3a,815.0
cbfb,bysl,806.0
cbfb,tmem68,932.0
cbfb,timm50,745.0
cbfb,zdhhc13,697.0
cbfb,tubgcp2,643.0
cbfb,abi1,589.0
cbfb,pstpip1,932.0
cbfb,tspan3,798.0
cbfb,nup155,537.0
cbfb,sgo1,784.0
cbfb,march5,727.0
cbfb,pbk,761.0
cbfb,smc2,880.0
cbfb,psmd6,766.0
cbfb,wdr73,647.0
cbfb,nek9,1011.0
cbfb,cpt2,876.0
cbfb,cast,619.0
cbfb,nsmaf,744.0
cbfb,cyp20a1,636.0
cbfb,med22,515.0
cbfb,e2f8,644.0
cbfb,tpx2,841.0
cbfb,dck,574.0
cbfb,fos,706.0
cbfb,tspan14,658.0
cbfb,picalm,606.0
cbfb,polr1b,800.0
cbfb,abcb4,638.0
cbfb,shcbp1,708.0
cbfb,ppp6c,852.0
cbfb,mfsd1,1130.0
cbfb,pacs1,665.0
cbfb,ubxn2b,635.0
cbfb,zfp35,688.0
cbfb,fkbp1a,614.0
cbfb,ctse,556.0
cbfb,itih5,933.0
cbfb,trmt6,1107.0
cbfb,p2rx4,878.0
cbfb,faap100,821.0
cbfb,vps35,654.0
cbfb,orc6,654.0
cbfb,cish,576.0
cbfb,mfn2,925.0
cbfb,mad2l1,658.0
cbfb,dpp8,923.0
cbfb,ncapg2,722.0
cbfb,nup93,807.0
cbfb,anxa5,943.0
cbfb,gtf2f1,860.0
cbfb,atp13a1,690.0
cbfb,mau2,790.0
cbfb,wdr4,1221.0
cbfb,rmnd5a,552.0
cbfb,lap3,770.0
cbfb,oasl2,859.0
cbfb,smim5,1367.0
cbfb,rgcc,597.0
cbfb,lrrc8c,581.0
cbfb,dcaf11,689.0
cbfb,optn,829.0
cbfb,slc20a1,656.0
cbfb,fzr1,610.0
cbfb,rpa2,694.0
cbfb,crip2,970.0
cbfb,aar2,842.0
cbfb,nup85,743.0
cbfb,4833439l19rik,519.0
cbfb,cenpk,771.0
cbfb,zfp367,637.0
cbfb,golt1b,765.0
cbfb,hsph1,907.0
cbfb,me2,801.0
cbfb,dram2,494.0
cbfb,cept1,494.0
cbfb,tmem186,686.0
cbfb,rfesd,691.0
cbfb,smad2,645.0
cbfb,pik3c3,696.0
cbfb,exoc3,680.0
cbfb,ap1b1,747.0
cbfb,klf1,827.0
cbfb,tmx1,488.0
cbfb,exoc2,468.0
cbfb,arl8b,754.0
cbfb,zfp322a,694.0
cbfb,sppl2a,602.0
cbfb,narfl,486.0
cbfb,slc18a2,369.0
cbfb,fpgs,597.0
cbfb,cnih1,557.0
cbfb,nup107,709.0
cbfb,cacfd1,649.0
cbfb,acaa2,596.0
cbfb,rcc1,926.0
cbfb,wdhd1,676.0
cbfb,aurkb,462.0
cbfb,ldah,752.0
cbfb,lonp1,694.0
cbfb,pqlc1,628.0
cbfb,topors,734.0
cbfb,steap3,584.0
cbfb,mrm1,867.0
cbfb,ccna2,986.0
cbfb,hnrnpll,428.0
cbfb,tars,547.0
cbfb,zfp110,734.0
cbfb,lyrm4,790.0
cbfb,kif20b,813.0
cbfb,fbxo5,865.0
cbfb,etf1,641.0
cbfb,atg12,698.0
cbfb,odc1,600.0
cbfb,copb1,752.0
cbfb,ftsj3,1179.0
cbfb,ado,670.0
cbfb,slc25a38,680.0
cbfb,ncln,820.0
cbfb,golph3,453.0
cbfb,pitrm1,542.0
cbfb,anapc4,574.0
cbfb,stxbp4,627.0
cbfb,tmem168,689.0
cbfb,mthfd1,693.0
cbfb,gyg,599.0
cbfb,cenpa,721.0
cbfb,ranbp3,559.0
cbfb,btrc,555.0
cbfb,plaa,788.0
cbfb,xrcc5,721.0
cbfb,cdt1,601.0
cbfb,stap1,660.0
cbfb,dnajc5,570.0
cbfb,trim30a,639.0
cbfb,nit1,651.0
cbfb,klhl24,697.0
cbfb,arhgef6,716.0
cbfb,hus1,551.0
cbfb,dock2,599.0
cbfb,irf1,465.0
cbfb,2610301b20rik,554.0
cbfb,mcm3,573.0
cbfb,myo1d,396.0
cbfb,sesn1,418.0
cbfb,coq8a,491.0
cbfb,cdk19,474.0
cbfb,poglut1,466.0
cbfb,zfp451,604.0
cbfb,rnf13,479.0
cbfb,nasp,665.0
cbfb,cd1d1,752.0
cbfb,uhrf1,837.0
cbfb,slc19a1,524.0
cbfb,snapc3,603.0
cbfb,cog6,780.0
cbfb,nedd1,595.0
cbfb,rcsd1,963.0
cbfb,cog7,700.0
cbfb,prelid3b,563.0
cbfb,gfm1,707.0
cbfb,hsdl1,604.0
cbfb,ccnf,587.0
cbfb,arhgap4,768.0
cbfb,jpt2,678.0
cbfb,dis3l2,644.0
cbfb,zfp961,644.0
cbfb,urod,592.0
cbfb,ctnna1,550.0
cbfb,rmnd5b,476.0
cbfb,gstm1,471.0
cbfb,tvp23b,691.0
cbfb,ckap2l,619.0
cbfb,nae1,520.0
cbfb,mrpl37,642.0
cbfb,xk,470.0
cbfb,mtap,789.0
cbfb,ptdss2,461.0
cbfb,chmp3,742.0
cbfb,ldhb,638.0
cbfb,psmd5,596.0
cbfb,mcm5,607.0
cbfb,ncapg,653.0
cbfb,mycn,555.0
cbfb,sept6,569.0
cbfb,pip4k2a,379.0
cbfb,mt2,1516.0
cbfb,lig1,646.0
cbfb,gskip,525.0
cbfb,gmcl1,368.0
cbfb,aplp2,452.0
cbfb,alg9,490.0
cbfb,b230219d22rik,476.0
cbfb,il21r,531.0
cbfb,slc30a5,767.0
cbfb,naa50,575.0
cbfb,fech,553.0
cbfb,atp6v1a,575.0
cbfb,ppil4,534.0
cbfb,plk1,812.0
cbfb,fbxw5,715.0
cbfb,dhfr,642.0
cbfb,acox1,446.0
cbfb,hagh,552.0
cbfb,aldh18a1,651.0
cbfb,tbc1d15,551.0
cbfb,spc25,566.0
cbfb,elp2,460.0
cbfb,casp3,575.0
cbfb,cyth4,496.0
cbfb,vav1,405.0
cbfb,mettl8,587.0
cbfb,rhof,462.0
cbfb,capn7,603.0
cbfb,zkscan3,533.0
cbfb,asb8,602.0
cbfb,arap1,623.0
cbfb,smim15,570.0
cbfb,oat,407.0
cbfb,stt3b,462.0
cbfb,kidins220,518.0
cbfb,nusap1,790.0
cbfb,mki67,700.0
cbfb,rasa3,561.0
cbfb,bub1b,776.0
cbfb,il27ra,459.0
cbfb,wdr6,432.0
cbfb,ttll12,504.0
cbfb,dlst,481.0
cbfb,tmem64,458.0
cbfb,psen2,659.0
cbfb,rrm2,490.0
cbfb,nadk,594.0
cbfb,gemin5,455.0
cbfb,dph2,582.0
cbfb,ints8,635.0
cbfb,zfp871,564.0
cbfb,uba7,404.0
cbfb,lrrc14,560.0
cbfb,hmmr,604.0
cbfb,champ1,425.0
cbfb,pigq,494.0
cbfb,metap1d,612.0
cbfb,ctla2a,521.0
cbfb,uap1l1,416.0
cbfb,mapk9,553.0
cbfb,prim2,557.0
cbfb,polr2b,410.0
cbfb,sqle,422.0
cbfb,mto1,415.0
cbfb,usp4,585.0
cbfb,usp10,765.0
cbfb,fads1,623.0
cbfb,xpr1,574.0
cbfb,ssx2ip,508.0
cbfb,lcp2,432.0
cbfb,chuk,406.0
cbfb,btaf1,554.0
cbfb,tm7sf3,460.0
cbfb,ipo4,715.0
cbfb,abcd3,519.0
cbfb,tfg,511.0
cbfb,rabif,709.0
cbfb,ctsc,510.0
cbfb,usp8,630.0
cbfb,ckap2,525.0
cbfb,orc2,547.0
cbfb,lsp1,450.0
cbfb,aldh9a1,408.0
cbfb,tmub2,568.0
cbfb,sec23ip,390.0
cbfb,sptlc1,564.0
cbfb,nploc4,535.0
cbfb,rgs2,533.0
cbfb,ddx1,420.0
cbfb,rfc5,497.0
cbfb,leprot,462.0
cbfb,tbc1d10c,461.0
cbfb,slc25a46,445.0
cbfb,tubgcp3,560.0
cbfb,lztr1,540.0
cbfb,sgta,633.0
cbfb,tmem164,283.0
cbfb,rgs19,637.0
cbfb,nudt19,605.0
cbfb,slc16a1,397.0
cbfb,cdc20,680.0
cbfb,cdc7,513.0
cbfb,spc24,668.0
cbfb,asf1b,513.0
cbfb,lrrfip1,508.0
cbfb,rpp40,500.0
cbfb,wdr55,496.0
cbfb,rgs1,399.0
cbfb,psat1,652.0
cbfb,rab37,800.0
cbfb,tmem97,456.0
cbfb,stard10,489.0
cbfb,pdcl,507.0
cbfb,atp6ap2,385.0
cbfb,ak3,599.0
cbfb,cd48,504.0
cbfb,ubap1,410.0
cbfb,gpr180,352.0
cbfb,uckl1,572.0
cbfb,net1,551.0
cbfb,bc005561,415.0
cbfb,ostm1,674.0
cbfb,ndel1,429.0
cbfb,ube2c,570.0
cbfb,skap2,468.0
cbfb,cers5,555.0
cbfb,trim59,380.0
cbfb,cd55,315.0
cbfb,tnfaip2,491.0
cbfb,ints13,455.0
cbfb,gclc,301.0
cbfb,top2a,614.0
cbfb,abl1,319.0
cbfb,itfg1,456.0
cbfb,klhl6,419.0
cbfb,rad51,494.0
cbfb,march6,500.0
cbfb,tmem173,462.0
cbfb,apeh,442.0
cbfb,afg3l2,561.0
cbfb,atp1b2,363.0
cbfb,endod1,450.0
cbfb,prkar2b,515.0
cbfb,prc1,486.0
cbfb,ybx3,356.0
cbfb,prpf4,351.0
cbfb,psen1,421.0
cbfb,mavs,448.0
cbfb,cyth3,504.0
cbfb,pon2,532.0
cbfb,narf,474.0
cbfb,qars,514.0
cbfb,nptn,387.0
cbfb,zfp592,343.0
cbfb,trib2,424.0
cbfb,cpq,450.0
cbfb,utp4,402.0
cbfb,gnpda1,386.0
cbfb,vps41,490.0
cbfb,dennd2d,301.0
cbfb,jak3,452.0
cbfb,pqlc3,366.0
cbfb,tmem206,438.0
cbfb,slc44a2,485.0
cbfb,sppl2b,475.0
cbfb,ccdc137,646.0
cbfb,txnrd2,419.0
cbfb,tlk1,279.0
cbfb,cnp,585.0
cbfb,ctso,567.0
cbfb,nup88,435.0
cbfb,tmem109,465.0
cbfb,pot1a,404.0
cbfb,prep,544.0
cbfb,gorasp1,545.0
cbfb,tollip,454.0
cbfb,2210016f16rik,533.0
cbfb,mettl27,499.0
cbfb,gimap5,426.0
cbfb,tcirg1,359.0
cbfb,ganab,532.0
cbfb,tango2,394.0
cbfb,tipin,442.0
cbfb,sun1,424.0
cbfb,iars2,443.0
cbfb,terf2ip,627.0
cbfb,g6pdx,491.0
cbfb,erlin1,461.0
cbfb,gna13,425.0
cbfb,zfp266,477.0
cbfb,sept8,294.0
cbfb,e2f4,343.0
cbfb,tmc6,497.0
cbfb,tspan33,318.0
cbfb,zfp639,334.0
cbfb,twsg1,359.0
cbfb,l2hgdh,295.0
cbfb,ell2,308.0
cbfb,gmnn,490.0
cbfb,vps11,468.0
cbfb,gmpr,455.0
cbfb,sgpp1,315.0
cbfb,edc3,333.0
cbfb,usp25,331.0
cbfb,cers4,308.0
cbfb,epsti1,402.0
cbfb,ltb,350.0
cbfb,zkscan17,383.0
cbfb,plxnc1,390.0
cbfb,ercc8,412.0
cbfb,cad,464.0
cbfb,mt1,922.0
cbfb,ces2g,455.0
cbfb,ndrg1,364.0
cbfb,epor,563.0
cbfb,rpa1,311.0
cbfb,mpl,469.0
cbfb,blvrb,376.0
cbfb,mcm2,326.0
cbfb,atad1,412.0
cbfb,dcaf4,480.0
cbfb,abcf3,356.0
cbfb,cyb5r1,417.0
cbfb,e2f6,418.0
cbfb,st6galnac4,391.0
cbfb,ccnb1,654.0
cbfb,tpp1,348.0
cbfb,sphk1,481.0
cbfb,flot2,260.0
cbfb,ppm1h,356.0
cbfb,sla,443.0
cbfb,mettl7a1,381.0
cbfb,knstrn,502.0
cbfb,yod1,265.0
cbfb,adssl1,293.0
cbfb,tmem176b,567.0
cbfb,tmem176a,567.0
cbfb,car1,541.0
cbfb,gfi1b,401.0
cbfb,gimap6,395.0
cbfb,tyms,341.0
cbfb,ccne1,341.0
cbfb,ccnb2,573.0
cbfb,pwp1,549.0
cbfb,isyna1,408.0
cbfb,myh10,309.0
cbfb,hexa,429.0
cbfb,itga6,392.0
cbfb,stom,306.0
cbfb,d230025d16rik,448.0
cbfb,xpnpep1,310.0
cbfb,hlf,260.0
cbfb,slc30a6,321.0
cbfb,jun,400.0
cbfb,mapkapk3,289.0
cbfb,cln5,527.0
cbfb,mns1,366.0
cbfb,umps,421.0
cbfb,rdh11,283.0
cbfb,aqp9,404.0
cbfb,slc6a6,262.0
cbfb,sqor,356.0
cbfb,mfsd2b,741.0
cbfb,mtfr1,378.0
cbfb,nde1,294.0
cbfb,gsr,331.0
cbfb,sp100,367.0
cbfb,tubgcp5,319.0
cbfb,lmna,474.0
cbfb,bid,433.0
cbfb,rnasel,333.0
cbfb,fam91a1,389.0
cbfb,pitpnb,320.0
cbfb,tbc1d2b,263.0
cbfb,uba3,227.0
cbfb,hpn,300.0
cbfb,nampt,366.0
cbfb,laptm4b,357.0
cbfb,stx12,270.0
cbfb,hpcal1,391.0
cbfb,pus7,428.0
cbfb,gimap1,334.0
cbfb,mfng,264.0
cbfb,pdk3,354.0
cbfb,unc93b1,198.0
cbfb,cdc6,455.0
cbfb,zfp945,293.0
cbfb,pcyt2,451.0
cbfb,iars,439.0
cbfb,tmx3,389.0
cbfb,ugcg,268.0
cbfb,gusb,332.0
cbfb,spryd4,503.0
cbfb,ftsj1,391.0
cbfb,ap1g2,295.0
cbfb,ampd3,229.0
cbfb,slc29a1,451.0
cbfb,glipr2,286.0
cbfb,hells,347.0
cbfb,plbd2,225.0
cbfb,phf10,241.0
cbfb,bmi1,265.0
cbfb,coro1a,266.0
cbfb,tapt1,303.0
cbfb,prps1,286.0
cbfb,bag2,247.0
cbfb,ppp2r1b,251.0
cbfb,taf12,264.0
cbfb,ccng1,320.0
cbfb,tmem263,315.0
cbfb,mfsd14b,297.0
cbfb,idh3a,341.0
cbfb,inpp5b,253.0
cbfb,stxbp1,257.0
cbfb,pgm1,235.0
cbfb,elmo1,221.0
cbfb,gstm5,297.0
cbfb,lpcat1,338.0
cbfb,trmt11,215.0
cbfb,slc11a2,265.0
cbfb,ankle1,494.0
cbfb,golm1,262.0
cbfb,zfp930,244.0
cbfb,map4k2,213.0
cbfb,hacd4,450.0
cbfb,mfge8,325.0
cbfb,elovl1,289.0
cbfb,gcnt2,419.0
cbfb,tmem185a,326.0
cbfb,kif22,331.0
cbfb,cd82,192.0
cbfb,padi4,289.0
cbfb,cttn,226.0
cbfb,ext2,227.0
cbfb,anxa6,252.0
cbfb,cytip,166.0
cbfb,ddx58,299.0
cbfb,plcb2,340.0
cbfb,slc40a1,283.0
cbfb,slc25a21,219.0
cbfb,slc25a45,208.0
cbfb,tmem56,196.0
cbfb,ankrd27,231.0
cbfb,naga,227.0
cbfb,fuca2,245.0
cbfb,st3gal5,321.0
cbfb,fam234b,286.0
cbfb,klhl22,242.0
cbfb,nudt4,248.0
cbfb,atp6ap1,212.0
cbfb,snca,308.0
cbfb,alad,243.0
cbfb,kel,277.0
cbfb,slc43a3,127.0
cbfb,angpt1,210.0
cbfb,abcg2,277.0
cbfb,tk1,160.0
cbfb,plin2,256.0
cbfb,slc41a3,215.0
cbfb,emb,149.0
cbfb,gramd1a,130.0
cbfb,csad,212.0
cbfb,nsdhl,222.0
cbfb,scarb1,171.0
cbfb,pclaf,248.0
cbfb,pak1,162.0
cbfb,pear1,205.0
cbfb,calcrl,209.0
cbfb,phactr2,196.0
cbfb,pla2g12a,242.0
cbfb,gbp2,199.0
cbfb,h1f0,218.0
cbfb,tcn2,182.0
cbfb,cd84,205.0
cbfb,myo1g,173.0
cbfb,rtp4,170.0
cbfb,prps2,203.0
cbfb,wls,175.0
cbfb,ctla2b,171.0
cbfb,add2,197.0
cbfb,napsa,179.0
cbfb,myl10,188.0
cbfb,grn,157.0
cbfb,ank,180.0
cbfb,man2a2,175.0
cbfb,pik3ip1,102.0
cbfb,inka1,151.0
cbfb,rab32,186.0
cbfb,ubl4a,195.0
cbfb,ikzf2,184.0
cbfb,st3gal6,152.0
cbfb,rnf213,173.0
cbfb,apoe,138.0
cbfb,klhl23,153.0
cbfb,prim1,260.0
cbfb,cited4,163.0
cbfb,tspo2,254.0
cbfb,mndal,130.0
cbfb,decr1,155.0
cbfb,asns,162.0
cbfb,ifi203,150.0
cbfb,elf4,161.0
cbfb,abcb10,171.0
cbfb,anxa4,163.0
cbfb,smim1,156.0
cbfb,ermap,228.0
cbfb,emilin1,157.0
cbfb,tor3a,142.0
cbfb,snx10,126.0
cbfb,ppic,204.0
cbfb,plcg2,115.0
cbfb,nxpe2,201.0
cbfb,neurl3,193.0
cbfb,scarf1,179.0
cbfb,gnb4,172.0
cbfb,zfp36,151.0
cbfb,ptgs1,150.0
cbfb,hsd3b7,149.0
cbfb,gng11,144.0
cbfb,ifi30,143.0
cbfb,hebp1,139.0
cbfb,cpt1a,135.0
cbfb,sigirr,133.0
cbfb,myct1,124.0
cbfb,plek,121.0
cbfb,mctp1,121.0
cbfb,cd9,121.0
cbfb,anxa1,112.0
cbfb,tifa,108.0
cbfb,rnase6,107.0
cbfb,grina,104.0
elf4,ap1g2,3514.0
elf4,vps33b,2828.0
elf4,ldah,3166.0
elf4,nubp2,3112.0
elf4,vps41,2859.0
elf4,xab2,2881.0
elf4,nuf2,2654.0
elf4,pno1,3050.0
elf4,gtf2f1,2707.0
elf4,elac2,2670.0
elf4,skap2,2414.0
elf4,incenp,2369.0
elf4,pik3r2,2449.0
elf4,necap2,2218.0
elf4,aurka,2730.0
elf4,cenpo,2056.0
elf4,usp8,2481.0
elf4,pik3c3,2563.0
elf4,wdr73,2794.0
elf4,dcaf13,2237.0
elf4,ankrd27,2661.0
elf4,oasl2,3066.0
elf4,tfg,2722.0
elf4,cks1b,2168.0
elf4,rangap1,2455.0
elf4,cnot10,1969.0
elf4,tmem186,2114.0
elf4,ppp6c,2359.0
elf4,hsph1,1983.0
elf4,acox1,2354.0
elf4,cdca3,2042.0
elf4,naa35,2244.0
elf4,mad2l1,2240.0
elf4,wdr75,2133.0
elf4,tmem129,2158.0
elf4,tacc3,2158.0
elf4,chordc1,1945.0
elf4,clcn4,2202.0
elf4,dph2,1968.0
elf4,gtf2h1,3018.0
elf4,trmt6,3126.0
elf4,sec23ip,2176.0
elf4,nudcd3,2204.0
elf4,itsn1,2007.0
elf4,sdhaf2,1943.0
elf4,leprot,1921.0
elf4,tmub2,1843.0
elf4,idh3a,1993.0
elf4,nup107,2353.0
elf4,rpa2,2106.0
elf4,uckl1,1787.0
elf4,zfp930,2108.0
elf4,ap5m1,1947.0
elf4,mrm1,1769.0
elf4,cd1d1,2028.0
elf4,zdhhc6,1664.0
elf4,mcm3,2053.0
elf4,atp13a1,1910.0
elf4,rad51,2018.0
elf4,zfp110,1781.0
elf4,rad21,2191.0
elf4,nudcd1,1873.0
elf4,atg16l1,1676.0
elf4,copg1,1761.0
elf4,galk2,1985.0
elf4,cdc45,1976.0
elf4,mau2,1996.0
elf4,ncln,1931.0
elf4,d10wsu102e,1573.0
elf4,taf12,2906.0
elf4,wdr55,1704.0
elf4,nasp,1507.0
elf4,colgalt1,1643.0
elf4,etf1,2210.0
elf4,qars,1719.0
elf4,rfesd,1760.0
elf4,cdc20,1613.0
elf4,myo1g,1736.0
elf4,gosr2,2553.0
elf4,ccng1,1921.0
elf4,cpt2,2741.0
elf4,gars,1726.0
elf4,g6pdx,1483.0
elf4,slc25a45,1422.0
elf4,lyrm4,1388.0
elf4,snrnp200,1400.0
elf4,ubxn2b,2407.0
elf4,wdr36,1497.0
elf4,eif1ad,1404.0
elf4,nif3l1,1515.0
elf4,wdr5,1383.0
elf4,cenpa,1531.0
elf4,ftsj3,1413.0
elf4,dcaf4,1646.0
elf4,rexo4,1664.0
elf4,foxred1,1930.0
elf4,rabif,1914.0
elf4,zfp62,1203.0
elf4,ilvbl,1463.0
elf4,zkscan3,1362.0
elf4,fuca2,1428.0
elf4,terf2ip,1329.0
elf4,ints13,1172.0
elf4,cdca5,1175.0
elf4,apeh,1760.0
elf4,mis12,1362.0
elf4,slc25a46,1588.0
elf4,scrn3,1245.0
elf4,mapkapk3,1273.0
elf4,tango2,2650.0
elf4,hars,1160.0
elf4,hars2,1160.0
elf4,2210016f16rik,2216.0
elf4,arap1,1292.0
elf4,sptlc1,1427.0
elf4,sgta,1087.0
elf4,cd48,1237.0
elf4,erlin2,1341.0
elf4,e2f4,1195.0
elf4,abtb1,1056.0
elf4,ubr1,1416.0
elf4,slc31a1,1100.0
elf4,cyb5r3,1406.0
elf4,prkab1,1721.0
elf4,hsd3b7,1254.0
elf4,topors,1195.0
elf4,tvp23b,1662.0
elf4,zfp35,1267.0
elf4,uros,1219.0
elf4,plcb2,1389.0
elf4,cdk19,1317.0
elf4,trmt11,1161.0
elf4,pqlc1,1120.0
elf4,psmf1,1126.0
elf4,ptdss1,1189.0
elf4,plbd2,1428.0
elf4,mogs,1028.0
elf4,tars,1163.0
elf4,wdhd1,2307.0
elf4,gfm1,1009.0
elf4,thumpd3,1508.0
elf4,trim30a,956.0
elf4,mis18bp1,1361.0
elf4,nup155,1146.0
elf4,fzr1,1229.0
elf4,1700017b05rik,1237.0
elf4,mcm4,1160.0
elf4,atg12,1295.0
elf4,kat7,949.0
elf4,nceh1,1150.0
elf4,mars,975.0
elf4,pot1a,1184.0
elf4,ampd3,1087.0
elf4,pwp2,1018.0
elf4,naa50,1067.0
elf4,bysl,1023.0
elf4,atp6v1a,1067.0
elf4,atp7b,930.0
elf4,alg11,930.0
elf4,e2f8,1043.0
elf4,ckap2l,1061.0
elf4,rasal3,955.0
elf4,coa5,1378.0
elf4,rnf115,1051.0
elf4,kif22,1101.0
elf4,lztr1,899.0
elf4,plin3,1027.0
elf4,tmc6,954.0
elf4,tcf12,969.0
elf4,ubr7,1248.0
elf4,arhgap15,925.0
elf4,cenpe,1036.0
elf4,golt1b,1750.0
elf4,zdhhc13,1344.0
elf4,rnf13,821.0
elf4,ostm1,1776.0
elf4,tpx2,941.0
elf4,sp100,1251.0
elf4,arl6ip6,918.0
elf4,atad2,892.0
elf4,dnpep,1111.0
elf4,rad51ap1,992.0
elf4,exoc3,959.0
elf4,steap3,1097.0
elf4,capn7,1029.0
elf4,edc3,1467.0
elf4,morc3,1286.0
elf4,asf1b,1162.0
elf4,rassf5,993.0
elf4,alad,1926.0
elf4,rrm1,1106.0
elf4,dnajc5,924.0
elf4,mettl8,1178.0
elf4,narfl,705.0
elf4,naga,1073.0
elf4,tcp11l2,1020.0
elf4,dhfr,1093.0
elf4,abl1,946.0
elf4,zfp24,1003.0
elf4,crnkl1,772.0
elf4,anxa4,817.0
elf4,umps,753.0
elf4,rab32,972.0
elf4,plaa,851.0
elf4,ncapg,887.0
elf4,gramd1a,681.0
elf4,zfp322a,1018.0
elf4,stat3,851.0
elf4,tcirg1,994.0
elf4,uba5,813.0
elf4,sppl2a,752.0
elf4,cyth4,740.0
elf4,psen1,770.0
elf4,ccnb2,994.0
elf4,lyz2,820.0
elf4,timm29,805.0
elf4,dcaf11,724.0
elf4,gstm1,766.0
elf4,fos,910.0
elf4,cdc6,659.0
elf4,fes,830.0
elf4,pdcl,792.0
elf4,rfc5,1494.0
elf4,fam76b,681.0
elf4,mtmr6,927.0
elf4,prkch,1519.0
elf4,slc6a6,957.0
elf4,urod,826.0
elf4,gmcl1,969.0
elf4,pon2,640.0
elf4,spryd4,663.0
elf4,crk,706.0
elf4,pfkm,808.0
elf4,nolc1,578.0
elf4,cdt1,741.0
elf4,dpp8,867.0
elf4,vps26c,1401.0
elf4,tmx3,739.0
elf4,selenbp1,893.0
elf4,rnf139,914.0
elf4,map4k2,792.0
elf4,zfp945,633.0
elf4,ndc1,885.0
elf4,dock2,855.0
elf4,cd82,806.0
elf4,supt7l,778.0
elf4,trmt2a,1295.0
elf4,zfp36,957.0
elf4,fastkd2,829.0
elf4,ebi3,651.0
elf4,zfp871,622.0
elf4,aldh18a1,671.0
elf4,vkorc1l1,770.0
elf4,ppox,648.0
elf4,nup93,738.0
elf4,gatm,733.0
elf4,gusb,732.0
elf4,prelid3b,1114.0
elf4,ndor1,978.0
elf4,lcp2,573.0
elf4,ctla2b,778.0
elf4,cln5,589.0
elf4,pcyt1a,1068.0
elf4,tubgcp3,1011.0
elf4,nek9,536.0
elf4,nusap1,576.0
elf4,calu,493.0
elf4,tbcd,576.0
elf4,msh6,827.0
elf4,mcm2,577.0
elf4,ncapd2,607.0
elf4,anxa5,615.0
elf4,nt5dc1,612.0
elf4,prim2,626.0
elf4,neurl3,707.0
elf4,hnrnpll,1131.0
elf4,narf,600.0
elf4,mt1,598.0
elf4,nptn,558.0
elf4,smim15,1063.0
elf4,ipo4,502.0
elf4,rgs19,560.0
elf4,abcf3,598.0
elf4,treml2,661.0
elf4,nedd1,1101.0
elf4,knstrn,520.0
elf4,psmd9,640.0
elf4,casp4,481.0
elf4,prpf4,512.0
elf4,cenpk,470.0
elf4,uba7,508.0
elf4,slc30a6,574.0
elf4,psen2,1099.0
elf4,mki67,443.0
elf4,pld3,520.0
elf4,vwa5a,562.0
elf4,rtp4,524.0
elf4,serpinb9,671.0
elf4,slc35a1,958.0
elf4,tbc1d10c,541.0
elf4,sacm1l,478.0
elf4,bid,534.0
elf4,zfp367,659.0
elf4,prps1,621.0
elf4,klhl24,652.0
elf4,tmem164,585.0
elf4,btrc,576.0
elf4,ctsc,471.0
elf4,chuk,669.0
elf4,jpt2,544.0
elf4,nadk,575.0
elf4,ndel1,577.0
elf4,tmx1,883.0
elf4,zfp961,488.0
elf4,mcm5,566.0
elf4,seh1l,486.0
elf4,phax,492.0
elf4,nop2,585.0
elf4,vim,533.0
elf4,gmfb,810.0
elf4,uap1l1,437.0
elf4,fkbp1a,611.0
elf4,wdr4,771.0
elf4,elovl1,783.0
elf4,casp2,479.0
elf4,haus2,795.0
elf4,ccne1,529.0
elf4,aar2,483.0
elf4,tyms,544.0
elf4,abcb8,502.0
elf4,cops8,425.0
elf4,tmem173,440.0
elf4,dnajc10,440.0
elf4,prps2,430.0
elf4,herc4,681.0
elf4,smc2,526.0
elf4,me2,800.0
elf4,ypel3,718.0
elf4,cep70,645.0
elf4,ccdc137,980.0
elf4,gimap6,376.0
elf4,ubap1,603.0
elf4,dennd1c,397.0
elf4,prss50,353.0
elf4,rasa3,510.0
elf4,xpr1,553.0
elf4,tor3a,958.0
elf4,fbxo5,417.0
elf4,farsb,471.0
elf4,abi1,426.0
elf4,mgst3,589.0
elf4,mfsd1,503.0
elf4,rbpms,434.0
elf4,arl8b,522.0
elf4,pqlc3,496.0
elf4,mthfd1,558.0
elf4,elp2,475.0
elf4,cog7,335.0
elf4,p2rx4,779.0
elf4,clptm1l,924.0
elf4,chp1,601.0
elf4,copb1,452.0
elf4,ctse,391.0
elf4,jun,377.0
elf4,exoc2,907.0
elf4,tmem68,641.0
elf4,cast,411.0
elf4,vps35,396.0
elf4,orc6,396.0
elf4,tubgcp5,412.0
elf4,ado,358.0
elf4,tmem109,455.0
elf4,rpp40,439.0
elf4,cdk1,525.0
elf4,ift140,387.0
elf4,ptpn12,377.0
elf4,slc25a38,420.0
elf4,armt1,837.0
elf4,p2ry14,392.0
elf4,psmd5,433.0
elf4,zfp655,409.0
elf4,ifi203,537.0
elf4,march6,432.0
elf4,vps11,434.0
elf4,timm50,303.0
elf4,mfsd14b,346.0
elf4,hacd3,440.0
elf4,ifrd2,367.0
elf4,orc2,311.0
elf4,itfg1,731.0
elf4,eif2b1,659.0
elf4,9430015g10rik,397.0
elf4,aurkb,289.0
elf4,stxbp3,313.0
elf4,stx12,661.0
elf4,wdr45b,581.0
elf4,usp4,775.0
elf4,decr1,559.0
elf4,tmem185a,296.0
elf4,picalm,427.0
elf4,plec,378.0
elf4,ddx20,438.0
elf4,lmna,371.0
elf4,tes,287.0
elf4,ppat,603.0
elf4,stt3b,739.0
elf4,epsti1,290.0
elf4,tollip,390.0
elf4,hacd4,425.0
elf4,fnta,330.0
elf4,lpcat3,714.0
elf4,limd2,364.0
elf4,sptbn1,375.0
elf4,dok2,501.0
elf4,xpnpep1,278.0
elf4,orc5,511.0
elf4,snapc3,489.0
elf4,nol9,697.0
elf4,kif20b,527.0
elf4,pole3,423.0
elf4,chmp7,413.0
elf4,ifi30,323.0
elf4,gcnt2,302.0
elf4,cpox,422.0
elf4,pde4b,449.0
elf4,tnfaip2,248.0
elf4,rgs1,472.0
elf4,anxa1,271.0
elf4,lsp1,460.0
elf4,ganab,360.0
elf4,tfrc,429.0
elf4,abcg2,310.0
elf4,mndal,441.0
elf4,tmem176b,405.0
elf4,tmem176a,405.0
elf4,champ1,630.0
elf4,slc41a3,348.0
elf4,rcc1,278.0
elf4,iars2,426.0
elf4,cish,258.0
elf4,tspan14,316.0
elf4,hpn,214.0
elf4,ftsj1,316.0
elf4,psmd6,336.0
elf4,far1,604.0
elf4,oat,416.0
elf4,uhrf1,259.0
elf4,pitpnb,595.0
elf4,prmt7,587.0
elf4,iars,270.0
elf4,dph6,459.0
elf4,trim47,248.0
elf4,aldh9a1,328.0
elf4,spc25,306.0
elf4,sgo1,350.0
elf4,acaa2,314.0
elf4,ahcyl1,318.0
elf4,chmp3,448.0
elf4,casp3,363.0
elf4,dennd2d,209.0
elf4,rnf213,336.0
elf4,rars,359.0
elf4,otud6b,541.0
elf4,fam45a,331.0
elf4,cbfb,539.0
elf4,4833439l19rik,381.0
elf4,ube2g2,280.0
elf4,scfd1,414.0
elf4,pip4k2a,525.0
elf4,ube2c,358.0
elf4,gorasp1,516.0
elf4,bclaf3,513.0
elf4,birc5,308.0
elf4,lap3,504.0
elf4,cdca8,253.0
elf4,snx10,213.0
elf4,shcbp1,309.0
elf4,ccnf,260.0
elf4,fpgs,299.0
elf4,eftud2,486.0
elf4,kidins220,254.0
elf4,cyp20a1,480.0
elf4,utp4,475.0
elf4,atad1,475.0
elf4,ddx1,470.0
elf4,nudt19,273.0
elf4,tubgcp2,464.0
elf4,zfp397,463.0
elf4,nsmaf,192.0
elf4,rprd1b,270.0
elf4,nsdhl,191.0
elf4,cyb5r1,280.0
elf4,ak3,350.0
elf4,lig1,244.0
elf4,pkm,250.0
elf4,clpx,185.0
elf4,abcb4,330.0
elf4,top2a,307.0
elf4,bap1,238.0
elf4,adk,285.0
elf4,rmnd5a,268.0
elf4,pwp1,230.0
elf4,elf4,218.0
elf4,isyna1,214.0
elf4,pold1,265.0
elf4,ckap2,420.0
elf4,xpc,417.0
elf4,wars,281.0
elf4,serpina3g,416.0
elf4,bub1b,253.0
elf4,usp37,228.0
elf4,h2-dmb1,249.0
elf4,mavs,249.0
elf4,c330018d20rik,403.0
elf4,net1,210.0
elf4,h2-ob,292.0
elf4,ncaph,259.0
elf4,tmem206,218.0
elf4,ranbp3,391.0
elf4,fgfr1op,208.0
elf4,irf1,198.0
elf4,ctso,248.0
elf4,unk,264.0
elf4,fech,376.0
elf4,fam91a1,375.0
elf4,rnase6,248.0
elf4,gskip,220.0
elf4,mtap,235.0
elf4,nfkbia,239.0
elf4,adamts10,363.0
elf4,wls,221.0
elf4,psat1,222.0
elf4,asb8,348.0
elf4,anapc4,347.0
elf4,nudt9,224.0
elf4,nup88,135.0
elf4,uap1,334.0
elf4,gna13,178.0
elf4,mettl7a1,320.0
elf4,cers5,315.0
elf4,tpp1,177.0
elf4,ercc8,206.0
elf4,fam136a,167.0
elf4,slc30a5,299.0
elf4,dus1l,299.0
elf4,zfp639,295.0
elf4,ap1b1,295.0
elf4,xrcc5,160.0
elf4,rfc4,154.0
elf4,il15,282.0
elf4,minpp1,279.0
elf4,ccnb1,277.0
elf4,alg9,277.0
elf4,gyg,275.0
elf4,cdca4,274.0
elf4,atp2a3,273.0
elf4,zkscan17,271.0
elf4,ddx58,271.0
elf4,rmnd5b,269.0
elf4,2610301b20rik,268.0
elf4,emilin1,267.0
elf4,dis3l2,266.0
elf4,golph3,265.0
elf4,tbxas1,263.0
elf4,lcp1,188.0
elf4,h1f0,263.0
elf4,acss2,137.0
elf4,pbk,147.0
elf4,hagh,258.0
elf4,esyt2,257.0
elf4,ctps,256.0
elf4,anapc2,254.0
elf4,rdh11,179.0
elf4,pmpca,241.0
elf4,klhl6,237.0
elf4,nde1,233.0
elf4,elp3,233.0
elf4,rnf145,117.0
elf4,klhl23,225.0
elf4,arhgap4,223.0
elf4,cytip,217.0
elf4,mfng,215.0
elf4,cog6,204.0
elf4,d1ertd622e,203.0
elf4,blvrb,202.0
elf4,rcor1,198.0
elf4,pml,196.0
elf4,slc14a1,195.0
elf4,plin2,195.0
elf4,cd84,195.0
elf4,nit1,194.0
elf4,dhx33,194.0
elf4,tcn2,192.0
elf4,dlst,191.0
elf4,arhgef6,190.0
elf4,ppil4,189.0
elf4,wdsub1,188.0
elf4,ubl4a,188.0
elf4,ppm1h,188.0
elf4,poglut1,186.0
elf4,procr,185.0
elf4,hmmr,185.0
elf4,dnajc11,185.0
elf4,pja2,183.0
elf4,prc1,182.0
elf4,mt2,181.0
elf4,txnrd2,180.0
elf4,polr2b,180.0
elf4,slc7a4,179.0
elf4,polr1b,179.0
elf4,lonp1,179.0
elf4,cyth3,179.0
elf4,gmnn,177.0
elf4,stxbp4,175.0
elf4,dusp1,175.0
elf4,tbl3,174.0
elf4,pitrm1,174.0
elf4,stk25,172.0
elf4,metap1,172.0
elf4,fignl1,171.0
elf4,alkbh8,169.0
elf4,hmbs,168.0
elf4,ptcd3,167.0
elf4,slc44a2,165.0
elf4,fbxw5,165.0
elf4,grn,164.0
elf4,nampt,163.0
elf4,calcrl,163.0
elf4,cnp,161.0
elf4,cela1,161.0
elf4,cpq,160.0
elf4,clic4,158.0
elf4,kif11,155.0
elf4,zfp451,154.0
elf4,zyx,153.0
elf4,st6galnac4,150.0
elf4,cdc7,145.0
elf4,lrrc8c,144.0
elf4,zzz3,142.0
elf4,pacs1,136.0
elf4,march5,130.0
elf4,slc19a1,127.0
elf4,plk1,127.0
elf4,tbc1d15,124.0
elf4,gypa,124.0
elf4,sigirr,123.0
elf4,gnpda1,123.0
elf4,armc8,123.0
elf4,coro1a,121.0
elf4,gbp2,115.0
elf4,pigq,108.0
elf4,st8sia4,106.0
elf4,pcyt2,103.0
fos,ube2c,2792.0
fos,dcaf11,1751.0
fos,lmna,1340.0
fos,top2a,1849.0
fos,foxred1,1389.0
fos,sun1,1652.0
fos,jpt2,2124.0
fos,abcb8,1251.0
fos,myh10,1961.0
fos,mis12,1615.0
fos,spc25,1427.0
fos,ift140,1405.0
fos,nubp2,841.0
fos,mcm5,1573.0
fos,cdca3,899.0
fos,golt1b,1436.0
fos,nusap1,1459.0
fos,wdr36,948.0
fos,slc25a45,746.0
fos,vim,839.0
fos,qars,895.0
fos,fam76b,1428.0
fos,ncapg2,983.0
fos,cela1,1113.0
fos,lsp1,1214.0
fos,cdt1,986.0
fos,zfp367,791.0
fos,p2ry14,1496.0
fos,coq8a,1212.0
fos,pacsin2,1100.0
fos,tango2,1204.0
fos,cenpk,1162.0
fos,ctla2b,1450.0
fos,plec,872.0
fos,uckl1,957.0
fos,2610301b20rik,1948.0
fos,rnf13,1052.0
fos,sacm1l,1653.0
fos,narf,851.0
fos,ezr,853.0
fos,cdca8,986.0
fos,orc2,1066.0
fos,ncapd2,1395.0
fos,cytip,977.0
fos,far1,1212.0
fos,cd63,703.0
fos,isg20,733.0
fos,rangap1,534.0
fos,fzr1,709.0
fos,zfp871,690.0
fos,xab2,906.0
fos,ifi203,911.0
fos,naa35,863.0
fos,cks1b,715.0
fos,tubgcp2,619.0
fos,fem1b,798.0
fos,rcor1,830.0
fos,cops8,556.0
fos,ckap2l,627.0
fos,mcm3,827.0
fos,fbxo5,884.0
fos,unk,405.0
fos,cd1d1,732.0
fos,mfsd1,1883.0
fos,zyx,523.0
fos,tes,525.0
fos,mthfd1,521.0
fos,zfp945,451.0
fos,cish,518.0
fos,tmem97,693.0
fos,hexa,1889.0
fos,arl6ip6,580.0
fos,rmnd5a,696.0
fos,chp1,524.0
fos,apoe,775.0
fos,zfp930,503.0
fos,incenp,561.0
fos,asf1b,728.0
fos,tspan33,653.0
fos,tars,410.0
fos,kat7,679.0
fos,hmmr,723.0
fos,zfp961,633.0
fos,gnpda1,885.0
fos,plaa,398.0
fos,mndal,744.0
fos,cenpa,401.0
fos,ccnb2,590.0
fos,nudt9,620.0
fos,9430015g10rik,579.0
fos,nfkbia,773.0
fos,wars,417.0
fos,e2f8,369.0
fos,ccnb1,553.0
fos,ckap5,598.0
fos,gbp2,523.0
fos,uba7,628.0
fos,pcyt1a,364.0
fos,eps15,479.0
fos,gcnt2,573.0
fos,mrm1,322.0
fos,spc24,515.0
fos,clcn4,445.0
fos,sphk1,428.0
fos,plek,616.0
fos,mrpl37,523.0
fos,crk,1230.0
fos,tcf12,347.0
fos,erlin1,531.0
fos,rpa2,341.0
fos,tfg,293.0
fos,scarb1,425.0
fos,hnrnpll,552.0
fos,cdca4,552.0
fos,mt2,425.0
fos,fbxw5,412.0
fos,etf1,581.0
fos,itsn1,479.0
fos,ctnna1,254.0
fos,rad51ap1,491.0
fos,picalm,477.0
fos,mns1,477.0
fos,hspa4l,475.0
fos,rcc1,392.0
fos,chordc1,548.0
fos,zdhhc13,453.0
fos,slc11a2,544.0
fos,vps33a,1627.0
fos,uhrf1,492.0
fos,e2f6,356.0
fos,cdc45,331.0
fos,abcb4,529.0
fos,pde4b,467.0
fos,ccnf,456.0
fos,uap1,471.0
fos,slc30a5,311.0
fos,sgo1,968.0
fos,atad2,296.0
fos,elac2,462.0
fos,aqp9,565.0
fos,birc5,584.0
fos,lrrfip1,377.0
fos,ebi3,508.0
fos,mt1,413.0
fos,nup88,523.0
fos,mki67,533.0
fos,nsdhl,433.0
fos,ctla2a,1164.0
fos,jun,587.0
fos,dnpep,252.0
fos,ifrd2,466.0
fos,kif22,426.0
fos,psat1,278.0
fos,dusp1,369.0
fos,pld3,523.0
fos,emilin2,348.0
fos,ndel1,461.0
fos,pitrm1,287.0
fos,vwa5a,293.0
fos,armt1,1426.0
fos,kpna3,298.0
fos,tmc6,335.0
fos,naa50,279.0
fos,iars,383.0
fos,hsd3b7,425.0
fos,ap5m1,231.0
fos,stat3,243.0
fos,gsr,322.0
fos,f11r,308.0
fos,hagh,317.0
fos,cyb5r3,350.0
fos,mars,319.0
fos,timm29,226.0
fos,b230219d22rik,247.0
fos,sesn1,261.0
fos,esyt2,235.0
fos,tmem129,255.0
fos,tacc3,255.0
fos,tcirg1,305.0
fos,ercc8,258.0
fos,gosr2,443.0
fos,nudcd1,338.0
fos,slc25a21,514.0
fos,mettl27,275.0
fos,ptpn12,357.0
fos,galk2,226.0
fos,atp6ap2,381.0
fos,nup93,151.0
fos,rbpms,252.0
fos,casp4,362.0
fos,rabif,274.0
fos,aurka,432.0
fos,gna13,317.0
fos,snx10,407.0
fos,cdk19,489.0
fos,dusp2,389.0
fos,umps,241.0
fos,leprot,313.0
fos,dnajc10,247.0
fos,neurl3,356.0
fos,oat,258.0
fos,hus1,227.0
fos,ankrd27,328.0
fos,ccna2,233.0
fos,hpn,323.0
fos,ilvbl,275.0
fos,zfp655,331.0
fos,rgcc,242.0
fos,ado,243.0
fos,rrm2,304.0
fos,mapk9,231.0
fos,slc31a1,229.0
fos,tpx2,228.0
fos,sgta,222.0
fos,cast,293.0
fos,calu,209.0
fos,dus1l,589.0
fos,tgm2,419.0
fos,gorasp1,263.0
fos,wdsub1,301.0
fos,pqlc3,248.0
fos,ampd3,271.0
fos,vps26c,162.0
fos,cdc20,269.0
fos,fos,471.0
fos,rgs2,177.0
fos,ly6a,331.0
fos,vps11,674.0
fos,l2hgdh,274.0
fos,tor3a,213.0
fos,zfp451,218.0
fos,scfd1,232.0
fos,slc30a6,300.0
fos,lig1,198.0
fos,rassf5,212.0
fos,ube2g2,251.0
fos,alg9,339.0
fos,gtf2h1,795.0
fos,trmt2a,200.0
fos,anxa6,235.0
fos,rexo4,437.0
fos,ipo4,209.0
fos,abtb1,188.0
fos,nolc1,153.0
fos,ypel3,224.0
fos,rab31,283.0
fos,hsph1,233.0
fos,uba3,283.0
fos,d1ertd622e,237.0
fos,trmt6,367.0
fos,pot1a,180.0
fos,pqlc1,217.0
fos,lonp1,430.0
fos,slc20a1,204.0
fos,acss2,221.0
fos,metap1d,434.0
fos,cyb5r1,210.0
fos,trim30a,246.0
fos,tvp23b,208.0
fos,tpp1,340.0
fos,supt7l,531.0
fos,steap3,212.0
fos,tbc1d15,223.0
fos,ctps,275.0
fos,rasa3,240.0
fos,gtf2f1,261.0
fos,seh1l,213.0
fos,mis18bp1,305.0
fos,sec23ip,230.0
fos,ubap1,626.0
fos,d10wsu102e,195.0
fos,nudcd3,432.0
fos,gata2,761.0
fos,aldh9a1,160.0
fos,serpinb9,163.0
fos,acox1,198.0
fos,ddx20,227.0
fos,atg16l1,187.0
fos,rfc4,318.0
fos,ctsc,234.0
fos,mtmr6,185.0
fos,mtrex,216.0
fos,rtp4,240.0
fos,nae1,276.0
fos,snrnp200,417.0
fos,zfp322a,176.0
fos,pja2,358.0
fos,aurkb,315.0
fos,dok2,240.0
fos,ncln,213.0
fos,usp8,125.0
fos,ptdss2,169.0
fos,nedd1,156.0
fos,serpina3g,307.0
fos,plin3,194.0
fos,anxa5,183.0
fos,stk25,144.0
fos,polr2b,141.0
fos,zzz3,671.0
fos,asah1,199.0
fos,aplp2,235.0
fos,prss50,274.0
fos,mcm4,282.0
fos,btaf1,131.0
fos,gmfb,332.0
fos,itfg1,157.0
fos,gpr180,297.0
fos,nif3l1,261.0
fos,vps35,248.0
fos,orc6,248.0
fos,gstm5,289.0
fos,sqle,397.0
fos,fam136a,250.0
fos,mavs,204.0
fos,zfp62,315.0
fos,zfp639,159.0
fos,sppl2a,180.0
fos,elovl1,166.0
fos,rfesd,136.0
fos,anapc4,138.0
fos,st8sia4,246.0
fos,nptn,501.0
fos,spryd4,406.0
fos,pak1,201.0
fos,slc14a1,192.0
fos,optn,202.0
fos,grn,244.0
fos,mettl7a1,171.0
fos,nampt,164.0
fos,ganab,245.0
fos,tfrc,206.0
fos,pole3,138.0
fos,metap1,253.0
fos,mau2,164.0
fos,ctse,198.0
fos,cyp20a1,139.0
fos,tbxas1,170.0
fos,uba5,437.0
fos,ostm1,255.0
fos,gramd1a,233.0
fos,cdca5,196.0
fos,ndrg1,231.0
fos,1700017b05rik,184.0
fos,abl1,280.0
fos,abcf3,230.0
fos,uap1l1,143.0
fos,med22,189.0
fos,gnb4,202.0
fos,zfp35,194.0
fos,eftud2,370.0
fos,cnot7,119.0
fos,zdhhc6,254.0
fos,dcaf13,192.0
fos,adk,226.0
fos,mgst3,229.0
fos,cul4a,194.0
fos,clic4,138.0
fos,wdr75,165.0
fos,nup107,168.0
fos,nadk,185.0
fos,atad1,189.0
fos,prps1,152.0
fos,ldah,136.0
fos,slc29a1,269.0
fos,arap1,163.0
fos,adssl1,221.0
fos,procr,187.0
fos,hmbs,187.0
fos,fes,124.0
fos,clptm1l,146.0
fos,orc5,202.0
fos,lcp2,215.0
fos,xrcc5,172.0
fos,lztr1,132.0
fos,psmf1,443.0
fos,atp1b2,201.0
fos,klhl24,216.0
fos,lancl2,216.0
fos,emilin1,166.0
fos,fignl1,164.0
fos,gusb,160.0
fos,colgalt1,136.0
fos,fam168b,324.0
fos,nuf2,348.0
fos,tmub2,171.0
fos,rgs1,157.0
fos,yod1,277.0
fos,p2rx4,147.0
fos,exoc2,274.0
fos,gimap6,166.0
fos,pon2,169.0
fos,dpp8,180.0
fos,mapkapk3,163.0
fos,pkm,397.0
fos,fchsd2,189.0
fos,nsmaf,166.0
fos,phax,187.0
fos,zfp24,125.0
fos,necap2,204.0
fos,enpp4,239.0
fos,tcn2,368.0
fos,narfl,274.0
fos,minpp1,148.0
fos,stt3b,220.0
fos,ccne1,117.0
fos,dhfr,185.0
fos,zfp266,110.0
fos,atp6ap1,234.0
fos,fuca2,167.0
fos,tbcd,218.0
fos,prpf4,136.0
fos,lyz2,167.0
fos,tnfaip2,176.0
fos,ppox,148.0
fos,me2,194.0
fos,tmem168,217.0
fos,timm50,270.0
fos,rpp40,126.0
fos,ckap2,172.0
fos,usp10,145.0
fos,pwp1,160.0
fos,copg1,132.0
fos,urod,215.0
fos,laptm4b,332.0
fos,ifi30,190.0
fos,dennd1c,216.0
fos,bc005561,131.0
fos,poglut1,309.0
fos,prkab1,115.0
fos,ccdc137,186.0
fos,sdhaf2,302.0
fos,champ1,302.0
fos,cmpk2,159.0
fos,bysl,116.0
fos,alkbh8,168.0
fos,pclaf,149.0
fos,ak3,287.0
fos,mad2l1,179.0
fos,chmp3,200.0
fos,tmem186,150.0
fos,cnot10,176.0
fos,topors,195.0
fos,cd93,201.0
fos,tspan14,122.0
fos,eya2,198.0
fos,zkscan17,211.0
fos,rgs19,173.0
fos,pstpip1,141.0
fos,stard10,164.0
fos,ptdss1,203.0
fos,vps33b,110.0
fos,apeh,157.0
fos,arl8b,145.0
fos,ccng1,136.0
fos,dck,150.0
fos,usp37,132.0
fos,il15,166.0
fos,ints8,259.0
fos,psmd9,137.0
fos,eif1ad,258.0
fos,blvrb,157.0
fos,skap2,140.0
fos,trim47,136.0
fos,rnf139,169.0
fos,cdc6,129.0
fos,anapc2,157.0
fos,slc25a46,240.0
fos,adgrg3,238.0
fos,elp3,132.0
fos,eif2b1,130.0
fos,rpa1,144.0
fos,endod1,152.0
fos,casp2,233.0
fos,xpnpep1,121.0
fos,dhx33,232.0
fos,slc35a1,229.0
fos,exoc3,122.0
fos,aar2,228.0
fos,pigq,226.0
fos,fpgs,142.0
fos,twsg1,132.0
fos,plcg2,123.0
fos,psmd5,122.0
fos,ubxn2b,150.0
fos,gimap5,211.0
fos,cpt2,124.0
fos,vkorc1l1,128.0
fos,kidins220,208.0
fos,lrrc8c,112.0
fos,acaa2,104.0
fos,cln5,103.0
fos,ap1g2,110.0
fos,tmem109,198.0
fos,fgfr1op,114.0
fos,wdhd1,197.0
fos,klhl22,195.0
fos,fkbp1a,120.0
fos,ipo9,104.0
fos,cacfd1,132.0
fos,pgm1,189.0
fos,ddx1,188.0
fos,polr1b,184.0
fos,nol9,184.0
fos,ugcg,115.0
fos,edc3,183.0
fos,golm1,180.0
fos,armc8,180.0
fos,pla2g12a,177.0
fos,net1,177.0
fos,aldh1a1,176.0
fos,nceh1,173.0
fos,btrc,173.0
fos,pfkm,172.0
fos,cyth3,172.0
fos,rdh11,171.0
fos,pheta2,171.0
fos,cyth4,171.0
fos,smim5,169.0
fos,tmem68,167.0
fos,vps41,164.0
fos,tbl3,163.0
fos,tmem173,162.0
fos,dnajc11,162.0
fos,pdcl,161.0
fos,ncapg,161.0
fos,aldh18a1,160.0
fos,tbc1d10c,158.0
fos,vill,157.0
fos,cpox,157.0
fos,atl2,157.0
fos,tubgcp3,154.0
fos,lyrm4,154.0
fos,ext2,154.0
fos,ndc1,149.0
fos,ssx2ip,148.0
fos,angpt1,148.0
fos,mycn,146.0
fos,tmem206,144.0
fos,atg12,144.0
fos,elp2,142.0
fos,nit1,140.0
fos,kif11,140.0
fos,fam91a1,140.0
fos,plin2,138.0
fos,mcm2,137.0
fos,prkar2b,135.0
fos,csgalnact2,135.0
fos,cog7,135.0
fos,atp7b,135.0
fos,alg11,135.0
fos,hacd4,134.0
fos,cnp,134.0
fos,hebp1,133.0
fos,dis3l2,133.0
fos,pno1,131.0
fos,c330018d20rik,129.0
fos,copb1,127.0
fos,atp6v1a,127.0
fos,adamts10,126.0
fos,scrn3,124.0
fos,rab32,124.0
fos,ptgs1,165.0
fos,stx12,123.0
fos,zfp397,121.0
fos,lpcat3,120.0
fos,dock2,120.0
fos,wdr45b,119.0
fos,otud6b,115.0
fos,vav1,114.0
fos,odc1,431.0
fos,mfge8,112.0
fos,calcrl,112.0
fos,snap23,111.0
fos,usp25,110.0
fos,slc19a1,110.0
fos,prc1,110.0
fos,fnta,110.0
fos,fastkd2,110.0
fos,fam45a,110.0
fos,smad2,109.0
fos,rnf115,107.0
fos,plk1,107.0
fos,pitpnb,107.0
fos,pip4k2a,107.0
fos,mctp1,107.0
fos,afg3l2,107.0
fos,h2-ob,106.0
fos,prelid3b,105.0
fos,cd74,105.0
fos,sptlc1,104.0
fos,rfc5,104.0
fos,rabggtb,104.0
fos,golph3,103.0
fos,gars,103.0
fos,ahcyl1,102.0
fos,ttll12,101.0
fos,pik3r2,101.0
gata2,fpgs,3197.0
gata2,inka1,2298.0
gata2,itsn1,2493.0
gata2,mfsd2b,2492.0
gata2,mto1,1778.0
gata2,hspa4l,2337.0
gata2,padi4,1354.0
gata2,mfsd1,1824.0
gata2,zfp655,2633.0
gata2,pik3r2,1837.0
gata2,tmem164,1921.0
gata2,cpox,1708.0
gata2,psat1,1285.0
gata2,tor3a,2082.0
gata2,stxbp4,2077.0
gata2,p2ry14,2123.0
gata2,pacsin2,1408.0
gata2,vps33a,2092.0
gata2,fech,1770.0
gata2,eftud2,1857.0
gata2,ctse,2039.0
gata2,hexa,1313.0
gata2,gclc,1442.0
gata2,pheta2,1839.0
gata2,picalm,885.0
gata2,rab37,2143.0
gata2,yod1,1822.0
gata2,gata1,1618.0
gata2,cenpo,1588.0
gata2,ampd3,1647.0
gata2,zdhhc6,1549.0
gata2,klhl24,1380.0
gata2,sgo1,1246.0
gata2,dnajc11,1508.0
gata2,ppox,1918.0
gata2,hmbs,1579.0
gata2,pno1,1575.0
gata2,asf1b,1836.0
gata2,ndel1,1252.0
gata2,cd63,1348.0
gata2,tmem168,1127.0
gata2,ifrd2,1631.0
gata2,nup85,1220.0
gata2,pitpnb,1460.0
gata2,dnajc10,1583.0
gata2,gmfb,1043.0
gata2,rrm1,1234.0
gata2,isyna1,1237.0
gata2,epor,1465.0
gata2,poglut1,977.0
gata2,tbcd,972.0
gata2,spryd4,1044.0
gata2,neurl3,1061.0
gata2,psmd9,1229.0
gata2,aldh9a1,1432.0
gata2,nuf2,1324.0
gata2,slc18a2,948.0
gata2,cish,772.0
gata2,nudcd3,1075.0
gata2,galk2,1364.0
gata2,aurka,925.0
gata2,d1ertd622e,1048.0
gata2,st8sia4,1194.0
gata2,tfr2,1772.0
gata2,clcn4,504.0
gata2,stk25,1218.0
gata2,arhgef6,1007.0
gata2,dpp8,1326.0
gata2,kat7,1336.0
gata2,stap1,505.0
gata2,btk,1273.0
gata2,spire1,1272.0
gata2,spns2,1527.0
gata2,ypel3,1175.0
gata2,dnpep,889.0
gata2,tubgcp5,1081.0
gata2,jun,1103.0
gata2,mars,940.0
gata2,nt5dc1,1058.0
gata2,mapkapk3,840.0
gata2,ahcyl1,1150.0
gata2,slc41a3,720.0
gata2,zzz3,911.0
gata2,hemgn,1544.0
gata2,rangap1,1947.0
gata2,mfge8,1590.0
gata2,dcaf13,1038.0
gata2,cep70,1685.0
gata2,nif3l1,794.0
gata2,mki67,733.0
gata2,rasa3,1043.0
gata2,ppil4,1055.0
gata2,asah1,727.0
gata2,ctla2a,878.0
gata2,rfesd,664.0
gata2,otud6b,782.0
gata2,ipo4,899.0
gata2,cog7,855.0
gata2,incenp,1078.0
gata2,napsa,794.0
gata2,sec23ip,1152.0
gata2,dcaf11,1412.0
gata2,snca,1807.0
gata2,usp10,952.0
gata2,abcb4,1083.0
gata2,gfi1b,713.0
gata2,stard10,1076.0
gata2,angpt1,1073.0
gata2,armt1,872.0
gata2,rcor1,850.0
gata2,xab2,754.0
gata2,alg9,898.0
gata2,uros,1158.0
gata2,anxa6,823.0
gata2,psmf1,851.0
gata2,slc14a1,792.0
gata2,pigq,1233.0
gata2,sacm1l,1033.0
gata2,blvrb,1457.0
gata2,tmx3,856.0
gata2,tars,925.0
gata2,plin3,1083.0
gata2,mtmr6,902.0
gata2,ppp6c,1002.0
gata2,fbxo5,819.0
gata2,rdh11,539.0
gata2,pqlc3,807.0
gata2,copb1,889.0
gata2,tbc1d15,828.0
gata2,urod,1211.0
gata2,h1f0,907.0
gata2,ptpn12,604.0
gata2,lmna,781.0
gata2,zfp62,641.0
gata2,timm50,1012.0
gata2,gnpda1,665.0
gata2,steap3,1162.0
gata2,vps11,1106.0
gata2,tspan14,764.0
gata2,hacd4,763.0
gata2,gypa,1707.0
gata2,arl6ip6,853.0
gata2,vps33b,775.0
gata2,tnfaip2,1803.0
gata2,dph6,1178.0
gata2,vkorc1l1,739.0
gata2,rhof,807.0
gata2,myh10,611.0
gata2,pkm,752.0
gata2,kel,1744.0
gata2,cul2,608.0
gata2,ces2g,1585.0
gata2,pole3,733.0
gata2,stom,769.0
gata2,gtf2h1,599.0
gata2,slc43a1,1278.0
gata2,skap2,629.0
gata2,adssl1,388.0
gata2,abcf3,652.0
gata2,calcrl,659.0
gata2,chmp7,789.0
gata2,gtf2f1,858.0
gata2,rpa2,1193.0
gata2,ipo9,470.0
gata2,ezr,837.0
gata2,sppl2a,730.0
gata2,mt1,470.0
gata2,rcc1,736.0
gata2,dis3l2,503.0
gata2,mad2l1,1026.0
gata2,coa5,660.0
gata2,cers4,738.0
gata2,rnf139,699.0
gata2,klf1,1206.0
gata2,hagh,486.0
gata2,chordc1,663.0
gata2,fam168b,628.0
gata2,wdr75,585.0
gata2,tpp1,1203.0
gata2,slc40a1,1526.0
gata2,tcp11l2,943.0
gata2,casp3,556.0
gata2,hacd3,599.0
gata2,pdcl,877.0
gata2,prmt7,551.0
gata2,pik3c3,1193.0
gata2,xpc,843.0
gata2,tspo2,1462.0
gata2,tes,731.0
gata2,dus1l,701.0
gata2,atp1b2,646.0
gata2,mgst3,666.0
gata2,lancl2,408.0
gata2,pla2g12a,756.0
gata2,fuca2,669.0
gata2,elovl1,530.0
gata2,wdr5,599.0
gata2,laptm4b,522.0
gata2,mtrex,781.0
gata2,car1,1409.0
gata2,top2a,791.0
gata2,ndor1,499.0
gata2,tubgcp2,469.0
gata2,cdca5,641.0
gata2,acss1,688.0
gata2,morc3,628.0
gata2,farsb,981.0
gata2,rad51,502.0
gata2,abi1,1110.0
gata2,mtfr1,579.0
gata2,lonp1,478.0
gata2,rbpms,490.0
gata2,gemin5,383.0
gata2,sptbn1,648.0
gata2,supt7l,462.0
gata2,irf1,481.0
gata2,orc5,530.0
gata2,atg4b,451.0
gata2,eya2,814.0
gata2,ostm1,546.0
gata2,ap5m1,519.0
gata2,cog6,550.0
gata2,apeh,1263.0
gata2,lpcat3,631.0
gata2,tmx1,439.0
gata2,vps26c,494.0
gata2,mctp1,625.0
gata2,samd14,628.0
gata2,pbk,721.0
gata2,casp2,939.0
gata2,clpx,644.0
gata2,mis18bp1,590.0
gata2,cops8,471.0
gata2,pitrm1,456.0
gata2,slc6a6,484.0
gata2,hpn,551.0
gata2,plec,508.0
gata2,myo1g,605.0
gata2,slc25a46,465.0
gata2,pfkm,506.0
gata2,ikzf2,582.0
gata2,lrrc8c,618.0
gata2,slc16a1,505.0
gata2,atl2,458.0
gata2,slc29a1,1175.0
gata2,ext2,489.0
gata2,nup88,396.0
gata2,scarb1,708.0
gata2,gypc,791.0
gata2,eps15,414.0
gata2,zfp639,509.0
gata2,slc20a1,491.0
gata2,chmp3,413.0
gata2,klhl6,434.0
gata2,klhl22,466.0
gata2,trmt11,454.0
gata2,crk,437.0
gata2,b230219d22rik,462.0
gata2,unc93b1,572.0
gata2,add2,1137.0
gata2,ube2c,417.0
gata2,cdt1,466.0
gata2,nudt9,467.0
gata2,fastkd2,905.0
gata2,dock2,415.0
gata2,nptn,378.0
gata2,zfp871,456.0
gata2,hnrnpll,382.0
gata2,erlin2,344.0
gata2,slc25a38,791.0
gata2,dusp1,377.0
gata2,edc3,538.0
gata2,gusb,404.0
gata2,rpa1,392.0
gata2,ptdss1,460.0
gata2,exoc2,422.0
gata2,abl1,322.0
gata2,cenpk,450.0
gata2,fignl1,453.0
gata2,nolc1,361.0
gata2,ccna2,315.0
gata2,il27ra,523.0
gata2,tsc22d3,413.0
gata2,cyth3,380.0
gata2,rfc4,457.0
gata2,ilvbl,388.0
gata2,fam45a,387.0
gata2,wdr73,363.0
gata2,ppp2r1b,393.0
gata2,naa35,348.0
gata2,ddx20,438.0
gata2,grn,1007.0
gata2,tipin,411.0
gata2,abcb8,483.0
gata2,asb8,454.0
gata2,lcp1,500.0
gata2,ptdss2,386.0
gata2,gmcl1,437.0
gata2,tvp23b,305.0
gata2,wdr36,334.0
gata2,adk,325.0
gata2,prelid3b,405.0
gata2,usp37,414.0
gata2,rasal3,487.0
gata2,cdc45,425.0
gata2,elmo1,394.0
gata2,fem1b,276.0
gata2,arl8b,654.0
gata2,wdr6,553.0
gata2,pacs1,480.0
gata2,ccdc137,501.0
gata2,ncapd2,422.0
gata2,ermap,951.0
gata2,gramd1a,480.0
gata2,timm29,558.0
gata2,hus1,412.0
gata2,thumpd3,338.0
gata2,wdr4,363.0
gata2,cenpa,928.0
gata2,txnrd2,419.0
gata2,tcn2,332.0
gata2,eif2b1,338.0
gata2,gorasp1,315.0
gata2,bag2,323.0
gata2,clptm1l,314.0
gata2,rab32,371.0
gata2,nop2,348.0
gata2,wars,308.0
gata2,gpr171,400.0
gata2,cbfb,443.0
gata2,psen2,884.0
gata2,polr1b,456.0
gata2,rnf145,363.0
gata2,rmnd5a,396.0
gata2,wdsub1,397.0
gata2,slc7a4,435.0
gata2,exoc3,302.0
gata2,tmub2,575.0
gata2,btaf1,524.0
gata2,uba7,451.0
gata2,crnkl1,336.0
gata2,afg3l2,377.0
gata2,nceh1,439.0
gata2,st3gal5,355.0
gata2,metap1d,335.0
gata2,coro1a,423.0
gata2,ppat,311.0
gata2,mis12,242.0
gata2,nit1,305.0
gata2,crbn,298.0
gata2,wdr45b,280.0
gata2,dhx33,830.0
gata2,foxred1,486.0
gata2,nasp,544.0
gata2,lrrfip1,408.0
gata2,qars,354.0
gata2,nadk,292.0
gata2,usp8,361.0
gata2,mettl8,457.0
gata2,il21r,404.0
gata2,stxbp3,512.0
gata2,med22,411.0
gata2,snrnp200,354.0
gata2,mettl27,270.0
gata2,bid,314.0
gata2,gyg,399.0
gata2,endod1,345.0
gata2,armc8,370.0
gata2,cd55,396.0
gata2,msh6,254.0
gata2,copg1,230.0
gata2,pld3,284.0
gata2,mcm4,463.0
gata2,erlin1,298.0
gata2,crip2,392.0
gata2,slc35a1,267.0
gata2,gna13,276.0
gata2,acox1,205.0
gata2,cdk19,355.0
gata2,tmem97,274.0
gata2,atad2,294.0
gata2,treml2,415.0
gata2,pot1a,436.0
gata2,nol9,267.0
gata2,atp6ap1,331.0
gata2,tmem68,258.0
gata2,cnot10,466.0
gata2,snap23,283.0
gata2,slc30a5,263.0
gata2,coq8a,492.0
gata2,e2f4,269.0
gata2,leprot,749.0
gata2,psmd5,268.0
gata2,slc25a21,741.0
gata2,shcbp1,517.0
gata2,enpp4,370.0
gata2,ado,402.0
gata2,nsdhl,302.0
gata2,plin2,277.0
gata2,stat3,450.0
gata2,cpt2,258.0
gata2,nedd1,255.0
gata2,kidins220,276.0
gata2,rabif,300.0
gata2,gcnt2,243.0
gata2,cdk1,410.0
gata2,polr2b,261.0
gata2,ftsj3,238.0
gata2,stt3b,283.0
gata2,trmt6,256.0
gata2,tmem64,347.0
gata2,me2,305.0
gata2,ints13,250.0
gata2,arap1,258.0
gata2,gsr,173.0
gata2,vim,325.0
gata2,rabggtb,319.0
gata2,9430015g10rik,230.0
gata2,net1,272.0
gata2,lap3,231.0
gata2,pmpca,212.0
gata2,cd9,672.0
gata2,necap2,239.0
gata2,chuk,271.0
gata2,nek9,282.0
gata2,esyt2,286.0
gata2,narfl,567.0
gata2,il15,656.0
gata2,elac2,262.0
gata2,anapc2,225.0
gata2,seh1l,276.0
gata2,myct1,648.0
gata2,chp1,263.0
gata2,rexo4,246.0
gata2,lyrm4,273.0
gata2,dlst,224.0
gata2,oat,233.0
gata2,4833439l19rik,244.0
gata2,ldah,319.0
gata2,isg20,358.0
gata2,nudt4,378.0
gata2,aurkb,315.0
gata2,lztr1,228.0
gata2,atg16l1,258.0
gata2,stx12,238.0
gata2,nampt,290.0
gata2,smc2,330.0
gata2,zfp961,252.0
gata2,cln5,214.0
gata2,aar2,301.0
gata2,nde1,217.0
gata2,d230025d16rik,219.0
gata2,uap1,169.0
gata2,trmt2a,225.0
gata2,anxa5,224.0
gata2,tcf12,274.0
gata2,acaa2,159.0
gata2,topors,202.0
gata2,sgta,606.0
gata2,pqlc1,248.0
gata2,mt2,202.0
gata2,tm7sf3,238.0
gata2,d10wsu102e,201.0
gata2,cd34,226.0
gata2,gfm1,265.0
gata2,emilin1,223.0
gata2,sept6,295.0
gata2,cenpe,324.0
gata2,taf12,203.0
gata2,zfp367,293.0
gata2,pold1,202.0
gata2,hsdl1,231.0
gata2,xrcc5,265.0
gata2,nup155,225.0
gata2,ddhd2,265.0
gata2,usp4,227.0
gata2,zfp110,200.0
gata2,tbl3,194.0
gata2,rhd,576.0
gata2,2610301b20rik,349.0
gata2,bysl,228.0
gata2,iars2,247.0
gata2,atp7b,221.0
gata2,alg11,221.0
gata2,aplp2,380.0
gata2,zfp322a,227.0
gata2,tmem206,283.0
gata2,nusap1,225.0
gata2,hlf,435.0
gata2,rnasel,363.0
gata2,naa50,289.0
gata2,atp6v1a,289.0
gata2,ube2g2,278.0
gata2,uap1l1,329.0
gata2,ncapg2,210.0
gata2,cpt1a,275.0
gata2,ice1,271.0
gata2,rnf13,187.0
gata2,wdhd1,214.0
gata2,birc5,231.0
gata2,abcd3,211.0
gata2,hars2,185.0
gata2,hars,185.0
gata2,odc1,182.0
gata2,cd48,269.0
gata2,atp13a1,280.0
gata2,fchsd2,266.0
gata2,fam91a1,234.0
gata2,plaa,213.0
gata2,sptlc1,179.0
gata2,xpnpep1,250.0
gata2,unk,211.0
gata2,tmem185a,302.0
gata2,gars,229.0
gata2,adgrg3,263.0
gata2,scfd1,190.0
gata2,narf,185.0
gata2,aqp9,206.0
gata2,ift140,265.0
gata2,elp2,196.0
gata2,iars,246.0
gata2,zfp945,517.0
gata2,colgalt1,176.0
gata2,psmd6,205.0
gata2,ckap2,258.0
gata2,zfp24,174.0
gata2,myo1d,176.0
gata2,haus2,200.0
gata2,ctsc,257.0
gata2,idh3a,252.0
gata2,atg12,243.0
gata2,calu,172.0
gata2,ptcd3,338.0
gata2,ctps,250.0
gata2,tmc6,250.0
gata2,sgpp1,250.0
gata2,nudcd1,213.0
gata2,dusp2,244.0
gata2,herc4,216.0
gata2,slc31a1,180.0
gata2,tango2,242.0
gata2,anapc4,233.0
gata2,tom1l1,481.0
gata2,vps35,167.0
gata2,orc6,167.0
gata2,mns1,181.0
gata2,aldh18a1,168.0
gata2,ppm1h,238.0
gata2,kif11,226.0
gata2,ubr7,161.0
gata2,mfsd14b,167.0
gata2,dram2,249.0
gata2,cept1,249.0
gata2,hmmr,238.0
gata2,nubp2,186.0
gata2,cul4a,158.0
gata2,mau2,167.0
gata2,mcm2,166.0
gata2,inpp5b,182.0
gata2,nup107,276.0
gata2,ap1b1,233.0
gata2,slc44a2,232.0
gata2,jpt2,180.0
gata2,trib2,231.0
gata2,prkar2b,160.0
gata2,pcyt1a,177.0
gata2,mrm1,168.0
gata2,hsph1,245.0
gata2,pcp4l1,166.0
gata2,sppl2b,226.0
gata2,serpinb9,165.0
gata2,champ1,227.0
gata2,sesn1,210.0
gata2,ubxn2b,169.0
gata2,psen1,161.0
gata2,spc25,240.0
gata2,ubr1,165.0
gata2,fam234b,219.0
gata2,nudt19,218.0
gata2,hoxa9,435.0
gata2,cytip,218.0
gata2,tfrc,156.0
gata2,plcg2,217.0
gata2,orc2,154.0
gata2,cyp20a1,155.0
gata2,zkscan3,213.0
gata2,metap1,144.0
gata2,rfc5,174.0
gata2,rab31,161.0
gata2,emilin2,211.0
gata2,uckl1,421.0
gata2,tmem129,178.0
gata2,tacc3,178.0
gata2,cad,143.0
gata2,rad51ap1,187.0
gata2,ckap5,143.0
gata2,vill,416.0
gata2,rmnd5b,207.0
gata2,prkab1,207.0
gata2,nae1,169.0
gata2,minpp1,233.0
gata2,rad21,225.0
gata2,ncln,138.0
gata2,fnta,145.0
gata2,cyth4,205.0
gata2,gskip,143.0
gata2,etf1,153.0
gata2,c330018d20rik,202.0
gata2,phax,139.0
gata2,anxa4,142.0
gata2,mbtps1,213.0
gata2,dck,199.0
gata2,pip4k2a,138.0
gata2,golm1,196.0
gata2,zfp397,156.0
gata2,slc11a2,149.0
gata2,p2rx4,194.0
gata2,adamts10,195.0
gata2,terf2ip,137.0
gata2,snx10,387.0
gata2,mcm5,387.0
gata2,dnajc5,156.0
gata2,ddx1,199.0
gata2,plk1,191.0
gata2,snapc3,156.0
gata2,cd93,147.0
gata2,cast,135.0
gata2,pja2,378.0
gata2,csgalnact2,133.0
gata2,nup93,156.0
gata2,g6pdx,127.0
gata2,eif1ad,175.0
gata2,e2f6,188.0
gata2,xpr1,188.0
gata2,tlk1,187.0
gata2,gstm1,373.0
gata2,bap1,157.0
gata2,cnih1,140.0
gata2,tyms,190.0
gata2,ell2,132.0
gata2,btrc,135.0
gata2,tmem109,135.0
gata2,tfg,148.0
gata2,itfg1,183.0
gata2,tubgcp3,136.0
gata2,emb,182.0
gata2,kif22,122.0
gata2,scrn3,173.0
gata2,zfp451,176.0
gata2,capn7,120.0
gata2,fgfr1op,127.0
gata2,gmnn,174.0
gata2,zfp266,119.0
gata2,mcm3,116.0
gata2,far1,134.0
gata2,prep,131.0
gata2,rgcc,173.0
gata2,nsmaf,169.0
gata2,lcp2,219.0
gata2,fam136a,335.0
gata2,ncapg,129.0
gata2,bc005561,167.0
gata2,phf10,185.0
gata2,nploc4,171.0
gata2,golt1b,165.0
gata2,ftsj1,178.0
gata2,vps41,324.0
gata2,cdc7,161.0
gata2,l2hgdh,124.0
gata2,prpf4,313.0
gata2,ccnb2,157.0
gata2,ankle1,147.0
gata2,cdc20,308.0
gata2,cnot7,154.0
gata2,knstrn,103.0
gata2,mthfd1,102.0
gata2,atp2a3,148.0
gata2,hpcal1,148.0
gata2,cmpk2,148.0
gata2,cstf2,101.0
gata2,mavs,289.0
gata2,2210016f16rik,146.0
gata2,kif20b,143.0
gata2,e2f8,142.0
gata2,utp4,142.0
gata2,memo1,140.0
gata2,ndrg1,276.0
gata2,lig1,139.0
gata2,hsd3b7,276.0
gata2,sept8,274.0
gata2,gstm5,111.0
gata2,sqle,136.0
gata2,sphk1,271.0
gata2,cacfd1,135.0
gata2,prim1,133.0
gata2,itga6,132.0
gata2,zfp35,263.0
gata2,ldhb,262.0
gata2,cdc6,134.0
gata2,ints8,115.0
gata2,man2a2,258.0
gata2,dhfr,130.0
gata2,cttn,258.0
gata2,abhd16a,256.0
gata2,fzr1,255.0
gata2,prps2,127.0
gata2,bub1b,252.0
gata2,zkscan17,124.0
gata2,tbc1d10c,247.0
gata2,mapk9,123.0
gata2,serpina3g,141.0
gata2,rgs2,239.0
gata2,cd82,239.0
gata2,zdhhc13,118.0
gata2,pstpip1,117.0
gata2,ly6a,232.0
gata2,zfp36,231.0
gata2,atad1,116.0
gata2,abtb1,231.0
gata2,arhgap4,116.0
gata2,pcyt2,115.0
gata2,prim2,114.0
gata2,tpx2,225.0
gata2,cpq,112.0
gata2,cyb5r1,115.0
gata2,aldh1a1,221.0
gata2,dennd2d,109.0
gata2,sun1,109.0
gata2,nfkbia,215.0
gata2,clic4,215.0
gata2,ak3,107.0
gata2,zyx,212.0
gata2,serpinb1a,211.0
gata2,arhgef18,211.0
gata2,acss2,105.0
gata2,plcb2,104.0
gata2,gmpr,104.0
gata2,rgs19,103.0
gata2,tmem263,103.0
gata2,ifi30,205.0
gata2,mettl7a1,204.0
gata2,serpinf1,202.0
gata2,pik3ip1,201.0
gata2,map4k2,201.0
gata2,ankrd27,198.0
gata2,cdca3,194.0
gata2,rpp40,192.0
gata2,ap1g2,189.0
gata2,faap100,187.0
gata2,spc24,180.0
gata2,wdr55,177.0
gata2,pwp2,177.0
gata2,prps1,176.0
gata2,kpna3,172.0
gata2,wls,171.0
gata2,mmrn1,171.0
gata2,fkbp1a,171.0
gata2,pml,170.0
gata2,aqp1,169.0
gata2,anxa1,169.0
gata2,cited4,162.0
gata2,fos,161.0
gata2,uba3,158.0
gata2,mogs,158.0
gata2,lsp1,155.0
gata2,pwp1,154.0
gata2,plbd2,154.0
gata2,ubap1,153.0
gata2,csad,153.0
gata2,selenbp1,151.0
gata2,vwa5a,150.0
gata2,trim30a,150.0
gata2,rhag,150.0
gata2,prkch,150.0
gata2,fads1,150.0
gata2,cryzl2,150.0
gata2,cdca8,150.0
gata2,abcg2,150.0
gata2,sqor,148.0
gata2,ccng1,148.0
gata2,rprd1b,146.0
gata2,ckap2l,144.0
gata2,optn,143.0
gata2,ugcg,141.0
gata2,slc25a45,141.0
gata2,cnp,140.0
gata2,ercc8,139.0
gata2,abcb10,139.0
gata2,limd2,134.0
gata2,col5a1,133.0
gata2,gosr2,132.0
gata2,alkbh8,131.0
gata2,lyz2,130.0
gata2,ctla2b,129.0
gata2,ganab,128.0
gata2,tcirg1,125.0
gata2,mef2c,125.0
gata2,tollip,124.0
gata2,ranbp3,123.0
gata2,oasl2,123.0
gata2,pde4b,122.0
gata2,phactr2,121.0
gata2,apoe,121.0
gata2,gbp2,119.0
gata2,ndc1,118.0
gata2,hells,118.0
gata2,ngly1,110.0
gata2,ccnf,108.0
gata2,slc30a6,107.0
gata2,zfp930,106.0
gata2,fbxw5,106.0
gata2,dcaf4,102.0
gfi1b,gfi1b,2153.0
gfi1b,itsn1,1296.0
gfi1b,asf1b,1175.0
gfi1b,gorasp1,2332.0
gfi1b,fkbp1a,1326.0
gfi1b,d1ertd622e,965.0
gfi1b,pclaf,942.0
gfi1b,pqlc3,948.0
gfi1b,sgta,898.0
gfi1b,sppl2a,514.0
gfi1b,vim,702.0
gfi1b,chordc1,698.0
gfi1b,clcn4,825.0
gfi1b,sec23ip,489.0
gfi1b,eps15,540.0
gfi1b,mtap,515.0
gfi1b,pkm,543.0
gfi1b,tcp11l2,403.0
gfi1b,ypel3,441.0
gfi1b,fignl1,358.0
gfi1b,chp1,385.0
gfi1b,trmt2a,463.0
gfi1b,tmem97,361.0
gfi1b,myct1,770.0
gfi1b,birc5,326.0
gfi1b,mtmr6,284.0
gfi1b,nuf2,322.0
gfi1b,dnajc10,291.0
gfi1b,gtf2h1,314.0
gfi1b,jun,689.0
gfi1b,copb1,306.0
gfi1b,slc35a1,271.0
gfi1b,gmfb,225.0
gfi1b,rgs19,283.0
gfi1b,plec,286.0
gfi1b,procr,584.0
gfi1b,exoc2,290.0
gfi1b,wdr75,316.0
gfi1b,cast,246.0
gfi1b,galk2,235.0
gfi1b,rfesd,207.0
gfi1b,nasp,287.0
gfi1b,neurl3,531.0
gfi1b,nek9,231.0
gfi1b,limd2,152.0
gfi1b,atg4b,193.0
gfi1b,nif3l1,217.0
gfi1b,mfge8,258.0
gfi1b,nudcd3,231.0
gfi1b,usp4,191.0
gfi1b,march5,229.0
gfi1b,ift140,288.0
gfi1b,timm29,284.0
gfi1b,esyt2,259.0
gfi1b,tango2,463.0
gfi1b,tmem173,303.0
gfi1b,atg16l1,345.0
gfi1b,hpn,456.0
gfi1b,wdr36,170.0
gfi1b,snrnp200,180.0
gfi1b,zfp639,196.0
gfi1b,plaa,162.0
gfi1b,calcrl,238.0
gfi1b,polr1b,174.0
gfi1b,clptm1l,218.0
gfi1b,msh6,236.0
gfi1b,wdr5,229.0
gfi1b,map4k2,247.0
gfi1b,ado,398.0
gfi1b,lig1,164.0
gfi1b,cdca3,256.0
gfi1b,cks1b,388.0
gfi1b,rtp4,386.0
gfi1b,fem1b,165.0
gfi1b,nolc1,382.0
gfi1b,tubgcp5,288.0
gfi1b,aldh18a1,214.0
gfi1b,psmf1,173.0
gfi1b,ppil4,210.0
gfi1b,crbn,140.0
gfi1b,erlin2,368.0
gfi1b,enpp4,189.0
gfi1b,usp37,361.0
gfi1b,rfc4,249.0
gfi1b,picalm,209.0
gfi1b,endod1,133.0
gfi1b,plppr3,234.0
gfi1b,vps33b,137.0
gfi1b,pik3r2,185.0
gfi1b,mcm4,173.0
gfi1b,dpp8,128.0
gfi1b,9430015g10rik,250.0
gfi1b,tyms,229.0
gfi1b,atad2,200.0
gfi1b,tbcd,348.0
gfi1b,rrm1,197.0
gfi1b,pbk,192.0
gfi1b,orc5,261.0
gfi1b,cers5,194.0
gfi1b,adk,204.0
gfi1b,irf1,173.0
gfi1b,wars,119.0
gfi1b,pole3,146.0
gfi1b,atl2,210.0
gfi1b,klhl6,188.0
gfi1b,tspan14,182.0
gfi1b,thumpd3,214.0
gfi1b,nceh1,191.0
gfi1b,blvrb,316.0
gfi1b,rgs2,165.0
gfi1b,cdc7,156.0
gfi1b,wdr45b,159.0
gfi1b,tbc1d2b,224.0
gfi1b,pigq,161.0
gfi1b,gcnt2,185.0
gfi1b,cnot10,110.0
gfi1b,hsph1,293.0
gfi1b,sgo1,146.0
gfi1b,flot2,290.0
gfi1b,cpq,155.0
gfi1b,scfd1,164.0
gfi1b,naa35,157.0
gfi1b,usp8,143.0
gfi1b,mthfd1,161.0
gfi1b,ube2c,169.0
gfi1b,dnajc11,196.0
gfi1b,pfkm,279.0
gfi1b,mis18bp1,153.0
gfi1b,zdhhc6,148.0
gfi1b,ndel1,170.0
gfi1b,ngly1,152.0
gfi1b,gosr2,141.0
gfi1b,acss2,148.0
gfi1b,coa5,172.0
gfi1b,nudcd1,266.0
gfi1b,rbpms,263.0
gfi1b,cul2,131.0
gfi1b,zfp961,134.0
gfi1b,serpinb1a,258.0
gfi1b,rnf115,256.0
gfi1b,zfp655,252.0
gfi1b,mettl7a1,248.0
gfi1b,narfl,126.0
gfi1b,mycn,244.0
gfi1b,ctsc,244.0
gfi1b,cd82,244.0
gfi1b,rars,133.0
gfi1b,l2hgdh,145.0
gfi1b,otud6b,132.0
gfi1b,hacd3,128.0
gfi1b,stk25,240.0
gfi1b,tmem129,239.0
gfi1b,tacc3,239.0
gfi1b,gmnn,239.0
gfi1b,ncapg,152.0
gfi1b,mndal,236.0
gfi1b,wdsub1,235.0
gfi1b,lmna,234.0
gfi1b,rprd1b,229.0
gfi1b,plcg2,229.0
gfi1b,cstf2,229.0
gfi1b,btrc,229.0
gfi1b,uros,139.0
gfi1b,rasal3,137.0
gfi1b,eif2b1,227.0
gfi1b,ddx20,117.0
gfi1b,phax,131.0
gfi1b,xrcc5,224.0
gfi1b,tmem68,139.0
gfi1b,slc18a2,218.0
gfi1b,trmt11,216.0
gfi1b,cdt1,216.0
gfi1b,sacm1l,211.0
gfi1b,tmem186,120.0
gfi1b,vps33a,207.0
gfi1b,ndor1,207.0
gfi1b,rangap1,105.0
gfi1b,rmnd5a,104.0
gfi1b,wdr4,203.0
gfi1b,cdca5,201.0
gfi1b,zzz3,108.0
gfi1b,scarb1,199.0
gfi1b,rnf13,199.0
gfi1b,slc44a2,198.0
gfi1b,hus1,198.0
gfi1b,cenpk,196.0
gfi1b,nploc4,111.0
gfi1b,adssl1,193.0
gfi1b,lztr1,117.0
gfi1b,adamts10,104.0
gfi1b,zfp266,191.0
gfi1b,rnf139,190.0
gfi1b,ckap2,190.0
gfi1b,ilvbl,189.0
gfi1b,nudt9,188.0
gfi1b,mad2l1,106.0
gfi1b,epor,188.0
gfi1b,dus1l,186.0
gfi1b,dlst,184.0
gfi1b,sdhaf2,181.0
gfi1b,chuk,181.0
gfi1b,nup155,180.0
gfi1b,cul4a,180.0
gfi1b,zfp62,109.0
gfi1b,cdc45,179.0
gfi1b,cdca4,176.0
gfi1b,uap1l1,175.0
gfi1b,scrn3,174.0
gfi1b,ptdss2,174.0
gfi1b,plin3,173.0
gfi1b,dhx33,173.0
gfi1b,tpx2,172.0
gfi1b,tcf12,172.0
gfi1b,pot1a,172.0
gfi1b,hells,172.0
gfi1b,fam45a,172.0
gfi1b,ubr1,171.0
gfi1b,ndc1,170.0
gfi1b,hpcal1,170.0
gfi1b,prss50,168.0
gfi1b,cpt2,168.0
gfi1b,ubap1,167.0
gfi1b,bysl,167.0
gfi1b,zfp367,165.0
gfi1b,cenpe,165.0
gfi1b,naga,164.0
gfi1b,ahcyl1,163.0
gfi1b,tfrc,162.0
gfi1b,fuca2,162.0
gfi1b,ifi203,161.0
gfi1b,eftud2,161.0
gfi1b,crnkl1,161.0
gfi1b,tars,160.0
gfi1b,rad21,159.0
gfi1b,mtfr1,159.0
gfi1b,atp6ap1,159.0
gfi1b,arl6ip6,158.0
gfi1b,nup85,156.0
gfi1b,kif11,156.0
gfi1b,cdc6,156.0
gfi1b,ccnb2,156.0
gfi1b,pdcl,155.0
gfi1b,erlin1,155.0
gfi1b,rad51,154.0
gfi1b,rab32,153.0
gfi1b,cyb5r1,153.0
gfi1b,seh1l,152.0
gfi1b,mavs,152.0
gfi1b,ppp6c,151.0
gfi1b,fam76b,151.0
gfi1b,armc8,150.0
gfi1b,nop2,149.0
gfi1b,odc1,148.0
gfi1b,elp3,148.0
gfi1b,cops8,148.0
gfi1b,tcirg1,147.0
gfi1b,dcaf13,147.0
gfi1b,ddx1,146.0
gfi1b,dhfr,145.0
gfi1b,abcf3,145.0
gfi1b,unk,144.0
gfi1b,lancl2,144.0
gfi1b,hexa,144.0
gfi1b,fam136a,144.0
gfi1b,rpp40,143.0
gfi1b,aurka,143.0
gfi1b,xk,142.0
gfi1b,treml2,142.0
gfi1b,tor3a,142.0
gfi1b,slc30a6,142.0
gfi1b,ank,142.0
gfi1b,asb8,141.0
gfi1b,taf12,140.0
gfi1b,nampt,140.0
gfi1b,ostm1,139.0
gfi1b,dnajc5,139.0
gfi1b,dis3l2,139.0
gfi1b,hars2,138.0
gfi1b,hars,138.0
gfi1b,fes,138.0
gfi1b,stx12,137.0
gfi1b,farsb,137.0
gfi1b,urod,136.0
gfi1b,tk1,136.0
gfi1b,ccng1,136.0
gfi1b,calu,136.0
gfi1b,rfc5,135.0
gfi1b,poglut1,135.0
gfi1b,mtrex,135.0
gfi1b,ppox,134.0
gfi1b,pla2g12a,134.0
gfi1b,ipo9,134.0
gfi1b,iars,134.0
gfi1b,vav1,133.0
gfi1b,slc16a1,133.0
gfi1b,rabggtb,133.0
gfi1b,mis12,133.0
gfi1b,il27ra,133.0
gfi1b,vps41,132.0
gfi1b,ldah,132.0
gfi1b,rnf145,131.0
gfi1b,ccne2,131.0
gfi1b,rgcc,130.0
gfi1b,prelid3b,129.0
gfi1b,lonp1,129.0
gfi1b,fos,129.0
gfi1b,plin2,128.0
gfi1b,c330018d20rik,128.0
gfi1b,gfm1,127.0
gfi1b,alkbh8,126.0
gfi1b,ccna2,125.0
gfi1b,asah1,125.0
gfi1b,tes,124.0
gfi1b,snx10,124.0
gfi1b,lap3,124.0
gfi1b,tubgcp3,123.0
gfi1b,mettl8,123.0
gfi1b,epdr1,123.0
gfi1b,wdhd1,122.0
gfi1b,cd48,122.0
gfi1b,uba3,121.0
gfi1b,slc25a38,121.0
gfi1b,selenbp1,121.0
gfi1b,phf10,121.0
gfi1b,psmd9,120.0
gfi1b,mfsd14b,120.0
gfi1b,haus2,120.0
gfi1b,far1,120.0
gfi1b,oat,119.0
gfi1b,ctla2a,119.0
gfi1b,snapc3,118.0
gfi1b,ncapg2,118.0
gfi1b,ints13,118.0
gfi1b,gtf2f1,118.0
gfi1b,necap2,117.0
gfi1b,kif20b,117.0
gfi1b,sqle,116.0
gfi1b,slc25a21,116.0
gfi1b,rad51ap1,116.0
gfi1b,p2rx4,116.0
gfi1b,cdk19,116.0
gfi1b,steap3,115.0
gfi1b,exoc3,115.0
gfi1b,zfp35,114.0
gfi1b,zfp322a,114.0
gfi1b,slc25a45,114.0
gfi1b,lyrm4,114.0
gfi1b,cpox,114.0
gfi1b,btaf1,114.0
gfi1b,ap5m1,114.0
gfi1b,tmx3,113.0
gfi1b,st3gal6,113.0
gfi1b,slc25a46,113.0
gfi1b,sesn1,113.0
gfi1b,march6,113.0
gfi1b,ifrd2,113.0
gfi1b,aar2,113.0
gfi1b,psmd5,111.0
gfi1b,ppat,111.0
gfi1b,ptpn12,110.0
gfi1b,bclaf3,110.0
gfi1b,anapc2,110.0
gfi1b,abcb8,110.0
gfi1b,tmem263,109.0
gfi1b,skap2,109.0
gfi1b,dck,109.0
gfi1b,vps26c,108.0
gfi1b,tapt1,108.0
gfi1b,stap1,108.0
gfi1b,me2,108.0
gfi1b,ints8,108.0
gfi1b,casp3,107.0
gfi1b,slc20a1,106.0
gfi1b,atad1,106.0
gfi1b,zfp930,105.0
gfi1b,pcyt1a,105.0
gfi1b,klhl24,105.0
gfi1b,gna13,105.0
gfi1b,etf1,105.0
gfi1b,ckap2l,105.0
gfi1b,stat3,104.0
gfi1b,spc24,104.0
gfi1b,zfp110,103.0
gfi1b,tfg,103.0
gfi1b,prep,103.0
gfi1b,metap1,103.0
gfi1b,kif22,103.0
gfi1b,dram2,103.0
gfi1b,cept1,103.0
gfi1b,aldh9a1,103.0
gfi1b,alad,103.0
gfi1b,prps1,102.0
gfi1b,kat7,102.0
gfi1b,bap1,102.0
gfi1b,abcb10,102.0
irf1,ctso,3690.0
irf1,rtp4,4485.0
irf1,oasl2,4037.0
irf1,uba7,3715.0
irf1,ncln,4185.0
irf1,cmpk2,2985.0
irf1,serpinb9,3006.0
irf1,snx10,3187.0
irf1,abhd16a,3114.0
irf1,isg20,2563.0
irf1,gbp2,2529.0
irf1,sppl2a,2557.0
irf1,rfesd,3167.0
irf1,bid,2973.0
irf1,zfp945,3848.0
irf1,tcp11l2,2213.0
irf1,wars,2660.0
irf1,il15,2382.0
irf1,uros,1950.0
irf1,atad1,2006.0
irf1,blvrb,3297.0
irf1,scfd1,2342.0
irf1,nae1,1503.0
irf1,cul2,1598.0
irf1,fos,1829.0
irf1,rnf213,956.0
irf1,nampt,1588.0
irf1,atg12,1501.0
irf1,ptdss1,1607.0
irf1,angpt1,1813.0
irf1,vwa5a,1751.0
irf1,ptcd3,1242.0
irf1,unc93b1,1529.0
irf1,cenpe,1458.0
irf1,top2a,1424.0
irf1,pik3ip1,1408.0
irf1,p2ry14,2041.0
irf1,tcirg1,1219.0
irf1,ddx58,1417.0
irf1,epsti1,1311.0
irf1,rnf115,1299.0
irf1,asah1,1875.0
irf1,dlst,1306.0
irf1,mcm4,1382.0
irf1,armc8,1166.0
irf1,sp100,1273.0
irf1,cpq,1199.0
irf1,st6galnac4,820.0
irf1,lrrfip1,785.0
irf1,trim30a,876.0
irf1,cdca3,724.0
irf1,sacm1l,1394.0
irf1,2610301b20rik,1274.0
irf1,nudt19,818.0
irf1,chmp3,1115.0
irf1,dhfr,1631.0
irf1,far1,1789.0
irf1,hus1,517.0
irf1,rars,1000.0
irf1,scarf1,1267.0
irf1,rmnd5a,557.0
irf1,arl6ip6,895.0
irf1,tcf12,525.0
irf1,ifi203,614.0
irf1,mndal,667.0
irf1,gna13,724.0
irf1,ift140,592.0
irf1,twsg1,543.0
irf1,dennd2d,892.0
irf1,ifi44,976.0
irf1,arhgef6,879.0
irf1,march5,692.0
irf1,rnf139,919.0
irf1,mef2c,491.0
irf1,terf2ip,605.0
irf1,cd84,556.0
irf1,casp4,668.0
irf1,ubap1,734.0
irf1,lancl2,832.0
irf1,cpt1a,491.0
irf1,tmx3,690.0
irf1,atp13a1,664.0
irf1,rnase6,298.0
irf1,gcnt2,474.0
irf1,cdt1,792.0
irf1,tor3a,436.0
irf1,klhl22,503.0
irf1,gnb4,650.0
irf1,psmf1,416.0
irf1,h2-ob,589.0
irf1,rabif,561.0
irf1,plxnc1,570.0
irf1,lcp1,977.0
irf1,pacsin2,363.0
irf1,abcb10,922.0
irf1,tbc1d2b,475.0
irf1,foxred1,366.0
irf1,fchsd2,471.0
irf1,stom,383.0
irf1,dnajc5,592.0
irf1,ampd3,478.0
irf1,eif1ad,214.0
irf1,rfc5,579.0
irf1,supt7l,168.0
irf1,nudt9,557.0
irf1,snrnp200,377.0
irf1,gypc,325.0
irf1,lcp2,240.0
irf1,sept6,415.0
irf1,seh1l,260.0
irf1,wls,213.0
irf1,rdh11,379.0
irf1,map4k2,231.0
irf1,timm29,270.0
irf1,xpr1,289.0
irf1,9430015g10rik,456.0
irf1,otud6b,242.0
irf1,fes,194.0
irf1,mfsd1,358.0
irf1,rcor1,219.0
irf1,cd1d1,343.0
irf1,serpina3g,368.0
irf1,shcbp1,238.0
irf1,cul4a,243.0
irf1,narfl,230.0
irf1,pml,304.0
irf1,ifrd2,301.0
irf1,stxbp1,479.0
irf1,ezr,191.0
irf1,vps11,194.0
irf1,clic4,144.0
irf1,inpp5b,218.0
irf1,casp2,230.0
irf1,dnajc11,167.0
irf1,bub1b,267.0
irf1,tango2,198.0
irf1,rad51ap1,159.0
irf1,ctsc,155.0
irf1,pole3,210.0
irf1,lpcat1,172.0
irf1,stat3,191.0
irf1,trib2,164.0
irf1,slc29a1,190.0
irf1,rexo4,106.0
irf1,alg9,286.0
irf1,dnajc10,149.0
irf1,anxa1,142.0
irf1,nuf2,123.0
irf1,trmt2a,131.0
irf1,cbfb,231.0
irf1,rangap1,123.0
irf1,zfp592,217.0
irf1,morc3,214.0
irf1,e2f4,114.0
irf1,tmem164,201.0
irf1,tmc6,191.0
irf1,jpt2,191.0
irf1,cops8,191.0
irf1,mfsd14b,184.0
irf1,tmem129,182.0
irf1,tacc3,182.0
irf1,g6pdx,181.0
irf1,ldah,176.0
irf1,stap1,114.0
irf1,endod1,174.0
irf1,nif3l1,172.0
irf1,cdca8,170.0
irf1,ptpn12,168.0
irf1,dus1l,167.0
irf1,mfn2,164.0
irf1,sec23ip,154.0
irf1,plek,151.0
irf1,gsr,150.0
irf1,clcn4,143.0
irf1,stt3b,140.0
irf1,acaa2,140.0
irf1,nudcd1,138.0
irf1,copb1,138.0
irf1,pde4b,133.0
irf1,ncapd2,131.0
irf1,mis18bp1,131.0
irf1,prmt7,130.0
irf1,d10wsu102e,129.0
irf1,calcrl,128.0
irf1,wdr75,127.0
irf1,dcaf13,121.0
irf1,plec,120.0
irf1,elac2,119.0
irf1,vkorc1l1,117.0
irf1,tbcd,117.0
irf1,xpc,114.0
irf1,gng11,114.0
irf1,zyx,110.0
irf1,inka1,108.0
irf1,msh6,107.0
irf1,pigq,105.0
irf1,ndel1,105.0
irf1,ctse,105.0
jun,jun,2101.0
jun,lmna,1880.0
jun,cdt1,2065.0
jun,colgalt1,2058.0
jun,sun1,2096.0
jun,gusb,1806.0
jun,cd1d1,2107.0
jun,cd63,1987.0
jun,abcb8,1888.0
jun,trim47,2426.0
jun,neurl3,2064.0
jun,wdr36,1902.0
jun,cish,2465.0
jun,clcn4,1436.0
jun,plek,1610.0
jun,prc1,1795.0
jun,ptpn12,2049.0
jun,p2ry14,1690.0
jun,tgm2,2382.0
jun,acss2,2085.0
jun,gna13,1461.0
jun,uckl1,1832.0
jun,uba7,2126.0
jun,slc25a45,1582.0
jun,atad1,2024.0
jun,mrm1,1661.0
jun,sgta,1782.0
jun,nfkbia,1453.0
jun,picalm,1646.0
jun,clic4,1346.0
jun,tcirg1,1511.0
jun,rassf5,1675.0
jun,chp1,1486.0
jun,pld3,1885.0
jun,etf1,1484.0
jun,ncapg2,1424.0
jun,tmub2,1360.0
jun,vim,1192.0
jun,unk,1287.0
jun,lsp1,1535.0
jun,chmp7,1298.0
jun,prkab1,1629.0
jun,naa35,1558.0
jun,slc30a5,1198.0
jun,trmt2a,1230.0
jun,ebi3,2179.0
jun,cela1,1519.0
jun,ezr,1366.0
jun,dusp1,1174.0
jun,qars,1281.0
jun,rtp4,1598.0
jun,plin3,1112.0
jun,nampt,1208.0
jun,pde4b,925.0
jun,cytip,1277.0
jun,ubap1,1202.0
jun,alg9,1929.0
jun,tubgcp2,1304.0
jun,plec,833.0
jun,wdsub1,1566.0
jun,snx10,1804.0
jun,nolc1,1073.0
jun,zyx,1084.0
jun,gosr2,1283.0
jun,stxbp3,1137.0
jun,galk2,1203.0
jun,mars,1093.0
jun,tfg,1049.0
jun,tmc6,988.0
jun,ilvbl,1116.0
jun,ctla2b,1511.0
jun,ipo4,1211.0
jun,rangap1,1169.0
jun,pot1a,880.0
jun,slc31a1,1113.0
jun,uap1,1100.0
jun,gbp2,1571.0
jun,hpn,1637.0
jun,ndel1,1034.0
jun,p2rx4,1047.0
jun,tcf12,950.0
jun,cops8,918.0
jun,btaf1,1093.0
jun,rfc4,1063.0
jun,lrrfip1,1424.0
jun,fignl1,732.0
jun,oat,1025.0
jun,fzr1,875.0
jun,rad51ap1,1152.0
jun,rbpms,1139.0
jun,edc3,1113.0
jun,nae1,1432.0
jun,isg20,1004.0
jun,pcyt1a,899.0
jun,optn,1635.0
jun,fem1b,1617.0
jun,mt1,1168.0
jun,e2f8,1524.0
jun,dhx33,711.0
jun,ampd3,1601.0
jun,fbxw5,1239.0
jun,slc25a38,937.0
jun,cdca5,914.0
jun,arap1,914.0
jun,golph3,1143.0
jun,tor3a,1064.0
jun,prss50,1457.0
jun,esyt2,992.0
jun,nubp2,665.0
jun,hsd3b7,1146.0
jun,pak1,1681.0
jun,birc5,819.0
jun,cenpa,1173.0
jun,afg3l2,1998.0
jun,mt2,961.0
jun,mndal,1147.0
jun,tbc1d15,802.0
jun,atg16l1,833.0
jun,ifi203,936.0
jun,nup107,841.0
jun,rgcc,858.0
jun,dck,959.0
jun,skap2,976.0
jun,kpna3,602.0
jun,aqp9,1201.0
jun,gskip,1029.0
jun,emilin2,943.0
jun,lonp1,868.0
jun,zfp367,851.0
jun,zfp655,841.0
jun,cast,1296.0
jun,gimap6,948.0
jun,nudt9,756.0
jun,shcbp1,815.0
jun,rgs1,963.0
jun,ctsc,825.0
jun,ddx20,822.0
jun,stxbp1,990.0
jun,minpp1,1054.0
jun,calcrl,767.0
jun,casp4,1709.0
jun,abcf3,787.0
jun,ctse,1022.0
jun,sppl2a,1540.0
jun,clptm1l,934.0
jun,stat3,648.0
jun,exoc2,1991.0
jun,ahcyl1,767.0
jun,wdr45b,698.0
jun,ap5m1,938.0
jun,dusp2,1495.0
jun,gorasp1,802.0
jun,scrn3,665.0
jun,chmp3,1561.0
jun,abtb1,738.0
jun,kat7,717.0
jun,uhrf1,759.0
jun,naa50,676.0
jun,tbxas1,1094.0
jun,dnajc10,790.0
jun,gstm1,1104.0
jun,myh10,972.0
jun,gtf2f1,593.0
jun,foxred1,1021.0
jun,scfd1,728.0
jun,stk25,827.0
jun,zfp945,897.0
jun,rasa3,609.0
jun,necap2,761.0
jun,fam136a,769.0
jun,nedd1,1008.0
jun,orc5,688.0
jun,ube2g2,635.0
jun,aurka,1998.0
jun,lancl2,746.0
jun,gramd1a,1793.0
jun,ncaph,828.0
jun,tpp1,1246.0
jun,rcc1,1297.0
jun,tbl3,863.0
jun,ldhb,1073.0
jun,snrnp200,565.0
jun,erlin1,796.0
jun,pitpnb,708.0
jun,adssl1,863.0
jun,tbcd,891.0
jun,stard10,1095.0
jun,arl8b,444.0
jun,ly6a,899.0
jun,mtrex,651.0
jun,me2,1175.0
jun,timm50,745.0
jun,timm29,584.0
jun,nadk,2080.0
jun,usp8,518.0
jun,dpp8,637.0
jun,eps15,919.0
jun,xpnpep1,612.0
jun,zfp266,647.0
jun,arl6ip6,1672.0
jun,dennd1c,757.0
jun,abhd16a,712.0
jun,zfp62,594.0
jun,myo1d,832.0
jun,asah1,1010.0
jun,vkorc1l1,609.0
jun,cenpe,646.0
jun,gcnt2,968.0
jun,blvrb,1266.0
jun,sec23ip,1072.0
jun,chordc1,807.0
jun,mapkapk3,727.0
jun,rab32,1556.0
jun,ifrd2,943.0
jun,tars,738.0
jun,vps33b,615.0
jun,tes,1030.0
jun,cnot10,522.0
jun,pitrm1,738.0
jun,psmd5,453.0
jun,atl2,718.0
jun,psen1,741.0
jun,rmnd5a,863.0
jun,copg1,734.0
jun,haus2,690.0
jun,lcp1,1154.0
jun,mtmr6,674.0
jun,zkscan17,948.0
jun,bap1,725.0
jun,anxa5,738.0
jun,cdca4,586.0
jun,sesn1,650.0
jun,zdhhc13,865.0
jun,dok2,547.0
jun,sphk1,644.0
jun,napsa,833.0
jun,kif11,602.0
jun,cdca3,542.0
jun,vps33a,623.0
jun,mettl7a1,772.0
jun,plaa,806.0
jun,hspa4l,946.0
jun,procr,925.0
jun,nuf2,674.0
jun,serpina3g,1040.0
jun,nol9,623.0
jun,vps26c,547.0
jun,tbc1d10c,517.0
jun,phax,540.0
jun,lpcat3,389.0
jun,elf4,617.0
jun,rabif,478.0
jun,ypel3,894.0
jun,slc30a6,1487.0
jun,fchsd2,1345.0
jun,cd82,534.0
jun,d10wsu102e,512.0
jun,atp7b,606.0
jun,alg11,606.0
jun,abi1,794.0
jun,bysl,775.0
jun,mki67,1013.0
jun,ndrg1,1202.0
jun,dnpep,493.0
jun,erlin2,714.0
jun,mef2c,815.0
jun,pik3r2,383.0
jun,itsn1,677.0
jun,zfp35,480.0
jun,rrm1,682.0
jun,gtf2h1,473.0
jun,anapc2,444.0
jun,fam76b,559.0
jun,uap1l1,807.0
jun,zfp451,749.0
jun,gnpda1,589.0
jun,tnfaip2,1463.0
jun,incenp,466.0
jun,dcaf13,616.0
jun,hmbs,446.0
jun,cyb5r1,653.0
jun,irf1,1312.0
jun,ctnna1,1039.0
jun,abcb4,990.0
jun,wdr75,396.0
jun,dcaf11,517.0
jun,nup155,695.0
jun,fgfr1op,569.0
jun,trim30a,614.0
jun,ckap2l,767.0
jun,ado,473.0
jun,acox1,451.0
jun,gnb4,844.0
jun,ell2,513.0
jun,b230219d22rik,729.0
jun,topors,662.0
jun,ccnf,889.0
jun,pqlc1,521.0
jun,mad2l1,454.0
jun,ostm1,852.0
jun,hacd4,534.0
jun,d1ertd622e,705.0
jun,pon2,391.0
jun,aldh18a1,576.0
jun,rad51,536.0
jun,wdr4,580.0
jun,sacm1l,806.0
jun,polr2b,410.0
jun,wdhd1,522.0
jun,ccna2,409.0
jun,tvp23b,478.0
jun,crk,543.0
jun,psat1,739.0
jun,nif3l1,502.0
jun,ints13,476.0
jun,cln5,617.0
jun,dennd2d,986.0
jun,pacsin2,864.0
jun,pmpca,583.0
jun,dlst,610.0
jun,cacfd1,570.0
jun,nop2,789.0
jun,stx12,554.0
jun,ppp6c,545.0
jun,gmfb,625.0
jun,usp37,399.0
jun,cep70,1240.0
jun,klhl24,1088.0
jun,narfl,434.0
jun,usp4,321.0
jun,umps,400.0
jun,gsr,521.0
jun,tfrc,439.0
jun,laptm4b,405.0
jun,dnajc5,374.0
jun,rnf13,710.0
jun,nusap1,925.0
jun,nup93,499.0
jun,tspan14,310.0
jun,xpc,476.0
jun,thumpd3,381.0
jun,wars,597.0
jun,ccdc137,572.0
jun,lyz2,472.0
jun,pwp1,543.0
jun,exoc3,584.0
jun,xab2,462.0
jun,dus1l,319.0
jun,metap1,469.0
jun,yod1,981.0
jun,bc005561,733.0
jun,pip4k2a,504.0
jun,gstm5,965.0
jun,terf2ip,509.0
jun,leprot,761.0
jun,ift140,411.0
jun,calu,438.0
jun,tmem97,1154.0
jun,nudcd1,776.0
jun,cmpk2,929.0
jun,cyth4,493.0
jun,nudcd3,535.0
jun,ndor1,464.0
jun,e2f6,927.0
jun,odc1,437.0
jun,acaa2,426.0
jun,mogs,477.0
jun,scarb1,521.0
jun,trmt6,292.0
jun,pheta2,766.0
jun,elac2,296.0
jun,rars,363.0
jun,cdc45,801.0
jun,prpf4,485.0
jun,bmi1,604.0
jun,fuca2,486.0
jun,d230025d16rik,478.0
jun,orc2,433.0
jun,gars,456.0
jun,pqlc3,450.0
jun,morc3,505.0
jun,cul4a,551.0
jun,mcm4,449.0
jun,elmo1,482.0
jun,clpx,454.0
jun,hars2,769.0
jun,hars,769.0
jun,l2hgdh,682.0
jun,pold1,411.0
jun,polr1b,312.0
jun,elovl1,393.0
jun,mfn2,634.0
jun,ddhd2,477.0
jun,hlf,458.0
jun,prmt7,370.0
jun,rad21,770.0
jun,hus1,620.0
jun,psmd9,478.0
jun,mis18bp1,644.0
jun,pdzk1ip1,629.0
jun,apoe,458.0
jun,cbfb,456.0
jun,btrc,309.0
jun,rnf139,375.0
jun,fpgs,366.0
jun,nceh1,407.0
jun,tifa,724.0
jun,zfp639,426.0
jun,smim15,704.0
jun,seh1l,465.0
jun,faap100,446.0
jun,uros,504.0
jun,ppil4,424.0
jun,eif2b1,396.0
jun,slc35a1,568.0
jun,slc20a1,310.0
jun,cnot7,575.0
jun,ipo9,853.0
jun,anapc4,561.0
jun,idh3a,314.0
jun,il15,1566.0
jun,iars2,542.0
jun,iars,438.0
jun,eftud2,278.0
jun,hagh,345.0
jun,vav1,592.0
jun,lcp2,410.0
jun,tmem129,254.0
jun,tacc3,254.0
jun,dock2,494.0
jun,prim2,596.0
jun,ptdss2,1088.0
jun,e2f4,365.0
jun,casp3,497.0
jun,adk,331.0
jun,cyth3,598.0
jun,9430015g10rik,421.0
jun,copb1,397.0
jun,elp3,513.0
jun,oasl2,483.0
jun,fos,388.0
jun,cyb5r3,461.0
jun,dnajc11,424.0
jun,xpr1,404.0
jun,cpt2,653.0
jun,cdc6,257.0
jun,herc4,300.0
jun,h2-dmb1,848.0
jun,steap3,392.0
jun,uba3,1056.0
jun,sdhaf2,537.0
jun,anxa6,417.0
jun,rabggtb,314.0
jun,ptcd3,416.0
jun,ddx58,496.0
jun,fastkd2,282.0
jun,urod,314.0
jun,bid,261.0
jun,nek9,456.0
jun,hnrnpll,404.0
jun,ganab,337.0
jun,cenpo,310.0
jun,cd74,1175.0
jun,rfesd,438.0
jun,itfg1,698.0
jun,gyg,683.0
jun,csgalnact2,499.0
jun,rpa2,324.0
jun,alad,358.0
jun,mfsd14b,370.0
jun,atad2,612.0
jun,sgo1,414.0
jun,usp25,276.0
jun,rgs19,382.0
jun,anxa1,348.0
jun,cks1b,376.0
jun,march5,414.0
jun,cog6,437.0
jun,coa5,509.0
jun,otud6b,265.0
jun,fam168b,382.0
jun,vps11,414.0
jun,gmcl1,243.0
jun,ncln,455.0
jun,ranbp3,428.0
jun,prelid3b,411.0
jun,limd2,1229.0
jun,ifi30,426.0
jun,med22,580.0
jun,ubr7,377.0
jun,cul2,456.0
jun,rnf115,343.0
jun,anxa4,1134.0
jun,mcm5,254.0
jun,tmem206,431.0
jun,1700017b05rik,647.0
jun,cenpk,274.0
jun,rcsd1,1162.0
jun,2610301b20rik,403.0
jun,hsph1,338.0
jun,rmnd5b,729.0
jun,mettl27,875.0
jun,st3gal5,679.0
jun,rgs2,269.0
jun,xrcc5,430.0
jun,nptn,379.0
jun,trib2,438.0
jun,hmmr,1021.0
jun,mettl8,404.0
jun,slc43a3,1605.0
jun,vwa5a,764.0
jun,cog7,1025.0
jun,f11r,645.0
jun,ptdss1,348.0
jun,fbxo5,824.0
jun,ppox,317.0
jun,emilin1,379.0
jun,mcm2,291.0
jun,ext2,552.0
jun,mavs,618.0
jun,ap1g2,302.0
jun,pja2,229.0
jun,capn7,797.0
jun,cd93,369.0
jun,tcp11l2,386.0
jun,mfsd1,239.0
jun,st6galnac4,473.0
jun,lrrc14,338.0
jun,slc6a6,285.0
jun,tipin,272.0
jun,stom,347.0
jun,serpinb9,457.0
jun,pwp2,339.0
jun,cdca8,352.0
jun,tpx2,262.0
jun,uba5,625.0
jun,rfc5,430.0
jun,ldah,342.0
jun,hexa,533.0
jun,tango2,326.0
jun,spire1,823.0
jun,plk1,468.0
jun,dram2,293.0
jun,cept1,293.0
jun,hebp1,711.0
jun,spc24,352.0
jun,zfp322a,501.0
jun,crnkl1,326.0
jun,fkbp1a,276.0
jun,zfp24,357.0
jun,sqle,302.0
jun,ppat,330.0
jun,ncapg,268.0
jun,elp2,351.0
jun,angpt1,678.0
jun,armt1,357.0
jun,pgm1,309.0
jun,c1qtnf12,328.0
jun,apeh,209.0
jun,rpa1,207.0
jun,casp2,312.0
jun,fech,264.0
jun,cyp20a1,319.0
jun,gfm1,309.0
jun,lpcat1,596.0
jun,pacs1,948.0
jun,rnf213,993.0
jun,cdk19,195.0
jun,fes,272.0
jun,usp10,374.0
jun,metap1d,241.0
jun,zdhhc6,399.0
jun,endod1,701.0
jun,tmx3,212.0
jun,lig1,209.0
jun,tmem186,247.0
jun,rprd1b,174.0
jun,cstf2,383.0
jun,gypc,629.0
jun,pole3,216.0
jun,ubac1,280.0
jun,adamts10,505.0
jun,tmem109,302.0
jun,aldh9a1,243.0
jun,fam91a1,329.0
jun,mtap,359.0
jun,mis12,252.0
jun,dph6,248.0
jun,ap1b1,265.0
jun,asf1b,213.0
jun,il21r,525.0
jun,eya2,855.0
jun,ttll12,251.0
jun,aplp2,325.0
jun,grn,281.0
jun,ankle1,247.0
jun,map4k2,848.0
jun,prep,398.0
jun,dhfr,208.0
jun,abl1,244.0
jun,psmf1,294.0
jun,rnasel,277.0
jun,mbtps1,256.0
jun,slc41a3,342.0
jun,tubgcp3,284.0
jun,atp13a1,302.0
jun,lrrc8c,288.0
jun,crbn,328.0
jun,lztr1,187.0
jun,il27ra,683.0
jun,wdr73,231.0
jun,sptlc1,309.0
jun,sptbn1,271.0
jun,wdr5,230.0
jun,lap3,325.0
jun,atg12,193.0
jun,nploc4,453.0
jun,wdr55,136.0
jun,inpp5b,565.0
jun,klhl22,404.0
jun,fam45a,303.0
jun,zfp397,190.0
jun,zzz3,241.0
jun,ppic,948.0
jun,wls,585.0
jun,tmx1,310.0
jun,cnp,304.0
jun,pcyt2,222.0
jun,tollip,279.0
jun,zfp930,308.0
jun,atp6ap2,302.0
jun,atg4b,309.0
jun,c330018d20rik,274.0
jun,ubr1,255.0
jun,farsb,737.0
jun,lyrm4,379.0
jun,ercc8,226.0
jun,slc19a1,411.0
jun,ccne1,295.0
jun,pbk,255.0
jun,pigq,569.0
jun,mrpl37,245.0
jun,nde1,307.0
jun,prkch,247.0
jun,supt7l,386.0
jun,zkscan3,314.0
jun,armc8,201.0
jun,pkm,338.0
jun,mthfd1,249.0
jun,rnf145,419.0
jun,ftsj3,262.0
jun,ncapd2,313.0
jun,chuk,300.0
jun,tmem168,554.0
jun,tsc22d3,192.0
jun,tmem68,294.0
jun,hpcal1,238.0
jun,bclaf3,214.0
jun,ubxn2b,255.0
jun,asns,423.0
jun,ybx3,381.0
jun,gmnn,194.0
jun,asb8,305.0
jun,smc2,250.0
jun,sept8,437.0
jun,tyms,271.0
jun,jpt2,220.0
jun,ngly1,399.0
jun,inka1,445.0
jun,kif20b,171.0
jun,unc93b1,356.0
jun,trmt11,309.0
jun,stt3b,201.0
jun,atp6v1a,352.0
jun,stxbp4,227.0
jun,bub1b,226.0
jun,far1,319.0
jun,pdcl,208.0
jun,tlk1,204.0
jun,jak3,222.0
jun,gfi1b,303.0
jun,ddx1,350.0
jun,isyna1,253.0
jun,nsmaf,626.0
jun,gemin5,358.0
jun,cdk1,265.0
jun,mau2,241.0
jun,abcd3,262.0
jun,psen2,216.0
jun,smad2,359.0
jun,pfkm,240.0
jun,zfp110,431.0
jun,slc29a1,788.0
jun,psmd6,376.0
jun,zfp871,592.0
jun,ppm1h,269.0
jun,coro1a,306.0
jun,wdr6,189.0
jun,pno1,199.0
jun,ptgs1,195.0
jun,tmem164,331.0
jun,padi4,358.0
jun,trim59,205.0
jun,fnta,227.0
jun,rexo4,248.0
jun,cers5,187.0
jun,abcb10,152.0
jun,msh6,193.0
jun,cdc20,213.0
jun,zfp961,294.0
jun,fads1,205.0
jun,slc14a1,608.0
jun,hsdl1,180.0
jun,ssx2ip,317.0
jun,mfge8,223.0
jun,pik3c3,241.0
jun,hemgn,342.0
jun,vill,687.0
jun,taf12,261.0
jun,pus7,255.0
jun,gatm,309.0
jun,cdc7,236.0
jun,ugcg,240.0
jun,decr1,285.0
jun,tubgcp5,211.0
jun,ccnb2,171.0
jun,ica1,288.0
jun,nt5dc1,222.0
jun,pclaf,181.0
jun,grina,274.0
jun,memo1,193.0
jun,ctso,325.0
jun,nit1,194.0
jun,nup88,199.0
jun,serpinb1a,639.0
jun,h1f0,258.0
jun,bag2,303.0
jun,tmem64,255.0
jun,champ1,302.0
jun,mgst3,219.0
jun,nudt19,297.0
jun,ints8,279.0
jun,arhgap4,259.0
jun,nasp,531.0
jun,slc16a1,191.0
jun,enpp4,270.0
jun,march6,184.0
jun,cnih1,273.0
jun,pear1,593.0
jun,golt1b,181.0
jun,rcor1,264.0
jun,cpq,226.0
jun,snapc3,201.0
jun,cad,227.0
jun,mcm3,208.0
jun,kif22,185.0
jun,mapk9,181.0
jun,atp6ap1,202.0
jun,sppl2b,257.0
jun,tmem263,380.0
jun,ccng1,327.0
jun,coq8a,204.0
jun,atp1b2,323.0
jun,glipr2,185.0
jun,vps35,220.0
jun,txnrd2,228.0
jun,rab31,337.0
jun,orc6,220.0
jun,ckap5,167.0
jun,gpr171,511.0
jun,ftsj1,257.0
jun,narf,160.0
jun,utp4,203.0
jun,top2a,147.0
jun,naga,272.0
jun,ctps,190.0
jun,prkar2b,195.0
jun,mns1,138.0
jun,nup85,105.0
jun,nudt4,182.0
jun,selenbp1,265.0
jun,gpr180,204.0
jun,ifi44,230.0
jun,rpp40,172.0
jun,abcg2,159.0
jun,dcaf4,216.0
jun,twsg1,372.0
jun,btk,212.0
jun,phactr2,231.0
jun,mto1,263.0
jun,st8sia4,154.0
jun,csad,443.0
jun,arhgap15,308.0
jun,poglut1,208.0
jun,plbd2,167.0
jun,slc25a46,172.0
jun,camk1,156.0
jun,snap23,310.0
jun,tspan3,205.0
jun,4833439l19rik,155.0
jun,ckap2,246.0
jun,slc44a2,140.0
jun,golm1,210.0
jun,tnfrsf13b,381.0
jun,plcg2,160.0
jun,net1,247.0
jun,tapt1,202.0
jun,scarf1,216.0
jun,hells,244.0
jun,ankrd27,229.0
jun,pstpip1,274.0
jun,rab37,156.0
jun,kidins220,138.0
jun,ank,213.0
jun,plcb2,215.0
jun,myo1g,248.0
jun,pla2g12a,345.0
jun,gclc,196.0
jun,dis3l2,163.0
jun,ice1,222.0
jun,tmem56,172.0
jun,ak3,202.0
jun,sp100,174.0
jun,prim1,109.0
jun,cpox,154.0
jun,knstrn,172.0
jun,spryd4,215.0
jun,dynlt3,208.0
jun,cpt1a,152.0
jun,tk1,276.0
jun,slc25a21,184.0
jun,rnase6,164.0
jun,mycn,145.0
jun,mtfr1,263.0
jun,aldh1a1,130.0
jun,sqor,139.0
jun,sgpp1,167.0
jun,spc25,172.0
jun,nsdhl,122.0
jun,stap1,118.0
jun,pcp4l1,234.0
jun,ccnb1,117.0
jun,epdr1,218.0
jun,krt18,217.0
jun,tmem185a,112.0
jun,pml,109.0
jun,tbc1d2b,214.0
jun,itga6,116.0
jun,tm7sf3,199.0
jun,phf10,124.0
jun,tfr2,195.0
jun,slc11a2,194.0
jun,plin2,104.0
jun,h2-ob,130.0
jun,cd84,188.0
jun,ube2c,187.0
jun,tspan33,182.0
jun,aqp1,182.0
jun,spns2,180.0
jun,epsti1,177.0
jun,atp2a3,173.0
jun,alkbh8,172.0
jun,pik3ip1,171.0
jun,mfng,169.0
jun,st3gal6,159.0
jun,gimap5,159.0
jun,cttn,159.0
jun,rrm2,157.0
jun,cd48,156.0
jun,klhl23,155.0
jun,cited4,155.0
jun,aar2,152.0
jun,tmem176b,147.0
jun,tmem176a,147.0
jun,man2a2,144.0
jun,eif1ad,144.0
jun,rasal3,142.0
jun,gypa,139.0
jun,ndc1,138.0
jun,cers4,135.0
jun,2210016f16rik,135.0
jun,rdh11,134.0
jun,prps1,133.0
jun,ccne2,132.0
jun,arhgef18,130.0
jun,itih5,124.0
jun,arhgef6,123.0
jun,sept6,122.0
jun,plxnc1,120.0
jun,zfp592,118.0
jun,cd9,117.0
jun,cd34,116.0
jun,emb,115.0
jun,samd14,106.0
jun,flot2,105.0
jun,zfp36,102.0
jun,ppp2r1b,102.0
jun,pglyrp2,416.0
jun,gdf3,205.0
mef2c,klhl24,101.0
mef2c,jun,171.0
rad21,ahcyl1,3546.0
rad21,ddx20,3689.0
rad21,rab37,3504.0
rad21,mcm5,3362.0
rad21,rhof,2454.0
rad21,nceh1,3182.0
rad21,slc25a45,3395.0
rad21,erlin2,3331.0
rad21,pold1,3123.0
rad21,rcc1,3031.0
rad21,rab32,2754.0
rad21,narfl,3018.0
rad21,plec,2818.0
rad21,asf1b,2987.0
rad21,gnpda1,2522.0
rad21,fam136a,2375.0
rad21,mycn,3111.0
rad21,ankle1,3033.0
rad21,gypa,2784.0
rad21,inka1,2472.0
rad21,atg16l1,2660.0
rad21,tk1,3385.0
rad21,crbn,3000.0
rad21,gbp2,3430.0
rad21,gfi1b,2449.0
rad21,clcn4,1776.0
rad21,phax,3377.0
rad21,casp2,2463.0
rad21,gstm1,1982.0
rad21,tsc22d3,2363.0
rad21,cep70,2128.0
rad21,sphk1,2148.0
rad21,hsd3b7,2742.0
rad21,serpinb9,1944.0
rad21,zzz3,1928.0
rad21,tgm2,2043.0
rad21,lrrc8c,2735.0
rad21,trim30a,2545.0
rad21,copg1,2467.0
rad21,serpinb1a,2228.0
rad21,cryzl2,2312.0
rad21,elf4,2486.0
rad21,glipr2,1800.0
rad21,dusp1,1894.0
rad21,pear1,1811.0
rad21,slc30a5,2796.0
rad21,nuf2,2368.0
rad21,rgcc,2004.0
rad21,slc25a38,2070.0
rad21,mgst3,1915.0
rad21,myo1d,2125.0
rad21,tlk1,1758.0
rad21,plin3,2171.0
rad21,elmo1,1919.0
rad21,jun,2162.0
rad21,cast,2524.0
rad21,mogs,2107.0
rad21,trib2,1721.0
rad21,fchsd2,1782.0
rad21,ctso,1673.0
rad21,minpp1,2283.0
rad21,prep,2393.0
rad21,chmp7,2363.0
rad21,cd55,2243.0
rad21,cul4a,2146.0
rad21,grn,1525.0
rad21,tbc1d10c,2115.0
rad21,esyt2,1836.0
rad21,zyx,1491.0
rad21,rnf139,2073.0
rad21,mars,1637.0
rad21,mettl27,1884.0
rad21,ipo9,2070.0
rad21,fam45a,1930.0
rad21,rnasel,1789.0
rad21,fads1,1549.0
rad21,ppox,1420.0
rad21,aldh18a1,1629.0
rad21,uckl1,1792.0
rad21,cpt2,2012.0
rad21,abi1,1910.0
rad21,stxbp3,1591.0
rad21,twsg1,1917.0
rad21,slc14a1,1782.0
rad21,rabif,1576.0
rad21,ccna2,1605.0
rad21,acss2,1063.0
rad21,abcb8,1468.0
rad21,mis18bp1,1603.0
rad21,rassf5,1932.0
rad21,nae1,1365.0
rad21,plxnc1,1449.0
rad21,bclaf3,1820.0
rad21,nadk,1937.0
rad21,lpcat3,1308.0
rad21,spryd4,2949.0
rad21,mapkapk3,2731.0
rad21,anapc2,2217.0
rad21,anxa5,1917.0
rad21,klf1,2894.0
rad21,stt3b,1894.0
rad21,spns2,1614.0
rad21,ank,1592.0
rad21,abcb4,1459.0
rad21,dpp8,851.0
rad21,dhfr,1125.0
rad21,1700017b05rik,1671.0
rad21,klhl24,1269.0
rad21,ctsc,1427.0
rad21,4833439l19rik,1039.0
rad21,rfc5,1038.0
rad21,emilin2,1523.0
rad21,slc6a6,1514.0
rad21,kidins220,1429.0
rad21,man2a2,1038.0
rad21,rars,1166.0
rad21,c330018d20rik,1082.0
rad21,il27ra,1357.0
rad21,dnpep,917.0
rad21,dnajc11,1789.0
rad21,atl2,1359.0
rad21,faap100,1455.0
rad21,p2rx4,1456.0
rad21,ell2,1290.0
rad21,tmem176a,1557.0
rad21,arhgap15,1059.0
rad21,rab31,1664.0
rad21,mettl8,1334.0
rad21,psmd6,1024.0
rad21,nol9,1316.0
rad21,naa50,1104.0
rad21,ccnb1,1210.0
rad21,gimap5,1086.0
rad21,cln5,1071.0
rad21,cyb5r3,965.0
rad21,gfm1,890.0
rad21,rfc4,778.0
rad21,eif1ad,1197.0
rad21,fem1b,1263.0
rad21,atp2a3,1445.0
rad21,ptpn12,917.0
rad21,pip4k2a,1484.0
rad21,pik3ip1,1154.0
rad21,sptbn1,1329.0
rad21,eya2,1230.0
rad21,st3gal5,1491.0
rad21,apeh,3227.0
rad21,wdsub1,1060.0
rad21,pacsin2,882.0
rad21,zfp397,1116.0
rad21,uap1,1139.0
rad21,ext2,1181.0
rad21,kif20b,992.0
rad21,spc24,1787.0
rad21,alad,1401.0
rad21,pak1,781.0
rad21,fes,3077.0
rad21,aplp2,849.0
rad21,pcyt1a,958.0
rad21,arl8b,833.0
rad21,9430015g10rik,1100.0
rad21,prkar2b,1315.0
rad21,abtb1,1121.0
rad21,march5,949.0
rad21,tcf12,1138.0
rad21,bysl,874.0
rad21,gmfb,844.0
rad21,ap1b1,832.0
rad21,prkab1,783.0
rad21,sgo1,734.0
rad21,shcbp1,698.0
rad21,xrcc5,699.0
rad21,eps15,1055.0
rad21,oat,1121.0
rad21,rprd1b,900.0
rad21,mtmr6,1121.0
rad21,rmnd5a,605.0
rad21,tmem68,926.0
rad21,odc1,716.0
rad21,tbcd,787.0
rad21,slc44a2,1146.0
rad21,colgalt1,1056.0
rad21,dennd2d,894.0
rad21,epdr1,1158.0
rad21,fnta,559.0
rad21,smim5,1341.0
rad21,mns1,1133.0
rad21,itga6,785.0
rad21,endod1,732.0
rad21,prpf4,655.0
rad21,wdhd1,907.0
rad21,irf1,961.0
rad21,hagh,677.0
rad21,lyrm4,888.0
rad21,crk,671.0
rad21,nfkbia,1210.0
rad21,map4k2,1203.0
rad21,steap3,917.0
rad21,ctnna1,548.0
rad21,hpn,1037.0
rad21,picalm,901.0
rad21,ado,667.0
rad21,b230219d22rik,592.0
rad21,necap2,1255.0
rad21,rmnd5b,655.0
rad21,wdr5,543.0
rad21,col5a1,861.0
rad21,ak3,590.0
rad21,mctp1,603.0
rad21,tyms,593.0
rad21,tmem168,642.0
rad21,clic4,654.0
rad21,zkscan3,686.0
rad21,morc3,1180.0
rad21,naa35,985.0
rad21,slc35a1,772.0
rad21,sesn1,727.0
rad21,psmd5,655.0
rad21,txnrd2,716.0
rad21,pkm,608.0
rad21,lrrfip1,616.0
rad21,slc20a1,690.0
rad21,ngly1,688.0
rad21,rrm2,579.0
rad21,cpox,759.0
rad21,lancl2,823.0
rad21,pon2,633.0
rad21,ift140,719.0
rad21,hus1,459.0
rad21,me2,822.0
rad21,zfp592,603.0
rad21,exoc2,622.0
rad21,tmx3,482.0
rad21,nup85,869.0
rad21,tfrc,698.0
rad21,sppl2a,587.0
rad21,wdr36,687.0
rad21,ppm1h,595.0
rad21,add2,1837.0
rad21,gclc,815.0
rad21,ppil4,1359.0
rad21,pigq,555.0
rad21,mapk9,576.0
rad21,pno1,541.0
rad21,narf,391.0
rad21,itfg1,490.0
rad21,herc4,567.0
rad21,prkch,1358.0
rad21,zfp639,743.0
rad21,cstf2,943.0
rad21,usp25,1253.0
rad21,zfp24,537.0
rad21,vps26c,975.0
rad21,nedd1,563.0
rad21,atp13a1,515.0
rad21,aldh9a1,641.0
rad21,orc5,571.0
rad21,zfp62,621.0
rad21,xpr1,449.0
rad21,spc25,353.0
rad21,pde4b,620.0
rad21,abhd16a,417.0
rad21,nup107,802.0
rad21,net1,467.0
rad21,zdhhc6,554.0
rad21,btrc,515.0
rad21,ckap2l,664.0
rad21,stxbp4,785.0
rad21,ints8,900.0
rad21,coa5,440.0
rad21,cdk19,508.0
rad21,dram2,577.0
rad21,cept1,577.0
rad21,bc005561,492.0
rad21,usp8,739.0
rad21,fam168b,482.0
rad21,timm29,612.0
rad21,exoc3,799.0
rad21,metap1d,982.0
rad21,kpna3,1081.0
rad21,wdr45b,666.0
rad21,knstrn,492.0
rad21,dph6,425.0
rad21,gars,532.0
rad21,atg12,830.0
rad21,dcaf4,823.0
rad21,polr1b,574.0
rad21,psen1,596.0
rad21,ncapg2,673.0
rad21,rnf145,716.0
rad21,aurka,528.0
rad21,trim59,794.0
rad21,jpt2,795.0
rad21,tmem64,533.0
rad21,treml2,975.0
rad21,acaa2,550.0
rad21,seh1l,881.0
rad21,trmt6,458.0
rad21,elovl1,854.0
rad21,plcg2,638.0
rad21,cnih1,589.0
rad21,chmp3,530.0
rad21,hpcal1,501.0
rad21,fkbp1a,690.0
rad21,d1ertd622e,585.0
rad21,haus2,525.0
rad21,stk25,584.0
rad21,ndrg1,606.0
rad21,dcaf13,557.0
rad21,ints13,664.0
rad21,tmem97,557.0
rad21,hars2,726.0
rad21,hars,726.0
rad21,mfsd1,399.0
rad21,kif11,704.0
rad21,far1,579.0
rad21,metap1,602.0
rad21,vim,1450.0
rad21,hsdl1,648.0
rad21,march6,724.0
rad21,csgalnact2,542.0
rad21,ftsj3,502.0
rad21,rnf115,1101.0
rad21,pqlc1,612.0
rad21,il15,1053.0
rad21,hspa4l,454.0
rad21,msh6,626.0
rad21,wdr4,722.0
rad21,mrm1,784.0
rad21,rnf13,405.0
rad21,foxred1,392.0
rad21,smim15,638.0
rad21,pmpca,644.0
rad21,nampt,507.0
rad21,ndel1,708.0
rad21,bap1,727.0
rad21,cul2,794.0
rad21,zfp451,724.0
rad21,acap1,820.0
rad21,zdhhc13,383.0
rad21,mef2c,731.0
rad21,lcp1,1221.0
rad21,tm7sf3,715.0
rad21,cnot10,440.0
rad21,nudt9,538.0
rad21,zfp871,615.0
rad21,grina,503.0
rad21,dock2,522.0
rad21,ltb,2111.0
rad21,laptm4b,690.0
rad21,ganab,486.0
rad21,tubgcp5,571.0
rad21,rad51ap1,706.0
rad21,pacs1,548.0
rad21,tbl3,1003.0
rad21,rasa3,655.0
rad21,asah1,460.0
rad21,prss50,443.0
rad21,armt1,493.0
rad21,gmnn,393.0
rad21,gna13,843.0
rad21,usp4,1096.0
rad21,cnot7,508.0
rad21,otud6b,517.0
rad21,ccnf,556.0
rad21,lap3,421.0
rad21,tifa,646.0
rad21,nploc4,593.0
rad21,mbtps1,450.0
rad21,atad2,375.0
rad21,angpt1,518.0
rad21,kat7,483.0
rad21,ugcg,606.0
rad21,bmi1,647.0
rad21,zfp110,392.0
rad21,phactr2,527.0
rad21,decr1,489.0
rad21,thumpd3,635.0
rad21,tmub2,714.0
rad21,rpa1,416.0
rad21,st3gal6,700.0
rad21,lztr1,364.0
rad21,gosr2,646.0
rad21,galk2,551.0
rad21,adk,748.0
rad21,nop2,677.0
rad21,cpq,643.0
rad21,phf10,895.0
rad21,fech,681.0
rad21,nup93,710.0
rad21,bub1b,465.0
rad21,mavs,661.0
rad21,cyb5r1,532.0
rad21,pwp1,691.0
rad21,pgm1,575.0
rad21,smad2,547.0
rad21,ostm1,391.0
rad21,tspan14,567.0
rad21,cdt1,966.0
rad21,abl1,568.0
rad21,zfp961,438.0
rad21,arap1,759.0
rad21,xpnpep1,401.0
rad21,fos,415.0
rad21,nudt4,449.0
rad21,chp1,483.0
rad21,pla2g12a,419.0
rad21,gyg,531.0
rad21,esam,792.0
rad21,dis3l2,549.0
rad21,gtf2h1,346.0
rad21,scrn3,780.0
rad21,mrpl37,451.0
rad21,tango2,757.0
rad21,gsr,695.0
rad21,yod1,414.0
rad21,abcf3,658.0
rad21,capn7,332.0
rad21,erlin1,387.0
rad21,prelid3b,465.0
rad21,abcd3,568.0
rad21,tspan3,403.0
rad21,clptm1l,498.0
rad21,psen2,594.0
rad21,rpa2,576.0
rad21,mfsd14b,318.0
rad21,nif3l1,363.0
rad21,tubgcp2,366.0
rad21,stom,863.0
rad21,sdhaf2,312.0
rad21,cmpk2,551.0
rad21,psmf1,425.0
rad21,lpcat1,653.0
rad21,rexo4,452.0
rad21,armc8,386.0
rad21,vps33a,480.0
rad21,pja2,463.0
rad21,ubxn2b,539.0
rad21,myh10,443.0
rad21,trmt11,379.0
rad21,ptdss2,515.0
rad21,zfp266,403.0
rad21,vps33b,522.0
rad21,topors,443.0
rad21,ldah,390.0
rad21,cdc7,377.0
rad21,cyp20a1,457.0
rad21,stat3,401.0
rad21,zfp35,693.0
rad21,optn,495.0
rad21,limd2,642.0
rad21,pld3,446.0
rad21,cacfd1,524.0
rad21,hnrnpll,818.0
rad21,casp3,445.0
rad21,ube2g2,485.0
rad21,rabggtb,558.0
rad21,ppp2r1b,390.0
rad21,ddx1,272.0
rad21,smim1,856.0
rad21,hsph1,327.0
rad21,hmmr,364.0
rad21,cbfb,507.0
rad21,nolc1,665.0
rad21,nudcd3,317.0
rad21,ifrd2,543.0
rad21,gimap6,662.0
rad21,scarb1,485.0
rad21,mtfr1,889.0
rad21,cyth3,497.0
rad21,cdca4,736.0
rad21,hexa,513.0
rad21,chuk,354.0
rad21,cenpa,947.0
rad21,ezr,647.0
rad21,slc16a1,477.0
rad21,wdr73,626.0
rad21,fgfr1op,424.0
rad21,kif22,425.0
rad21,sqle,379.0
rad21,dhx33,494.0
rad21,ddhd2,469.0
rad21,scfd1,647.0
rad21,pitrm1,379.0
rad21,gypc,745.0
rad21,gmcl1,473.0
rad21,d230025d16rik,548.0
rad21,cers5,415.0
rad21,tmem186,427.0
rad21,rgs19,360.0
rad21,dck,486.0
rad21,copb1,475.0
rad21,prc1,575.0
rad21,polr2b,445.0
rad21,dennd1c,466.0
rad21,slc25a46,438.0
rad21,rfesd,318.0
rad21,zfp655,495.0
rad21,tmem109,1835.0
rad21,cdca5,768.0
rad21,d10wsu102e,778.0
rad21,taf12,488.0
rad21,rnase6,808.0
rad21,elp2,627.0
rad21,ap5m1,492.0
rad21,champ1,313.0
rad21,pot1a,410.0
rad21,eif2b1,557.0
rad21,inpp5b,642.0
rad21,pwp2,692.0
rad21,psat1,274.0
rad21,slc31a1,737.0
rad21,hacd3,317.0
rad21,cad,396.0
rad21,ncapg,314.0
rad21,ice1,316.0
rad21,anapc4,566.0
rad21,calu,336.0
rad21,tmem206,547.0
rad21,fuca2,494.0
rad21,lrrc14,606.0
rad21,gorasp1,409.0
rad21,napsa,708.0
rad21,wls,324.0
rad21,dnajc10,495.0
rad21,l2hgdh,501.0
rad21,ampd3,559.0
rad21,ncapd2,378.0
rad21,mtrex,619.0
rad21,pbk,289.0
rad21,snapc3,463.0
rad21,itsn1,368.0
rad21,ppp6c,429.0
rad21,vps41,588.0
rad21,wars,364.0
rad21,memo1,351.0
rad21,cenpo,314.0
rad21,mfge8,372.0
rad21,pole3,627.0
rad21,fam234b,337.0
rad21,tollip,411.0
rad21,nup155,795.0
rad21,tvp23b,457.0
rad21,ilvbl,285.0
rad21,sgpp1,631.0
rad21,nt5dc1,392.0
rad21,idh3a,354.0
rad21,serpina3g,959.0
rad21,mt1,619.0
rad21,pitpnb,418.0
rad21,ifi203,427.0
rad21,adamts10,448.0
rad21,atg4b,412.0
rad21,rgs1,730.0
rad21,uros,381.0
rad21,gimap1,516.0
rad21,enpp4,375.0
rad21,rcsd1,375.0
rad21,mad2l1,313.0
rad21,nsmaf,362.0
rad21,trmt2a,597.0
rad21,tmem129,597.0
rad21,tacc3,597.0
rad21,gtf2f1,604.0
rad21,anxa6,525.0
rad21,atp1b2,514.0
rad21,golph3,439.0
rad21,tmx1,560.0
rad21,ybx3,409.0
rad21,mis12,309.0
rad21,xk,521.0
rad21,tpp1,523.0
rad21,uba7,768.0
rad21,dusp2,455.0
rad21,fignl1,306.0
rad21,xab2,418.0
rad21,mto1,357.0
rad21,dcaf11,725.0
rad21,stard10,379.0
rad21,gpr180,345.0
rad21,e2f6,279.0
rad21,dnajc5,538.0
rad21,usp37,476.0
rad21,ssx2ip,498.0
rad21,gemin5,442.0
rad21,sept8,543.0
rad21,cops8,448.0
rad21,epsti1,426.0
rad21,xpc,519.0
rad21,dlst,308.0
rad21,tbc1d2b,578.0
rad21,sqor,666.0
rad21,mndal,452.0
rad21,supt7l,396.0
rad21,ptdss1,346.0
rad21,cenpk,314.0
rad21,mau2,392.0
rad21,ap1g2,361.0
rad21,atp7b,366.0
rad21,alg11,366.0
rad21,abcb10,498.0
rad21,golm1,412.0
rad21,ubap1,551.0
rad21,gng11,554.0
rad21,pus7,343.0
rad21,clpx,441.0
rad21,ipo4,868.0
rad21,mki67,349.0
rad21,klhl6,449.0
rad21,rasal3,420.0
rad21,cd1d1,435.0
rad21,ppat,277.0
rad21,chordc1,367.0
rad21,cenpe,392.0
rad21,klhl23,269.0
rad21,ccne1,323.0
rad21,eftud2,491.0
rad21,orc2,314.0
rad21,bag2,260.0
rad21,cd84,384.0
rad21,uhrf1,371.0
rad21,tcp11l2,327.0
rad21,nudcd1,436.0
rad21,zfp322a,302.0
rad21,gcnt2,491.0
rad21,slc40a1,504.0
rad21,2610301b20rik,233.0
rad21,hlf,471.0
rad21,csad,487.0
rad21,rnf213,566.0
rad21,ttll12,325.0
rad21,cytip,590.0
rad21,smc2,206.0
rad21,nek9,291.0
rad21,ctps,343.0
rad21,mcm3,250.0
rad21,tfg,340.0
rad21,prmt7,567.0
rad21,rgs2,352.0
rad21,slc29a1,682.0
rad21,jak3,691.0
rad21,fzr1,725.0
rad21,stx12,457.0
rad21,nasp,380.0
rad21,lonp1,404.0
rad21,tes,308.0
rad21,mcm4,220.0
rad21,cog6,334.0
rad21,btaf1,367.0
rad21,snx10,482.0
rad21,golt1b,275.0
rad21,pqlc3,421.0
rad21,pik3r2,642.0
rad21,stap1,773.0
rad21,sppl2b,494.0
rad21,cd9,460.0
rad21,anxa4,609.0
rad21,utp4,322.0
rad21,flot2,277.0
rad21,birc5,751.0
rad21,sun1,231.0
rad21,umps,237.0
rad21,zfp945,355.0
rad21,cpt1a,360.0
rad21,ccng1,276.0
rad21,isyna1,270.0
rad21,tmc6,592.0
rad21,unc93b1,417.0
rad21,unk,378.0
rad21,pfkm,313.0
rad21,fam76b,324.0
rad21,hells,331.0
rad21,acox1,369.0
rad21,cog7,419.0
rad21,tubgcp3,300.0
rad21,uap1l1,288.0
rad21,slc30a6,328.0
rad21,gskip,504.0
rad21,cers4,384.0
rad21,nptn,381.0
rad21,lig1,288.0
rad21,vkorc1l1,564.0
rad21,nubp2,562.0
rad21,asb8,441.0
rad21,timm50,369.0
rad21,e2f4,827.0
rad21,ndc1,216.0
rad21,2210016f16rik,439.0
rad21,ckap5,269.0
rad21,cd82,261.0
rad21,mfng,460.0
rad21,st8sia4,428.0
rad21,epor,533.0
rad21,tmem263,281.0
rad21,cdc45,332.0
rad21,wdr75,215.0
rad21,asns,462.0
rad21,coq8a,232.0
rad21,klhl22,350.0
rad21,med22,477.0
rad21,mfn2,358.0
rad21,rpp40,324.0
rad21,tcirg1,339.0
rad21,rrm1,570.0
rad21,plk1,275.0
rad21,tbc1d15,346.0
rad21,nit1,316.0
rad21,cdc20,306.0
rad21,cnp,433.0
rad21,crip2,302.0
rad21,rcor1,258.0
rad21,afg3l2,626.0
rad21,arl6ip6,266.0
rad21,tspan33,485.0
rad21,casp4,446.0
rad21,tmem176b,1557.0
rad21,hebp1,389.0
rad21,aar2,234.0
rad21,alg9,280.0
rad21,incenp,310.0
rad21,ube2c,282.0
rad21,isg20,369.0
rad21,camk1,395.0
rad21,poglut1,224.0
rad21,nusap1,386.0
rad21,gpr171,561.0
rad21,ypel3,732.0
rad21,sacm1l,330.0
rad21,tapt1,438.0
rad21,blvrb,362.0
rad21,cd93,263.0
rad21,iars2,415.0
rad21,h1f0,373.0
rad21,lmna,492.0
rad21,tom1l1,495.0
rad21,qars,308.0
rad21,ubl4a,274.0
rad21,rad51,268.0
rad21,pcyt2,338.0
rad21,f11r,473.0
rad21,tmem56,409.0
rad21,atp6v1a,477.0
rad21,ctse,372.0
rad21,ccne2,248.0
rad21,slc11a2,361.0
rad21,tmem173,270.0
rad21,ccnb2,393.0
rad21,sp100,290.0
rad21,atp6ap1,292.0
rad21,arhgef6,247.0
rad21,snca,374.0
rad21,slc19a1,209.0
rad21,e2f8,723.0
rad21,leprot,262.0
rad21,p2ry14,840.0
rad21,plaa,289.0
rad21,sptlc1,424.0
rad21,dynlt3,249.0
rad21,naga,299.0
rad21,usp10,381.0
rad21,rangap1,307.0
rad21,pdk3,253.0
rad21,lsp1,413.0
rad21,cdk1,296.0
rad21,psmd9,348.0
rad21,wdr55,231.0
rad21,ranbp3,275.0
rad21,lcp2,423.0
rad21,snap23,328.0
rad21,alkbh8,277.0
rad21,pdcl,250.0
rad21,ubr7,313.0
rad21,plin2,360.0
rad21,rad21,289.0
rad21,ckap2,293.0
rad21,edc3,324.0
rad21,ebi3,440.0
rad21,mtap,242.0
rad21,skap2,385.0
rad21,sept6,257.0
rad21,acss1,225.0
rad21,ica1,207.0
rad21,slc38a5,478.0
rad21,sgta,352.0
rad21,ncaph,266.0
rad21,rbpms,373.0
rad21,mthfd1,318.0
rad21,fbxw5,350.0
rad21,gata2,572.0
rad21,tbxas1,588.0
rad21,tnfrsf13b,325.0
rad21,vps35,284.0
rad21,orc6,284.0
rad21,hmbs,244.0
rad21,ubac1,308.0
rad21,uba5,618.0
rad21,zkscan17,187.0
rad21,farsb,226.0
rad21,dus1l,488.0
rad21,calcrl,465.0
rad21,gatm,261.0
rad21,tpx2,450.0
rad21,plek,462.0
rad21,sec23ip,237.0
rad21,wdr6,335.0
rad21,fpgs,576.0
rad21,ncln,524.0
rad21,nudt19,294.0
rad21,nup88,205.0
rad21,il21r,330.0
rad21,gramd1a,284.0
rad21,ifitm1,367.0
rad21,etf1,320.0
rad21,nsd2,393.0
rad21,gmpr,293.0
rad21,cks1b,230.0
rad21,tfr2,273.0
rad21,ptcd3,262.0
rad21,cd48,212.0
rad21,vps11,259.0
rad21,trim47,516.0
rad21,fastkd2,217.0
rad21,ddx58,270.0
rad21,ubr1,321.0
rad21,tipin,294.0
rad21,terf2ip,263.0
rad21,fbxo5,352.0
rad21,zfp367,235.0
rad21,atad1,478.0
rad21,abcg2,245.0
rad21,rtp4,568.0
rad21,ptgs1,264.0
rad21,tor3a,225.0
rad21,bid,285.0
rad21,tmem164,226.0
rad21,ccdc137,264.0
rad21,mpl,369.0
rad21,tars,226.0
rad21,elac2,228.0
rad21,h2-ob,321.0
rad21,cited4,276.0
rad21,arhgap4,322.0
rad21,arhgef18,334.0
rad21,ces2g,397.0
rad21,ctla2b,275.0
rad21,gnb4,174.0
rad21,tnfaip2,481.0
rad21,hacd4,420.0
rad21,hemgn,250.0
rad21,prps2,153.0
rad21,apoe,249.0
rad21,cdca8,353.0
rad21,fam91a1,269.0
rad21,iars,250.0
rad21,aurkb,194.0
rad21,cdca3,204.0
rad21,pstpip1,215.0
rad21,stxbp1,370.0
rad21,aldh1a1,248.0
rad21,pcp4l1,251.0
rad21,neurl3,373.0
rad21,crnkl1,234.0
rad21,vav1,315.0
rad21,cd74,498.0
rad21,uba3,425.0
rad21,vwa5a,314.0
rad21,anxa1,251.0
rad21,myo1g,328.0
rad21,ankrd27,238.0
rad21,kel,552.0
rad21,cttn,221.0
rad21,pglyrp2,186.0
rad21,cyth4,530.0
rad21,cela1,497.0
rad21,atp6ap2,157.0
rad21,ercc8,166.0
rad21,cd63,563.0
rad21,elp3,355.0
rad21,itih5,196.0
rad21,prim1,199.0
rad21,cdc6,350.0
rad21,emb,161.0
rad21,slc41a3,519.0
rad21,plbd2,195.0
rad21,tcn2,207.0
rad21,top2a,215.0
rad21,mfsd2b,244.0
rad21,zfp930,163.0
rad21,ndor1,359.0
rad21,dok2,267.0
rad21,tmem185a,217.0
rad21,spire1,409.0
rad21,urod,328.0
rad21,coro1a,315.0
rad21,c1qtnf12,131.0
rad21,krt18,266.0
rad21,g6pdx,156.0
rad21,prim2,174.0
rad21,samd14,203.0
rad21,mcm2,276.0
rad21,gusb,632.0
rad21,pml,197.0
rad21,mettl7a1,215.0
rad21,ctla2a,178.0
rad21,nde1,194.0
rad21,chchd10,160.0
rad21,ldhb,360.0
rad21,h2-dmb1,127.0
rad21,mt2,184.0
rad21,pheta2,262.0
rad21,pclaf,158.0
rad21,tie1,170.0
rad21,lyz2,299.0
rad21,slc43a1,126.0
rad21,afap1l1,278.0
rad21,cish,142.0
rad21,slc25a21,196.0
rad21,ppic,178.0
rad21,aqp9,314.0
rad21,rhd,162.0
rad21,sigirr,120.0
rad21,slc43a3,190.0
rad21,vill,164.0
rad21,st6galnac4,296.0
rad21,rdh11,217.0
rad21,dph2,153.0
rad21,oasl2,199.0
rad21,snrnp200,209.0
rad21,ifi30,156.0
rad21,pik3c3,167.0
rad21,aqp1,154.0
rad21,zfp36,131.0
rad21,tspo2,134.0
rad21,plppr3,132.0
rad21,prps1,124.0
rad21,serpinf1,220.0
rad21,adssl1,202.0
rad21,gstm5,107.0
rad21,selenbp1,175.0
rad21,cd34,106.0
rad21,procr,147.0
rad21,sla,146.0
rad21,gata1,141.0
rad21,car1,141.0
rad21,plcb2,133.0
rad21,rhag,130.0
rad21,scarf1,121.0
rad21,slc7a4,115.0
rad21,slc22a3,115.0
rad21,nxpe2,114.0
rad51,sptbn1,643.0
rad51,clcn4,337.0
rad51,ostm1,155.0
rad51,zfp961,240.0
rad51,champ1,161.0
rad51,cd1d1,280.0
rad51,sacm1l,148.0
rad51,ifi203,141.0
rad51,dus1l,209.0
rad51,slc25a38,183.0
rad51,chordc1,152.0
rad51,wdr36,143.0
rad51,elp2,133.0
rad51,dlst,116.0
rad51,uros,108.0
rad51,itfg1,107.0
rpa1,cept1,379.0
rpa1,fnta,232.0
rpa1,clcn4,201.0
rpa1,ostm1,267.0
rpa1,slc25a38,189.0
rpa1,yod1,176.0
rpa1,ddx1,176.0
rpa1,hemgn,159.0
rpa1,champ1,117.0
rpa1,prim2,178.0
rpa1,cdk1,148.0
rpa1,stxbp1,136.0
rpa1,myh10,127.0
rpa1,gimap1,126.0
rpa1,ermap,121.0
rpa1,gmfb,111.0
rpa1,lztr1,109.0
rpa1,nuf2,102.0
rpa2,clcn4,169.0
rpa2,ifi203,134.0
rpa2,ostm1,168.0
rpa2,tmx3,130.0
rpa2,unk,123.0
rpa2,champ1,113.0
stat3,stat3,3411.0
stat3,skap2,3088.0
stat3,jak3,2948.0
stat3,tbc1d15,2144.0
stat3,fos,2919.0
stat3,irf1,2044.0
stat3,ly6a,1708.0
stat3,nudcd1,2303.0
stat3,nfkbia,1693.0
stat3,kif22,1909.0
stat3,tmem176b,2858.0
stat3,tmem176a,2858.0
stat3,mt1,2110.0
stat3,prps1,1743.0
stat3,tars,2227.0
stat3,cish,1341.0
stat3,ubr7,1889.0
stat3,clptm1l,1829.0
stat3,eif2b1,1679.0
stat3,psen2,1422.0
stat3,ncapd2,1263.0
stat3,flot2,2234.0
stat3,vwa5a,1879.0
stat3,nup88,1680.0
stat3,fchsd2,1588.0
stat3,cdk19,1162.0
stat3,plec,1686.0
stat3,atg16l1,1356.0
stat3,gramd1a,1021.0
stat3,dusp1,1516.0
stat3,trim30a,1775.0
stat3,ube2g2,1842.0
stat3,treml2,1484.0
stat3,jun,1127.0
stat3,snrnp200,1424.0
stat3,hsd3b7,1913.0
stat3,adk,1640.0
stat3,ppat,1231.0
stat3,trmt2a,1184.0
stat3,mt2,2520.0
stat3,vps26c,1174.0
stat3,tmx3,1481.0
stat3,ubr1,1644.0
stat3,klhl24,1155.0
stat3,thumpd3,1120.0
stat3,sdhaf2,1160.0
stat3,snx10,1529.0
stat3,cd63,2189.0
stat3,b230219d22rik,1249.0
stat3,gbp2,1241.0
stat3,casp4,1563.0
stat3,itga6,1065.0
stat3,nudt9,1444.0
stat3,acox1,1430.0
stat3,far1,907.0
stat3,necap2,1049.0
stat3,elovl1,1821.0
stat3,cpt2,935.0
stat3,gtf2f1,1812.0
stat3,il27ra,1430.0
stat3,tcp11l2,1373.0
stat3,crk,914.0
stat3,pde4b,1719.0
stat3,mcm4,1034.0
stat3,clpx,1868.0
stat3,topors,998.0
stat3,gsr,1395.0
stat3,fam234b,1017.0
stat3,tgm2,1033.0
stat3,casp2,1074.0
stat3,tfg,754.0
stat3,foxred1,1067.0
stat3,cast,947.0
stat3,zfp655,1180.0
stat3,tmem173,1923.0
stat3,ado,1397.0
stat3,gimap5,1157.0
stat3,xrcc5,670.0
stat3,zfp24,907.0
stat3,vav1,1125.0
stat3,selenbp1,1041.0
stat3,cela1,1105.0
stat3,zfp36,1075.0
stat3,cdca8,1208.0
stat3,stx12,533.0
stat3,pqlc1,861.0
stat3,lmna,1168.0
stat3,cttn,1636.0
stat3,wdr36,1025.0
stat3,ints13,699.0
stat3,farsb,642.0
stat3,wdr45b,837.0
stat3,cnp,953.0
stat3,nop2,1297.0
stat3,wdr55,1076.0
stat3,nuf2,726.0
stat3,pitpnb,886.0
stat3,terf2ip,835.0
stat3,vkorc1l1,1214.0
stat3,prkab1,551.0
stat3,usp37,1034.0
stat3,uckl1,1317.0
stat3,klhl6,1269.0
stat3,net1,651.0
stat3,asns,804.0
stat3,chordc1,775.0
stat3,asf1b,936.0
stat3,msh6,800.0
stat3,rgcc,690.0
stat3,4833439l19rik,903.0
stat3,ctla2a,809.0
stat3,eps15,798.0
stat3,nt5dc1,1272.0
stat3,clic4,1066.0
stat3,cd82,723.0
stat3,pglyrp2,994.0
stat3,qars,782.0
stat3,timm29,911.0
stat3,hpn,1759.0
stat3,orc5,832.0
stat3,atad2,860.0
stat3,uap1,811.0
stat3,cul4a,1095.0
stat3,tes,544.0
stat3,arap1,619.0
stat3,aldh18a1,851.0
stat3,med22,1038.0
stat3,zfp397,662.0
stat3,pcyt1a,701.0
stat3,rnf139,1080.0
stat3,fam76b,643.0
stat3,cited4,879.0
stat3,pacsin2,663.0
stat3,mgst3,569.0
stat3,slc16a1,879.0
stat3,ctnna1,760.0
stat3,arl8b,769.0
stat3,phax,930.0
stat3,alad,1071.0
stat3,pik3ip1,1426.0
stat3,ezr,823.0
stat3,rassf5,743.0
stat3,zdhhc13,617.0
stat3,acaa2,671.0
stat3,aplp2,1058.0
stat3,tbcd,851.0
stat3,ctps,666.0
stat3,hsph1,597.0
stat3,pdzk1ip1,630.0
stat3,sgo1,391.0
stat3,birc5,582.0
stat3,ptpn12,580.0
stat3,psen1,813.0
stat3,snapc3,504.0
stat3,gnpda1,784.0
stat3,galk2,747.0
stat3,odc1,1003.0
stat3,ell2,884.0
stat3,zzz3,681.0
stat3,fem1b,718.0
stat3,xpnpep1,994.0
stat3,p2rx4,455.0
stat3,zyx,510.0
stat3,d10wsu102e,599.0
stat3,plin3,990.0
stat3,pfkm,681.0
stat3,zfp62,436.0
stat3,sigirr,937.0
stat3,psmd6,839.0
stat3,fech,414.0
stat3,slc20a1,792.0
stat3,tubgcp2,762.0
stat3,esyt2,483.0
stat3,clcn4,671.0
stat3,asb8,658.0
stat3,dus1l,471.0
stat3,mbtps1,914.0
stat3,cdca5,568.0
stat3,slc30a5,702.0
stat3,rexo4,480.0
stat3,sphk1,973.0
stat3,elac2,692.0
stat3,zfp639,552.0
stat3,sppl2b,582.0
stat3,rpa2,1102.0
stat3,ctse,823.0
stat3,nceh1,960.0
stat3,h1f0,470.0
stat3,tm7sf3,586.0
stat3,rfesd,787.0
stat3,tfrc,564.0
stat3,rnasel,1332.0
stat3,tmem109,617.0
stat3,cenpk,517.0
stat3,nup107,576.0
stat3,ndrg1,716.0
stat3,rrm1,654.0
stat3,ypel3,549.0
stat3,ccna2,488.0
stat3,oat,774.0
stat3,tmem206,709.0
stat3,tango2,485.0
stat3,ddx20,545.0
stat3,slc35a1,504.0
stat3,tmx1,367.0
stat3,armt1,467.0
stat3,isg20,651.0
stat3,cad,608.0
stat3,ctla2b,486.0
stat3,calcrl,770.0
stat3,epsti1,780.0
stat3,d230025d16rik,944.0
stat3,twsg1,710.0
stat3,eya2,614.0
stat3,nampt,624.0
stat3,atp6v1a,706.0
stat3,fkbp1a,500.0
stat3,nif3l1,637.0
stat3,atl2,454.0
stat3,picalm,472.0
stat3,psmf1,589.0
stat3,limd2,694.0
stat3,ndel1,655.0
stat3,slc14a1,1654.0
stat3,nol9,522.0
stat3,psmd9,762.0
stat3,mavs,593.0
stat3,morc3,391.0
stat3,pot1a,438.0
stat3,kif11,447.0
stat3,mis18bp1,750.0
stat3,hars2,530.0
stat3,hars,530.0
stat3,slc6a6,484.0
stat3,fbxo5,473.0
stat3,dcaf13,415.0
stat3,ahcyl1,631.0
stat3,prkch,483.0
stat3,ngly1,441.0
stat3,cenpe,542.0
stat3,coa5,485.0
stat3,scrn3,571.0
stat3,ckap2,454.0
stat3,rnf145,481.0
stat3,fgfr1op,731.0
stat3,wars,383.0
stat3,gstm1,549.0
stat3,lancl2,383.0
stat3,ipo4,463.0
stat3,ifi30,697.0
stat3,gfm1,660.0
stat3,polr1b,510.0
stat3,ranbp3,477.0
stat3,exoc2,510.0
stat3,pld3,666.0
stat3,scfd1,493.0
stat3,fpgs,506.0
stat3,f11r,736.0
stat3,pigq,392.0
stat3,nasp,593.0
stat3,cln5,358.0
stat3,nudcd3,764.0
stat3,capn7,440.0
stat3,cep70,387.0
stat3,prmt7,400.0
stat3,erlin2,737.0
stat3,gars,450.0
stat3,herc4,647.0
stat3,dnajc11,510.0
stat3,sppl2a,316.0
stat3,casp3,574.0
stat3,ap5m1,326.0
stat3,narf,550.0
stat3,slc43a1,1183.0
stat3,rfc4,487.0
stat3,itsn1,708.0
stat3,mtfr1,610.0
stat3,fam136a,604.0
stat3,pkm,686.0
stat3,jpt2,322.0
stat3,slc31a1,392.0
stat3,ncapg2,835.0
stat3,naa35,465.0
stat3,nedd1,330.0
stat3,abl1,553.0
stat3,nup155,708.0
stat3,rnf115,360.0
stat3,lyrm4,425.0
stat3,rabggtb,469.0
stat3,rtp4,896.0
stat3,unk,357.0
stat3,cd1d1,595.0
stat3,csgalnact2,503.0
stat3,tmem68,430.0
stat3,pitrm1,365.0
stat3,mtmr6,801.0
stat3,ttll12,439.0
stat3,nudt4,514.0
stat3,anxa5,472.0
stat3,cers5,599.0
stat3,mapkapk3,802.0
stat3,gclc,637.0
stat3,gskip,365.0
stat3,knstrn,550.0
stat3,aar2,618.0
stat3,mfge8,640.0
stat3,vill,1022.0
stat3,slc41a3,894.0
stat3,ift140,421.0
stat3,gpr171,428.0
stat3,elp3,522.0
stat3,ifi203,530.0
stat3,mrm1,728.0
stat3,wls,587.0
stat3,ints8,495.0
stat3,fbxw5,377.0
stat3,grina,560.0
stat3,psmd5,391.0
stat3,mycn,416.0
stat3,champ1,434.0
stat3,abcf3,404.0
stat3,tollip,357.0
stat3,polr2b,469.0
stat3,cstf2,489.0
stat3,plin2,570.0
stat3,dpp8,458.0
stat3,minpp1,367.0
stat3,narfl,796.0
stat3,dph2,613.0
stat3,sept8,673.0
stat3,gpr180,819.0
stat3,mrpl37,503.0
stat3,colgalt1,318.0
stat3,gatm,442.0
stat3,atad1,384.0
stat3,rmnd5a,307.0
stat3,cyb5r3,523.0
stat3,tubgcp3,234.0
stat3,cnot10,413.0
stat3,aurka,547.0
stat3,nudt19,546.0
stat3,cenpa,299.0
stat3,calu,366.0
stat3,ostm1,258.0
stat3,asah1,352.0
stat3,dnajc5,475.0
stat3,mettl8,429.0
stat3,pik3r2,481.0
stat3,l2hgdh,497.0
stat3,krt18,679.0
stat3,ndor1,453.0
stat3,idh3a,649.0
stat3,rgs1,463.0
stat3,prps2,454.0
stat3,naa50,566.0
stat3,slc25a45,456.0
stat3,anapc2,470.0
stat3,wdhd1,419.0
stat3,mfsd1,408.0
stat3,wdr4,371.0
stat3,dlst,487.0
stat3,abtb1,280.0
stat3,golph3,369.0
stat3,abcb10,643.0
stat3,ctsc,496.0
stat3,dram2,381.0
stat3,cept1,381.0
stat3,elp2,236.0
stat3,nsmaf,493.0
stat3,ppp6c,531.0
stat3,plaa,546.0
stat3,chp1,408.0
stat3,cd9,617.0
stat3,rgs2,530.0
stat3,sacm1l,346.0
stat3,vps33a,605.0
stat3,cops8,582.0
stat3,rasal3,563.0
stat3,gosr2,487.0
stat3,rabif,347.0
stat3,tmc6,500.0
stat3,slc7a4,459.0
stat3,btaf1,320.0
stat3,wdsub1,372.0
stat3,d1ertd622e,367.0
stat3,phactr2,429.0
stat3,cbfb,397.0
stat3,dhx33,734.0
stat3,myl10,580.0
stat3,tcf12,367.0
stat3,etf1,442.0
stat3,stxbp3,316.0
stat3,tbl3,348.0
stat3,memo1,256.0
stat3,mars,518.0
stat3,serpinb1a,919.0
stat3,ipo9,306.0
stat3,sqle,365.0
stat3,vps11,420.0
stat3,uap1l1,443.0
stat3,taf12,277.0
stat3,exoc3,504.0
stat3,fam168b,427.0
stat3,chmp3,304.0
stat3,nploc4,449.0
stat3,kpna3,311.0
stat3,ppil4,321.0
stat3,fuca2,505.0
stat3,arl6ip6,310.0
stat3,pgm1,454.0
stat3,ddhd2,297.0
stat3,hus1,403.0
stat3,urod,934.0
stat3,stk25,361.0
stat3,myo1d,383.0
stat3,hnrnpll,363.0
stat3,hexa,573.0
stat3,pik3c3,471.0
stat3,pno1,374.0
stat3,zfp35,472.0
stat3,pip4k2a,482.0
stat3,dnpep,374.0
stat3,tmem168,510.0
stat3,ldhb,641.0
stat3,crbn,499.0
stat3,sptlc1,428.0
stat3,wdr5,290.0
stat3,mki67,346.0
stat3,mcm2,606.0
stat3,mogs,326.0
stat3,lap3,455.0
stat3,zfp945,513.0
stat3,isyna1,420.0
stat3,iars,400.0
stat3,uros,465.0
stat3,cers4,623.0
stat3,gna13,285.0
stat3,gmcl1,310.0
stat3,pstpip1,554.0
stat3,nek9,298.0
stat3,snap23,366.0
stat3,atp13a1,306.0
stat3,tspan14,425.0
stat3,spns2,456.0
stat3,haus2,370.0
stat3,atp6ap1,350.0
stat3,sqor,250.0
stat3,scarb1,321.0
stat3,ubac1,349.0
stat3,sun1,674.0
stat3,cpox,376.0
stat3,wdr6,265.0
stat3,slc25a38,573.0
stat3,zfp367,351.0
stat3,hagh,303.0
stat3,top2a,343.0
stat3,pmpca,417.0
stat3,pak1,244.0
stat3,tcn2,798.0
stat3,sec23ip,540.0
stat3,ddx1,278.0
stat3,incenp,400.0
stat3,ccng1,444.0
stat3,gmfb,242.0
stat3,ddx58,369.0
stat3,usp8,294.0
stat3,stxbp4,233.0
stat3,mthfd1,363.0
stat3,zfp266,308.0
stat3,rab32,618.0
stat3,shcbp1,569.0
stat3,ccne1,416.0
stat3,faap100,339.0
stat3,xpc,364.0
stat3,serpina3g,530.0
stat3,nolc1,476.0
stat3,cacfd1,249.0
stat3,mtrex,258.0
stat3,tmem56,294.0
stat3,zdhhc6,360.0
stat3,fignl1,405.0
stat3,prep,439.0
stat3,trmt11,246.0
stat3,nup93,383.0
stat3,klhl22,261.0
stat3,tmem64,296.0
stat3,nae1,414.0
stat3,vps41,306.0
stat3,cytip,369.0
stat3,apeh,273.0
stat3,st8sia4,429.0
stat3,dcaf11,309.0
stat3,chmp7,337.0
stat3,abcd3,351.0
stat3,cdca4,304.0
stat3,gtf2h1,448.0
stat3,tyms,295.0
stat3,tvp23b,265.0
stat3,adamts10,331.0
stat3,uba3,346.0
stat3,cenpo,423.0
stat3,trmt6,270.0
stat3,dhfr,587.0
stat3,slc11a2,385.0
stat3,xpr1,287.0
stat3,anapc4,263.0
stat3,nptn,356.0
stat3,acss2,338.0
stat3,aldh9a1,270.0
stat3,zfp871,230.0
stat3,ubap1,270.0
stat3,fam45a,421.0
stat3,acss1,358.0
stat3,me2,205.0
stat3,kat7,309.0
stat3,pon2,543.0
stat3,abi1,334.0
stat3,copg1,443.0
stat3,pml,317.0
stat3,rars,232.0
stat3,ext2,428.0
stat3,stt3b,274.0
stat3,itfg1,226.0
stat3,bap1,272.0
stat3,usp25,328.0
stat3,slc30a6,317.0
stat3,tk1,444.0
stat3,otud6b,296.0
stat3,zfp961,279.0
stat3,acap1,628.0
stat3,cog7,553.0
stat3,leprot,177.0
stat3,mapk9,464.0
stat3,ppm1h,273.0
stat3,cmpk2,417.0
stat3,grn,367.0
stat3,cnot7,279.0
stat3,rangap1,469.0
stat3,mfsd14b,451.0
stat3,fzr1,287.0
stat3,cog6,209.0
stat3,copb1,286.0
stat3,tcirg1,393.0
stat3,lcp1,346.0
stat3,zkscan17,391.0
stat3,rrm2,332.0
stat3,ubxn2b,379.0
stat3,dock2,340.0
stat3,ap1g2,355.0
stat3,ganab,251.0
stat3,rgs19,379.0
stat3,ldah,286.0
stat3,rnf13,244.0
stat3,lrrc14,359.0
stat3,lonp1,431.0
stat3,nit1,449.0
stat3,tbc1d10c,272.0
stat3,vim,268.0
stat3,unc93b1,330.0
stat3,metap1,306.0
stat3,cd55,312.0
stat3,ccnb1,240.0
stat3,ncln,201.0
stat3,prpf4,351.0
stat3,sgpp1,282.0
stat3,lcp2,556.0
stat3,bid,341.0
stat3,timm50,402.0
stat3,tmem129,390.0
stat3,tacc3,390.0
stat3,atg4b,376.0
stat3,tmub2,316.0
stat3,ice1,190.0
stat3,atp7b,311.0
stat3,alg11,311.0
stat3,anxa1,397.0
stat3,golt1b,348.0
stat3,ap1b1,181.0
stat3,crip2,290.0
stat3,tpx2,307.0
stat3,dis3l2,229.0
stat3,eftud2,193.0
stat3,zfp451,357.0
stat3,mau2,261.0
stat3,coq8a,267.0
stat3,ckap2l,268.0
stat3,mndal,259.0
stat3,dcaf4,263.0
stat3,sesn1,247.0
stat3,zkscan3,485.0
stat3,ankle1,379.0
stat3,vps33b,245.0
stat3,slc44a2,228.0
stat3,pdcl,308.0
stat3,mad2l1,288.0
stat3,gorasp1,177.0
stat3,mettl7a1,347.0
stat3,rad21,205.0
stat3,tubgcp5,207.0
stat3,zfp110,281.0
stat3,enpp4,177.0
stat3,prim1,473.0
stat3,usp4,285.0
stat3,elmo1,247.0
stat3,mis12,258.0
stat3,pwp2,260.0
stat3,atg12,201.0
stat3,fads1,183.0
stat3,slc43a3,327.0
stat3,rad51ap1,340.0
stat3,uba5,330.0
stat3,ckap5,435.0
stat3,ccnb2,391.0
stat3,anxa6,264.0
stat3,seh1l,429.0
stat3,map4k2,351.0
stat3,zfp322a,261.0
stat3,cpt1a,361.0
stat3,mto1,282.0
stat3,endod1,222.0
stat3,c330018d20rik,203.0
stat3,dnajc10,205.0
stat3,hsdl1,263.0
stat3,smim15,271.0
stat3,txnrd2,369.0
stat3,tmem186,152.0
stat3,gyg,248.0
stat3,rmnd5b,190.0
stat3,rcor1,230.0
stat3,cdk1,251.0
stat3,lztr1,290.0
stat3,decr1,416.0
stat3,rprd1b,304.0
stat3,dennd2d,383.0
stat3,pcyt2,191.0
stat3,mcm3,331.0
stat3,arhgef18,206.0
stat3,naga,204.0
stat3,g6pdx,207.0
stat3,stom,296.0
stat3,prc1,197.0
stat3,chuk,243.0
stat3,orc2,307.0
stat3,bclaf3,204.0
stat3,trim59,258.0
stat3,march6,199.0
stat3,metap1d,210.0
stat3,wdr75,197.0
stat3,mef2c,274.0
stat3,tspan33,235.0
stat3,ifrd2,248.0
stat3,blvrb,199.0
stat3,wdr73,330.0
stat3,march5,166.0
stat3,9430015g10rik,191.0
stat3,vps35,197.0
stat3,orc6,197.0
stat3,gstm5,184.0
stat3,steap3,196.0
stat3,itih5,405.0
stat3,fam91a1,235.0
stat3,pold1,347.0
stat3,mcm5,509.0
stat3,cnih1,272.0
stat3,btrc,252.0
stat3,tor3a,307.0
stat3,rpa1,464.0
stat3,lrrfip1,285.0
stat3,kidins220,322.0
stat3,ftsj3,215.0
stat3,oasl2,269.0
stat3,zfp930,248.0
stat3,cyp20a1,222.0
stat3,kif20b,234.0
stat3,ncaph,203.0
stat3,cks1b,187.0
stat3,uba7,549.0
stat3,poglut1,203.0
stat3,man2a2,211.0
stat3,1700017b05rik,166.0
stat3,spire1,617.0
stat3,ak3,274.0
stat3,armc8,154.0
stat3,abhd16a,185.0
stat3,il15,166.0
stat3,glipr2,307.0
stat3,ebi3,186.0
stat3,trib2,324.0
stat3,nadk,305.0
stat3,nup85,269.0
stat3,cdc6,301.0
stat3,hmbs,222.0
stat3,dck,142.0
stat3,myh10,200.0
stat3,cdt1,241.0
stat3,anxa4,335.0
stat3,utp4,167.0
stat3,fnta,179.0
stat3,crnkl1,518.0
stat3,cul2,345.0
stat3,cryzl2,291.0
stat3,gypc,204.0
stat3,pja2,154.0
stat3,xab2,204.0
stat3,pbk,377.0
stat3,tipin,162.0
stat3,adssl1,253.0
stat3,nde1,156.0
stat3,aqp1,479.0
stat3,gmnn,203.0
stat3,laptm4b,372.0
stat3,rcsd1,311.0
stat3,camk1,229.0
stat3,slc40a1,261.0
stat3,psat1,251.0
stat3,angpt1,263.0
stat3,mtap,280.0
stat3,abcb8,303.0
stat3,nsdhl,418.0
stat3,edc3,173.0
stat3,mfng,454.0
stat3,pear1,172.0
stat3,e2f4,217.0
stat3,alg9,332.0
stat3,atp6ap2,204.0
stat3,rad51,191.0
stat3,lig1,249.0
stat3,cyth4,395.0
stat3,smc2,228.0
stat3,nusap1,208.0
stat3,gcnt2,214.0
stat3,rab37,405.0
stat3,hspa4l,214.0
stat3,dennd1c,318.0
stat3,hells,211.0
stat3,ccne2,179.0
stat3,pheta2,271.0
stat3,cdc7,285.0
stat3,arhgap4,180.0
stat3,tpp1,384.0
stat3,cdc20,259.0
stat3,mns1,308.0
stat3,pwp1,169.0
stat3,fes,280.0
stat3,sp100,362.0
stat3,hacd3,178.0
stat3,mctp1,194.0
stat3,arhgef6,235.0
stat3,ndc1,211.0
stat3,ccdc137,324.0
stat3,cdc45,179.0
stat3,ptdss1,186.0
stat3,prim2,248.0
stat3,fastkd2,308.0
stat3,optn,229.0
stat3,e2f8,130.0
stat3,ctso,377.0
stat3,pclaf,236.0
stat3,ftsj1,273.0
stat3,rfc5,301.0
stat3,gimap6,244.0
stat3,p2ry14,489.0
stat3,ercc8,178.0
stat3,bub1b,249.0
stat3,arhgap15,240.0
stat3,ppox,236.0
stat3,ptcd3,242.0
stat3,pqlc3,210.0
stat3,atp2a3,327.0
stat3,rcc1,135.0
stat3,lpcat3,179.0
stat3,rasa3,159.0
stat3,ncapg,165.0
stat3,hpcal1,314.0
stat3,supt7l,244.0
stat3,tom1l1,167.0
stat3,ltb,160.0
stat3,sptbn1,221.0
stat3,dph6,141.0
stat3,cdca3,122.0
stat3,slc29a1,263.0
stat3,slc25a46,248.0
stat3,tmem185a,242.0
stat3,pdk3,170.0
stat3,bysl,293.0
stat3,hemgn,165.0
stat3,coro1a,246.0
stat3,il21r,224.0
stat3,lrrc8c,116.0
stat3,nubp2,150.0
stat3,neurl3,134.0
stat3,iars2,159.0
stat3,ssx2ip,163.0
stat3,emilin1,214.0
stat3,hlf,161.0
stat3,ikzf2,383.0
stat3,cd48,230.0
stat3,eif1ad,149.0
stat3,2610301b20rik,185.0
stat3,sgta,165.0
stat3,ilvbl,201.0
stat3,cpq,182.0
stat3,spc25,239.0
stat3,pacs1,153.0
stat3,spryd4,214.0
stat3,tmem263,144.0
stat3,sept6,185.0
stat3,slc19a1,142.0
stat3,dusp2,153.0
stat3,2210016f16rik,184.0
stat3,samd14,254.0
stat3,epor,213.0
stat3,dok2,248.0
stat3,cyth3,131.0
stat3,gemin5,143.0
stat3,ube2c,130.0
stat3,stxbp1,224.0
stat3,tmem164,136.0
stat3,spc24,146.0
stat3,uhrf1,193.0
stat3,umps,194.0
stat3,smad2,252.0
stat3,inpp5b,208.0
stat3,ifi44,298.0
stat3,ica1,175.0
stat3,stap1,110.0
stat3,serpinb9,115.0
stat3,abcg2,182.0
stat3,pla2g12a,279.0
stat3,lpcat1,113.0
stat3,ccnf,160.0
stat3,aldh1a1,271.0
stat3,slc25a21,154.0
stat3,inka1,265.0
stat3,aqp9,174.0
stat3,stard10,137.0
stat3,rdh11,248.0
stat3,pus7,127.0
stat3,alkbh8,248.0
stat3,lsp1,125.0
stat3,ybx3,135.0
stat3,ampd3,241.0
stat3,plcb2,120.0
stat3,plbd2,138.0
stat3,tmem97,233.0
stat3,ptdss2,157.0
stat3,e2f6,121.0
stat3,phf10,120.0
stat3,tbc1d2b,116.0
stat3,rhof,226.0
stat3,myo1g,225.0
stat3,cd74,142.0
stat3,gimap1,215.0
stat3,gusb,107.0
stat3,plek,133.0
stat3,tspan3,110.0
stat3,bc005561,124.0
stat3,afg3l2,204.0
stat3,xk,111.0
stat3,pole3,189.0
stat3,cd84,189.0
stat3,plxnc1,183.0
stat3,rpp40,181.0
stat3,mfn2,180.0
stat3,tlk1,179.0
stat3,mfsd2b,175.0
stat3,tfr2,153.0
stat3,add2,152.0
stat3,st3gal6,150.0
stat3,golm1,143.0
stat3,ank,141.0
stat3,tnfaip2,139.0
stat3,chchd10,126.0
stat3,rab31,125.0
stat3,csad,124.0
stat3,hmmr,123.0
stat3,prelid3b,120.0
stat3,atp1b2,120.0
stat3,cyb5r1,118.0
stat3,c1qtnf12,116.0
stat3,gnb4,115.0
stat3,tbxas1,110.0
stat3,bmi1,110.0
stat3,bag2,109.0
stat3,emb,107.0
stat3,h2-dmb1,104.0
stat3,gypa,103.0
wdr5,med22,2471.0
wdr5,9430015g10rik,2968.0
wdr5,mis12,2774.0
wdr5,ifrd2,2944.0
wdr5,snrnp200,2406.0
wdr5,mcm3,2858.0
wdr5,nubp2,2811.0
wdr5,top2a,2748.0
wdr5,ube2c,2711.0
wdr5,btrc,2769.0
wdr5,nudcd1,2749.0
wdr5,ckap2l,2603.0
wdr5,xab2,2632.0
wdr5,cdca3,2257.0
wdr5,unk,2836.0
wdr5,rpa2,2610.0
wdr5,ncln,2309.0
wdr5,cdca8,2468.0
wdr5,tpx2,2363.0
wdr5,zfp871,1738.0
wdr5,wars,2072.0
wdr5,mrpl37,2241.0
wdr5,elac2,2412.0
wdr5,rangap1,2234.0
wdr5,scrn3,2619.0
wdr5,rrm1,1884.0
wdr5,fam76b,1959.0
wdr5,foxred1,2349.0
wdr5,spc25,2218.0
wdr5,mcm5,2194.0
wdr5,cdca5,2130.0
wdr5,trmt6,2157.0
wdr5,dhx33,2260.0
wdr5,aurka,1513.0
wdr5,timm29,2072.0
wdr5,ppp6c,2047.0
wdr5,pik3c3,2163.0
wdr5,kat7,2314.0
wdr5,coa5,1991.0
wdr5,tmem97,2026.0
wdr5,wdr75,2122.0
wdr5,tmem129,2091.0
wdr5,tacc3,2091.0
wdr5,incenp,2179.0
wdr5,cks1b,2308.0
wdr5,mfn2,1974.0
wdr5,naa50,1372.0
wdr5,atp6v1a,1372.0
wdr5,bub1b,2030.0
wdr5,narfl,2114.0
wdr5,prpf4,2116.0
wdr5,stk25,1909.0
wdr5,spc24,2203.0
wdr5,cnot10,1861.0
wdr5,hsph1,1705.0
wdr5,nudcd3,1649.0
wdr5,rexo4,1598.0
wdr5,nusap1,1908.0
wdr5,ndc1,2137.0
wdr5,dcaf11,2010.0
wdr5,sec23ip,1849.0
wdr5,itsn1,1795.0
wdr5,abl1,2027.0
wdr5,arl6ip6,1749.0
wdr5,galk2,1637.0
wdr5,cops8,1609.0
wdr5,mars,1905.0
wdr5,cdc45,2094.0
wdr5,nuf2,2013.0
wdr5,supt7l,1376.0
wdr5,snapc3,1771.0
wdr5,plaa,1402.0
wdr5,jpt2,1774.0
wdr5,eif2b1,1611.0
wdr5,polr1b,1797.0
wdr5,vps41,1785.0
wdr5,sgta,1841.0
wdr5,zfp961,1765.0
wdr5,prim1,1291.0
wdr5,golt1b,1629.0
wdr5,ccnf,1665.0
wdr5,kif22,1729.0
wdr5,exoc2,740.0
wdr5,ado,1817.0
wdr5,orc2,1764.0
wdr5,ppox,1690.0
wdr5,pld3,1974.0
wdr5,dnajc11,1544.0
wdr5,asf1b,1603.0
wdr5,cog7,1517.0
wdr5,mthfd1,1669.0
wdr5,pole3,1613.0
wdr5,rad51,1763.0
wdr5,ganab,1273.0
wdr5,atg16l1,1560.0
wdr5,rpp40,1549.0
wdr5,cenpa,1712.0
wdr5,dnpep,1541.0
wdr5,sun1,1543.0
wdr5,cish,1616.0
wdr5,psmf1,1251.0
wdr5,ftsj3,1703.0
wdr5,tmub2,1568.0
wdr5,klhl24,1651.0
wdr5,ankrd27,1601.0
wdr5,tars,1522.0
wdr5,scfd1,1612.0
wdr5,chordc1,1338.0
wdr5,nif3l1,1352.0
wdr5,mis18bp1,1614.0
wdr5,eif1ad,1358.0
wdr5,hmmr,1858.0
wdr5,mau2,1416.0
wdr5,pacsin2,1407.0
wdr5,fastkd2,1328.0
wdr5,nolc1,1668.0
wdr5,crnkl1,1414.0
wdr5,slc25a46,728.0
wdr5,slc30a6,1406.0
wdr5,knstrn,1454.0
wdr5,hars2,1562.0
wdr5,hars,1562.0
wdr5,rad51ap1,1475.0
wdr5,zfp367,1537.0
wdr5,abcb8,1403.0
wdr5,far1,1295.0
wdr5,zfp930,1580.0
wdr5,alkbh8,1525.0
wdr5,pno1,1240.0
wdr5,cenpo,1350.0
wdr5,kpna3,1509.0
wdr5,cdk19,1548.0
wdr5,tmem206,1390.0
wdr5,skap2,1319.0
wdr5,dph2,1402.0
wdr5,rnf13,1402.0
wdr5,ldah,1144.0
wdr5,mtmr6,1621.0
wdr5,cdc6,1362.0
wdr5,mfsd1,1159.0
wdr5,kif11,1505.0
wdr5,tubgcp2,1212.0
wdr5,atp7b,1344.0
wdr5,alg11,1344.0
wdr5,rad21,1341.0
wdr5,vps33a,1593.0
wdr5,terf2ip,1281.0
wdr5,thumpd3,1436.0
wdr5,ahcyl1,1571.0
wdr5,narf,1458.0
wdr5,clptm1l,1297.0
wdr5,e2f8,1399.0
wdr5,wdr36,1028.0
wdr5,dus1l,1142.0
wdr5,tmem68,975.0
wdr5,zfp110,1204.0
wdr5,bysl,1272.0
wdr5,armc8,1253.0
wdr5,net1,1193.0
wdr5,psmd6,1231.0
wdr5,tbcd,1133.0
wdr5,lig1,1217.0
wdr5,sesn1,1225.0
wdr5,shcbp1,1431.0
wdr5,tango2,1328.0
wdr5,slc35a1,1323.0
wdr5,hmbs,1246.0
wdr5,rcor1,1213.0
wdr5,etf1,1253.0
wdr5,necap2,1241.0
wdr5,ube2g2,1033.0
wdr5,ubr7,1352.0
wdr5,timm50,1127.0
wdr5,uba5,1158.0
wdr5,gtf2f1,1338.0
wdr5,me2,1379.0
wdr5,cenpk,1256.0
wdr5,rprd1b,1071.0
wdr5,atp6ap1,1283.0
wdr5,rfc4,1003.0
wdr5,gosr2,1056.0
wdr5,zfp24,1282.0
wdr5,jun,1126.0
wdr5,dnajc10,1238.0
wdr5,zdhhc6,886.0
wdr5,nup155,1044.0
wdr5,otud6b,1169.0
wdr5,rars,1143.0
wdr5,crk,1079.0
wdr5,naa35,1423.0
wdr5,mcm4,1029.0
wdr5,atg12,1122.0
wdr5,nedd1,1075.0
wdr5,wdr45b,1116.0
wdr5,abi1,1074.0
wdr5,chmp7,1232.0
wdr5,inpp5b,1218.0
wdr5,casp2,1107.0
wdr5,mtrex,1042.0
wdr5,gmfb,963.0
wdr5,pitrm1,1320.0
wdr5,nup88,1213.0
wdr5,zfp451,1020.0
wdr5,ndor1,1047.0
wdr5,cdc20,1249.0
wdr5,prkab1,1274.0
wdr5,lrrc14,1037.0
wdr5,gars,903.0
wdr5,ptdss1,837.0
wdr5,stat3,1153.0
wdr5,lztr1,1158.0
wdr5,erlin2,1104.0
wdr5,dph6,1044.0
wdr5,sgo1,1045.0
wdr5,rmnd5a,1094.0
wdr5,bap1,842.0
wdr5,prc1,1152.0
wdr5,ppil4,866.0
wdr5,calu,1130.0
wdr5,uhrf1,1432.0
wdr5,myh10,1075.0
wdr5,kif20b,1062.0
wdr5,dcaf13,1115.0
wdr5,aplp2,979.0
wdr5,sacm1l,1190.0
wdr5,4833439l19rik,895.0
wdr5,wdr73,1072.0
wdr5,dpp8,963.0
wdr5,lonp1,1158.0
wdr5,pwp1,491.0
wdr5,atp6ap2,994.0
wdr5,vps35,874.0
wdr5,orc6,874.0
wdr5,qars,1146.0
wdr5,dhfr,561.0
wdr5,cul4a,863.0
wdr5,zfp35,978.0
wdr5,vps11,1083.0
wdr5,nup107,1012.0
wdr5,ckap5,757.0
wdr5,uros,981.0
wdr5,ift140,1113.0
wdr5,trmt2a,1128.0
wdr5,acox1,812.0
wdr5,pkm,1199.0
wdr5,ddx20,884.0
wdr5,rfc5,1040.0
wdr5,pja2,1064.0
wdr5,hagh,1125.0
wdr5,nol9,950.0
wdr5,gfm1,779.0
wdr5,armt1,1077.0
wdr5,hsdl1,1053.0
wdr5,fpgs,1015.0
wdr5,smc2,1130.0
wdr5,sppl2b,906.0
wdr5,esyt2,1134.0
wdr5,urod,994.0
wdr5,dcaf4,910.0
wdr5,pik3r2,960.0
wdr5,iars,887.0
wdr5,birc5,1017.0
wdr5,ccng1,962.0
wdr5,mettl8,908.0
wdr5,lyrm4,801.0
wdr5,eftud2,1016.0
wdr5,anapc2,1043.0
wdr5,lpcat3,992.0
wdr5,atp13a1,961.0
wdr5,nup85,664.0
wdr5,wdr6,987.0
wdr5,pdcl,1056.0
wdr5,mns1,991.0
wdr5,morc3,771.0
wdr5,vps33b,865.0
wdr5,rnf115,776.0
wdr5,zfp266,973.0
wdr5,psmd9,885.0
wdr5,abtb1,927.0
wdr5,arap1,969.0
wdr5,tbc1d15,926.0
wdr5,aar2,765.0
wdr5,pigq,700.0
wdr5,atad2,750.0
wdr5,ap5m1,1049.0
wdr5,stxbp4,1013.0
wdr5,e2f4,920.0
wdr5,ptdss2,846.0
wdr5,edc3,876.0
wdr5,poglut1,815.0
wdr5,nsdhl,881.0
wdr5,oat,842.0
wdr5,zfp655,951.0
wdr5,usp8,848.0
wdr5,ftsj1,825.0
wdr5,ercc8,838.0
wdr5,cyb5r3,941.0
wdr5,nop2,966.0
wdr5,mtfr1,1068.0
wdr5,wdr4,874.0
wdr5,hus1,540.0
wdr5,umps,876.0
wdr5,ctps,887.0
wdr5,usp37,728.0
wdr5,nek9,574.0
wdr5,gtf2h1,789.0
wdr5,napsa,908.0
wdr5,nudt9,846.0
wdr5,exoc3,781.0
wdr5,itfg1,547.0
wdr5,ybx3,727.0
wdr5,ddx1,777.0
wdr5,fam168b,520.0
wdr5,ubr1,775.0
wdr5,ell2,942.0
wdr5,ncapd2,737.0
wdr5,sqle,843.0
wdr5,ccnb2,1010.0
wdr5,atad1,676.0
wdr5,prmt7,760.0
wdr5,cpox,976.0
wdr5,coq8a,774.0
wdr5,pmpca,743.0
wdr5,mad2l1,971.0
wdr5,vps26c,913.0
wdr5,ccdc137,669.0
wdr5,fbxo5,1026.0
wdr5,orc5,704.0
wdr5,mapk9,921.0
wdr5,rpa1,761.0
wdr5,pcyt1a,838.0
wdr5,pfkm,508.0
wdr5,arhgap15,923.0
wdr5,haus2,671.0
wdr5,march5,696.0
wdr5,psen1,744.0
wdr5,fbxw5,506.0
wdr5,fzr1,741.0
wdr5,tspan33,809.0
wdr5,picalm,739.0
wdr5,h2-ob,863.0
wdr5,arl8b,797.0
wdr5,rfesd,697.0
wdr5,ccna2,936.0
wdr5,ipo9,813.0
wdr5,cdk1,709.0
wdr5,leprot,917.0
wdr5,d230025d16rik,671.0
wdr5,xpc,949.0
wdr5,crbn,648.0
wdr5,zkscan3,687.0
wdr5,d10wsu102e,742.0
wdr5,mgst3,746.0
wdr5,ubac1,702.0
wdr5,tbl3,673.0
wdr5,dis3l2,332.0
wdr5,psmd5,474.0
wdr5,psat1,642.0
wdr5,clcn4,542.0
wdr5,xrcc5,699.0
wdr5,copg1,841.0
wdr5,colgalt1,722.0
wdr5,acap1,744.0
wdr5,tmem186,646.0
wdr5,mef2c,1171.0
wdr5,nasp,693.0
wdr5,mbtps1,692.0
wdr5,rdh11,692.0
wdr5,rabif,821.0
wdr5,clpx,701.0
wdr5,nit1,623.0
wdr5,gskip,772.0
wdr5,dock2,718.0
wdr5,atl2,783.0
wdr5,cast,831.0
wdr5,wdr55,713.0
wdr5,abcf3,948.0
wdr5,ipo4,679.0
wdr5,ppat,727.0
wdr5,tfg,797.0
wdr5,pclaf,618.0
wdr5,champ1,537.0
wdr5,chmp3,627.0
wdr5,idh3a,616.0
wdr5,mto1,606.0
wdr5,alad,346.0
wdr5,zdhhc13,645.0
wdr5,ubxn2b,609.0
wdr5,zfp322a,612.0
wdr5,slc20a1,862.0
wdr5,metap1d,375.0
wdr5,fignl1,551.0
wdr5,nceh1,761.0
wdr5,taf12,649.0
wdr5,slc31a1,623.0
wdr5,mogs,781.0
wdr5,uckl1,702.0
wdr5,sppl2a,645.0
wdr5,cul2,536.0
wdr5,gorasp1,721.0
wdr5,zfp397,583.0
wdr5,msh6,495.0
wdr5,ptcd3,577.0
wdr5,ccne2,576.0
wdr5,pbk,514.0
wdr5,cdt1,528.0
wdr5,pold1,571.0
wdr5,tubgcp3,530.0
wdr5,phax,725.0
wdr5,fos,599.0
wdr5,prim2,554.0
wdr5,faap100,657.0
wdr5,pwp2,551.0
wdr5,mavs,612.0
wdr5,nup93,635.0
wdr5,seh1l,391.0
wdr5,wdr5,658.0
wdr5,ice1,578.0
wdr5,dlst,395.0
wdr5,copb1,405.0
wdr5,slc25a38,621.0
wdr5,slc30a5,565.0
wdr5,cd74,563.0
wdr5,uap1,759.0
wdr5,slc19a1,526.0
wdr5,gmcl1,746.0
wdr5,polr2b,628.0
wdr5,slc14a1,541.0
wdr5,farsb,626.0
wdr5,wdhd1,660.0
wdr5,ranbp3,730.0
wdr5,ncapg,582.0
wdr5,mrm1,744.0
wdr5,tvp23b,589.0
wdr5,ncapg2,691.0
wdr5,c330018d20rik,515.0
wdr5,ndel1,692.0
wdr5,e2f6,282.0
wdr5,fkbp1a,496.0
wdr5,minpp1,601.0
wdr5,limd2,270.0
wdr5,cog6,518.0
wdr5,cep70,680.0
wdr5,zkscan17,337.0
wdr5,metap1,628.0
wdr5,gmnn,507.0
wdr5,ilvbl,702.0
wdr5,tmem168,290.0
wdr5,rmnd5b,285.0
wdr5,hnrnpll,551.0
wdr5,chuk,502.0
wdr5,atg4b,573.0
wdr5,sptlc1,413.0
wdr5,gpr180,522.0
wdr5,plek,497.0
wdr5,odc1,337.0
wdr5,elp3,503.0
wdr5,cnih1,600.0
wdr5,prelid3b,711.0
wdr5,herc4,335.0
wdr5,rgs19,606.0
wdr5,prps1,533.0
wdr5,adk,464.0
wdr5,rabggtb,576.0
wdr5,stxbp3,614.0
wdr5,f11r,465.0
wdr5,zfp62,541.0
wdr5,tpp1,639.0
wdr5,lap3,565.0
wdr5,aldh18a1,420.0
wdr5,ankle1,609.0
wdr5,pon2,431.0
wdr5,btaf1,445.0
wdr5,mfsd14b,423.0
wdr5,zzz3,573.0
wdr5,gfi1b,478.0
wdr5,nae1,615.0
wdr5,ints8,495.0
wdr5,pot1a,466.0
wdr5,gusb,431.0
wdr5,rrm2,569.0
wdr5,topors,431.0
wdr5,elp2,538.0
wdr5,fgfr1op,491.0
wdr5,g6pdx,507.0
wdr5,spns2,635.0
wdr5,plk1,438.0
wdr5,tmx1,520.0
wdr5,trim30a,586.0
wdr5,tfrc,506.0
wdr5,fam91a1,344.0
wdr5,usp4,497.0
wdr5,gimap6,403.0
wdr5,cytip,551.0
wdr5,ints13,535.0
wdr5,fem1b,443.0
wdr5,tcp11l2,503.0
wdr5,cenpe,383.0
wdr5,plin3,376.0
wdr5,rnase6,623.0
wdr5,asb8,437.0
wdr5,fam234b,487.0
wdr5,rasal3,491.0
wdr5,mettl27,483.0
wdr5,stt3b,401.0
wdr5,lancl2,394.0
wdr5,ncaph,502.0
wdr5,hexa,234.0
wdr5,asah1,487.0
wdr5,pitpnb,474.0
wdr5,crip2,457.0
wdr5,trmt11,422.0
wdr5,dck,413.0
wdr5,rgs1,711.0
wdr5,lmna,449.0
wdr5,cdca4,357.0
wdr5,ccnb1,310.0
wdr5,cacfd1,418.0
wdr5,tmc6,361.0
wdr5,spryd4,432.0
wdr5,gpr171,464.0
wdr5,2610301b20rik,381.0
wdr5,treml2,410.0
wdr5,chp1,486.0
wdr5,txnrd2,434.0
wdr5,nt5dc1,412.0
wdr5,ypel3,498.0
wdr5,cdc7,397.0
wdr5,dnajc5,468.0
wdr5,aurkb,488.0
wdr5,nudt19,297.0
wdr5,capn7,345.0
wdr5,p2rx4,466.0
wdr5,anxa5,507.0
wdr5,ptpn12,335.0
wdr5,fam45a,389.0
wdr5,tubgcp5,400.0
wdr5,ostm1,436.0
wdr5,nde1,388.0
wdr5,apeh,463.0
wdr5,tmx3,358.0
wdr5,ddhd2,293.0
wdr5,uba7,342.0
wdr5,rnf139,421.0
wdr5,cpt2,450.0
wdr5,stom,380.0
wdr5,rasa3,380.0
wdr5,acss2,184.0
wdr5,mettl7a1,486.0
wdr5,ap1b1,394.0
wdr5,slc25a45,386.0
wdr5,sdhaf2,287.0
wdr5,naga,325.0
wdr5,ssx2ip,347.0
wdr5,st6galnac4,430.0
wdr5,tipin,254.0
wdr5,ap1g2,359.0
wdr5,stap1,444.0
wdr5,abhd16a,397.0
wdr5,anapc4,444.0
wdr5,xpnpep1,350.0
wdr5,calcrl,325.0
wdr5,l2hgdh,338.0
wdr5,casp3,306.0
wdr5,st8sia4,430.0
wdr5,pcyt2,345.0
wdr5,cd55,393.0
wdr5,smad2,326.0
wdr5,grn,333.0
wdr5,optn,172.0
wdr5,cln5,340.0
wdr5,tollip,422.0
wdr5,sptbn1,338.0
wdr5,rgs2,325.0
wdr5,pde4b,292.0
wdr5,ctse,226.0
wdr5,klhl6,301.0
wdr5,gimap5,321.0
wdr5,tmem109,252.0
wdr5,ctsc,330.0
wdr5,isyna1,346.0
wdr5,cyp20a1,321.0
wdr5,nadk,294.0
wdr5,rcc1,415.0
wdr5,afg3l2,400.0
wdr5,slc11a2,296.0
wdr5,mycn,300.0
wdr5,hells,211.0
wdr5,trib2,315.0
wdr5,ext2,388.0
wdr5,b230219d22rik,268.0
wdr5,ubap1,331.0
wdr5,dram2,258.0
wdr5,cept1,258.0
wdr5,fchsd2,255.0
wdr5,cnp,296.0
wdr5,adamts10,265.0
wdr5,gemin5,290.0
wdr5,smim15,292.0
wdr5,fnta,260.0
wdr5,cd82,259.0
wdr5,klhl22,156.0
wdr5,cad,247.0
wdr5,mcm2,337.0
wdr5,tes,271.0
wdr5,h2-dmb1,274.0
wdr5,tmem263,241.0
wdr5,unc93b1,268.0
wdr5,cstf2,337.0
wdr5,xpr1,264.0
wdr5,ebi3,473.0
wdr5,eps15,235.0
wdr5,nfkbia,263.0
wdr5,rassf5,466.0
wdr5,pdk3,246.0
wdr5,prkar2b,201.0
wdr5,mtap,241.0
wdr5,serpina3g,332.0
wdr5,blvrb,455.0
wdr5,utp4,341.0
wdr5,pqlc1,349.0
wdr5,ckap2,269.0
wdr5,tbc1d10c,344.0
wdr5,neurl3,340.0
wdr5,tmem64,315.0
wdr5,tyms,437.0
wdr5,alg9,272.0
wdr5,map4k2,243.0
wdr5,gypc,434.0
wdr5,cyb5r1,237.0
wdr5,abcb4,220.0
wdr5,mapkapk3,246.0
wdr5,usp10,343.0
wdr5,cbfb,291.0
wdr5,iars2,217.0
wdr5,gimap1,259.0
wdr5,ifi30,222.0
wdr5,tcf12,251.0
wdr5,slc6a6,273.0
wdr5,stx12,254.0
wdr5,dusp2,243.0
wdr5,rgcc,320.0
wdr5,tnfrsf13b,225.0
wdr5,tor3a,235.0
wdr5,il21r,231.0
wdr5,irf1,279.0
wdr5,bid,331.0
wdr5,tspan3,206.0
wdr5,1700017b05rik,244.0
wdr5,plec,228.0
wdr5,wdsub1,296.0
wdr5,ngly1,204.0
wdr5,aldh9a1,213.0
wdr5,gnpda1,208.0
wdr5,ezr,265.0
wdr5,lsp1,243.0
wdr5,ctso,165.0
wdr5,acss1,370.0
wdr5,plcg2,187.0
wdr5,dennd1c,186.0
wdr5,fam136a,250.0
wdr5,bclaf3,267.0
wdr5,isg20,185.0
wdr5,pacs1,354.0
wdr5,cers4,180.0
wdr5,zfp36,191.0
wdr5,eya2,243.0
wdr5,dusp1,181.0
wdr5,tmem173,218.0
wdr5,kidins220,209.0
wdr5,cnot7,183.0
wdr5,2210016f16rik,188.0
wdr5,nampt,202.0
wdr5,cd84,193.0
wdr5,trim59,208.0
wdr5,yod1,165.0
wdr5,ifi203,165.0
wdr5,prep,188.0
wdr5,march6,187.0
wdr5,il27ra,178.0
wdr5,hspa4l,193.0
wdr5,epsti1,178.0
wdr5,plcb2,179.0
wdr5,scarb1,173.0
wdr5,arhgap4,178.0
wdr5,slc44a2,193.0
wdr5,nploc4,211.0
wdr5,uap1l1,153.0
wdr5,rnf145,173.0
wdr5,ppp2r1b,208.0
wdr5,cd48,151.0
wdr5,cers5,176.0
wdr5,cd1d1,171.0
wdr5,casp4,287.0
wdr5,vav1,176.0
wdr5,vkorc1l1,279.0
wdr5,gramd1a,172.0
wdr5,il15,268.0
wdr5,elovl1,140.0
wdr5,fads1,140.0
wdr5,atp2a3,264.0
wdr5,uba3,262.0
wdr5,tlk1,136.0
wdr5,ccne1,133.0
wdr5,golph3,131.0
wdr5,twsg1,256.0
wdr5,mndal,140.0
wdr5,lrrc8c,134.0
wdr5,fech,134.0
wdr5,elmo1,122.0
wdr5,ubl4a,136.0
wdr5,cmpk2,131.0
wdr5,steap3,135.0
wdr5,zyx,137.0
wdr5,sept6,232.0
wdr5,csgalnact2,142.0
wdr5,psen2,228.0
wdr5,ddx58,129.0
wdr5,hacd3,226.0
wdr5,plbd2,122.0
wdr5,rab37,134.0
wdr5,stxbp1,214.0
wdr5,pqlc3,133.0
wdr5,vim,130.0
wdr5,gstm1,117.0
wdr5,tspan14,203.0
wdr5,atp1b2,109.0
wdr5,gna13,200.0
wdr5,zfp639,193.0
wdr5,coro1a,193.0
wdr5,snap23,190.0
wdr5,zfp945,189.0
wdr5,st3gal5,116.0
wdr5,gbp2,184.0
wdr5,rhof,183.0
wdr5,pip4k2a,182.0
wdr5,jak3,180.0
wdr5,tifa,177.0
wdr5,tcn2,172.0
wdr5,anxa1,172.0
wdr5,cyth4,166.0
wdr5,sp100,163.0
wdr5,itih5,161.0
wdr5,endod1,160.0
wdr5,pla2g12a,159.0
wdr5,myo1d,159.0
wdr5,tbc1d2b,158.0
wdr5,adssl1,158.0
wdr5,pik3ip1,153.0
wdr5,slc43a3,152.0
wdr5,fuca2,151.0
wdr5,rnasel,146.0
wdr5,lcp1,146.0
wdr5,pear1,144.0
wdr5,lpcat1,143.0
wdr5,lcp2,143.0
wdr5,clic4,143.0
wdr5,serpinb9,142.0
wdr5,slc40a1,141.0
wdr5,lrrfip1,138.0
wdr5,p2ry14,136.0
wdr5,dennd2d,133.0
wdr5,pglyrp2,132.0
wdr5,abcb10,131.0
wdr5,rab32,127.0
wdr5,ttll12,124.0
wdr5,slc16a1,120.0
wdr5,vwa5a,118.0
wdr5,snx10,118.0
wdr5,cd93,118.0
wdr5,nptn,116.0
wdr5,mki67,116.0
wdr5,cyth3,116.0
wdr5,gatm,115.0
wdr5,tk1,114.0
wdr5,erlin1,114.0
wdr5,acaa2,114.0
wdr5,serpinb1a,113.0
wdr5,pstpip1,113.0
wdr5,slc29a1,112.0
wdr5,abcd3,111.0
wdr5,decr1,108.0
wdr5,adgrg3,108.0
wdr5,tom1l1,102.0
wdr5,myo1g,102.0
