Gene1,Gene2,Score
cbfb,msh6,2386.0
cbfb,cltc,1778.0
cbfb,slc2a3,1502.0
cbfb,arid5a,1700.0
cbfb,tmem229b,1785.0
cbfb,timm29,1667.0
cbfb,idh1,1540.0
cbfb,otud6b,1505.0
cbfb,wdr5,1641.0
cbfb,dock10,2185.0
cbfb,nop2,1401.0
cbfb,nsun2,1505.0
cbfb,clptm1l,1319.0
cbfb,hjurp,1422.0
cbfb,dnajc11,1608.0
cbfb,seh1l,1380.0
cbfb,ddx21,1598.0
cbfb,tes,1896.0
cbfb,dnajc10,1166.0
cbfb,snrnp200,1979.0
cbfb,mtmr4,1144.0
cbfb,acss2,1070.0
cbfb,nus1,1227.0
cbfb,f2r,1169.0
cbfb,gars,1106.0
cbfb,nuf2,1801.0
cbfb,rangap1,1371.0
cbfb,arl6ip6,1337.0
cbfb,ect2,1159.0
cbfb,rprd1b,2128.0
cbfb,irf9,1298.0
cbfb,armt1,1221.0
cbfb,rcor1,1087.0
cbfb,mgat1,978.0
cbfb,dcaf13,1211.0
cbfb,spns2,1482.0
cbfb,osbpl8,1051.0
cbfb,nfat5,1118.0
cbfb,ppat,1126.0
cbfb,ctps,1345.0
cbfb,prkch,1078.0
cbfb,morc3,1068.0
cbfb,pglyrp2,1575.0
cbfb,atad2,1446.0
cbfb,tacc3,1328.0
cbfb,ddx20,1368.0
cbfb,eif1ad,1821.0
cbfb,tfr2,1464.0
cbfb,ly9,1556.0
cbfb,mis12,1022.0
cbfb,fam76b,1047.0
cbfb,mis18bp1,1481.0
cbfb,nceh1,1122.0
cbfb,cstf2,1106.0
cbfb,hat1,1030.0
cbfb,rabggtb,883.0
cbfb,gmfb,1137.0
cbfb,pole3,1723.0
cbfb,eya2,1293.0
cbfb,pwp2,1314.0
cbfb,incenp,1145.0
cbfb,birc5,1024.0
cbfb,dus1l,1358.0
cbfb,lrrc59,1114.0
cbfb,rad51ap1,1497.0
cbfb,rexo4,1500.0
cbfb,fignl1,981.0
cbfb,por,1404.0
cbfb,9430015g10rik,1079.0
cbfb,colgalt1,1178.0
cbfb,phf5a,1148.0
cbfb,med16,1263.0
cbfb,api5,1090.0
cbfb,slbp,901.0
cbfb,far1,976.0
cbfb,mrpl20,1438.0
cbfb,1700017b05rik,976.0
cbfb,pik3r2,822.0
cbfb,galnt6,1729.0
cbfb,xrcc6,928.0
cbfb,gtf2h1,1221.0
cbfb,hdac7,951.0
cbfb,serpinb9,857.0
cbfb,hcfc1,773.0
cbfb,ap1s2,989.0
cbfb,tnpo1,1106.0
cbfb,csgalnact2,1052.0
cbfb,pno1,1169.0
cbfb,cipc,1035.0
cbfb,cenpe,1089.0
cbfb,rptor,1042.0
cbfb,fem1b,1103.0
cbfb,dhx33,1248.0
cbfb,cks2,826.0
cbfb,pold1,926.0
cbfb,chordc1,1069.0
cbfb,ubac1,918.0
cbfb,lonp2,947.0
cbfb,ruvbl2,1197.0
cbfb,tespa1,1492.0
cbfb,cdc45,1004.0
cbfb,xpc,803.0
cbfb,mtmr6,1275.0
cbfb,cdca5,1146.0
cbfb,ypel3,1030.0
cbfb,zdhhc6,1362.0
cbfb,cdk1,945.0
cbfb,kat7,851.0
cbfb,tex10,1118.0
cbfb,tab1,1183.0
cbfb,zbtb20,1021.0
cbfb,shisa5,921.0
cbfb,metap1,811.0
cbfb,tomm70a,1535.0
cbfb,tcp11l2,1006.0
cbfb,fgfr1op,851.0
cbfb,ndufs1,1577.0
cbfb,elac2,1091.0
cbfb,ckap5,972.0
cbfb,pde4b,1064.0
cbfb,zhx1,1799.0
cbfb,ifrd2,911.0
cbfb,ezr,792.0
cbfb,zfp24,754.0
cbfb,mcm7,1209.0
cbfb,st8sia4,866.0
cbfb,tmem33,1094.0
cbfb,top3b,921.0
cbfb,isg20,638.0
cbfb,kif11,1030.0
cbfb,ptdss1,1004.0
cbfb,ahcyl1,917.0
cbfb,rad21,630.0
cbfb,ipo9,675.0
cbfb,atp8b4,719.0
cbfb,prmt5,1142.0
cbfb,adk,975.0
cbfb,mcm4,1102.0
cbfb,gpr65,1112.0
cbfb,itgal,844.0
cbfb,mgat5,731.0
cbfb,nol9,885.0
cbfb,srm,867.0
cbfb,arhgap15,1121.0
cbfb,prmt7,731.0
cbfb,cs,728.0
cbfb,nolc1,1293.0
cbfb,hars,1564.0
cbfb,fastkd2,1275.0
cbfb,thada,1009.0
cbfb,psme3,1825.0
cbfb,mogs,538.0
cbfb,cdca3,1062.0
cbfb,ctr9,1045.0
cbfb,slc31a1,672.0
cbfb,mars,976.0
cbfb,ptcd3,1126.0
cbfb,fam102b,935.0
cbfb,sla2,1062.0
cbfb,nudcd1,861.0
cbfb,psmd1,1077.0
cbfb,rfc4,730.0
cbfb,cul3,717.0
cbfb,cdca8,1054.0
cbfb,ncaph,673.0
cbfb,eftud2,887.0
cbfb,zfp422,954.0
cbfb,ubr7,901.0
cbfb,cdca4,766.0
cbfb,dhrs3,698.0
cbfb,mdn1,908.0
cbfb,elovl5,696.0
cbfb,memo1,711.0
cbfb,mpzl1,755.0
cbfb,vkorc1l1,750.0
cbfb,stat2,648.0
cbfb,dusp1,581.0
cbfb,tbl3,837.0
cbfb,otulinl,847.0
cbfb,sptbn1,811.0
cbfb,itsn1,727.0
cbfb,cenpo,844.0
cbfb,satb1,904.0
cbfb,ndc1,1136.0
cbfb,hacd3,1012.0
cbfb,abl2,794.0
cbfb,uap1,808.0
cbfb,cbfb,736.0
cbfb,shmt1,1026.0
cbfb,fam136a,801.0
cbfb,eif2b1,863.0
cbfb,spns3,570.0
cbfb,mief1,1212.0
cbfb,mtrex,905.0
cbfb,glb1,671.0
cbfb,dok2,844.0
cbfb,tmem43,727.0
cbfb,prodh,683.0
cbfb,ccne2,1470.0
cbfb,pld3,791.0
cbfb,plin3,553.0
cbfb,ctc1,607.0
cbfb,farsb,1049.0
cbfb,sf3b3,982.0
cbfb,gbp3,886.0
cbfb,nfkbia,555.0
cbfb,pdia4,658.0
cbfb,dennd1c,863.0
cbfb,kpna3,679.0
cbfb,cbx5,703.0
cbfb,ndufv1,847.0
cbfb,rrm1,796.0
cbfb,kctd12,652.0
cbfb,usp37,1327.0
cbfb,bcl2,678.0
cbfb,slc35a4,1077.0
cbfb,abcb8,572.0
cbfb,h2afx,696.0
cbfb,fbxw11,777.0
cbfb,akap8l,683.0
cbfb,ncapd2,668.0
cbfb,eaf1,843.0
cbfb,nubp2,933.0
cbfb,rnf38,711.0
cbfb,d1ertd622e,765.0
cbfb,foxred1,743.0
cbfb,cks1b,981.0
cbfb,gprasp1,978.0
cbfb,def8,914.0
cbfb,psmd9,841.0
cbfb,setd2,701.0
cbfb,rars,794.0
cbfb,hdac2,960.0
cbfb,ubash3a,815.0
cbfb,bysl,806.0
cbfb,ppp1cb,509.0
cbfb,eif3b,872.0
cbfb,timm50,745.0
cbfb,atrn,815.0
cbfb,tpm4,1390.0
cbfb,zdhhc13,697.0
cbfb,tubgcp2,643.0
cbfb,capg,961.0
cbfb,pstpip1,932.0
cbfb,tspan3,798.0
cbfb,panx1,729.0
cbfb,tmx4,618.0
cbfb,nup155,537.0
cbfb,pbk,761.0
cbfb,smc2,880.0
cbfb,psmd6,766.0
cbfb,atf7,835.0
cbfb,slc35e1,801.0
cbfb,tmem184c,880.0
cbfb,fastkd3,700.0
cbfb,tomm40,633.0
cbfb,e2f8,644.0
cbfb,tpx2,841.0
cbfb,dck,574.0
cbfb,tspan14,658.0
cbfb,cst7,831.0
cbfb,ctsl,683.0
cbfb,lax1,763.0
cbfb,abhd17b,1123.0
cbfb,polr1b,800.0
cbfb,shcbp1,708.0
cbfb,mfsd1,1130.0
cbfb,mob3c,497.0
cbfb,zfp35,688.0
cbfb,itih5,933.0
cbfb,trmt6,1107.0
cbfb,cd69,726.0
cbfb,vps35,654.0
cbfb,orc6,654.0
cbfb,cish,576.0
cbfb,mad2l1,658.0
cbfb,dpp8,923.0
cbfb,tgfbr1,605.0
cbfb,dtl,692.0
cbfb,ncapg2,722.0
cbfb,nup93,807.0
cbfb,anxa5,943.0
cbfb,gtf2f1,860.0
cbfb,atp13a1,690.0
cbfb,herpud1,601.0
cbfb,atp1b3,703.0
cbfb,mapk1,815.0
cbfb,wdr4,1221.0
cbfb,rmnd5a,552.0
cbfb,lap3,770.0
cbfb,oasl2,859.0
cbfb,rgcc,597.0
cbfb,serpinb6a,804.0
cbfb,sec24d,891.0
cbfb,abce1,827.0
cbfb,samd9l,666.0
cbfb,slc20a1,656.0
cbfb,rpa2,694.0
cbfb,snap47,536.0
cbfb,pik3r1,783.0
cbfb,nup85,743.0
cbfb,4833439l19rik,519.0
cbfb,pla2g15,604.0
cbfb,cenpk,771.0
cbfb,zfp367,637.0
cbfb,golt1b,765.0
cbfb,hsph1,907.0
cbfb,me2,801.0
cbfb,dnajc9,528.0
cbfb,slc35b4,511.0
cbfb,arl8b,754.0
cbfb,zfp322a,694.0
cbfb,wdr43,717.0
cbfb,rnf4,666.0
cbfb,slc18a2,369.0
cbfb,cnih1,557.0
cbfb,pcmtd1,638.0
cbfb,nup107,709.0
cbfb,acaa2,596.0
cbfb,rcc1,926.0
cbfb,wdhd1,676.0
cbfb,trim35,696.0
cbfb,aurkb,462.0
cbfb,fem1a,738.0
cbfb,fdft1,643.0
cbfb,lonp1,694.0
cbfb,f13a1,894.0
cbfb,cenpf,940.0
cbfb,topors,734.0
cbfb,xrcc3,593.0
cbfb,ccna2,986.0
cbfb,immt,1208.0
cbfb,kctd20,626.0
cbfb,hnrnpll,428.0
cbfb,tars,547.0
cbfb,clec12a,691.0
cbfb,kif20b,813.0
cbfb,fbxo5,865.0
cbfb,etf1,641.0
cbfb,atg12,698.0
cbfb,ap3s1,698.0
cbfb,odc1,600.0
cbfb,copb1,752.0
cbfb,ftsj3,1179.0
cbfb,ado,670.0
cbfb,slc25a38,680.0
cbfb,ncln,820.0
cbfb,golph3,453.0
cbfb,acly,691.0
cbfb,stxbp4,627.0
cbfb,arcn1,844.0
cbfb,ino80d,654.0
cbfb,patl1,788.0
cbfb,mthfd1,693.0
cbfb,cenpa,721.0
cbfb,ranbp3,559.0
cbfb,vsir,692.0
cbfb,plaa,788.0
cbfb,cdt1,601.0
cbfb,dnajc5,570.0
cbfb,art4,570.0
cbfb,tec,392.0
cbfb,hus1,551.0
cbfb,prss57,625.0
cbfb,mcm3,573.0
cbfb,fcho2,553.0
cbfb,sesn1,418.0
cbfb,coq8a,491.0
cbfb,usp14,795.0
cbfb,dnm1l,877.0
cbfb,crebrf,640.0
cbfb,zfp451,604.0
cbfb,nasp,665.0
cbfb,uhrf1,837.0
cbfb,slc19a1,524.0
cbfb,tcf19,526.0
cbfb,nedd1,595.0
cbfb,rcsd1,963.0
cbfb,hyou1,618.0
cbfb,elmo2,716.0
cbfb,psmg2,689.0
cbfb,prelid3b,563.0
cbfb,gfm1,707.0
cbfb,smarca2,822.0
cbfb,wsb1,743.0
cbfb,jpt2,678.0
cbfb,rel,513.0
cbfb,psme4,391.0
cbfb,slco4a1,501.0
cbfb,otud4,694.0
cbfb,rtel1,772.0
cbfb,agps,492.0
cbfb,ckap2l,619.0
cbfb,mrpl37,642.0
cbfb,usp42,475.0
cbfb,gpd1l,459.0
cbfb,cyfip2,574.0
cbfb,ldhb,638.0
cbfb,txndc11,446.0
cbfb,mcm5,607.0
cbfb,pitpnc1,448.0
cbfb,ncapg,653.0
cbfb,mycn,555.0
cbfb,lactb,463.0
cbfb,pip4k2a,379.0
cbfb,lig1,646.0
cbfb,tsc22d1,438.0
cbfb,gmcl1,368.0
cbfb,camk2d,521.0
cbfb,aplp2,452.0
cbfb,b230219d22rik,476.0
cbfb,il21r,531.0
cbfb,cd44,506.0
cbfb,slc30a5,767.0
cbfb,naa50,575.0
cbfb,znrf2,473.0
cbfb,tnfrsf21,627.0
cbfb,dhfr,642.0
cbfb,acox1,446.0
cbfb,cd274,488.0
cbfb,gng2,596.0
cbfb,aldh18a1,651.0
cbfb,spc25,566.0
cbfb,slc39a6,460.0
cbfb,elp2,460.0
cbfb,ndrg2,678.0
cbfb,vav1,405.0
cbfb,rhof,462.0
cbfb,fam189b,612.0
cbfb,zbtb38,613.0
cbfb,bcap29,487.0
cbfb,stt3b,462.0
cbfb,nusap1,790.0
cbfb,mki67,700.0
cbfb,sdf2l1,495.0
cbfb,bub1b,776.0
cbfb,il27ra,459.0
cbfb,eml4,423.0
cbfb,dlst,481.0
cbfb,rrm2,490.0
cbfb,nadk,594.0
cbfb,gemin5,455.0
cbfb,nrros,487.0
cbfb,spcs3,749.0
cbfb,ints8,635.0
cbfb,uba7,404.0
cbfb,adsl,634.0
cbfb,ctla2a,521.0
cbfb,prim2,557.0
cbfb,polr2b,410.0
cbfb,frrs1,305.0
cbfb,mto1,415.0
cbfb,cbx7,616.0
cbfb,stag2,454.0
cbfb,usp10,765.0
cbfb,eef1e1,606.0
cbfb,retreg1,526.0
cbfb,ddx39,643.0
cbfb,pfkp,698.0
cbfb,lcp2,432.0
cbfb,il6st,366.0
cbfb,btaf1,554.0
cbfb,tm7sf3,460.0
cbfb,tfg,511.0
cbfb,myo1f,442.0
cbfb,plekho2,437.0
cbfb,mllt3,439.0
cbfb,ckap2,525.0
cbfb,gabbr1,604.0
cbfb,orc2,547.0
cbfb,zfp53,579.0
cbfb,itpr1,407.0
cbfb,lsp1,450.0
cbfb,aldh9a1,408.0
cbfb,mtch2,603.0
cbfb,anxa2,344.0
cbfb,cdca7,415.0
cbfb,sec23ip,390.0
cbfb,nploc4,535.0
cbfb,rgs2,533.0
cbfb,ddx1,420.0
cbfb,rfc5,497.0
cbfb,tbc1d10c,461.0
cbfb,slc25a46,445.0
cbfb,lman2l,566.0
cbfb,zfp467,402.0
cbfb,tubgcp3,560.0
cbfb,mtor,349.0
cbfb,gmip,587.0
cbfb,cse1l,640.0
cbfb,rgs19,637.0
cbfb,nudt19,605.0
cbfb,slc16a1,397.0
cbfb,cdc20,680.0
cbfb,neil3,335.0
cbfb,arid2,295.0
cbfb,cdc7,513.0
cbfb,spc24,668.0
cbfb,ptpn7,418.0
cbfb,acox3,472.0
cbfb,rpap1,510.0
cbfb,asf1b,513.0
cbfb,plxdc2,365.0
cbfb,rpp40,500.0
cbfb,ppm1f,504.0
cbfb,wdr55,496.0
cbfb,rgs1,399.0
cbfb,psat1,652.0
cbfb,rab37,800.0
cbfb,tmem97,456.0
cbfb,atp6ap2,385.0
cbfb,cd48,504.0
cbfb,bc005561,415.0
cbfb,ostm1,674.0
cbfb,jarid2,489.0
cbfb,myo5a,510.0
cbfb,ube2c,570.0
cbfb,synj1,717.0
cbfb,trim59,380.0
cbfb,abcg3,578.0
cbfb,slc26a2,514.0
cbfb,ints13,455.0
cbfb,gclc,301.0
cbfb,txnip,468.0
cbfb,top2a,614.0
cbfb,soat1,469.0
cbfb,abl1,319.0
cbfb,phkb,456.0
cbfb,cpa3,623.0
cbfb,rad51,494.0
cbfb,tmem173,462.0
cbfb,prc1,486.0
cbfb,mtr,544.0
cbfb,racgap1,361.0
cbfb,arfgef2,479.0
cbfb,ybx3,356.0
cbfb,prpf4,351.0
cbfb,psen1,421.0
cbfb,bpifc,485.0
cbfb,qars,514.0
cbfb,nptn,387.0
cbfb,tmem50b,318.0
cbfb,parvg,513.0
cbfb,sytl1,439.0
cbfb,utp4,402.0
cbfb,slco3a1,543.0
cbfb,dennd2d,301.0
cbfb,tmem206,438.0
cbfb,slc44a2,485.0
cbfb,sppl2b,475.0
cbfb,cybc1,530.0
cbfb,cfp,727.0
cbfb,ccdc137,646.0
cbfb,strap,476.0
cbfb,ctso,567.0
cbfb,snx30,403.0
cbfb,nup88,435.0
cbfb,pcmtd2,364.0
cbfb,btg2,620.0
cbfb,prep,544.0
cbfb,ccl4,403.0
cbfb,ptprs,467.0
cbfb,msmo1,475.0
cbfb,mettl27,499.0
cbfb,gimap5,426.0
cbfb,eif4enif1,555.0
cbfb,tcirg1,359.0
cbfb,atp10a,423.0
cbfb,ganab,532.0
cbfb,rps6ka5,413.0
cbfb,tipin,442.0
cbfb,iars2,443.0
cbfb,edem1,385.0
cbfb,g6pdx,491.0
cbfb,erlin1,461.0
cbfb,tbc1d9b,305.0
cbfb,e2f4,343.0
cbfb,zmiz1,309.0
cbfb,uba2,458.0
cbfb,tbc1d5,395.0
cbfb,serpinb6b,298.0
cbfb,pfkfb3,446.0
cbfb,gmnn,490.0
cbfb,lmo4,467.0
cbfb,h2-dma,361.0
cbfb,sgpp1,315.0
cbfb,sgms1,257.0
cbfb,cers4,308.0
cbfb,maml3,326.0
cbfb,epsti1,402.0
cbfb,kif13a,264.0
cbfb,ltb,350.0
cbfb,plxnc1,390.0
cbfb,ercc8,412.0
cbfb,cad,464.0
cbfb,ppp1r15a,330.0
cbfb,parp8,588.0
cbfb,ndrg1,364.0
cbfb,syk,404.0
cbfb,rin3,447.0
cbfb,sort1,446.0
cbfb,rpa1,311.0
cbfb,cnn3,365.0
cbfb,mpl,469.0
cbfb,mcm2,326.0
cbfb,atad1,412.0
cbfb,nmd3,409.0
cbfb,dock11,332.0
cbfb,mcoln2,411.0
cbfb,cyb5r1,417.0
cbfb,acot9,432.0
cbfb,emid1,453.0
cbfb,st6galnac4,391.0
cbfb,ankrd44,501.0
cbfb,ccnb1,654.0
cbfb,klf6,343.0
cbfb,flot2,260.0
cbfb,atp11c,401.0
cbfb,gria3,440.0
cbfb,sfxn1,341.0
cbfb,mpo,465.0
cbfb,sla,443.0
cbfb,mettl7a1,381.0
cbfb,hspa1a,351.0
cbfb,knstrn,502.0
cbfb,gng12,428.0
cbfb,mcm10,442.0
cbfb,ccdc50,348.0
cbfb,flt3,448.0
cbfb,adssl1,293.0
cbfb,tmem176a,567.0
cbfb,gfi1b,401.0
cbfb,gimap6,395.0
cbfb,tyms,341.0
cbfb,ccnb2,573.0
cbfb,timp2,426.0
cbfb,slc28a2,426.0
cbfb,isyna1,408.0
cbfb,hexa,429.0
cbfb,tm6sf1,401.0
cbfb,stom,306.0
cbfb,socs2,358.0
cbfb,gns,309.0
cbfb,xpnpep1,310.0
cbfb,hlf,260.0
cbfb,gbp7,390.0
cbfb,jun,400.0
cbfb,mapkapk3,289.0
cbfb,clec4e,427.0
cbfb,cln5,527.0
cbfb,pttg1ip,347.0
cbfb,umps,421.0
cbfb,selenop,359.0
cbfb,9530068e07rik,338.0
cbfb,mtfr1,378.0
cbfb,nde1,294.0
cbfb,gimap8,377.0
cbfb,gsr,331.0
cbfb,bid,433.0
cbfb,fam91a1,389.0
cbfb,tecpr1,341.0
cbfb,tbc1d2b,263.0
cbfb,golim4,288.0
cbfb,s100a6,409.0
cbfb,nampt,366.0
cbfb,laptm4b,357.0
cbfb,ergic1,327.0
cbfb,usp11,332.0
cbfb,tnfrsf13c,270.0
cbfb,pus7,428.0
cbfb,gimap1,334.0
cbfb,mfng,264.0
cbfb,unc93b1,198.0
cbfb,cdc6,455.0
cbfb,zfp945,293.0
cbfb,micu1,324.0
cbfb,iars,439.0
cbfb,hdgfl3,313.0
cbfb,cers6,279.0
cbfb,tmx3,389.0
cbfb,gusb,332.0
cbfb,tgtp2,190.0
cbfb,akna,279.0
cbfb,slc29a1,451.0
cbfb,glipr2,286.0
cbfb,hells,347.0
cbfb,slc37a1,343.0
cbfb,rps6ka3,290.0
cbfb,phf10,241.0
cbfb,prkcd,257.0
cbfb,sorl1,287.0
cbfb,slfn2,286.0
cbfb,egr1,261.0
cbfb,taf12,264.0
cbfb,mfsd14b,297.0
cbfb,chrnb1,225.0
cbfb,mtmr1,210.0
cbfb,idh3a,341.0
cbfb,fut7,377.0
cbfb,epb41l4b,324.0
cbfb,inpp5b,253.0
cbfb,phf6,291.0
cbfb,sell,310.0
cbfb,ube2l6,265.0
cbfb,trmt11,215.0
cbfb,nfam1,318.0
cbfb,mbnl3,293.0
cbfb,plscr4,274.0
cbfb,map4k2,213.0
cbfb,hacd4,450.0
cbfb,flnb,317.0
cbfb,fam171a1,332.0
cbfb,alas1,274.0
cbfb,hmgb3,303.0
cbfb,gp9,336.0
cbfb,itch,305.0
cbfb,gcnt2,419.0
cbfb,igfbp4,378.0
cbfb,kif22,331.0
cbfb,cd82,192.0
cbfb,arhgef39,285.0
cbfb,padi4,289.0
cbfb,cttn,226.0
cbfb,spidr,301.0
cbfb,hid1,301.0
cbfb,ddx58,299.0
cbfb,kcnk5,169.0
cbfb,fuca2,245.0
cbfb,fam111a,254.0
cbfb,tspan2,207.0
cbfb,icam1,238.0
cbfb,nudt4,248.0
cbfb,atp6ap1,212.0
cbfb,pole,199.0
cbfb,osbpl1a,178.0
cbfb,nuak2,134.0
cbfb,igtp,211.0
cbfb,slc43a3,127.0
cbfb,angpt1,210.0
cbfb,abcg2,277.0
cbfb,gpr160,167.0
cbfb,tk1,160.0
cbfb,csgalnact1,219.0
cbfb,ctsz,255.0
cbfb,pola2,195.0
cbfb,arrdc4,254.0
cbfb,pim2,247.0
cbfb,fcgr3,228.0
cbfb,emb,149.0
cbfb,fggy,157.0
cbfb,vav3,224.0
cbfb,csad,212.0
cbfb,scarb1,171.0
cbfb,pclaf,248.0
cbfb,adora2a,178.0
cbfb,pak1,162.0
cbfb,irgm2,131.0
cbfb,lyn,141.0
cbfb,pear1,205.0
cbfb,calcrl,209.0
cbfb,pla2g12a,242.0
cbfb,gbp2,199.0
cbfb,h1f0,218.0
cbfb,tcn2,182.0
cbfb,rasa4,176.0
cbfb,nkg7,238.0
cbfb,myo1g,173.0
cbfb,enpp5,198.0
cbfb,rtp4,170.0
cbfb,vipr2,210.0
cbfb,prps2,203.0
cbfb,tyrobp,127.0
cbfb,ctla2b,171.0
cbfb,rp2,137.0
cbfb,haao,326.0
cbfb,sirpa,228.0
cbfb,il17ra,187.0
cbfb,napsa,179.0
cbfb,myl10,188.0
cbfb,cand2,216.0
cbfb,smpdl3a,190.0
cbfb,ssh3,153.0
cbfb,ggta1,177.0
cbfb,man2a2,175.0
cbfb,pik3ip1,102.0
cbfb,rab44,173.0
cbfb,ubl4a,195.0
cbfb,prkcq,142.0
cbfb,gem,145.0
cbfb,apoe,138.0
cbfb,prim1,260.0
cbfb,xaf1,148.0
cbfb,ifi203,150.0
cbfb,fcer1g,245.0
cbfb,abcb10,171.0
cbfb,tent5a,135.0
cbfb,emilin1,157.0
cbfb,sh3bgrl,115.0
cbfb,tor3a,142.0
cbfb,tmem246,126.0
cbfb,thsd1,148.0
cbfb,ddx60,131.0
cbfb,b3gnt5,109.0
cbfb,arl11,206.0
cbfb,cd53,203.0
cbfb,ptgr1,106.0
cbfb,neurl3,193.0
cbfb,lgals1,189.0
cbfb,susd3,188.0
cbfb,scarf1,179.0
cbfb,rassf4,178.0
cbfb,tle2,174.0
cbfb,ctsg,174.0
cbfb,tnip3,167.0
cbfb,mcpt8,164.0
cbfb,eng,164.0
cbfb,cnrip1,161.0
cbfb,zfp36,151.0
cbfb,sh2d5,151.0
cbfb,ptgs1,150.0
cbfb,gng11,144.0
cbfb,il12a,134.0
cbfb,pecam1,131.0
cbfb,maged2,131.0
cbfb,mc5r,129.0
cbfb,myct1,124.0
cbfb,plek,121.0
cbfb,cd9,121.0
cbfb,irf8,120.0
cbfb,svip,119.0
cbfb,ifi209,119.0
cbfb,shisa8,117.0
cbfb,anxa1,112.0
cbfb,flna,108.0
cbfb,csf2rb,108.0
cbfb,grina,104.0
cbx7,dock10,1006.0
cbx7,mecom,1074.0
cbx7,hdgfl3,875.0
cbx7,shisa8,951.0
cbx7,hspa1a,835.0
cbx7,cdkn1c,713.0
cbx7,prkch,942.0
cbx7,maml3,796.0
cbx7,plxnc1,802.0
cbx7,csgalnact1,1189.0
cbx7,satb1,842.0
cbx7,eya2,995.0
cbx7,flt3,927.0
cbx7,slco3a1,1032.0
cbx7,efcc1,749.0
cbx7,tent5a,774.0
cbx7,kctd12,855.0
cbx7,zfp467,821.0
cbx7,lyn,902.0
cbx7,vav3,840.0
cbx7,pfkfb3,797.0
cbx7,bcl2,954.0
cbx7,h2-q6,856.0
cbx7,tm6sf1,908.0
cbx7,parp8,777.0
cbx7,tmem229b,812.0
cbx7,col4a2,627.0
cbx7,adora2a,854.0
cbx7,epb41l4b,829.0
cbx7,igfbp4,731.0
cbx7,atp10a,813.0
cbx7,camk2d,702.0
cbx7,trim47,661.0
cbx7,rgcc,819.0
cbx7,tnfrsf21,789.0
cbx7,sgpp1,714.0
cbx7,nuak2,874.0
cbx7,zmiz1,553.0
cbx7,trpc6,760.0
cbx7,dhrs3,697.0
cbx7,rcsd1,681.0
cbx7,tsc22d3,589.0
cbx7,pip4k2a,578.0
cbx7,mllt3,669.0
cbx7,hlf,695.0
cbx7,rin3,674.0
cbx7,spns2,674.0
cbx7,vipr2,700.0
cbx7,jun,633.0
cbx7,slc22a3,641.0
cbx7,gria3,583.0
cbx7,rel,624.0
cbx7,obsl1,593.0
cbx7,fam102b,563.0
cbx7,hdac7,552.0
cbx7,rab31,593.0
cbx7,golim4,610.0
cbx7,slc18a2,596.0
cbx7,st8sia4,503.0
cbx7,sirpa,513.0
cbx7,susd3,548.0
cbx7,cyp4v3,722.0
cbx7,ndn,599.0
cbx7,pear1,537.0
cbx7,galnt6,634.0
cbx7,zhx1,534.0
cbx7,smarca2,395.0
cbx7,ndrg1,787.0
cbx7,tec,485.0
cbx7,irf8,639.0
cbx7,ankrd44,592.0
cbx7,tgfbr1,413.0
cbx7,gatm,466.0
cbx7,timp2,419.0
cbx7,plscr4,558.0
cbx7,tspan2,496.0
cbx7,gng12,246.0
cbx7,adssl1,409.0
cbx7,prkcq,429.0
cbx7,slco4a1,665.0
cbx7,mfsd1,370.0
cbx7,rgs2,320.0
cbx7,cerk,410.0
cbx7,pkib,371.0
cbx7,mcoln2,386.0
cbx7,gem,341.0
cbx7,lpcat2,474.0
cbx7,cd44,387.0
cbx7,rab38,480.0
cbx7,txnip,262.0
cbx7,angpt1,294.0
cbx7,cd82,240.0
cbx7,gucy1a1,348.0
cbx7,otulinl,325.0
cbx7,cdca7,294.0
cbx7,plppr3,279.0
cbx7,d1ertd622e,246.0
cbx7,anxa5,297.0
cbx7,arid5a,343.0
cbx7,sh2d5,304.0
cbx7,prkcd,245.0
cbx7,anxa2,371.0
cbx7,cd34,271.0
cbx7,fstl1,447.0
cbx7,b3gnt5,581.0
cbx7,cers6,465.0
cbx7,f2r,385.0
cbx7,zfp422,295.0
cbx7,afap1l1,317.0
cbx7,pbx1,367.0
cbx7,tnfrsf13c,225.0
cbx7,hdac2,176.0
cbx7,sgms1,192.0
cbx7,ptgs1,184.0
cbx7,plxdc2,261.0
cbx7,smpdl3a,216.0
cbx7,cltc,177.0
cbx7,tle2,323.0
cbx7,mbnl3,321.0
cbx7,gata2,103.0
cbx7,thsd1,333.0
cbx7,rassf4,197.0
cbx7,tes,460.0
cbx7,fgl2,257.0
cbx7,krt18,191.0
cbx7,hjurp,256.0
cbx7,panx1,316.0
cbx7,ggta1,253.0
cbx7,il17ra,112.0
cbx7,mlkl,377.0
cbx7,flnb,217.0
cbx7,slc43a3,219.0
cbx7,grk3,127.0
cbx7,sorl1,182.0
cbx7,e2f8,247.0
cbx7,ada,258.0
cbx7,nrros,226.0
cbx7,fem1a,328.0
cbx7,unc93b1,124.0
cbx7,nceh1,180.0
cbx7,cd63,131.0
cbx7,abce1,152.0
cbx7,tmem246,188.0
cbx7,dennd2d,144.0
cbx7,emid1,144.0
cbx7,vsir,145.0
cbx7,fam171a1,195.0
cbx7,retreg1,135.0
cbx7,ldhb,251.0
cbx7,hmgb3,153.0
cbx7,erlin1,156.0
cbx7,eif2b1,232.0
cbx7,ncapg2,139.0
cbx7,glipr2,150.0
cbx7,9430015g10rik,116.0
cbx7,prps2,143.0
cbx7,tbc1d5,206.0
cbx7,ppm1f,203.0
cbx7,rrm1,201.0
cbx7,lrrc59,201.0
cbx7,syk,194.0
cbx7,sppl2b,194.0
cbx7,gmfb,107.0
cbx7,gbp7,193.0
cbx7,ppp1cb,192.0
cbx7,wdhd1,191.0
cbx7,stxbp4,191.0
cbx7,dock11,190.0
cbx7,mgat5,183.0
cbx7,mdn1,181.0
cbx7,slc20a1,179.0
cbx7,xrcc6,177.0
cbx7,ifrd2,174.0
cbx7,chrnb1,170.0
cbx7,cdk18,169.0
cbx7,prc1,166.0
cbx7,gpd1l,164.0
cbx7,nedd1,162.0
cbx7,egr1,161.0
cbx7,nuf2,159.0
cbx7,ddx60,157.0
cbx7,cln5,157.0
cbx7,zfp53,155.0
cbx7,nfat5,154.0
cbx7,uba2,152.0
cbx7,rasa4,150.0
cbx7,alas1,150.0
cbx7,gmcl1,149.0
cbx7,pfkp,148.0
cbx7,slc19a1,146.0
cbx7,ptdss1,145.0
cbx7,akap8l,144.0
cbx7,sdf2l1,143.0
cbx7,prelid3b,143.0
cbx7,b230219d22rik,143.0
cbx7,ypel3,142.0
cbx7,stom,141.0
cbx7,wsb1,140.0
cbx7,h1f0,140.0
cbx7,dus1l,139.0
cbx7,ctsl,139.0
cbx7,tpm4,137.0
cbx7,cenpk,137.0
cbx7,topors,134.0
cbx7,hid1,134.0
cbx7,snap23,132.0
cbx7,dnajc5,132.0
cbx7,me2,130.0
cbx7,herpud1,130.0
cbx7,dlst,129.0
cbx7,rpa1,128.0
cbx7,rnf4,128.0
cbx7,strap,125.0
cbx7,arl8b,125.0
cbx7,ndrg2,124.0
cbx7,atad2,124.0
cbx7,slc30a5,123.0
cbx7,rab37,123.0
cbx7,pttg1ip,123.0
cbx7,cad,123.0
cbx7,arrdc4,123.0
cbx7,prep,122.0
cbx7,pold1,122.0
cbx7,iars,122.0
cbx7,dpp8,122.0
cbx7,txndc11,121.0
cbx7,pcmtd2,120.0
cbx7,nusap1,119.0
cbx7,tmx4,117.0
cbx7,osbpl8,117.0
cbx7,tmem97,116.0
cbx7,timm50,116.0
cbx7,rps6ka5,116.0
cbx7,zfp24,115.0
cbx7,xpc,115.0
cbx7,tipin,115.0
cbx7,fes,113.0
cbx7,siglecg,112.0
cbx7,procr,112.0
cbx7,nolc1,111.0
cbx7,cenpf,109.0
cbx7,cdca3,109.0
cbx7,h2afx,108.0
cbx7,ahcyl1,108.0
cbx7,seh1l,107.0
cbx7,prmt5,107.0
cbx7,gars,107.0
cbx7,elac2,107.0
cbx7,dusp1,106.0
cbx7,fdft1,103.0
cbx7,dnajc11,103.0
cbx7,coq8a,103.0
cbx7,cipc,103.0
cbx7,prmt7,102.0
cbx7,msmo1,102.0
cbx7,mars,102.0
cbx7,fcho2,102.0
cbx7,cse1l,102.0
cbx7,wdr43,101.0
gata2,irf9,2945.0
gata2,xrcc6,3212.0
gata2,wsb1,2668.0
gata2,itsn1,2493.0
gata2,mto1,1778.0
gata2,tnpo1,2270.0
gata2,padi4,1354.0
gata2,mfsd1,1824.0
gata2,pik3r2,1837.0
gata2,csf2rb,1468.0
gata2,cltc,1716.0
gata2,txnip,1431.0
gata2,psat1,1285.0
gata2,rassf4,2144.0
gata2,rptor,1596.0
gata2,tor3a,2082.0
gata2,stxbp4,2077.0
gata2,art4,2157.0
gata2,tmem229b,2135.0
gata2,eftud2,1857.0
gata2,btg2,1368.0
gata2,hexa,1313.0
gata2,slc2a3,1366.0
gata2,tespa1,670.0
gata2,tmx4,1695.0
gata2,por,1609.0
gata2,gclc,1442.0
gata2,tecpr1,1515.0
gata2,hdac7,1217.0
gata2,rab37,2143.0
gata2,hyou1,1816.0
gata2,cenpo,1588.0
gata2,zdhhc6,1549.0
gata2,cd274,1419.0
gata2,sgms1,2134.0
gata2,dnajc11,1508.0
gata2,pno1,1575.0
gata2,asf1b,1836.0
gata2,cd63,1348.0
gata2,ifrd2,1631.0
gata2,cst7,1544.0
gata2,rab44,1775.0
gata2,nup85,1220.0
gata2,dnajc10,1583.0
gata2,gmfb,1043.0
gata2,rrm1,1234.0
gata2,isyna1,1237.0
gata2,neurl3,1061.0
gata2,lonp2,1276.0
gata2,psmd9,1229.0
gata2,aldh9a1,1432.0
gata2,ptpn7,897.0
gata2,nuf2,1324.0
gata2,slbp,1247.0
gata2,slc18a2,948.0
gata2,cish,772.0
gata2,pcmtd1,1135.0
gata2,d1ertd622e,1048.0
gata2,pla2g15,1269.0
gata2,nrros,1419.0
gata2,st8sia4,1194.0
gata2,tfr2,1772.0
gata2,dpp8,1326.0
gata2,kat7,1336.0
gata2,cyp4v3,1339.0
gata2,prmt5,1579.0
gata2,cs,1771.0
gata2,fcer1g,1356.0
gata2,btk,1273.0
gata2,dnm1l,1063.0
gata2,spns2,1527.0
gata2,igfbp4,1144.0
gata2,ypel3,1175.0
gata2,jun,1103.0
gata2,frrs1,1845.0
gata2,mars,940.0
gata2,sla2,1325.0
gata2,mapkapk3,840.0
gata2,ahcyl1,1150.0
gata2,nmd3,1002.0
gata2,micu1,964.0
gata2,rangap1,1947.0
gata2,elmo2,773.0
gata2,dcaf13,1038.0
gata2,spns3,1216.0
gata2,phf5a,987.0
gata2,mki67,733.0
gata2,fam189b,704.0
gata2,ctla2a,878.0
gata2,mcm7,1074.0
gata2,herpud1,933.0
gata2,otud6b,782.0
gata2,incenp,1078.0
gata2,napsa,794.0
gata2,sec23ip,1152.0
gata2,ube2l6,835.0
gata2,mllt3,702.0
gata2,gng12,871.0
gata2,idh1,813.0
gata2,usp10,952.0
gata2,gfi1b,713.0
gata2,atp10a,1067.0
gata2,angpt1,1073.0
gata2,slc35a4,711.0
gata2,armt1,872.0
gata2,cbx5,1189.0
gata2,wdr43,895.0
gata2,rcor1,850.0
gata2,eif4enif1,758.0
gata2,tmx3,856.0
gata2,tars,925.0
gata2,plin3,1083.0
gata2,mtmr6,902.0
gata2,fbxo5,819.0
gata2,copb1,889.0
gata2,ppp1r15a,734.0
gata2,h1f0,907.0
gata2,top3b,582.0
gata2,timm50,1012.0
gata2,racgap1,997.0
gata2,fcgr3,937.0
gata2,tspan14,764.0
gata2,hacd4,763.0
gata2,hjurp,850.0
gata2,api5,713.0
gata2,arl6ip6,853.0
gata2,vkorc1l1,739.0
gata2,rhof,807.0
gata2,pole3,733.0
gata2,stom,769.0
gata2,elovl5,760.0
gata2,gtf2h1,599.0
gata2,eef1e1,660.0
gata2,adssl1,388.0
gata2,calcrl,659.0
gata2,gtf2f1,858.0
gata2,rpa2,1193.0
gata2,ipo9,470.0
gata2,ezr,837.0
gata2,rcc1,736.0
gata2,mgat1,559.0
gata2,mad2l1,1026.0
gata2,immt,788.0
gata2,cers4,738.0
gata2,h2afx,539.0
gata2,fbxw11,631.0
gata2,chordc1,663.0
gata2,h2-dma,582.0
gata2,tmem184c,538.0
gata2,maml3,653.0
gata2,tcp11l2,943.0
gata2,hacd3,599.0
gata2,prmt7,551.0
gata2,xpc,843.0
gata2,fastkd3,564.0
gata2,tes,731.0
gata2,dus1l,701.0
gata2,lax1,547.0
gata2,atrn,702.0
gata2,pla2g12a,756.0
gata2,fuca2,669.0
gata2,tnfrsf21,592.0
gata2,wdr5,599.0
gata2,laptm4b,522.0
gata2,mtrex,781.0
gata2,slfn2,524.0
gata2,top2a,791.0
gata2,tubgcp2,469.0
gata2,cdca5,641.0
gata2,gem,710.0
gata2,morc3,628.0
gata2,farsb,981.0
gata2,camk2d,839.0
gata2,gns,506.0
gata2,rin3,587.0
gata2,rad51,502.0
gata2,mtfr1,579.0
gata2,lonp1,478.0
gata2,rbpms,490.0
gata2,soat1,587.0
gata2,gemin5,383.0
gata2,sptbn1,648.0
gata2,nfat5,482.0
gata2,mrpl20,448.0
gata2,eya2,814.0
gata2,ostm1,546.0
gata2,atp11c,414.0
gata2,ndufs1,697.0
gata2,gbp3,567.0
gata2,crebrf,375.0
gata2,tex10,527.0
gata2,shmt1,428.0
gata2,psme3,508.0
gata2,c1rl,1242.0
gata2,pbk,721.0
gata2,mis18bp1,590.0
gata2,dtl,530.0
gata2,myo1g,605.0
gata2,slc25a46,465.0
gata2,eif3b,468.0
gata2,slc16a1,505.0
gata2,slc29a1,1175.0
gata2,stat2,493.0
gata2,nup88,396.0
gata2,scarb1,708.0
gata2,slc20a1,491.0
gata2,trmt11,454.0
gata2,b230219d22rik,462.0
gata2,unc93b1,572.0
gata2,ube2c,417.0
gata2,med16,576.0
gata2,stx3,385.0
gata2,cdt1,466.0
gata2,fastkd2,905.0
gata2,eml4,401.0
gata2,nptn,378.0
gata2,zfp53,390.0
gata2,slc26a2,459.0
gata2,hnrnpll,382.0
gata2,slc25a38,791.0
gata2,dusp1,377.0
gata2,cd244a,420.0
gata2,abhd17b,465.0
gata2,gusb,404.0
gata2,rpa1,392.0
gata2,ptdss1,460.0
gata2,abl1,322.0
gata2,cenpk,450.0
gata2,fignl1,453.0
gata2,nolc1,361.0
gata2,ccna2,315.0
gata2,il27ra,523.0
gata2,cipc,383.0
gata2,tsc22d3,413.0
gata2,hspa1a,549.0
gata2,rfc4,457.0
gata2,ddx20,438.0
gata2,tipin,411.0
gata2,tbc1d5,378.0
gata2,abcb8,483.0
gata2,nkg7,493.0
gata2,plekho2,370.0
gata2,gmcl1,437.0
gata2,fggy,505.0
gata2,adk,325.0
gata2,prelid3b,405.0
gata2,usp37,414.0
gata2,pole,237.0
gata2,cdc45,425.0
gata2,fem1b,276.0
gata2,arl8b,654.0
gata2,ccdc137,501.0
gata2,ncapd2,422.0
gata2,cnn3,727.0
gata2,txndc11,319.0
gata2,timm29,558.0
gata2,dock11,475.0
gata2,arid5a,336.0
gata2,trim35,331.0
gata2,hus1,412.0
gata2,cks2,339.0
gata2,wdr4,363.0
gata2,cenpa,928.0
gata2,tcn2,332.0
gata2,golim4,425.0
gata2,lrrc59,327.0
gata2,ctsf,662.0
gata2,eif2b1,338.0
gata2,osbpl8,346.0
gata2,clptm1l,314.0
gata2,nop2,348.0
gata2,akap8l,514.0
gata2,cers6,317.0
gata2,cbfb,443.0
gata2,polr1b,456.0
gata2,tsc22d1,309.0
gata2,rmnd5a,396.0
gata2,s100a6,326.0
gata2,slc7a4,435.0
gata2,btaf1,524.0
gata2,osbpl1a,293.0
gata2,uba7,451.0
gata2,nceh1,439.0
gata2,il6st,851.0
gata2,ppp1cb,244.0
gata2,cd44,426.0
gata2,ppat,311.0
gata2,mis12,242.0
gata2,smarca2,279.0
gata2,cfp,282.0
gata2,mtch2,302.0
gata2,dhx33,830.0
gata2,foxred1,486.0
gata2,abce1,344.0
gata2,nasp,544.0
gata2,tyrobp,407.0
gata2,qars,354.0
gata2,nadk,292.0
gata2,il21r,404.0
gata2,snrnp200,354.0
gata2,shisa5,400.0
gata2,mettl27,270.0
gata2,bid,314.0
gata2,pik3r1,415.0
gata2,atf7,304.0
gata2,msh6,254.0
gata2,pld3,284.0
gata2,mcm4,463.0
gata2,erlin1,298.0
gata2,itpr1,412.0
gata2,acox1,205.0
gata2,tmem97,274.0
gata2,atad2,294.0
gata2,nol9,267.0
gata2,atp6ap1,331.0
gata2,mob3c,329.0
gata2,snap23,283.0
gata2,slc30a5,263.0
gata2,coq8a,492.0
gata2,rel,315.0
gata2,fem1a,366.0
gata2,e2f4,269.0
gata2,mapk1,354.0
gata2,def8,289.0
gata2,shcbp1,517.0
gata2,ado,402.0
gata2,thada,478.0
gata2,plscr4,255.0
gata2,efcc1,362.0
gata2,nedd1,255.0
gata2,pecam1,254.0
gata2,gcnt2,243.0
gata2,cdk1,410.0
gata2,polr2b,261.0
gata2,irgm2,401.0
gata2,themis2,356.0
gata2,ftsj3,238.0
gata2,stt3b,283.0
gata2,trmt6,256.0
gata2,me2,305.0
gata2,ints13,250.0
gata2,gsr,173.0
gata2,mdn1,261.0
gata2,klf6,300.0
gata2,arfgef2,269.0
gata2,rabggtb,319.0
gata2,9430015g10rik,230.0
gata2,lap3,231.0
gata2,cdca7,187.0
gata2,cd9,672.0
gata2,ly9,266.0
gata2,ptprs,504.0
gata2,elac2,262.0
gata2,seh1l,276.0
gata2,psmg2,185.0
gata2,myct1,648.0
gata2,il12a,324.0
gata2,rexo4,246.0
gata2,dlst,224.0
gata2,4833439l19rik,244.0
gata2,isg20,358.0
gata2,xaf1,317.0
gata2,strap,217.0
gata2,nudt4,378.0
gata2,tomm70a,220.0
gata2,eaf1,305.0
gata2,aurkb,315.0
gata2,icam1,265.0
gata2,ggta1,273.0
gata2,arrdc4,401.0
gata2,alas1,247.0
gata2,ddx21,242.0
gata2,rtel1,239.0
gata2,nampt,290.0
gata2,smc2,330.0
gata2,cpa3,466.0
gata2,cln5,214.0
gata2,nde1,217.0
gata2,uap1,169.0
gata2,zbtb38,210.0
gata2,kctd12,350.0
gata2,anxa5,224.0
gata2,mtmr4,206.0
gata2,mc5r,377.0
gata2,abcg3,304.0
gata2,acaa2,159.0
gata2,topors,202.0
gata2,tm7sf3,238.0
gata2,cd34,226.0
gata2,gfm1,265.0
gata2,emilin1,223.0
gata2,mecom,519.0
gata2,lactb,219.0
gata2,nus1,271.0
gata2,mpzl1,212.0
gata2,clec4e,428.0
gata2,cenpe,324.0
gata2,taf12,203.0
gata2,pfkfb3,198.0
gata2,patl1,291.0
gata2,zfp367,293.0
gata2,pold1,202.0
gata2,nsun2,334.0
gata2,tm6sf1,292.0
gata2,nup155,225.0
gata2,sorl1,290.0
gata2,tbl3,194.0
gata2,bysl,228.0
gata2,ccdc50,183.0
gata2,iars2,247.0
gata2,aplp2,380.0
gata2,zfp322a,227.0
gata2,tmem206,283.0
gata2,nusap1,225.0
gata2,hlf,435.0
gata2,naa50,289.0
gata2,pcmtd2,190.0
gata2,ncapg2,210.0
gata2,acly,293.0
gata2,naprt,198.0
gata2,wdhd1,214.0
gata2,birc5,231.0
gata2,hars,185.0
gata2,odc1,182.0
gata2,cd48,269.0
gata2,atp13a1,280.0
gata2,fam91a1,234.0
gata2,plaa,213.0
gata2,xpnpep1,250.0
gata2,gars,229.0
gata2,cul3,189.0
gata2,adgrg3,263.0
gata2,slc39a6,196.0
gata2,elp2,196.0
gata2,iars,246.0
gata2,zfp945,517.0
gata2,rnf4,210.0
gata2,dhrs3,214.0
gata2,colgalt1,176.0
gata2,psmd6,205.0
gata2,ckap2,258.0
gata2,rps6ka5,234.0
gata2,zfp24,174.0
gata2,sirpa,178.0
gata2,cnrip1,181.0
gata2,ap1s2,190.0
gata2,idh3a,252.0
gata2,atg12,243.0
gata2,ap3s1,243.0
gata2,slc35b4,267.0
gata2,igtp,380.0
gata2,ptcd3,338.0
gata2,ctps,250.0
gata2,sgpp1,250.0
gata2,otud4,176.0
gata2,nudcd1,213.0
gata2,ddx39,212.0
gata2,sh2d5,245.0
gata2,gbp7,167.0
gata2,atp1b3,173.0
gata2,slc31a1,180.0
gata2,znrf2,168.0
gata2,mtr,193.0
gata2,aldoc,242.0
gata2,selenop,481.0
gata2,vps35,167.0
gata2,orc6,167.0
gata2,rpap1,159.0
gata2,aldh18a1,168.0
gata2,kif11,226.0
gata2,ubr7,161.0
gata2,mfsd14b,167.0
gata2,mcm10,472.0
gata2,nubp2,186.0
gata2,akna,175.0
gata2,mcm2,166.0
gata2,inpp5b,182.0
gata2,nup107,276.0
gata2,hdac2,169.0
gata2,slc44a2,232.0
gata2,jpt2,180.0
gata2,plxdc2,167.0
gata2,hsph1,245.0
gata2,ctc1,156.0
gata2,sppl2b,226.0
gata2,serpinb9,165.0
gata2,sesn1,210.0
gata2,fgl2,197.0
gata2,bace1,255.0
gata2,psen1,161.0
gata2,spc25,240.0
gata2,flnb,215.0
gata2,sfxn1,218.0
gata2,nudt19,218.0
gata2,orc2,154.0
gata2,mtor,430.0
gata2,fdft1,184.0
gata2,tomm40,176.0
gata2,fam171a1,149.0
gata2,metap1,144.0
gata2,rfc5,174.0
gata2,rab31,161.0
gata2,tacc3,178.0
gata2,cad,143.0
gata2,rad51ap1,187.0
gata2,hdc,210.0
gata2,socs2,173.0
gata2,ckap5,143.0
gata2,cybc1,160.0
gata2,ctsz,138.0
gata2,usp14,206.0
gata2,rad21,225.0
gata2,ncln,138.0
gata2,bcap29,204.0
gata2,etf1,153.0
gata2,f2r,202.0
gata2,serpinb6a,200.0
gata2,dck,199.0
gata2,pip4k2a,138.0
gata2,sort1,150.0
gata2,ccl4,195.0
gata2,mcm5,387.0
gata2,ankrd44,193.0
gata2,arhgef39,193.0
gata2,lyn,193.0
gata2,usp42,192.0
gata2,dnajc5,156.0
gata2,ddx1,199.0
gata2,cd93,147.0
gata2,csgalnact2,133.0
gata2,nup93,156.0
gata2,g6pdx,127.0
gata2,eif1ad,175.0
gata2,gm4951,372.0
gata2,abl2,138.0
gata2,gpd1l,212.0
gata2,cnih1,140.0
gata2,tyms,190.0
gata2,slc35e1,145.0
gata2,tfg,148.0
gata2,phkb,183.0
gata2,tubgcp3,136.0
gata2,emb,182.0
gata2,prss57,362.0
gata2,kif22,122.0
gata2,cse1l,155.0
gata2,acot9,122.0
gata2,prkcq,180.0
gata2,retreg1,359.0
gata2,mgat5,180.0
gata2,synj1,140.0
gata2,gng2,122.0
gata2,psme4,154.0
gata2,zfp451,176.0
gata2,uba2,122.0
gata2,fgfr1op,127.0
gata2,sf3b3,158.0
gata2,gmnn,174.0
gata2,nfam1,170.0
gata2,mcm3,116.0
gata2,far1,134.0
gata2,rnf38,124.0
gata2,prep,131.0
gata2,rgcc,173.0
gata2,lcp2,219.0
gata2,fam136a,335.0
gata2,ncapg,129.0
gata2,bc005561,167.0
gata2,phf10,185.0
gata2,nploc4,171.0
gata2,ndufv1,329.0
gata2,golt1b,165.0
gata2,cdc7,161.0
gata2,kctd20,114.0
gata2,psmd1,313.0
gata2,prpf4,313.0
gata2,ccnb2,157.0
gata2,tent5a,155.0
gata2,prodh,114.0
gata2,cdc20,308.0
gata2,knstrn,103.0
gata2,mief1,153.0
gata2,mthfd1,102.0
gata2,myo1f,149.0
gata2,fcgrt,296.0
gata2,fam102b,147.0
gata2,panx1,146.0
gata2,cstf2,101.0
gata2,mpi,144.0
gata2,kif20b,143.0
gata2,e2f8,142.0
gata2,utp4,142.0
gata2,cyp2j9,283.0
gata2,hcfc1,141.0
gata2,egr1,141.0
gata2,fstl1,280.0
gata2,memo1,140.0
gata2,ndrg1,276.0
gata2,lig1,139.0
gata2,hdgfl3,137.0
gata2,tgtp2,270.0
gata2,tgtp1,270.0
gata2,prkcd,135.0
gata2,prim1,133.0
gata2,9530068e07rik,265.0
gata2,zfp35,263.0
gata2,tec,132.0
gata2,ldhb,262.0
gata2,cdc6,134.0
gata2,cd52,262.0
gata2,ints8,115.0
gata2,rab38,129.0
gata2,man2a2,258.0
gata2,dhfr,130.0
gata2,cttn,258.0
gata2,prps2,127.0
gata2,enpp5,127.0
gata2,satb1,416.0
gata2,bub1b,252.0
gata2,ndrg2,251.0
gata2,spcs3,124.0
gata2,tbc1d10c,247.0
gata2,sdf2l1,124.0
gata2,kif13a,247.0
gata2,sh3bgrl,245.0
gata2,smpdl3a,122.0
gata2,serpina3g,141.0
gata2,ect2,243.0
gata2,syk,121.0
gata2,anxa2,241.0
gata2,rgs2,239.0
gata2,cd82,239.0
gata2,zdhhc13,118.0
gata2,jarid2,236.0
gata2,pstpip1,117.0
gata2,snap47,232.0
gata2,ly6a,232.0
gata2,zfp36,231.0
gata2,pitpnc1,116.0
gata2,dock10,116.0
gata2,atad1,116.0
gata2,prim2,114.0
gata2,tpx2,225.0
gata2,sec24d,113.0
gata2,pbx1,223.0
gata2,cyb5r1,115.0
gata2,lgals1,220.0
gata2,tbc1d9b,218.0
gata2,tab1,218.0
gata2,setd2,109.0
gata2,iigp1,218.0
gata2,dennd2d,109.0
gata2,zbtb20,217.0
gata2,nfkbia,215.0
gata2,serpinb1a,211.0
gata2,pttg1ip,211.0
gata2,arhgef18,211.0
gata2,slco4a1,105.0
gata2,acss2,105.0
gata2,gprasp1,208.0
gata2,rgs19,103.0
gata2,arcn1,106.0
gata2,casp12,205.0
gata2,vav3,204.0
gata2,mettl7a1,204.0
gata2,pik3ip1,201.0
gata2,map4k2,201.0
gata2,pdia4,197.0
gata2,zmiz1,196.0
gata2,cdca3,194.0
gata2,rpp40,192.0
gata2,ruvbl2,184.0
gata2,glb1,183.0
gata2,cdkn1c,181.0
gata2,timp2,180.0
gata2,spc24,180.0
gata2,fcho2,179.0
gata2,wdr55,177.0
gata2,pwp2,177.0
gata2,usp11,173.0
gata2,kpna3,172.0
gata2,mmrn1,171.0
gata2,tmem33,170.0
gata2,ctsl,169.0
gata2,anxa1,169.0
gata2,ctr9,165.0
gata2,mogs,158.0
gata2,lsp1,155.0
gata2,lman2l,153.0
gata2,csad,153.0
gata2,selenbp1,151.0
gata2,trim30d,150.0
gata2,prkch,150.0
gata2,cdca8,150.0
gata2,abcg2,150.0
gata2,tmem50b,149.0
gata2,snx30,147.0
gata2,rprd1b,146.0
gata2,flna,146.0
gata2,ckap2l,144.0
gata2,ppm1f,139.0
gata2,irf7,139.0
gata2,gmip,139.0
gata2,ercc8,139.0
gata2,abcb10,139.0
gata2,pygm,130.0
gata2,zfp422,129.0
gata2,ctla2b,129.0
gata2,ganab,128.0
gata2,pde4d,127.0
gata2,emcn,127.0
gata2,tcirg1,125.0
gata2,ranbp3,123.0
gata2,oasl2,123.0
gata2,pde4b,122.0
gata2,col4a2,122.0
gata2,apoe,121.0
gata2,gbp2,119.0
gata2,ndc1,118.0
gata2,hells,118.0
gata2,zfp467,114.0
gata2,tmem43,114.0
gata2,pfkp,113.0
gata2,ino80d,113.0
gata2,vsir,112.0
gata2,adsl,112.0
gata2,kcnk5,111.0
gata2,acox3,109.0
gata2,rasa4,108.0
gata2,srm,105.0
gata2,samd9l,104.0
gfi1b,gfi1b,2153.0
gfi1b,mpzl1,1534.0
gfi1b,itsn1,1296.0
gfi1b,asf1b,1175.0
gfi1b,d1ertd622e,965.0
gfi1b,pclaf,942.0
gfi1b,tnpo1,1174.0
gfi1b,tcf19,699.0
gfi1b,smarca2,1213.0
gfi1b,abhd17b,652.0
gfi1b,chordc1,698.0
gfi1b,gmip,896.0
gfi1b,arid5a,644.0
gfi1b,sec23ip,489.0
gfi1b,rel,501.0
gfi1b,hk3,619.0
gfi1b,pdia4,494.0
gfi1b,nfat5,427.0
gfi1b,egr1,384.0
gfi1b,tcp11l2,403.0
gfi1b,ypel3,441.0
gfi1b,fignl1,358.0
gfi1b,usp42,570.0
gfi1b,tmem97,361.0
gfi1b,myct1,770.0
gfi1b,tecpr1,403.0
gfi1b,birc5,326.0
gfi1b,mtmr6,284.0
gfi1b,nuf2,322.0
gfi1b,elovl5,364.0
gfi1b,dnajc10,291.0
gfi1b,patl1,426.0
gfi1b,gtf2h1,314.0
gfi1b,jun,689.0
gfi1b,clec12a,505.0
gfi1b,copb1,306.0
gfi1b,dock10,396.0
gfi1b,atp10a,356.0
gfi1b,mbnl3,555.0
gfi1b,clec4e,650.0
gfi1b,mrpl20,298.0
gfi1b,gmfb,225.0
gfi1b,hjurp,239.0
gfi1b,tmem43,250.0
gfi1b,rgs19,283.0
gfi1b,cfp,338.0
gfi1b,csgalnact1,502.0
gfi1b,procr,584.0
gfi1b,cltc,273.0
gfi1b,nasp,287.0
gfi1b,neurl3,531.0
gfi1b,ccdc50,192.0
gfi1b,idh1,362.0
gfi1b,timm29,284.0
gfi1b,tmem173,303.0
gfi1b,top3b,273.0
gfi1b,snrnp200,180.0
gfi1b,parp8,318.0
gfi1b,lrrc59,175.0
gfi1b,cd274,437.0
gfi1b,myo5a,322.0
gfi1b,zfp53,237.0
gfi1b,plaa,162.0
gfi1b,calcrl,238.0
gfi1b,polr1b,174.0
gfi1b,csf2rb,318.0
gfi1b,clptm1l,218.0
gfi1b,msh6,236.0
gfi1b,por,149.0
gfi1b,wdr5,229.0
gfi1b,map4k2,247.0
gfi1b,ado,398.0
gfi1b,txndc11,201.0
gfi1b,lig1,164.0
gfi1b,cdca3,256.0
gfi1b,dhrs3,233.0
gfi1b,cks1b,388.0
gfi1b,rtp4,386.0
gfi1b,fem1b,165.0
gfi1b,nolc1,382.0
gfi1b,aldh18a1,214.0
gfi1b,mamdc2,197.0
gfi1b,vav3,375.0
gfi1b,ptprs,245.0
gfi1b,usp37,361.0
gfi1b,rfc4,249.0
gfi1b,plppr3,234.0
gfi1b,pik3r2,185.0
gfi1b,nus1,175.0
gfi1b,mcm4,173.0
gfi1b,dpp8,128.0
gfi1b,cd244a,257.0
gfi1b,arfgef2,355.0
gfi1b,9430015g10rik,250.0
gfi1b,tyms,229.0
gfi1b,atad2,200.0
gfi1b,pim2,196.0
gfi1b,rrm1,197.0
gfi1b,pbk,192.0
gfi1b,znrf2,226.0
gfi1b,racgap1,197.0
gfi1b,adk,204.0
gfi1b,pole3,146.0
gfi1b,mc5r,208.0
gfi1b,tspan14,182.0
gfi1b,nceh1,191.0
gfi1b,rgs2,165.0
gfi1b,cdc7,156.0
gfi1b,cnrip1,202.0
gfi1b,tbc1d2b,224.0
gfi1b,gcnt2,185.0
gfi1b,def8,112.0
gfi1b,hsph1,293.0
gfi1b,flot2,290.0
gfi1b,mthfd1,161.0
gfi1b,ube2c,169.0
gfi1b,dnajc11,196.0
gfi1b,mcm7,176.0
gfi1b,mis18bp1,153.0
gfi1b,zdhhc6,148.0
gfi1b,tespa1,162.0
gfi1b,tomm70a,185.0
gfi1b,frrs1,149.0
gfi1b,acss2,148.0
gfi1b,nudcd1,266.0
gfi1b,glb1,201.0
gfi1b,rbpms,263.0
gfi1b,eef1e1,133.0
gfi1b,serpinb1a,258.0
gfi1b,fut7,258.0
gfi1b,cd44,156.0
gfi1b,rtel1,251.0
gfi1b,serpinb6a,170.0
gfi1b,mettl7a1,248.0
gfi1b,ctc1,247.0
gfi1b,mycn,244.0
gfi1b,cd82,244.0
gfi1b,rars,133.0
gfi1b,tex10,146.0
gfi1b,otud6b,132.0
gfi1b,hacd3,128.0
gfi1b,tacc3,239.0
gfi1b,gmnn,239.0
gfi1b,usp14,133.0
gfi1b,ncapg,152.0
gfi1b,dnm1l,158.0
gfi1b,osbpl8,129.0
gfi1b,ruvbl2,230.0
gfi1b,rprd1b,229.0
gfi1b,cstf2,229.0
gfi1b,eif2b1,227.0
gfi1b,psme4,147.0
gfi1b,ddx20,117.0
gfi1b,ect2,224.0
gfi1b,wdr43,220.0
gfi1b,fastkd3,115.0
gfi1b,slc18a2,218.0
gfi1b,icam1,217.0
gfi1b,trmt11,216.0
gfi1b,cdt1,216.0
gfi1b,rnf4,211.0
gfi1b,acox3,211.0
gfi1b,mtch2,210.0
gfi1b,irf8,207.0
gfi1b,rangap1,105.0
gfi1b,phf5a,206.0
gfi1b,otud4,111.0
gfi1b,mgat1,205.0
gfi1b,ctsl,205.0
gfi1b,akap8l,205.0
gfi1b,rmnd5a,104.0
gfi1b,wdr4,203.0
gfi1b,tnfrsf21,203.0
gfi1b,atp1b3,203.0
gfi1b,cdca5,201.0
gfi1b,scarb1,199.0
gfi1b,rptor,199.0
gfi1b,slc44a2,198.0
gfi1b,hus1,198.0
gfi1b,api5,113.0
gfi1b,itpr1,118.0
gfi1b,cenpk,196.0
gfi1b,dtl,118.0
gfi1b,nploc4,111.0
gfi1b,itgal,102.0
gfi1b,adssl1,193.0
gfi1b,ckap2,190.0
gfi1b,mad2l1,106.0
gfi1b,cd68,188.0
gfi1b,pecam1,187.0
gfi1b,dus1l,186.0
gfi1b,slco4a1,184.0
gfi1b,pcmtd1,184.0
gfi1b,dlst,184.0
gfi1b,tyrobp,182.0
gfi1b,fcgrt,182.0
gfi1b,fcgr2b,181.0
gfi1b,nup155,180.0
gfi1b,irf9,180.0
gfi1b,mdn1,179.0
gfi1b,hspa1a,179.0
gfi1b,cdc45,179.0
gfi1b,atf7,179.0
gfi1b,immt,178.0
gfi1b,cdca4,176.0
gfi1b,satb1,174.0
gfi1b,tmem50b,173.0
gfi1b,plin3,173.0
gfi1b,dhx33,173.0
gfi1b,tpx2,172.0
gfi1b,sfxn1,172.0
gfi1b,ino80d,172.0
gfi1b,hells,172.0
gfi1b,acot9,172.0
gfi1b,ppp1r15a,171.0
gfi1b,slc2a3,170.0
gfi1b,ndc1,170.0
gfi1b,tbc1d5,169.0
gfi1b,mcm10,167.0
gfi1b,ctsz,167.0
gfi1b,bysl,167.0
gfi1b,zfp367,165.0
gfi1b,cenpe,165.0
gfi1b,itch,164.0
gfi1b,sf3b3,163.0
gfi1b,ahcyl1,163.0
gfi1b,setd2,162.0
gfi1b,micu1,162.0
gfi1b,fuca2,162.0
gfi1b,ifi203,161.0
gfi1b,eftud2,161.0
gfi1b,tars,160.0
gfi1b,arcn1,160.0
gfi1b,rad21,159.0
gfi1b,mtfr1,159.0
gfi1b,atp6ap1,159.0
gfi1b,arl6ip6,158.0
gfi1b,nup85,156.0
gfi1b,kif11,156.0
gfi1b,fbxw11,156.0
gfi1b,cdc6,156.0
gfi1b,ccnb2,156.0
gfi1b,tmem229b,155.0
gfi1b,erlin1,155.0
gfi1b,rad51,154.0
gfi1b,rab38,154.0
gfi1b,lactb,154.0
gfi1b,hdac7,154.0
gfi1b,slc35b4,153.0
gfi1b,cyb5r1,153.0
gfi1b,seh1l,152.0
gfi1b,maml3,151.0
gfi1b,fam76b,151.0
gfi1b,mtor,150.0
gfi1b,eif3b,150.0
gfi1b,nop2,149.0
gfi1b,golim4,149.0
gfi1b,ube2l6,148.0
gfi1b,syk,148.0
gfi1b,odc1,148.0
gfi1b,tcirg1,147.0
gfi1b,dcaf13,147.0
gfi1b,mief1,146.0
gfi1b,ddx1,146.0
gfi1b,slbp,145.0
gfi1b,gbp3,145.0
gfi1b,dhfr,145.0
gfi1b,ptgr1,144.0
gfi1b,hexa,144.0
gfi1b,fam136a,144.0
gfi1b,txnip,143.0
gfi1b,rpp40,143.0
gfi1b,bcap29,143.0
gfi1b,tor3a,142.0
gfi1b,prmt5,142.0
gfi1b,fam189b,142.0
gfi1b,taf12,140.0
gfi1b,nampt,140.0
gfi1b,kctd12,140.0
gfi1b,ostm1,139.0
gfi1b,dnajc5,139.0
gfi1b,osbpl1a,138.0
gfi1b,hars,138.0
gfi1b,fes,138.0
gfi1b,art4,138.0
gfi1b,tmem246,137.0
gfi1b,farsb,137.0
gfi1b,tk1,136.0
gfi1b,ndufs1,136.0
gfi1b,fem1a,136.0
gfi1b,rfc5,135.0
gfi1b,mtrex,135.0
gfi1b,atrn,135.0
gfi1b,pla2g12a,134.0
gfi1b,ipo9,134.0
gfi1b,iars,134.0
gfi1b,vav1,133.0
gfi1b,slc16a1,133.0
gfi1b,rabggtb,133.0
gfi1b,mis12,133.0
gfi1b,il27ra,133.0
gfi1b,hdac2,132.0
gfi1b,eaf1,132.0
gfi1b,ccne2,131.0
gfi1b,tmem184c,130.0
gfi1b,rgcc,130.0
gfi1b,ppp1cb,130.0
gfi1b,naprt,130.0
gfi1b,prelid3b,129.0
gfi1b,lonp1,129.0
gfi1b,wsb1,128.0
gfi1b,tec,128.0
gfi1b,synj1,128.0
gfi1b,gfm1,127.0
gfi1b,tifab,126.0
gfi1b,psme3,126.0
gfi1b,tmx4,125.0
gfi1b,ccna2,125.0
gfi1b,tes,124.0
gfi1b,lap3,124.0
gfi1b,tubgcp3,123.0
gfi1b,fgl2,123.0
gfi1b,fam102b,123.0
gfi1b,wdhd1,122.0
gfi1b,gm1966,122.0
gfi1b,cd69,122.0
gfi1b,cd48,122.0
gfi1b,tmem33,121.0
gfi1b,slc25a38,121.0
gfi1b,selenbp1,121.0
gfi1b,phf10,121.0
gfi1b,h2afx,121.0
gfi1b,abce1,121.0
gfi1b,psmd9,120.0
gfi1b,mfsd14b,120.0
gfi1b,far1,120.0
gfi1b,cul3,120.0
gfi1b,cs,120.0
gfi1b,shmt1,119.0
gfi1b,ctla2a,119.0
gfi1b,ncapg2,118.0
gfi1b,ints13,118.0
gfi1b,gtf2f1,118.0
gfi1b,ctr9,118.0
gfi1b,kif20b,117.0
gfi1b,cybc1,117.0
gfi1b,tomm40,116.0
gfi1b,rad51ap1,116.0
gfi1b,lonp2,116.0
gfi1b,hyou1,116.0
gfi1b,ndufv1,115.0
gfi1b,cks2,115.0
gfi1b,ccl9,115.0
gfi1b,zfp35,114.0
gfi1b,zfp322a,114.0
gfi1b,btaf1,114.0
gfi1b,tmx3,113.0
gfi1b,slc25a46,113.0
gfi1b,sesn1,113.0
gfi1b,ifrd2,113.0
gfi1b,nsun2,112.0
gfi1b,agps,112.0
gfi1b,ppat,111.0
gfi1b,hat1,111.0
gfi1b,zmiz1,110.0
gfi1b,abcb8,110.0
gfi1b,pfkfb3,109.0
gfi1b,dck,109.0
gfi1b,sec24d,108.0
gfi1b,me2,108.0
gfi1b,ints8,108.0
gfi1b,xrcc6,107.0
gfi1b,sdf2l1,107.0
gfi1b,cd53,107.0
gfi1b,acly,107.0
gfi1b,slc20a1,106.0
gfi1b,atad1,106.0
gfi1b,mtr,105.0
gfi1b,etf1,105.0
gfi1b,edem1,105.0
gfi1b,cse1l,105.0
gfi1b,ckap2l,105.0
gfi1b,spc24,104.0
gfi1b,psmg2,104.0
gfi1b,ppm1f,104.0
gfi1b,tfg,103.0
gfi1b,prep,103.0
gfi1b,metap1,103.0
gfi1b,kif22,103.0
gfi1b,aldh9a1,103.0
gfi1b,prkcq,102.0
gfi1b,kat7,102.0
gfi1b,abcb10,102.0
gfi1b,rnf38,101.0
hcfc1,prim1,2182.0
hcfc1,polr1b,2182.0
hcfc1,tmem206,2176.0
hcfc1,spc25,2052.0
hcfc1,atp11c,2514.0
hcfc1,ahcyl1,2302.0
hcfc1,kpna3,2128.0
hcfc1,rpp40,2053.0
hcfc1,4833439l19rik,2079.0
hcfc1,mtr,2130.0
hcfc1,slc35b4,1997.0
hcfc1,ndufv1,2026.0
hcfc1,cdca5,2061.0
hcfc1,knstrn,2264.0
hcfc1,itpr1,1959.0
hcfc1,zfp451,2149.0
hcfc1,tmem33,1943.0
hcfc1,snrnp200,1943.0
hcfc1,dhx33,2056.0
hcfc1,inpp5b,2034.0
hcfc1,cdca8,1980.0
hcfc1,mrpl20,2152.0
hcfc1,dus1l,2016.0
hcfc1,eif2b1,2217.0
hcfc1,timm29,2139.0
hcfc1,mpi,2076.0
hcfc1,rpa2,1918.0
hcfc1,ifrd2,1995.0
hcfc1,abl1,1884.0
hcfc1,lig1,1830.0
hcfc1,cenpo,1822.0
hcfc1,dnm1l,1904.0
hcfc1,abce1,2136.0
hcfc1,itch,2066.0
hcfc1,tmem43,1822.0
hcfc1,rangap1,1786.0
hcfc1,9430015g10rik,1871.0
hcfc1,nuf2,2100.0
hcfc1,otud4,1873.0
hcfc1,mcm3,1901.0
hcfc1,nudcd1,1769.0
hcfc1,ndc1,1886.0
hcfc1,psmd6,2357.0
hcfc1,sesn1,1797.0
hcfc1,rrm1,2023.0
hcfc1,slc35e1,2216.0
hcfc1,zfp24,1923.0
hcfc1,arid5a,1905.0
hcfc1,jarid2,1750.0
hcfc1,bub1b,1833.0
hcfc1,ddx1,2304.0
hcfc1,rad51,1807.0
hcfc1,dnajc11,2243.0
hcfc1,ubac1,1923.0
hcfc1,itsn1,1856.0
hcfc1,ado,1829.0
hcfc1,rptor,1953.0
hcfc1,mars,1716.0
hcfc1,clptm1l,2192.0
hcfc1,ddx20,2181.0
hcfc1,wdr4,2089.0
hcfc1,prpf4,1652.0
hcfc1,fbxw11,1764.0
hcfc1,acly,1711.0
hcfc1,lonp1,1892.0
hcfc1,cdc6,1837.0
hcfc1,mdn1,2142.0
hcfc1,top3b,1994.0
hcfc1,rprd1b,1774.0
hcfc1,sec23ip,1701.0
hcfc1,hars,2067.0
hcfc1,ncln,1685.0
hcfc1,tpx2,1968.0
hcfc1,nploc4,2048.0
hcfc1,tbl3,2018.0
hcfc1,abcb8,1770.0
hcfc1,racgap1,1953.0
hcfc1,plaa,1752.0
hcfc1,cdc45,1650.0
hcfc1,lrrc59,2262.0
hcfc1,gfm1,2328.0
hcfc1,hus1,2196.0
hcfc1,nup155,2136.0
hcfc1,acox3,2121.0
hcfc1,zfp35,2163.0
hcfc1,nolc1,1984.0
hcfc1,fem1a,1594.0
hcfc1,mief1,2229.0
hcfc1,armt1,1733.0
hcfc1,api5,2277.0
hcfc1,bysl,1974.0
hcfc1,immt,1564.0
hcfc1,nsun2,1982.0
hcfc1,rfc4,2054.0
hcfc1,eftud2,1912.0
hcfc1,chordc1,1994.0
hcfc1,slc19a1,1864.0
hcfc1,ndufs1,1664.0
hcfc1,rtel1,2146.0
hcfc1,ftsj3,1615.0
hcfc1,wdr5,2109.0
hcfc1,hsph1,1892.0
hcfc1,mis18bp1,1835.0
hcfc1,timm50,2084.0
hcfc1,ruvbl2,2110.0
hcfc1,gtf2f1,1810.0
hcfc1,cdca3,1597.0
hcfc1,shcbp1,2156.0
hcfc1,mtrex,2113.0
hcfc1,pld3,2359.0
hcfc1,nup107,2062.0
hcfc1,psmd9,2015.0
hcfc1,mtmr6,1934.0
hcfc1,strap,2133.0
hcfc1,xpc,2097.0
hcfc1,trmt6,2137.0
hcfc1,nol9,2050.0
hcfc1,elac2,2056.0
hcfc1,dpp8,2026.0
hcfc1,tacc3,1500.0
hcfc1,pwp2,2009.0
hcfc1,kat7,1462.0
hcfc1,fem1b,1727.0
hcfc1,tubgcp2,1929.0
hcfc1,gmfb,1994.0
hcfc1,cenpe,2058.0
hcfc1,ccna2,1948.0
hcfc1,farsb,1876.0
hcfc1,slc39a6,1973.0
hcfc1,mfsd1,1944.0
hcfc1,elp2,1973.0
hcfc1,gars,1929.0
hcfc1,arl8b,1830.0
hcfc1,mfsd14b,1857.0
hcfc1,e2f4,1937.0
hcfc1,foxred1,1865.0
hcfc1,cenpk,1969.0
hcfc1,snap47,1879.0
hcfc1,kif11,1692.0
hcfc1,nup88,1556.0
hcfc1,gtf2h1,1737.0
hcfc1,wdr43,1847.0
hcfc1,rexo4,1887.0
hcfc1,atp13a1,1932.0
hcfc1,eif1ad,1569.0
hcfc1,rars,1903.0
hcfc1,eaf1,1990.0
hcfc1,dcaf13,1956.0
hcfc1,zhx1,1960.0
hcfc1,9530068e07rik,1819.0
hcfc1,nup93,1852.0
hcfc1,pik3r2,1830.0
hcfc1,abhd17b,1836.0
hcfc1,ercc8,1821.0
hcfc1,cipc,1813.0
hcfc1,otud6b,1848.0
hcfc1,mtor,1710.0
hcfc1,phf5a,1425.0
hcfc1,tab1,1941.0
hcfc1,psmd1,1847.0
hcfc1,uba2,1854.0
hcfc1,pole3,1782.0
hcfc1,dlst,1787.0
hcfc1,iars,1845.0
hcfc1,tbc1d2b,1811.0
hcfc1,stxbp4,1800.0
hcfc1,tubgcp3,1835.0
hcfc1,copb1,1819.0
hcfc1,nubp2,1921.0
hcfc1,mrpl37,1897.0
hcfc1,prmt7,1817.0
hcfc1,nus1,1826.0
hcfc1,ubr7,1825.0
hcfc1,sppl2b,1692.0
hcfc1,rad21,1794.0
hcfc1,smc2,1753.0
hcfc1,ccdc137,1707.0
hcfc1,pno1,1677.0
hcfc1,tomm70a,1744.0
hcfc1,ctr9,1854.0
hcfc1,zdhhc6,1545.0
hcfc1,gprasp1,1928.0
hcfc1,slc35a4,1682.0
hcfc1,golt1b,1748.0
hcfc1,slc31a1,1688.0
hcfc1,gusb,1732.0
hcfc1,gpd1l,2125.0
hcfc1,idh1,1709.0
hcfc1,birc5,1659.0
hcfc1,morc3,1757.0
hcfc1,prmt5,1633.0
hcfc1,psme3,1478.0
hcfc1,sf3b3,1643.0
hcfc1,orc2,1753.0
hcfc1,mtmr4,1660.0
hcfc1,ddx21,1535.0
hcfc1,g6pdx,1673.0
hcfc1,nop2,1560.0
hcfc1,kif20b,1647.0
hcfc1,ipo9,1588.0
hcfc1,slc25a46,1507.0
hcfc1,ckap5,1619.0
hcfc1,nup85,1639.0
hcfc1,b230219d22rik,1571.0
hcfc1,rad51ap1,1680.0
hcfc1,colgalt1,1801.0
hcfc1,hjurp,1530.0
hcfc1,gmcl1,1537.0
hcfc1,cltc,1376.0
hcfc1,psme4,1597.0
hcfc1,dnajc9,1516.0
hcfc1,ptcd3,1326.0
hcfc1,thada,1527.0
hcfc1,etf1,1593.0
hcfc1,wdhd1,1431.0
hcfc1,ppat,1389.0
hcfc1,tars,1478.0
hcfc1,nudt19,1394.0
hcfc1,ncapd2,1607.0
hcfc1,nfat5,1285.0
hcfc1,adk,1364.0
hcfc1,mogs,1534.0
hcfc1,synj1,1740.0
hcfc1,arcn1,1440.0
hcfc1,atad1,1706.0
hcfc1,atg12,1595.0
hcfc1,ap3s1,1595.0
hcfc1,fam189b,1701.0
hcfc1,mthfd1,1518.0
hcfc1,btaf1,1411.0
hcfc1,rabggtb,1444.0
hcfc1,lonp2,1763.0
hcfc1,pcmtd2,1597.0
hcfc1,arfgef2,1865.0
hcfc1,fastkd2,2123.0
hcfc1,mis12,1501.0
hcfc1,mcm10,1515.0
hcfc1,crebrf,1439.0
hcfc1,atrn,1433.0
hcfc1,mcm5,1413.0
hcfc1,trmt11,1510.0
hcfc1,usp37,1466.0
hcfc1,kctd20,1338.0
hcfc1,ganab,1408.0
hcfc1,cdca4,1621.0
hcfc1,arl6ip6,1448.0
hcfc1,txndc11,1466.0
hcfc1,serpinb6a,1453.0
hcfc1,polr2b,1445.0
hcfc1,nasp,1328.0
hcfc1,rnf4,1380.0
hcfc1,tomm40,1465.0
hcfc1,mcm4,1297.0
hcfc1,nedd1,1425.0
hcfc1,tex10,1359.0
hcfc1,rpap1,1258.0
hcfc1,naa50,1327.0
hcfc1,slc30a5,1448.0
hcfc1,kif22,1475.0
hcfc1,usp42,1298.0
hcfc1,rnf38,1385.0
hcfc1,usp14,1202.0
hcfc1,mgat1,1234.0
hcfc1,psen1,1244.0
hcfc1,utp4,1465.0
hcfc1,slc25a38,1393.0
hcfc1,cdc20,1366.0
hcfc1,rfc5,1255.0
hcfc1,osbpl8,1200.0
hcfc1,tmem184c,1553.0
hcfc1,ctc1,1201.0
hcfc1,dnajc5,1351.0
hcfc1,pla2g15,1177.0
hcfc1,psmg2,1215.0
hcfc1,ckap2l,1369.0
hcfc1,phkb,1226.0
hcfc1,mto1,1151.0
hcfc1,eif3b,1199.0
hcfc1,plin3,1390.0
hcfc1,elovl5,1441.0
hcfc1,med16,1197.0
hcfc1,pbk,1161.0
hcfc1,patl1,1257.0
hcfc1,tfg,1142.0
hcfc1,fam91a1,1191.0
hcfc1,ap1s2,1559.0
hcfc1,zfp367,1157.0
hcfc1,ptdss1,1206.0
hcfc1,tmx3,1225.0
hcfc1,mtch2,1219.0
hcfc1,qars,1200.0
hcfc1,agps,1188.0
hcfc1,nadk,1130.0
hcfc1,cdt1,1097.0
hcfc1,slbp,1096.0
hcfc1,topors,1129.0
hcfc1,srm,1310.0
hcfc1,micu1,1287.0
hcfc1,adsl,1258.0
hcfc1,cnih1,1207.0
hcfc1,fastkd3,1228.0
hcfc1,mad2l1,1081.0
hcfc1,umps,1332.0
hcfc1,abl2,1035.0
hcfc1,gmnn,1117.0
hcfc1,ergic1,1186.0
hcfc1,irf9,1013.0
hcfc1,prim2,1170.0
hcfc1,hat1,1149.0
hcfc1,eif4enif1,1189.0
hcfc1,taf12,1148.0
hcfc1,trim35,1052.0
hcfc1,hyou1,1076.0
hcfc1,ranbp3,982.0
hcfc1,por,1008.0
hcfc1,mcm7,1104.0
hcfc1,lactb,1165.0
hcfc1,ncapg2,1208.0
hcfc1,atad2,1098.0
hcfc1,incenp,992.0
hcfc1,h2afx,1066.0
hcfc1,def8,1046.0
hcfc1,nceh1,1090.0
hcfc1,iars2,1022.0
hcfc1,top2a,975.0
hcfc1,tyms,1024.0
hcfc1,phf6,1291.0
hcfc1,dnajc10,1061.0
hcfc1,tnpo1,1027.0
hcfc1,erlin1,1191.0
hcfc1,ddx39,958.0
hcfc1,shmt1,920.0
hcfc1,wsb1,961.0
hcfc1,pold1,1209.0
hcfc1,nmd3,1076.0
hcfc1,hexa,1122.0
hcfc1,ncapg,947.0
hcfc1,hells,992.0
hcfc1,ostm1,895.0
hcfc1,gemin5,937.0
hcfc1,rcor1,970.0
hcfc1,bcap29,863.0
hcfc1,usp11,1211.0
hcfc1,mob3c,1173.0
hcfc1,elmo2,1143.0
hcfc1,me2,993.0
hcfc1,cenpf,908.0
hcfc1,tcf19,872.0
hcfc1,atf7,887.0
hcfc1,zfp53,896.0
hcfc1,prodh,1364.0
hcfc1,wdr55,896.0
hcfc1,tifab,1775.0
hcfc1,idh3a,890.0
hcfc1,cdc7,861.0
hcfc1,rmnd5a,802.0
hcfc1,cs,849.0
hcfc1,fam76b,991.0
hcfc1,seh1l,821.0
hcfc1,ppm1f,742.0
hcfc1,cks1b,930.0
hcfc1,hcfc1,921.0
hcfc1,rpa1,854.0
hcfc1,spc24,1058.0
hcfc1,ints13,708.0
hcfc1,xrcc3,847.0
hcfc1,lmo4,893.0
hcfc1,pola2,738.0
hcfc1,tk1,849.0
hcfc1,zmiz1,683.0
hcfc1,vps35,766.0
hcfc1,tipin,735.0
hcfc1,orc6,766.0
hcfc1,eef1e1,682.0
hcfc1,cenpa,888.0
hcfc1,fuca2,791.0
hcfc1,zfp422,1394.0
hcfc1,tbc1d5,876.0
hcfc1,bace1,1531.0
hcfc1,samd9l,1069.0
hcfc1,fignl1,892.0
hcfc1,aplp2,738.0
hcfc1,mapk1,636.0
hcfc1,zdhhc13,724.0
hcfc1,ccdc50,878.0
hcfc1,cse1l,791.0
hcfc1,ccnb2,874.0
hcfc1,msmo1,828.0
hcfc1,dtl,650.0
hcfc1,prep,748.0
hcfc1,xpnpep1,820.0
hcfc1,cstf2,776.0
hcfc1,txnip,769.0
hcfc1,odc1,680.0
hcfc1,tmem97,671.0
hcfc1,fdft1,684.0
hcfc1,ect2,581.0
hcfc1,ppp1cb,725.0
hcfc1,isyna1,757.0
hcfc1,psat1,685.0
hcfc1,zfp322a,808.0
hcfc1,slc2a3,927.0
hcfc1,pla2g12a,648.0
hcfc1,alas1,718.0
hcfc1,hdac2,564.0
hcfc1,akap8l,667.0
hcfc1,pcmtd1,572.0
hcfc1,setd2,684.0
hcfc1,ino80d,675.0
hcfc1,cad,660.0
hcfc1,herpud1,625.0
hcfc1,asf1b,557.0
hcfc1,nrros,639.0
hcfc1,cdca7,569.0
hcfc1,ncaph,601.0
hcfc1,nptn,588.0
hcfc1,acox1,567.0
hcfc1,fgfr1op,628.0
hcfc1,il27ra,1022.0
hcfc1,gimap1,1154.0
hcfc1,cbx5,547.0
hcfc1,spcs3,599.0
hcfc1,shisa5,922.0
hcfc1,ccnb1,454.0
hcfc1,tspan3,702.0
hcfc1,sh3bgrl,835.0
hcfc1,pttg1ip,572.0
hcfc1,cul3,564.0
hcfc1,tbc1d10c,522.0
hcfc1,tmem229b,449.0
hcfc1,ckap2,459.0
hcfc1,mgat5,612.0
hcfc1,camk2d,810.0
hcfc1,cybc1,558.0
hcfc1,bid,547.0
hcfc1,ypel3,634.0
hcfc1,ube2c,555.0
hcfc1,svip,1073.0
hcfc1,fbxo5,510.0
hcfc1,pole,435.0
hcfc1,metap1,529.0
hcfc1,atp6ap2,749.0
hcfc1,tecpr1,604.0
hcfc1,sptbn1,438.0
hcfc1,prelid3b,659.0
hcfc1,pip4k2a,540.0
hcfc1,nusap1,433.0
hcfc1,ptpn7,602.0
hcfc1,fam136a,388.0
hcfc1,glb1,536.0
hcfc1,slc26a2,523.0
hcfc1,cdk1,613.0
hcfc1,osbpl1a,495.0
hcfc1,xrcc6,591.0
hcfc1,bc005561,408.0
hcfc1,flna,478.0
hcfc1,cln5,423.0
hcfc1,gclc,667.0
hcfc1,jpt2,419.0
hcfc1,csgalnact2,365.0
hcfc1,tbc1d9b,406.0
hcfc1,lap3,543.0
hcfc1,slc37a1,500.0
hcfc1,h2-dma,456.0
hcfc1,icam1,402.0
hcfc1,parvg,534.0
hcfc1,usp10,442.0
hcfc1,irgm2,485.0
hcfc1,arid2,495.0
hcfc1,ints8,535.0
hcfc1,msh6,467.0
hcfc1,aldh18a1,430.0
hcfc1,prc1,421.0
hcfc1,rrm2,489.0
hcfc1,dck,326.0
hcfc1,c1rl,422.0
hcfc1,tcp11l2,489.0
hcfc1,abcb10,400.0
hcfc1,ptprs,449.0
hcfc1,golph3,523.0
hcfc1,ppp1r15a,592.0
hcfc1,maml3,683.0
hcfc1,gns,479.0
hcfc1,mtmr1,456.0
hcfc1,sgms1,670.0
hcfc1,dhfr,459.0
hcfc1,smarca2,490.0
hcfc1,memo1,498.0
hcfc1,zfp36,394.0
hcfc1,pdia4,433.0
hcfc1,sdf2l1,462.0
hcfc1,rcc1,369.0
hcfc1,cd48,452.0
hcfc1,rgs19,431.0
hcfc1,rab37,415.0
hcfc1,nampt,482.0
hcfc1,atp6ap1,563.0
hcfc1,fam102b,402.0
hcfc1,btg2,368.0
hcfc1,socs2,386.0
hcfc1,uhrf1,364.0
hcfc1,cttn,778.0
hcfc1,spidr,436.0
hcfc1,ctps,395.0
hcfc1,mcm2,418.0
hcfc1,hacd3,342.0
hcfc1,edem1,483.0
hcfc1,tespa1,485.0
hcfc1,igtp,433.0
hcfc1,gbp7,398.0
hcfc1,plekho2,378.0
hcfc1,fam111a,469.0
hcfc1,fcho2,288.0
hcfc1,unc93b1,388.0
hcfc1,dennd1c,398.0
hcfc1,acaa2,326.0
hcfc1,mapkapk3,460.0
hcfc1,hnrnpll,352.0
hcfc1,zbtb38,480.0
hcfc1,aurkb,543.0
hcfc1,coq8a,411.0
hcfc1,rps6ka3,446.0
hcfc1,cks2,380.0
hcfc1,pim2,478.0
hcfc1,klf6,260.0
hcfc1,cyb5r1,347.0
hcfc1,vsir,323.0
hcfc1,gsr,368.0
hcfc1,h1f0,473.0
hcfc1,ybx3,346.0
hcfc1,slc20a1,376.0
hcfc1,ubl4a,420.0
hcfc1,ccne2,231.0
hcfc1,gmip,391.0
hcfc1,mettl7a1,390.0
hcfc1,acot9,437.0
hcfc1,lyn,412.0
hcfc1,stt3b,280.0
hcfc1,mpzl1,233.0
hcfc1,myo5a,307.0
hcfc1,fggy,638.0
hcfc1,panx1,466.0
hcfc1,aldh9a1,295.0
hcfc1,far1,323.0
hcfc1,gbp3,360.0
hcfc1,pik3ip1,368.0
hcfc1,spns3,617.0
hcfc1,dusp1,241.0
hcfc1,atp1b3,306.0
hcfc1,rps6ka5,260.0
hcfc1,kcnk5,227.0
hcfc1,uba7,350.0
hcfc1,ly9,607.0
hcfc1,cd274,485.0
hcfc1,anxa5,310.0
hcfc1,il17ra,335.0
hcfc1,uap1,333.0
hcfc1,arhgap15,475.0
hcfc1,gimap6,597.0
hcfc1,jun,347.0
hcfc1,adssl1,583.0
hcfc1,stat2,254.0
hcfc1,ly86,568.0
hcfc1,znrf2,301.0
hcfc1,gem,407.0
hcfc1,lman2l,297.0
hcfc1,rgcc,238.0
hcfc1,mllt3,242.0
hcfc1,nfkbia,259.0
hcfc1,lax1,547.0
hcfc1,pfkfb3,252.0
hcfc1,hlf,395.0
hcfc1,myo1g,326.0
hcfc1,ggta1,290.0
hcfc1,serpinb9,289.0
hcfc1,slc16a1,217.0
hcfc1,vav1,338.0
hcfc1,tmx4,264.0
hcfc1,tcn2,294.0
hcfc1,cyfip2,227.0
hcfc1,rel,234.0
hcfc1,cbfb,284.0
hcfc1,1700017b05rik,286.0
hcfc1,st6galnac4,281.0
hcfc1,trim59,332.0
hcfc1,tsc22d1,210.0
hcfc1,eml4,191.0
hcfc1,soat1,285.0
hcfc1,zfp467,288.0
hcfc1,map4k2,314.0
hcfc1,phf11b,487.0
hcfc1,tec,336.0
hcfc1,cish,337.0
hcfc1,glipr2,188.0
hcfc1,sort1,482.0
hcfc1,mc5r,290.0
hcfc1,dock10,330.0
hcfc1,mtfr1,216.0
hcfc1,hdac7,310.0
hcfc1,snx30,183.0
hcfc1,stom,309.0
hcfc1,nde1,335.0
hcfc1,tent5a,263.0
hcfc1,acss2,201.0
hcfc1,ube2l6,328.0
hcfc1,flnb,451.0
hcfc1,slc44a2,264.0
hcfc1,snap23,262.0
hcfc1,pidd1,278.0
hcfc1,rgs1,352.0
hcfc1,capg,235.0
hcfc1,cd53,286.0
hcfc1,calcrl,439.0
hcfc1,zfp945,285.0
hcfc1,flot2,430.0
hcfc1,slc43a3,242.0
hcfc1,trim30d,424.0
hcfc1,h2-aa,420.0
hcfc1,st8sia4,258.0
hcfc1,dhrs3,266.0
hcfc1,akna,251.0
hcfc1,epb41l4b,211.0
hcfc1,rp2,316.0
hcfc1,e2f8,213.0
hcfc1,ndrg1,284.0
hcfc1,cers4,214.0
hcfc1,cd82,278.0
hcfc1,ssh3,386.0
hcfc1,pglyrp2,384.0
hcfc1,gpr160,272.0
hcfc1,plek,198.0
hcfc1,egr1,243.0
hcfc1,mlkl,209.0
hcfc1,pak1,192.0
hcfc1,spns2,369.0
hcfc1,golim4,368.0
hcfc1,xaf1,202.0
hcfc1,ankrd44,141.0
hcfc1,neil3,209.0
hcfc1,sec24d,129.0
hcfc1,frrs1,214.0
hcfc1,gabbr1,232.0
hcfc1,il6st,181.0
hcfc1,ptgr1,214.0
hcfc1,syk,254.0
hcfc1,pclaf,185.0
hcfc1,itgal,337.0
hcfc1,cd44,182.0
hcfc1,tmem173,333.0
hcfc1,isg20,185.0
hcfc1,sirpa,218.0
hcfc1,serpinb1a,332.0
hcfc1,sfxn1,179.0
hcfc1,h2-q6,323.0
hcfc1,ctsz,163.0
hcfc1,mbnl3,200.0
hcfc1,scarb1,154.0
hcfc1,napsa,304.0
hcfc1,lgals1,190.0
hcfc1,rab38,303.0
hcfc1,cd69,303.0
hcfc1,prkcd,199.0
hcfc1,chrnb1,168.0
hcfc1,abcg2,170.0
hcfc1,pitpnc1,160.0
hcfc1,slco4a1,204.0
hcfc1,cd68,119.0
hcfc1,gfi1b,161.0
hcfc1,mki67,195.0
hcfc1,tcirg1,180.0
hcfc1,gimap8,289.0
hcfc1,gimap5,287.0
hcfc1,aldoc,166.0
hcfc1,tfr2,280.0
hcfc1,cst7,148.0
hcfc1,cyp4v3,275.0
hcfc1,clec12a,142.0
hcfc1,stag2,159.0
hcfc1,lcp2,271.0
hcfc1,ebi3,271.0
hcfc1,lsp1,270.0
hcfc1,nudt4,141.0
hcfc1,hmgb3,264.0
hcfc1,selenbp1,261.0
hcfc1,arhgef39,260.0
hcfc1,tsc22d3,131.0
hcfc1,retreg1,143.0
hcfc1,nfam1,256.0
hcfc1,laptm4b,254.0
hcfc1,hacd4,247.0
hcfc1,phf10,125.0
hcfc1,dok2,241.0
hcfc1,mfng,139.0
hcfc1,vkorc1l1,139.0
hcfc1,prkch,121.0
hcfc1,slc7a4,230.0
hcfc1,pik3r1,131.0
hcfc1,tor3a,118.0
hcfc1,tgfbr1,131.0
hcfc1,pear1,132.0
hcfc1,gbp2,220.0
hcfc1,f2r,118.0
hcfc1,tyrobp,218.0
hcfc1,enpp5,218.0
hcfc1,bc035044,215.0
hcfc1,irf7,115.0
hcfc1,gpr65,204.0
hcfc1,igfbp4,200.0
hcfc1,ncf1,198.0
hcfc1,cdk18,195.0
hcfc1,hspa1a,108.0
hcfc1,haao,192.0
hcfc1,sgpp1,117.0
hcfc1,adora2a,113.0
hcfc1,cfp,190.0
hcfc1,ndrg2,184.0
hcfc1,sh2d5,182.0
hcfc1,cbx7,182.0
hcfc1,anxa2,176.0
hcfc1,maged2,170.0
hcfc1,atp8b4,167.0
hcfc1,fcer1g,164.0
hcfc1,prss57,162.0
hcfc1,gatm,162.0
hcfc1,grina,161.0
hcfc1,ezr,159.0
hcfc1,sytl1,155.0
hcfc1,ddx58,155.0
hcfc1,ctso,152.0
hcfc1,ctsl,152.0
hcfc1,s100a6,151.0
hcfc1,kctd12,150.0
hcfc1,cd74,149.0
hcfc1,anxa3,148.0
hcfc1,bcl2,145.0
hcfc1,siglecg,142.0
hcfc1,rin3,142.0
hcfc1,ptgs1,142.0
hcfc1,dock11,142.0
hcfc1,fgl2,141.0
hcfc1,casp1,140.0
hcfc1,fcgr2b,139.0
hcfc1,rgs2,138.0
hcfc1,slfn2,137.0
hcfc1,pde4b,137.0
hcfc1,tnip3,135.0
hcfc1,oas3,135.0
hcfc1,ifi209,135.0
hcfc1,mettl27,134.0
hcfc1,galnt6,133.0
hcfc1,csgalnact1,133.0
hcfc1,tnfrsf21,129.0
hcfc1,slco3a1,126.0
hcfc1,ppp1r9a,126.0
hcfc1,cand2,125.0
hcfc1,btk,125.0
hcfc1,slc22a3,123.0
hcfc1,5430427o19rik,122.0
hcfc1,plxnc1,121.0
hcfc1,gng2,121.0
hcfc1,tmem176a,118.0
hcfc1,cers6,118.0
hcfc1,ada,116.0
hcfc1,rasa4,115.0
hcfc1,il21r,115.0
hcfc1,prps2,114.0
hcfc1,man2a2,113.0
hcfc1,stx3,112.0
hcfc1,cd63,112.0
hcfc1,cd9,111.0
hcfc1,csf2rb,109.0
hcfc1,rbpms,108.0
hcfc1,rhof,107.0
hcfc1,naprt,107.0
hcfc1,d1ertd622e,105.0
hcfc1,tmem50b,104.0
hcfc1,tpm4,103.0
hcfc1,epsti1,103.0
hcfc1,pus7,101.0
hdac2,hjurp,2234.0
hdac2,nup107,2541.0
hdac2,eif2b1,1868.0
hdac2,nolc1,1910.0
hdac2,ndufv1,1656.0
hdac2,cdca5,1540.0
hdac2,nuf2,1522.0
hdac2,ddx20,1687.0
hdac2,mis18bp1,1471.0
hdac2,msh6,1659.0
hdac2,mief1,1626.0
hdac2,snrnp200,1331.0
hdac2,hyou1,1326.0
hdac2,tpx2,1232.0
hdac2,clptm1l,1287.0
hdac2,top3b,1120.0
hdac2,trmt6,1416.0
hdac2,mtrex,1448.0
hdac2,slc35e1,1654.0
hdac2,cdc6,1498.0
hdac2,kif20b,1684.0
hdac2,otud6b,1463.0
hdac2,armt1,1464.0
hdac2,psme3,1274.0
hdac2,synj1,1152.0
hdac2,mcm7,1058.0
hdac2,polr1b,1185.0
hdac2,rtel1,1202.0
hdac2,rfc4,1330.0
hdac2,mdn1,1237.0
hdac2,abce1,1389.0
hdac2,atf7,1297.0
hdac2,ccna2,1614.0
hdac2,nup155,1105.0
hdac2,cenpk,1330.0
hdac2,atad2,1253.0
hdac2,asf1b,1234.0
hdac2,lonp1,1141.0
hdac2,cltc,995.0
hdac2,nfat5,983.0
hdac2,msmo1,1361.0
hdac2,mtmr6,1462.0
hdac2,shcbp1,1349.0
hdac2,wdr4,1283.0
hdac2,shmt1,1399.0
hdac2,birc5,1074.0
hdac2,tomm40,1256.0
hdac2,rangap1,1297.0
hdac2,pld3,1448.0
hdac2,foxred1,1618.0
hdac2,nceh1,1093.0
hdac2,gmfb,1141.0
hdac2,mad2l1,1174.0
hdac2,ckap2l,1321.0
hdac2,hat1,1145.0
hdac2,tbl3,1107.0
hdac2,fam136a,1149.0
hdac2,tfg,1234.0
hdac2,psmd9,1031.0
hdac2,ifrd2,1499.0
hdac2,tacc3,1204.0
hdac2,xpc,1063.0
hdac2,pold1,1287.0
hdac2,bysl,1126.0
hdac2,cenpa,1138.0
hdac2,prmt7,916.0
hdac2,chordc1,1183.0
hdac2,pdia4,1090.0
hdac2,cks2,1075.0
hdac2,fastkd2,1252.0
hdac2,ppat,915.0
hdac2,thada,1474.0
hdac2,txndc11,1173.0
hdac2,usp42,1356.0
hdac2,tmem184c,1349.0
hdac2,kif11,1046.0
hdac2,xrcc6,1005.0
hdac2,rrm1,1221.0
hdac2,por,1167.0
hdac2,cenpf,1083.0
hdac2,knstrn,1159.0
hdac2,uhrf1,1223.0
hdac2,pbk,1013.0
hdac2,iars,1044.0
hdac2,wdr55,1175.0
hdac2,kpna3,1149.0
hdac2,uap1,1036.0
hdac2,phf5a,892.0
hdac2,mthfd1,1149.0
hdac2,dcaf13,1032.0
hdac2,ppp1cb,1030.0
hdac2,rad51,1088.0
hdac2,elovl5,1103.0
hdac2,ckap2,1329.0
hdac2,ect2,1073.0
hdac2,lap3,1129.0
hdac2,ncapg,892.0
hdac2,dnajc5,1163.0
hdac2,rad51ap1,1025.0
hdac2,acox3,905.0
hdac2,tab1,1154.0
hdac2,nup93,1204.0
hdac2,nop2,940.0
hdac2,mcm5,1070.0
hdac2,ncapg2,1484.0
hdac2,golt1b,1263.0
hdac2,cdca8,1154.0
hdac2,wdhd1,1154.0
hdac2,colgalt1,1266.0
hdac2,mrpl20,1197.0
hdac2,gfm1,1081.0
hdac2,zhx1,1010.0
hdac2,mars,1026.0
hdac2,rpa2,1108.0
hdac2,dus1l,1016.0
hdac2,tmem229b,1440.0
hdac2,incenp,1177.0
hdac2,morc3,1042.0
hdac2,mcm10,1215.0
hdac2,smc2,1242.0
hdac2,slc35a4,924.0
hdac2,adk,952.0
hdac2,timm50,1120.0
hdac2,cipc,897.0
hdac2,usp14,892.0
hdac2,zfp53,865.0
hdac2,samd9l,1323.0
hdac2,adsl,875.0
hdac2,timm29,1233.0
hdac2,hars,1088.0
hdac2,fignl1,867.0
hdac2,idh1,921.0
hdac2,fbxo5,947.0
hdac2,ddx21,899.0
hdac2,osbpl8,886.0
hdac2,seh1l,995.0
hdac2,rfc5,1153.0
hdac2,vkorc1l1,945.0
hdac2,cdc20,949.0
hdac2,slc39a6,908.0
hdac2,elp2,908.0
hdac2,dtl,934.0
hdac2,sdf2l1,907.0
hdac2,patl1,1155.0
hdac2,nup85,968.0
hdac2,zdhhc6,851.0
hdac2,lrrc59,982.0
hdac2,ncaph,1451.0
hdac2,coq8a,1017.0
hdac2,zfp451,1001.0
hdac2,9430015g10rik,1143.0
hdac2,nedd1,921.0
hdac2,prmt5,907.0
hdac2,cdk1,923.0
hdac2,mgat1,1068.0
hdac2,gmcl1,1180.0
hdac2,slc20a1,883.0
hdac2,elac2,1059.0
hdac2,sec23ip,1105.0
hdac2,slc30a5,1208.0
hdac2,rexo4,928.0
hdac2,spc25,874.0
hdac2,crebrf,934.0
hdac2,ahcyl1,1122.0
hdac2,strap,1024.0
hdac2,cybc1,970.0
hdac2,ube2c,1035.0
hdac2,gbp3,1047.0
hdac2,ptprs,992.0
hdac2,immt,912.0
hdac2,lonp2,925.0
hdac2,tex10,910.0
hdac2,nubp2,1353.0
hdac2,qars,1024.0
hdac2,mfsd1,781.0
hdac2,hsph1,1000.0
hdac2,me2,1012.0
hdac2,pwp2,749.0
hdac2,abhd17b,1032.0
hdac2,pfkfb3,730.0
hdac2,tmem43,1321.0
hdac2,smarca2,1123.0
hdac2,def8,892.0
hdac2,rps6ka5,1020.0
hdac2,dhx33,956.0
hdac2,osbpl1a,956.0
hdac2,acaa2,1133.0
hdac2,hdac2,1234.0
hdac2,tubgcp3,885.0
hdac2,eftud2,975.0
hdac2,wdr43,993.0
hdac2,gtf2h1,1048.0
hdac2,ubr7,1042.0
hdac2,rprd1b,987.0
hdac2,rad21,1046.0
hdac2,ypel3,1054.0
hdac2,gtf2f1,1084.0
hdac2,arid5a,1014.0
hdac2,slbp,858.0
hdac2,aldh9a1,738.0
hdac2,tars,824.0
hdac2,mcm3,891.0
hdac2,dpp8,1024.0
hdac2,prc1,827.0
hdac2,dnajc9,879.0
hdac2,9530068e07rik,998.0
hdac2,serpinb6a,910.0
hdac2,atp1b3,808.0
hdac2,usp37,856.0
hdac2,slc35b4,1037.0
hdac2,cad,929.0
hdac2,ruvbl2,914.0
hdac2,ccdc137,795.0
hdac2,f2r,994.0
hdac2,tubgcp2,850.0
hdac2,pla2g15,940.0
hdac2,dnajc11,1090.0
hdac2,rptor,851.0
hdac2,bub1b,1012.0
hdac2,cdt1,916.0
hdac2,etf1,1089.0
hdac2,pttg1ip,947.0
hdac2,ipo9,785.0
hdac2,tomm70a,812.0
hdac2,ostm1,929.0
hdac2,psmg2,810.0
hdac2,pcmtd1,961.0
hdac2,cbfb,734.0
hdac2,dhfr,988.0
hdac2,hus1,756.0
hdac2,tcf19,767.0
hdac2,bcap29,929.0
hdac2,cenpo,1034.0
hdac2,mcm4,760.0
hdac2,irf9,1120.0
hdac2,pole3,962.0
hdac2,anxa5,1138.0
hdac2,farsb,960.0
hdac2,tmem33,808.0
hdac2,prpf4,996.0
hdac2,cse1l,924.0
hdac2,stxbp4,895.0
hdac2,ranbp3,1227.0
hdac2,rabggtb,1030.0
hdac2,mtch2,863.0
hdac2,otud4,817.0
hdac2,slc31a1,979.0
hdac2,slc26a2,904.0
hdac2,rars,971.0
hdac2,psen1,844.0
hdac2,nsun2,932.0
hdac2,cks1b,837.0
hdac2,rpap1,930.0
hdac2,ctr9,909.0
hdac2,sgms1,1480.0
hdac2,dnm1l,699.0
hdac2,txnip,895.0
hdac2,metap1,1093.0
hdac2,ints13,806.0
hdac2,ndrg1,1251.0
hdac2,rpa1,806.0
hdac2,serpinb9,919.0
hdac2,rpp40,954.0
hdac2,zfp35,823.0
hdac2,ctc1,874.0
hdac2,spcs3,810.0
hdac2,abl2,754.0
hdac2,ncapd2,692.0
hdac2,gusb,925.0
hdac2,acss2,844.0
hdac2,tipin,807.0
hdac2,fem1b,821.0
hdac2,eif1ad,780.0
hdac2,itpr1,749.0
hdac2,rel,744.0
hdac2,fdft1,1048.0
hdac2,mpzl1,925.0
hdac2,pno1,785.0
hdac2,eaf1,773.0
hdac2,nus1,947.0
hdac2,fgfr1op,1045.0
hdac2,nusap1,853.0
hdac2,dck,797.0
hdac2,cln5,856.0
hdac2,tmem97,705.0
hdac2,eif3b,892.0
hdac2,micu1,838.0
hdac2,prelid3b,927.0
hdac2,lig1,819.0
hdac2,plin3,704.0
hdac2,pola2,955.0
hdac2,ccne2,688.0
hdac2,stt3b,745.0
hdac2,sesn1,878.0
hdac2,btaf1,1040.0
hdac2,kat7,993.0
hdac2,hells,654.0
hdac2,topors,822.0
hdac2,tmx4,844.0
hdac2,api5,976.0
hdac2,ganab,840.0
hdac2,sppl2b,828.0
hdac2,tspan14,890.0
hdac2,slc25a46,730.0
hdac2,nudcd1,813.0
hdac2,orc2,698.0
hdac2,mapk1,721.0
hdac2,dock10,1266.0
hdac2,ppp1r15a,772.0
hdac2,atad1,1027.0
hdac2,slc25a38,779.0
hdac2,abl1,674.0
hdac2,psmd6,809.0
hdac2,rmnd5a,830.0
hdac2,plaa,993.0
hdac2,sf3b3,696.0
hdac2,rnf4,1026.0
hdac2,cenpe,801.0
hdac2,edem1,874.0
hdac2,eef1e1,746.0
hdac2,mis12,702.0
hdac2,ndc1,807.0
hdac2,xpnpep1,706.0
hdac2,rgs2,775.0
hdac2,zfp24,727.0
hdac2,zfp367,771.0
hdac2,erlin1,899.0
hdac2,phkb,701.0
hdac2,wdr5,824.0
hdac2,abcb8,1157.0
hdac2,agps,920.0
hdac2,fam91a1,816.0
hdac2,atp13a1,790.0
hdac2,psmd1,775.0
hdac2,tes,943.0
hdac2,tyms,869.0
hdac2,ptcd3,652.0
hdac2,cstf2,892.0
hdac2,tecpr1,855.0
hdac2,gsr,572.0
hdac2,fcho2,660.0
hdac2,ppm1f,752.0
hdac2,cd82,875.0
hdac2,top2a,632.0
hdac2,fam76b,822.0
hdac2,wsb1,768.0
hdac2,tbc1d10c,646.0
hdac2,gpd1l,727.0
hdac2,sec24d,1040.0
hdac2,aldh18a1,667.0
hdac2,nudt19,815.0
hdac2,ccnb1,900.0
hdac2,mogs,924.0
hdac2,ctsl,746.0
hdac2,mtmr4,742.0
hdac2,cyb5r1,770.0
hdac2,fbxw11,941.0
hdac2,psat1,732.0
hdac2,ptdss1,607.0
hdac2,arl8b,685.0
hdac2,stat2,739.0
hdac2,rcc1,1053.0
hdac2,tespa1,962.0
hdac2,umps,723.0
hdac2,csgalnact2,1075.0
hdac2,gars,747.0
hdac2,zfp322a,764.0
hdac2,polr2b,680.0
hdac2,pip4k2a,928.0
hdac2,eml4,689.0
hdac2,tmem206,723.0
hdac2,ddx1,588.0
hdac2,rgs19,674.0
hdac2,ado,987.0
hdac2,tm7sf3,754.0
hdac2,trmt11,674.0
hdac2,lman2l,689.0
hdac2,chrnb1,806.0
hdac2,akap8l,643.0
hdac2,ftsj3,767.0
hdac2,ercc8,664.0
hdac2,dnajc10,664.0
hdac2,jpt2,821.0
hdac2,pole,711.0
hdac2,gmnn,699.0
hdac2,4833439l19rik,906.0
hdac2,nol9,994.0
hdac2,tmx3,598.0
hdac2,golim4,596.0
hdac2,xaf1,732.0
hdac2,ddx39,825.0
hdac2,tnfrsf21,820.0
hdac2,ndufs1,577.0
hdac2,cnih1,864.0
hdac2,pik3r2,880.0
hdac2,glb1,630.0
hdac2,slc19a1,931.0
hdac2,mcm2,571.0
hdac2,tnpo1,654.0
hdac2,cbx5,742.0
hdac2,cers6,719.0
hdac2,idh3a,703.0
hdac2,fam102b,736.0
hdac2,tor3a,678.0
hdac2,spidr,791.0
hdac2,b230219d22rik,680.0
hdac2,gns,870.0
hdac2,ap1s2,834.0
hdac2,hexa,701.0
hdac2,acly,909.0
hdac2,calcrl,618.0
hdac2,fastkd3,687.0
hdac2,arhgap15,787.0
hdac2,setd2,645.0
hdac2,herpud1,595.0
hdac2,znrf2,676.0
hdac2,atrn,724.0
hdac2,trim59,623.0
hdac2,nampt,669.0
hdac2,cdc45,712.0
hdac2,pcmtd2,889.0
hdac2,utp4,618.0
hdac2,far1,700.0
hdac2,e2f4,709.0
hdac2,spc24,577.0
hdac2,e2f8,692.0
hdac2,stom,750.0
hdac2,cdc7,647.0
hdac2,cd274,620.0
hdac2,tbc1d9b,727.0
hdac2,racgap1,758.0
hdac2,ergic1,674.0
hdac2,ubac1,780.0
hdac2,naa50,742.0
hdac2,fcgrt,1506.0
hdac2,itsn1,615.0
hdac2,fem1a,624.0
hdac2,bid,767.0
hdac2,acox1,712.0
hdac2,cul3,683.0
hdac2,ckap5,470.0
hdac2,atg12,589.0
hdac2,ap3s1,589.0
hdac2,arl6ip6,649.0
hdac2,zdhhc13,609.0
hdac2,gbp7,1336.0
hdac2,cdca3,787.0
hdac2,psme4,561.0
hdac2,hacd3,514.0
hdac2,kif22,549.0
hdac2,gemin5,703.0
hdac2,irgm2,675.0
hdac2,prim1,733.0
hdac2,st6galnac4,729.0
hdac2,prim2,528.0
hdac2,tbc1d5,615.0
hdac2,sfxn1,760.0
hdac2,myo5a,683.0
hdac2,sptbn1,922.0
hdac2,abcb10,797.0
hdac2,panx1,879.0
hdac2,cdca7,514.0
hdac2,mrpl37,585.0
hdac2,mtfr1,598.0
hdac2,usp10,678.0
hdac2,isyna1,516.0
hdac2,cdca4,651.0
hdac2,tcp11l2,597.0
hdac2,slc16a1,584.0
hdac2,glipr2,587.0
hdac2,emilin1,1261.0
hdac2,prkcd,646.0
hdac2,arfgef2,917.0
hdac2,kctd20,709.0
hdac2,s100a6,668.0
hdac2,med16,709.0
hdac2,h2afx,530.0
hdac2,lactb,486.0
hdac2,camk2d,594.0
hdac2,uba2,678.0
hdac2,vps35,600.0
hdac2,orc6,600.0
hdac2,copb1,628.0
hdac2,mgat5,618.0
hdac2,pbx1,1063.0
hdac2,scarb1,546.0
hdac2,snap47,493.0
hdac2,mtr,564.0
hdac2,soat1,488.0
hdac2,shisa5,542.0
hdac2,il6st,587.0
hdac2,pitpnc1,486.0
hdac2,lax1,902.0
hdac2,hnrnpll,654.0
hdac2,timp2,573.0
hdac2,mtor,609.0
hdac2,ctps,487.0
hdac2,trim35,548.0
hdac2,gmip,539.0
hdac2,rnf38,653.0
hdac2,mfsd14b,820.0
hdac2,xrcc3,501.0
hdac2,dlst,468.0
hdac2,mettl7a1,806.0
hdac2,mob3c,558.0
hdac2,rgcc,658.0
hdac2,nup88,545.0
hdac2,aurkb,878.0
hdac2,igtp,654.0
hdac2,prep,700.0
hdac2,elmo2,584.0
hdac2,otulinl,761.0
hdac2,odc1,605.0
hdac2,pla2g12a,647.0
hdac2,uba7,672.0
hdac2,lgals1,556.0
hdac2,fam111a,529.0
hdac2,btg2,496.0
hdac2,golph3,567.0
hdac2,nfkbia,442.0
hdac2,epsti1,726.0
hdac2,akna,687.0
hdac2,tsc22d1,500.0
hdac2,ccnb2,777.0
hdac2,atp6ap2,541.0
hdac2,srm,579.0
hdac2,snap23,482.0
hdac2,tspan3,581.0
hdac2,nadk,560.0
hdac2,acot9,423.0
hdac2,gem,714.0
hdac2,ncln,904.0
hdac2,pus7,653.0
hdac2,pclaf,465.0
hdac2,man2a2,465.0
hdac2,nmd3,406.0
hdac2,slc2a3,689.0
hdac2,slco4a1,581.0
hdac2,arcn1,493.0
hdac2,h2-dma,410.0
hdac2,mto1,467.0
hdac2,pik3r1,470.0
hdac2,neil3,457.0
hdac2,rasa4,596.0
hdac2,laptm4b,708.0
hdac2,flnb,497.0
hdac2,dennd1c,867.0
hdac2,unc93b1,659.0
hdac2,pstpip1,840.0
hdac2,mllt3,455.0
hdac2,sh3bgrl,554.0
hdac2,ccdc50,543.0
hdac2,pfkp,503.0
hdac2,eif4enif1,567.0
hdac2,1700017b05rik,433.0
hdac2,cs,422.0
hdac2,itgal,832.0
hdac2,st8sia4,655.0
hdac2,nasp,409.0
hdac2,mapkapk3,524.0
hdac2,slc29a1,707.0
hdac2,csgalnact1,885.0
hdac2,ezr,449.0
hdac2,ctso,453.0
hdac2,phf10,564.0
hdac2,memo1,463.0
hdac2,inpp5b,482.0
hdac2,tgfbr1,454.0
hdac2,alas1,614.0
hdac2,dhrs3,499.0
hdac2,taf12,457.0
hdac2,map4k2,550.0
hdac2,tmem173,565.0
hdac2,ubl4a,419.0
hdac2,itch,393.0
hdac2,rrm2,384.0
hdac2,eya2,774.0
hdac2,plekho2,497.0
hdac2,il27ra,526.0
hdac2,bc005561,470.0
hdac2,tmem50b,564.0
hdac2,lsp1,982.0
hdac2,capg,570.0
hdac2,atp6ap1,404.0
hdac2,tec,746.0
hdac2,kif13a,722.0
hdac2,flt3,720.0
hdac2,rcor1,599.0
hdac2,ankrd44,688.0
hdac2,ints8,501.0
hdac2,hp,1091.0
hdac2,arid2,432.0
hdac2,bcl2,440.0
hdac2,aplp2,458.0
hdac2,atp8b4,612.0
hdac2,nde1,406.0
hdac2,arhgef18,532.0
hdac2,cd63,794.0
hdac2,ggta1,398.0
hdac2,rin3,588.0
hdac2,dusp1,559.0
hdac2,ube2l6,421.0
hdac2,stag2,531.0
hdac2,tcirg1,543.0
hdac2,nuak2,638.0
hdac2,hdac7,781.0
hdac2,cd44,681.0
hdac2,isg20,670.0
hdac2,phf6,506.0
hdac2,ino80d,501.0
hdac2,c1rl,421.0
hdac2,slc44a2,430.0
hdac2,fggy,431.0
hdac2,usp11,426.0
hdac2,oasl2,621.0
hdac2,mlkl,710.0
hdac2,nploc4,506.0
hdac2,il17ra,1031.0
hdac2,sgpp1,460.0
hdac2,csad,609.0
hdac2,zfp945,681.0
hdac2,ybx3,629.0
hdac2,ly9,568.0
hdac2,atp10a,469.0
hdac2,jun,509.0
hdac2,ctsz,456.0
hdac2,gprasp1,369.0
hdac2,napsa,1107.0
hdac2,cyfip2,658.0
hdac2,d1ertd622e,589.0
hdac2,ptgs1,878.0
hdac2,pear1,773.0
hdac2,zfp422,591.0
hdac2,maml3,373.0
hdac2,ptpn7,517.0
hdac2,phf11b,1583.0
hdac2,zmiz1,449.0
hdac2,rab37,489.0
hdac2,prkch,593.0
hdac2,cnn3,437.0
hdac2,nptn,395.0
hdac2,gng12,376.0
hdac2,rgs1,926.0
hdac2,egr1,468.0
hdac2,parp8,419.0
hdac2,cers4,517.0
hdac2,snx30,494.0
hdac2,cyp4v3,471.0
hdac2,fuca2,518.0
hdac2,klf6,486.0
hdac2,rtp4,583.0
hdac2,mfng,556.0
hdac2,ddx60,364.0
hdac2,mtmr1,477.0
hdac2,flot2,882.0
hdac2,nrros,629.0
hdac2,mettl27,460.0
hdac2,frrs1,405.0
hdac2,cst7,706.0
hdac2,maged2,460.0
hdac2,angpt1,565.0
hdac2,clec12a,667.0
hdac2,mpi,452.0
hdac2,dock11,384.0
hdac2,tk1,418.0
hdac2,socs2,454.0
hdac2,mc5r,460.0
hdac2,kcnk5,501.0
hdac2,cd69,950.0
hdac2,ctla2a,956.0
hdac2,cish,442.0
hdac2,tm6sf1,601.0
hdac2,tnfrsf13c,590.0
hdac2,gabbr1,571.0
hdac2,slc43a3,568.0
hdac2,iars2,451.0
hdac2,retreg1,654.0
hdac2,spns3,511.0
hdac2,dennd2d,554.0
hdac2,rps6ka3,348.0
hdac2,gbp2,541.0
hdac2,atp11c,384.0
hdac2,nudt4,362.0
hdac2,vav3,591.0
hdac2,pik3ip1,557.0
hdac2,g6pdx,326.0
hdac2,fstl1,452.0
hdac2,plscr4,407.0
hdac2,hspa1a,393.0
hdac2,haao,740.0
hdac2,zbtb38,372.0
hdac2,cbx7,733.0
hdac2,rp2,374.0
hdac2,arrdc4,423.0
hdac2,ldhb,370.0
hdac2,pak1,527.0
hdac2,pde4b,427.0
hdac2,tent5a,361.0
hdac2,prodh,453.0
hdac2,ifi203,729.0
hdac2,anxa2,718.0
hdac2,prps2,252.0
hdac2,pidd1,322.0
hdac2,pglyrp2,474.0
hdac2,hmgb3,336.0
hdac2,gfi1b,912.0
hdac2,lmo4,290.0
hdac2,fgl2,833.0
hdac2,gimap5,676.0
hdac2,sla2,505.0
hdac2,gimap6,536.0
hdac2,tcn2,463.0
hdac2,tmem176a,477.0
hdac2,bace1,325.0
hdac2,mycn,596.0
hdac2,kctd12,602.0
hdac2,emid1,754.0
hdac2,neurl3,727.0
hdac2,obsl1,419.0
hdac2,sort1,466.0
hdac2,mki67,386.0
hdac2,jarid2,326.0
hdac2,h1f0,467.0
hdac2,cd53,934.0
hdac2,tbc1d2b,417.0
hdac2,serpinb6b,403.0
hdac2,trim30d,453.0
hdac2,cttn,333.0
hdac2,ada,442.0
hdac2,mcoln2,415.0
hdac2,gng11,595.0
hdac2,zfp467,478.0
hdac2,icam1,665.0
hdac2,syk,479.0
hdac2,slco3a1,278.0
hdac2,epb41l4b,367.0
hdac2,gclc,358.0
hdac2,cd93,408.0
hdac2,fam171a1,472.0
hdac2,ptgr1,403.0
hdac2,irf7,343.0
hdac2,zbtb20,508.0
hdac2,prr5,368.0
hdac2,ddx58,284.0
hdac2,ssh3,300.0
hdac2,spns2,457.0
hdac2,gimap8,356.0
hdac2,ubash3a,435.0
hdac2,gcnt2,449.0
hdac2,trim47,585.0
hdac2,pim2,309.0
hdac2,cand2,580.0
hdac2,tgtp2,331.0
hdac2,grina,410.0
hdac2,selenop,412.0
hdac2,lyn,442.0
hdac2,h2-q6,726.0
hdac2,prss57,442.0
hdac2,ccl9,417.0
hdac2,procr,588.0
hdac2,fes,822.0
hdac2,h2-ob,743.0
hdac2,rab31,426.0
hdac2,serpina3g,842.0
hdac2,sirpa,351.0
hdac2,cerk,317.0
hdac2,parvg,459.0
hdac2,gria3,458.0
hdac2,ctla2b,441.0
hdac2,hcfc1,333.0
hdac2,hacd4,438.0
hdac2,lpcat2,473.0
hdac2,cdk18,358.0
hdac2,col4a2,323.0
hdac2,sytl1,398.0
hdac2,cd9,307.0
hdac2,fam189b,390.0
hdac2,arhgef39,355.0
hdac2,myo1f,338.0
hdac2,anxa1,654.0
hdac2,slc22a3,267.0
hdac2,naprt,366.0
hdac2,myo1g,352.0
hdac2,siglecg,928.0
hdac2,slc28a2,414.0
hdac2,il21r,482.0
hdac2,gimap1,468.0
hdac2,pkib,891.0
hdac2,gata2,390.0
hdac2,anxa3,589.0
hdac2,itih5,463.0
hdac2,cfp,682.0
hdac2,rassf4,461.0
hdac2,sell,418.0
hdac2,cd48,447.0
hdac2,iigp1,494.0
hdac2,rbpms,260.0
hdac2,sgce,370.0
hdac2,mbnl3,276.0
hdac2,bc035044,652.0
hdac2,tyrobp,492.0
hdac2,igfbp4,409.0
hdac2,satb1,342.0
hdac2,tpm4,355.0
hdac2,serpinb1a,423.0
hdac2,hdgfl3,240.0
hdac2,gpr65,214.0
hdac2,sorl1,373.0
hdac2,mamdc2,410.0
hdac2,adssl1,281.0
hdac2,ndrg2,304.0
hdac2,ebi3,902.0
hdac2,fcgr2b,563.0
hdac2,gng2,385.0
hdac2,prkcq,298.0
hdac2,slfn2,411.0
hdac2,apoe,605.0
hdac2,cnrip1,433.0
hdac2,flna,179.0
hdac2,slc37a1,474.0
hdac2,rhof,377.0
hdac2,abcg3,254.0
hdac2,plek,623.0
hdac2,dok2,244.0
hdac2,zfp36,207.0
hdac2,gm1966,582.0
hdac2,hid1,318.0
hdac2,plxdc2,267.0
hdac2,emb,263.0
hdac2,vsir,263.0
hdac2,casp4,387.0
hdac2,ly86,563.0
hdac2,abcg2,206.0
hdac2,padi4,421.0
hdac2,5430427o19rik,524.0
hdac2,casp1,310.0
hdac2,ncf1,673.0
hdac2,gpr160,220.0
hdac2,cyp2j6,211.0
hdac2,stx3,240.0
hdac2,f13a1,298.0
hdac2,efcc1,361.0
hdac2,nfam1,326.0
hdac2,thsd1,246.0
hdac2,slpi,330.0
hdac2,cyp2j9,239.0
hdac2,il12a,762.0
hdac2,susd3,520.0
hdac2,mecom,284.0
hdac2,rcsd1,387.0
hdac2,sult1a1,241.0
hdac2,vav1,213.0
hdac2,fut7,200.0
hdac2,irf8,196.0
hdac2,lcp2,200.0
hdac2,ifi209,254.0
hdac2,tgtp1,194.0
hdac2,gm4951,209.0
hdac2,ccl4,398.0
hdac2,enpp5,191.0
hdac2,ltb,495.0
hdac2,plxnc1,259.0
hdac2,slc18a2,205.0
hdac2,cd74,398.0
hdac2,themis2,190.0
hdac2,tinagl1,224.0
hdac2,nkg7,250.0
hdac2,fcer1g,218.0
hdac2,ctsf,179.0
hdac2,tsc22d3,184.0
hdac2,vipr2,175.0
hdac2,b3gnt5,166.0
hdac2,tgm2,215.0
hdac2,cd300a,260.0
hdac2,ly6a,196.0
hdac2,gm5111,257.0
hdac2,aldoc,194.0
hdac2,cd52,168.0
hdac2,clec4e,151.0
hdac2,selenbp1,161.0
hdac2,cpa3,168.0
hdac2,tle2,114.0
hdac2,tbxas1,238.0
hdac2,gatm,158.0
hdac2,tmem246,159.0
hdac2,muc13,195.0
hdac2,ms4a6c,253.0
hdac2,arl11,218.0
hdac2,art4,146.0
hdac2,casp12,129.0
hdac2,plppr3,244.0
hdac2,csf2rb,175.0
hdac2,shisa8,189.0
hdac2,h2-aa,184.0
hdac2,gucy1a1,157.0
hdac2,smpdl3a,162.0
hdac2,grk3,187.0
hdac2,cd68,197.0
hdac2,tifab,149.0
hdac2,pdzk1ip1,274.0
hdac2,sh2d5,165.0
hdac2,tspan2,141.0
hdac2,rab38,164.0
hdac2,ndn,153.0
hdac2,fcgr3,235.0
hdac2,cd244a,137.0
hdac2,scarf1,220.0
hdac2,nsd2,201.0
hdac2,bpifc,187.0
hdac2,ppp1r9a,141.0
hdac2,cdkn1c,135.0
hdac2,itm2a,127.0
irf8,cybc1,2501.0
irf8,h2-q6,3060.0
irf8,gbp7,2889.0
irf8,gbp3,2362.0
irf8,phf11b,2425.0
irf8,irgm2,2222.0
irf8,cd53,1647.0
irf8,igtp,1936.0
irf8,cd274,1521.0
irf8,casp1,2058.0
irf8,gns,1787.0
irf8,rtp4,1733.0
irf8,napsa,1513.0
irf8,cd68,1311.0
irf8,ddx60,1131.0
irf8,rbpms,1353.0
irf8,icam1,1386.0
irf8,samd9l,1439.0
irf8,lsp1,1170.0
irf8,gatm,1813.0
irf8,tmem229b,1106.0
irf8,foxred1,1355.0
irf8,oasl2,912.0
irf8,clec12a,1286.0
irf8,cfp,1563.0
irf8,zfp945,1735.0
irf8,fes,1136.0
irf8,cenpa,1061.0
irf8,tgtp2,1022.0
irf8,gimap6,1345.0
irf8,isg20,734.0
irf8,nceh1,1039.0
irf8,ly86,1391.0
irf8,gbp2,1221.0
irf8,arid5a,741.0
irf8,mettl7a1,918.0
irf8,arl8b,986.0
irf8,fcer1g,1400.0
irf8,phkb,943.0
irf8,hjurp,765.0
irf8,snx30,978.0
irf8,xaf1,628.0
irf8,uba7,557.0
irf8,pfkp,1019.0
irf8,unc93b1,717.0
irf8,synj1,594.0
irf8,bc035044,714.0
irf8,ctsz,773.0
irf8,trim35,904.0
irf8,cd74,799.0
irf8,trim30d,920.0
irf8,nampt,672.0
irf8,dnajc10,912.0
irf8,h2-aa,757.0
irf8,rin3,453.0
irf8,e2f8,469.0
irf8,slfn2,537.0
irf8,stat2,526.0
irf8,oas3,400.0
irf8,epsti1,604.0
irf8,vav3,571.0
irf8,cltc,492.0
irf8,cd300a,386.0
irf8,cln5,770.0
irf8,csf2rb,431.0
irf8,acox3,424.0
irf8,elmo2,299.0
irf8,grk3,499.0
irf8,ftsj3,576.0
irf8,acot9,536.0
irf8,atad1,726.0
irf8,atp8b4,799.0
irf8,mlkl,483.0
irf8,parvg,391.0
irf8,selenop,855.0
irf8,il12a,450.0
irf8,tm6sf1,1299.0
irf8,apoe,612.0
irf8,tmem33,758.0
irf8,tnfrsf21,1522.0
irf8,ebi3,367.0
irf8,ms4a6c,563.0
irf8,serpinb9,367.0
irf8,nfam1,615.0
irf8,rad51ap1,596.0
irf8,sirpa,305.0
irf8,me2,536.0
irf8,tgtp1,356.0
irf8,hells,314.0
irf8,cyp4v3,435.0
irf8,angpt1,430.0
irf8,gng2,449.0
irf8,fcgr2b,220.0
irf8,ifi203,395.0
irf8,edem1,496.0
irf8,cd48,475.0
irf8,nsd2,547.0
irf8,st6galnac4,459.0
irf8,tcirg1,225.0
irf8,hus1,321.0
irf8,lman2l,343.0
irf8,ncf1,406.0
irf8,ctso,282.0
irf8,syk,328.0
irf8,ints13,640.0
irf8,cttn,319.0
irf8,bid,244.0
irf8,nubp2,427.0
irf8,mis12,483.0
irf8,wdr43,320.0
irf8,tbc1d10c,555.0
irf8,ndrg1,303.0
irf8,hnrnpll,360.0
irf8,cdca4,743.0
irf8,golim4,382.0
irf8,dock10,351.0
irf8,ube2l6,323.0
irf8,gmip,405.0
irf8,ctla2b,640.0
irf8,galnt6,604.0
irf8,cd82,417.0
irf8,ncln,396.0
irf8,h2-ob,488.0
irf8,tmx3,161.0
irf8,itgal,510.0
irf8,arrdc4,267.0
irf8,ddx20,213.0
irf8,sf3b3,288.0
irf8,dennd2d,569.0
irf8,irf9,359.0
irf8,ly6c2,459.0
irf8,nudt19,215.0
irf8,haao,289.0
irf8,tespa1,404.0
irf8,cdca5,312.0
irf8,igsf6,558.0
irf8,tbc1d5,208.0
irf8,cnrip1,275.0
irf8,tmem173,277.0
irf8,psen1,507.0
irf8,fut7,412.0
irf8,eif4enif1,383.0
irf8,nfat5,251.0
irf8,wdr5,407.0
irf8,elac2,311.0
irf8,dpp8,278.0
irf8,zdhhc13,218.0
irf8,mrpl20,291.0
irf8,shisa5,266.0
irf8,fam76b,274.0
irf8,tyrobp,314.0
irf8,racgap1,173.0
irf8,tmem206,277.0
irf8,btk,241.0
irf8,zdhhc6,238.0
irf8,tfg,207.0
irf8,zfp367,372.0
irf8,kctd12,442.0
irf8,clec4e,188.0
irf8,xrcc6,310.0
irf8,pik3r1,255.0
irf8,plek,229.0
irf8,cers6,350.0
irf8,eif1ad,162.0
irf8,mgat1,214.0
irf8,scarb1,441.0
irf8,idh1,286.0
irf8,qars,530.0
irf8,lcp2,176.0
irf8,mtor,360.0
irf8,gfi1b,406.0
irf8,myo1g,268.0
irf8,ezr,414.0
irf8,eml4,345.0
irf8,ldhb,243.0
irf8,abcb8,477.0
irf8,serpina3g,186.0
irf8,cst7,241.0
irf8,fgfr1op,199.0
irf8,dus1l,172.0
irf8,txnip,239.0
irf8,dhrs3,227.0
irf8,cyb5r1,296.0
irf8,ccdc137,293.0
irf8,nuf2,174.0
irf8,hars,258.0
irf8,abl1,253.0
irf8,arl11,161.0
irf8,umps,236.0
irf8,tcf19,179.0
irf8,tes,290.0
irf8,metap1,173.0
irf8,ifi209,202.0
irf8,hacd4,258.0
irf8,zfp53,206.0
irf8,timm29,209.0
irf8,mcm7,135.0
irf8,plin3,292.0
irf8,rprd1b,192.0
irf8,rexo4,159.0
irf8,prim2,202.0
irf8,bcap29,202.0
irf8,zfp35,194.0
irf8,rtel1,284.0
irf8,arhgap15,157.0
irf8,kif22,252.0
irf8,gusb,202.0
irf8,hacd3,188.0
irf8,mcm4,138.0
irf8,gimap5,216.0
irf8,etf1,202.0
irf8,morc3,219.0
irf8,snrnp200,137.0
irf8,tbxas1,192.0
irf8,ptgs1,133.0
irf8,tmem184c,220.0
irf8,rp2,337.0
irf8,siglecg,226.0
irf8,eng,207.0
irf8,aldh18a1,173.0
irf8,bub1b,130.0
irf8,tifab,169.0
irf8,sgms1,163.0
irf8,cnih1,216.0
irf8,mars,191.0
irf8,lonp2,164.0
irf8,b230219d22rik,311.0
irf8,plekho2,156.0
irf8,dennd1c,168.0
irf8,ccne2,173.0
irf8,retreg1,186.0
irf8,gm4951,148.0
irf8,cenpk,173.0
irf8,lrrc59,151.0
irf8,arhgef39,142.0
irf8,otud6b,199.0
irf8,nudcd1,154.0
irf8,dnajc9,139.0
irf8,pik3ip1,150.0
irf8,trmt6,138.0
irf8,smc2,169.0
irf8,iigp1,146.0
irf8,cbfb,158.0
irf8,kif20b,146.0
irf8,s100a6,261.0
irf8,csf1r,257.0
irf8,btaf1,143.0
irf8,nop2,153.0
irf8,nus1,144.0
irf8,h2-dma,126.0
irf8,gmfb,129.0
irf8,top3b,127.0
irf8,ckap2l,126.0
irf8,d1ertd622e,236.0
irf8,atp10a,131.0
irf8,ubr7,129.0
irf8,ndufs1,229.0
irf8,dnm1l,128.0
irf8,tbl3,140.0
irf8,e2f4,224.0
irf8,dok2,137.0
irf8,tec,216.0
irf8,naa50,121.0
irf8,mtmr1,213.0
irf8,atad2,108.0
irf8,nup155,139.0
irf8,knstrn,210.0
irf8,atp6ap2,207.0
irf8,psat1,206.0
irf8,mis18bp1,105.0
irf8,gtf2h1,194.0
irf8,cd244a,193.0
irf8,cenpo,192.0
irf8,1700017b05rik,190.0
irf8,sult1a1,189.0
irf8,xpc,109.0
irf8,gcnt2,183.0
irf8,cenpf,182.0
irf8,scarf1,177.0
irf8,cipc,177.0
irf8,rangap1,173.0
irf8,ccl4,171.0
irf8,stt3b,170.0
irf8,usp10,168.0
irf8,fam111a,164.0
irf8,chordc1,164.0
irf8,rpp40,163.0
irf8,adsl,163.0
irf8,tspan14,162.0
irf8,psme4,162.0
irf8,hat1,162.0
irf8,cdca3,162.0
irf8,prmt5,161.0
irf8,mdn1,159.0
irf8,ino80d,158.0
irf8,vsir,155.0
irf8,abce1,155.0
irf8,hsph1,151.0
irf8,svip,150.0
irf8,gm1966,149.0
irf8,acss2,146.0
irf8,prpf4,144.0
irf8,calcrl,143.0
irf8,vav1,142.0
irf8,tnpo1,142.0
irf8,birc5,142.0
irf8,psmd6,139.0
irf8,fem1b,134.0
irf8,nedd1,133.0
irf8,nup107,132.0
irf8,myo5a,131.0
irf8,dhx33,130.0
irf8,smarca2,123.0
irf8,ms4a3,118.0
irf8,zbtb20,117.0
irf8,immt,114.0
irf8,clptm1l,113.0
irf8,kat7,111.0
irf8,eif2b1,111.0
irf8,fcgr3,110.0
irf8,casp4,110.0
irf8,rnf4,109.0
irf8,fam102b,109.0
irf8,inpp5b,108.0
irf8,cenpe,107.0
irf8,gpd1l,104.0
irf8,atp1b3,104.0
irf8,pld3,103.0
irf8,gfm1,102.0
irf8,spc25,101.0
jun,jun,2101.0
jun,cdt1,2065.0
jun,colgalt1,2058.0
jun,tmx4,2545.0
jun,slc35a4,2167.0
jun,btg2,1839.0
jun,gusb,1806.0
jun,capg,1700.0
jun,cd63,1987.0
jun,abcb8,1888.0
jun,cd68,1568.0
jun,trim47,2426.0
jun,atp8b4,1992.0
jun,clec12a,2058.0
jun,ccl4,1764.0
jun,neurl3,2064.0
jun,hspa1a,1844.0
jun,mtmr4,1639.0
jun,ppp1r15a,1458.0
jun,cish,2465.0
jun,shisa5,1564.0
jun,plek,1610.0
jun,slfn2,1427.0
jun,tmem229b,1726.0
jun,prc1,1795.0
jun,tgm2,2382.0
jun,acss2,2085.0
jun,uba7,2126.0
jun,gbp3,1643.0
jun,atad1,2024.0
jun,cse1l,1424.0
jun,cltc,1334.0
jun,tnpo1,1617.0
jun,lactb,1480.0
jun,nfkbia,1453.0
jun,tcirg1,1511.0
jun,klf6,1179.0
jun,pld3,1885.0
jun,etf1,1484.0
jun,ncapg2,1424.0
jun,hk3,1823.0
jun,cd44,1218.0
jun,lsp1,1535.0
jun,tpm4,1436.0
jun,slc30a5,1198.0
jun,sirpa,1150.0
jun,hat1,1579.0
jun,ebi3,2179.0
jun,ezr,1366.0
jun,xaf1,1396.0
jun,dusp1,1174.0
jun,elmo2,1483.0
jun,qars,1281.0
jun,camk2d,1505.0
jun,rtp4,1598.0
jun,plin3,1112.0
jun,smarca2,1161.0
jun,nampt,1208.0
jun,slco4a1,1706.0
jun,bpifc,1393.0
jun,gbp7,1389.0
jun,pde4b,925.0
jun,h2-q6,1390.0
jun,tubgcp2,1304.0
jun,lrrc59,1018.0
jun,clec4e,1620.0
jun,anxa2,1098.0
jun,cyp4v3,1457.0
jun,cfp,1384.0
jun,nolc1,1073.0
jun,slpi,2056.0
jun,ube2l6,1578.0
jun,txnip,1658.0
jun,mars,1093.0
jun,f2r,1266.0
jun,synj1,1130.0
jun,ruvbl2,1169.0
jun,tfg,1049.0
jun,tmem33,1012.0
jun,ctla2b,1511.0
jun,def8,1042.0
jun,rangap1,1169.0
jun,hjurp,762.0
jun,slc31a1,1113.0
jun,uap1,1100.0
jun,gbp2,1571.0
jun,tnip3,1995.0
jun,cd244a,1368.0
jun,txndc11,1208.0
jun,rel,1613.0
jun,btaf1,1093.0
jun,phf11b,1924.0
jun,rfc4,1063.0
jun,arl11,1043.0
jun,fignl1,732.0
jun,rad51ap1,1152.0
jun,sgms1,1238.0
jun,rbpms,1139.0
jun,oas3,1310.0
jun,ptprs,1003.0
jun,isg20,1004.0
jun,fem1b,1617.0
jun,e2f8,1524.0
jun,dhx33,711.0
jun,ctc1,954.0
jun,elovl5,1018.0
jun,slc25a38,937.0
jun,cdca5,914.0
jun,golph3,1143.0
jun,kctd20,914.0
jun,tor3a,1064.0
jun,nubp2,665.0
jun,mief1,851.0
jun,pak1,1681.0
jun,retreg1,1630.0
jun,birc5,819.0
jun,cenpa,1173.0
jun,igsf6,1614.0
jun,patl1,1312.0
jun,galnt6,1044.0
jun,ifi203,936.0
jun,nup107,841.0
jun,tmem43,923.0
jun,rgcc,858.0
jun,tnfrsf21,1022.0
jun,dck,959.0
jun,herpud1,806.0
jun,smpdl3a,1052.0
jun,ppm1f,1463.0
jun,cbx5,857.0
jun,kpna3,602.0
jun,lonp1,868.0
jun,ly9,1178.0
jun,tyrobp,866.0
jun,zfp367,851.0
jun,gimap6,948.0
jun,shcbp1,815.0
jun,gem,961.0
jun,rgs1,963.0
jun,ddx20,822.0
jun,abce1,782.0
jun,calcrl,767.0
jun,pcmtd1,830.0
jun,casp4,1709.0
jun,clptm1l,934.0
jun,stat2,1095.0
jun,ahcyl1,767.0
jun,idh1,1173.0
jun,gns,536.0
jun,osbpl8,803.0
jun,arid5a,869.0
jun,eng,1098.0
jun,kat7,717.0
jun,adora2a,1397.0
jun,uhrf1,759.0
jun,naa50,676.0
jun,tbxas1,1094.0
jun,micu1,762.0
jun,dnajc10,790.0
jun,s100a6,772.0
jun,rab44,1149.0
jun,gtf2f1,593.0
jun,foxred1,1021.0
jun,fam111a,956.0
jun,zfp945,897.0
jun,akna,696.0
jun,fam136a,769.0
jun,cs,1092.0
jun,nedd1,1008.0
jun,ncaph,828.0
jun,slc35e1,657.0
jun,acox3,1121.0
jun,tmem184c,759.0
jun,rcc1,1297.0
jun,ctsz,1085.0
jun,tbl3,863.0
jun,tsc22d1,815.0
jun,ldhb,1073.0
jun,snrnp200,565.0
jun,kctd12,1017.0
jun,erlin1,796.0
jun,adssl1,863.0
jun,cd53,822.0
jun,cd69,1923.0
jun,prmt5,875.0
jun,por,555.0
jun,wsb1,575.0
jun,arl8b,444.0
jun,ly6a,899.0
jun,ankrd44,966.0
jun,mtrex,651.0
jun,me2,1175.0
jun,timm50,745.0
jun,timm29,584.0
jun,xrcc6,523.0
jun,nadk,2080.0
jun,dock10,931.0
jun,dpp8,637.0
jun,phf5a,503.0
jun,xpnpep1,612.0
jun,cst7,1024.0
jun,arl6ip6,1672.0
jun,dennd1c,757.0
jun,rnf38,951.0
jun,bcl2,608.0
jun,vkorc1l1,609.0
jun,atf7,634.0
jun,cenpe,646.0
jun,gcnt2,968.0
jun,sec23ip,1072.0
jun,chordc1,807.0
jun,psmd1,937.0
jun,mapkapk3,727.0
jun,ifrd2,943.0
jun,tars,738.0
jun,stx3,617.0
jun,arrdc4,1207.0
jun,tes,1030.0
jun,psen1,741.0
jun,rmnd5a,863.0
jun,wdr43,586.0
jun,mtmr6,674.0
jun,mgat1,490.0
jun,sdf2l1,1165.0
jun,strap,496.0
jun,anxa5,738.0
jun,cdca4,586.0
jun,9530068e07rik,591.0
jun,sesn1,650.0
jun,rin3,951.0
jun,ndufv1,626.0
jun,zdhhc13,865.0
jun,dok2,547.0
jun,napsa,833.0
jun,kif11,602.0
jun,psme4,692.0
jun,cdca3,542.0
jun,mettl7a1,772.0
jun,cul3,560.0
jun,plaa,806.0
jun,procr,925.0
jun,fcgr3,807.0
jun,nuf2,674.0
jun,cers6,771.0
jun,serpina3g,1040.0
jun,nol9,623.0
jun,tbc1d10c,517.0
jun,samd9l,1214.0
jun,myo5a,611.0
jun,ypel3,894.0
jun,fem1a,525.0
jun,plekho2,790.0
jun,csf1r,1171.0
jun,cd82,534.0
jun,ptpn7,910.0
jun,tomm40,465.0
jun,bysl,775.0
jun,mki67,1013.0
jun,ndrg1,1202.0
jun,pik3r2,383.0
jun,itsn1,677.0
jun,zfp35,480.0
jun,rrm1,682.0
jun,gtf2h1,473.0
jun,fam76b,559.0
jun,ppp1cb,467.0
jun,zfp451,749.0
jun,cd274,1136.0
jun,incenp,466.0
jun,dcaf13,616.0
jun,cyb5r1,653.0
jun,parvg,566.0
jun,cd300a,772.0
jun,nup155,695.0
jun,cks2,675.0
jun,fgfr1op,569.0
jun,mtch2,452.0
jun,ckap2l,767.0
jun,ado,473.0
jun,slbp,535.0
jun,hp,972.0
jun,ms4a6c,668.0
jun,acox1,451.0
jun,msmo1,473.0
jun,lpcat2,897.0
jun,b230219d22rik,729.0
jun,topors,662.0
jun,usp14,645.0
jun,mad2l1,454.0
jun,ostm1,852.0
jun,hacd4,534.0
jun,d1ertd622e,705.0
jun,rasa4,573.0
jun,rtel1,776.0
jun,aldh18a1,576.0
jun,rad51,536.0
jun,wdr4,580.0
jun,fdft1,484.0
jun,polr2b,410.0
jun,thada,769.0
jun,nmd3,573.0
jun,wdhd1,522.0
jun,ccna2,409.0
jun,psat1,739.0
jun,med16,385.0
jun,ints13,476.0
jun,cln5,617.0
jun,dennd2d,986.0
jun,haao,550.0
jun,dlst,610.0
jun,bcap29,615.0
jun,spcs3,947.0
jun,nop2,789.0
jun,crebrf,678.0
jun,gmfb,625.0
jun,mdn1,506.0
jun,usp37,399.0
jun,top3b,515.0
jun,umps,400.0
jun,tbc1d5,511.0
jun,casp1,575.0
jun,gsr,521.0
jun,laptm4b,405.0
jun,dnajc5,374.0
jun,fam102b,436.0
jun,nusap1,925.0
jun,nup93,499.0
jun,tspan14,310.0
jun,ddx39,600.0
jun,xpc,476.0
jun,ccdc137,572.0
jun,pfkfb3,582.0
jun,irf9,449.0
jun,dus1l,319.0
jun,metap1,469.0
jun,bc005561,733.0
jun,pip4k2a,504.0
jun,pdia4,419.0
jun,sec24d,504.0
jun,slc26a2,490.0
jun,parp8,562.0
jun,icam1,1313.0
jun,tmem97,1154.0
jun,nudcd1,776.0
jun,grk3,1401.0
jun,tab1,563.0
jun,odc1,437.0
jun,acaa2,426.0
jun,mogs,477.0
jun,scarb1,521.0
jun,trmt6,292.0
jun,cipc,682.0
jun,vav3,483.0
jun,elac2,296.0
jun,rars,363.0
jun,lonp2,388.0
jun,cdc45,801.0
jun,prpf4,485.0
jun,ino80d,583.0
jun,fuca2,486.0
jun,orc2,433.0
jun,gars,456.0
jun,eif3b,382.0
jun,morc3,505.0
jun,csf3r,1026.0
jun,mcm4,449.0
jun,atp1b3,576.0
jun,rptor,395.0
jun,pik3r1,1132.0
jun,usp42,463.0
jun,setd2,594.0
jun,hars,769.0
jun,pold1,411.0
jun,chrnb1,324.0
jun,polr1b,312.0
jun,h2-dma,425.0
jun,mlkl,507.0
jun,hlf,458.0
jun,prmt7,370.0
jun,abhd17b,311.0
jun,rad21,770.0
jun,hus1,620.0
jun,psmd9,478.0
jun,itgal,579.0
jun,ddx21,356.0
jun,mis18bp1,644.0
jun,pdzk1ip1,629.0
jun,apoe,458.0
jun,cbfb,456.0
jun,trim35,364.0
jun,nceh1,407.0
jun,ctsl,385.0
jun,akap8l,479.0
jun,seh1l,465.0
jun,anxa3,447.0
jun,otud4,520.0
jun,zhx1,394.0
jun,eif2b1,396.0
jun,arfgef2,596.0
jun,eml4,561.0
jun,ccdc50,499.0
jun,pla2g15,1693.0
jun,immt,355.0
jun,slc20a1,310.0
jun,nsun2,305.0
jun,ipo9,853.0
jun,myo1f,512.0
jun,idh3a,314.0
jun,iars2,542.0
jun,pttg1ip,544.0
jun,trim30d,448.0
jun,iars,438.0
jun,eftud2,278.0
jun,arhgef39,766.0
jun,vav1,592.0
jun,lcp2,410.0
jun,cybc1,510.0
jun,tacc3,254.0
jun,prim2,596.0
jun,psme3,366.0
jun,gabbr1,543.0
jun,e2f4,365.0
jun,alas1,1044.0
jun,adk,331.0
jun,9430015g10rik,421.0
jun,copb1,397.0
jun,oasl2,483.0
jun,h2afx,331.0
jun,tcf19,414.0
jun,dnajc11,424.0
jun,cdc6,257.0
jun,snx30,338.0
jun,pitpnc1,429.0
jun,hyou1,271.0
jun,rabggtb,314.0
jun,ptcd3,416.0
jun,ddx58,496.0
jun,glb1,434.0
jun,fastkd2,282.0
jun,gng2,1039.0
jun,bid,261.0
jun,pim2,1468.0
jun,hnrnpll,404.0
jun,ganab,337.0
jun,cenpo,310.0
jun,cd74,1175.0
jun,phkb,698.0
jun,csgalnact2,499.0
jun,shmt1,759.0
jun,rpa2,324.0
jun,mfsd14b,370.0
jun,atad2,612.0
jun,edem1,326.0
jun,fcer1g,352.0
jun,rgs19,382.0
jun,atrn,336.0
jun,nrros,397.0
jun,neil3,814.0
jun,anxa1,348.0
jun,cks1b,376.0
jun,otud6b,265.0
jun,ctr9,333.0
jun,znrf2,253.0
jun,dtl,246.0
jun,gmcl1,243.0
jun,ncln,455.0
jun,ranbp3,428.0
jun,prelid3b,411.0
jun,cnrip1,407.0
jun,slc39a6,541.0
jun,ubr7,377.0
jun,mcm5,254.0
jun,tmem206,431.0
jun,1700017b05rik,647.0
jun,slc35b4,290.0
jun,mrpl20,481.0
jun,cenpk,274.0
jun,il6st,411.0
jun,rcsd1,1162.0
jun,hsph1,338.0
jun,mettl27,875.0
jun,sfxn1,864.0
jun,dhrs3,354.0
jun,rgs2,269.0
jun,nptn,379.0
jun,csf2rb,356.0
jun,nfat5,687.0
jun,osbpl1a,420.0
jun,dnajc9,436.0
jun,tex10,253.0
jun,slc2a3,415.0
jun,egr1,505.0
jun,cd52,289.0
jun,slc43a3,1605.0
jun,srm,412.0
jun,acly,283.0
jun,f11r,645.0
jun,ptdss1,348.0
jun,fbxo5,824.0
jun,emilin1,379.0
jun,mcm2,291.0
jun,mapk1,385.0
jun,mtor,265.0
jun,cd93,369.0
jun,tcp11l2,386.0
jun,pbx1,340.0
jun,gpd1l,300.0
jun,mfsd1,239.0
jun,c1rl,459.0
jun,st6galnac4,473.0
jun,fgl2,356.0
jun,eif4enif1,327.0
jun,tipin,272.0
jun,stom,347.0
jun,serpinb9,457.0
jun,pwp2,339.0
jun,api5,503.0
jun,hdac2,315.0
jun,nfam1,378.0
jun,stag2,615.0
jun,cdca8,352.0
jun,tpx2,262.0
jun,rfc5,430.0
jun,hexa,533.0
jun,h2-aa,467.0
jun,ndufs1,495.0
jun,selenop,511.0
jun,spc24,352.0
jun,zfp322a,501.0
jun,pola2,306.0
jun,zfp24,357.0
jun,ppat,330.0
jun,ncapg,268.0
jun,elp2,351.0
jun,rnf4,265.0
jun,fcgrt,360.0
jun,ccl9,377.0
jun,angpt1,678.0
jun,armt1,357.0
jun,bc035044,955.0
jun,mcm10,240.0
jun,itpr1,290.0
jun,sf3b3,288.0
jun,rpa1,207.0
jun,gfm1,309.0
jun,thsd1,403.0
jun,mcm7,360.0
jun,fes,272.0
jun,adsl,375.0
jun,usp10,374.0
jun,zdhhc6,399.0
jun,tmx3,212.0
jun,prkcd,815.0
jun,lig1,209.0
jun,rprd1b,174.0
jun,frrs1,334.0
jun,cstf2,383.0
jun,acot9,337.0
jun,pole3,216.0
jun,ubac1,280.0
jun,lyn,622.0
jun,sh3bgrl,355.0
jun,aldh9a1,243.0
jun,fam91a1,329.0
jun,mis12,252.0
jun,serpinb6a,388.0
jun,ap1s2,289.0
jun,asf1b,213.0
jun,il21r,525.0
jun,eya2,855.0
jun,lmo4,231.0
jun,aplp2,325.0
jun,pfkp,393.0
jun,map4k2,848.0
jun,prep,398.0
jun,rps6ka5,245.0
jun,dhfr,208.0
jun,abl1,244.0
jun,ncf1,980.0
jun,b3gnt5,752.0
jun,satb1,875.0
jun,irgm2,512.0
jun,otulinl,292.0
jun,tubgcp3,284.0
jun,naprt,605.0
jun,atp13a1,302.0
jun,uba2,259.0
jun,eaf1,368.0
jun,il27ra,683.0
jun,sptbn1,271.0
jun,tbc1d9b,454.0
jun,wdr5,230.0
jun,lap3,325.0
jun,eef1e1,399.0
jun,ddx60,313.0
jun,atg12,193.0
jun,ap3s1,193.0
jun,nploc4,453.0
jun,wdr55,136.0
jun,ifi209,303.0
jun,inpp5b,565.0
jun,fggy,453.0
jun,nus1,293.0
jun,aldoc,358.0
jun,zmiz1,216.0
jun,atp6ap2,302.0
jun,farsb,737.0
jun,psmg2,226.0
jun,ercc8,226.0
jun,slc19a1,411.0
jun,pbk,255.0
jun,mrpl37,245.0
jun,syk,255.0
jun,ergic1,239.0
jun,nde1,307.0
jun,prkch,247.0
jun,mpzl1,297.0
jun,mob3c,421.0
jun,jarid2,213.0
jun,mthfd1,249.0
jun,ftsj3,262.0
jun,ncapd2,313.0
jun,tsc22d3,192.0
jun,ect2,217.0
jun,ybx3,381.0
jun,gmnn,194.0
jun,smc2,250.0
jun,tyms,271.0
jun,jpt2,220.0
jun,prodh,459.0
jun,kif20b,171.0
jun,golim4,165.0
jun,unc93b1,356.0
jun,trmt11,309.0
jun,snap47,216.0
jun,stt3b,201.0
jun,tmem50b,446.0
jun,cyp2j6,379.0
jun,abl2,315.0
jun,stxbp4,227.0
jun,bub1b,226.0
jun,flna,263.0
jun,far1,319.0
jun,gfi1b,303.0
jun,ddx1,350.0
jun,tecpr1,211.0
jun,isyna1,253.0
jun,gemin5,358.0
jun,cdk1,265.0
jun,tifab,246.0
jun,zfp53,314.0
jun,dock11,237.0
jun,tec,181.0
jun,slc29a1,788.0
jun,psmd6,376.0
jun,hdac7,420.0
jun,kif13a,269.0
jun,socs2,285.0
jun,pno1,199.0
jun,igtp,234.0
jun,cyfip2,757.0
jun,ptgs1,195.0
jun,padi4,358.0
jun,pcmtd2,190.0
jun,trim59,205.0
jun,panx1,243.0
jun,rexo4,248.0
jun,abcb10,152.0
jun,msh6,193.0
jun,cdc20,213.0
jun,flnb,239.0
jun,fastkd3,255.0
jun,5430427o19rik,324.0
jun,f13a1,204.0
jun,dnm1l,458.0
jun,maml3,369.0
jun,taf12,261.0
jun,pus7,255.0
jun,gatm,309.0
jun,cdc7,236.0
jun,mllt3,173.0
jun,tomm70a,251.0
jun,ccnb2,171.0
jun,ssh3,220.0
jun,racgap1,240.0
jun,pclaf,181.0
jun,grina,274.0
jun,fcho2,274.0
jun,serpinb6b,208.0
jun,memo1,193.0
jun,ctso,325.0
jun,nup88,199.0
jun,spidr,186.0
jun,fut7,195.0
jun,serpinb1a,639.0
jun,h1f0,258.0
jun,cnn3,349.0
jun,plscr4,451.0
jun,gprasp1,284.0
jun,irf8,429.0
jun,gpr65,221.0
jun,nudt19,297.0
jun,ints8,279.0
jun,atp10a,308.0
jun,nasp,531.0
jun,tgfbr1,273.0
jun,slc16a1,191.0
jun,mtmr1,239.0
jun,cnih1,273.0
jun,fbxw11,290.0
jun,pear1,593.0
jun,mamdc2,394.0
jun,golt1b,181.0
jun,tm6sf1,270.0
jun,rcor1,264.0
jun,mcoln2,307.0
jun,fam189b,204.0
jun,cad,227.0
jun,cenpf,294.0
jun,cerk,197.0
jun,atp11c,256.0
jun,mcm3,208.0
jun,kif22,185.0
jun,atp6ap1,202.0
jun,sppl2b,257.0
jun,coq8a,204.0
jun,vsir,189.0
jun,zbtb38,345.0
jun,glipr2,185.0
jun,vps35,220.0
jun,rab31,337.0
jun,orc6,220.0
jun,mtr,238.0
jun,ckap5,167.0
jun,gpr160,262.0
jun,utp4,203.0
jun,top2a,147.0
jun,sla2,185.0
jun,ctps,190.0
jun,nup85,105.0
jun,rps6ka3,200.0
jun,tent5a,387.0
jun,nudt4,182.0
jun,selenbp1,265.0
jun,ifi44,230.0
jun,rpp40,172.0
jun,hmgb3,465.0
jun,abcg2,159.0
jun,xrcc3,141.0
jun,btk,212.0
jun,agps,216.0
jun,mto1,263.0
jun,st8sia4,154.0
jun,csad,443.0
jun,enpp5,274.0
jun,arhgap15,308.0
jun,timp2,235.0
jun,obsl1,273.0
jun,rpap1,176.0
jun,slc25a46,172.0
jun,snap23,310.0
jun,tspan3,205.0
jun,siglecg,403.0
jun,hdgfl3,400.0
jun,4833439l19rik,155.0
jun,ckap2,246.0
jun,slc44a2,140.0
jun,tspan2,306.0
jun,scarf1,216.0
jun,hells,244.0
jun,pstpip1,274.0
jun,arid2,197.0
jun,rab37,156.0
jun,zbtb20,208.0
jun,myo1g,248.0
jun,pla2g12a,345.0
jun,sorl1,231.0
jun,ndrg2,218.0
jun,hcfc1,138.0
jun,il17ra,325.0
jun,gclc,196.0
jun,il12a,800.0
jun,prim1,109.0
jun,soat1,205.0
jun,cdca7,191.0
jun,knstrn,172.0
jun,arcn1,284.0
jun,rp2,107.0
jun,tk1,276.0
jun,hid1,274.0
jun,mycn,145.0
jun,gng12,264.0
jun,mtfr1,263.0
jun,mgat5,261.0
jun,igfbp4,138.0
jun,fcgr2b,157.0
jun,fam171a1,247.0
jun,lman2l,147.0
jun,tespa1,242.0
jun,sgpp1,167.0
jun,susd3,130.0
jun,spc25,172.0
jun,slc37a1,149.0
jun,ccnb1,117.0
jun,ly86,129.0
jun,krt18,217.0
jun,tbc1d2b,214.0
jun,tm7sf3,199.0
jun,phf10,124.0
jun,tfr2,195.0
jun,h2-ob,130.0
jun,ube2c,187.0
jun,gimap8,185.0
jun,cdkn1c,187.0
jun,spns2,180.0
jun,sh2d5,179.0
jun,epsti1,177.0
jun,csgalnact1,177.0
jun,pik3ip1,171.0
jun,mfng,169.0
jun,kcnk5,163.0
jun,irf7,163.0
jun,shisa8,159.0
jun,gimap5,159.0
jun,cttn,159.0
jun,rrm2,157.0
jun,cd48,156.0
jun,itm2a,155.0
jun,lgals1,153.0
jun,slc28a2,149.0
jun,gmip,148.0
jun,tmem176a,147.0
jun,man2a2,144.0
jun,itch,144.0
jun,eif1ad,144.0
jun,ndc1,138.0
jun,mecom,135.0
jun,cers4,135.0
jun,cbx7,135.0
jun,ccne2,132.0
jun,arhgef18,130.0
jun,sgce,127.0
jun,art4,126.0
jun,itih5,124.0
jun,tmem246,122.0
jun,ppp1r9a,121.0
jun,plxnc1,120.0
jun,mpi,118.0
jun,cd9,117.0
jun,cd34,116.0
jun,emb,115.0
jun,vipr2,114.0
jun,efcc1,112.0
jun,maged2,109.0
jun,tgtp2,106.0
jun,tgtp1,106.0
jun,col4a2,106.0
jun,flot2,105.0
jun,zfp36,102.0
jun,pglyrp2,416.0
nfat5,stxbp4,166.0
nfat5,atp1b3,138.0
nfat5,sec23ip,116.0
nfat5,tipin,105.0
nfat5,trpc6,169.0
rad21,ahcyl1,3546.0
rad21,ddx20,3689.0
rad21,rab37,3504.0
rad21,mcm5,3362.0
rad21,flnb,3367.0
rad21,rhof,2454.0
rad21,nceh1,3182.0
rad21,hjurp,2640.0
rad21,gbp3,3072.0
rad21,pold1,3123.0
rad21,rcc1,3031.0
rad21,tbc1d9b,2837.0
rad21,plekho2,2932.0
rad21,epb41l4b,3611.0
rad21,tnfrsf21,2366.0
rad21,asf1b,2987.0
rad21,fam136a,2375.0
rad21,mycn,3111.0
rad21,pfkfb3,2361.0
rad21,samd9l,2708.0
rad21,ankrd44,2781.0
rad21,tk1,3385.0
rad21,mc5r,2456.0
rad21,gbp2,3430.0
rad21,gfi1b,2449.0
rad21,prss57,2683.0
rad21,fem1a,2260.0
rad21,sell,3289.0
rad21,tsc22d3,2363.0
rad21,fam171a1,2295.0
rad21,stag2,2321.0
rad21,tsc22d1,2311.0
rad21,setd2,2212.0
rad21,ndufv1,2344.0
rad21,serpinb9,1944.0
rad21,c1rl,2531.0
rad21,adora2a,2576.0
rad21,socs2,2839.0
rad21,tgm2,2043.0
rad21,atp11c,2379.0
rad21,serpinb1a,2228.0
rad21,idh1,1561.0
rad21,glipr2,1800.0
rad21,dusp1,1894.0
rad21,usp42,2695.0
rad21,pear1,1811.0
rad21,slc30a5,2796.0
rad21,pola2,2876.0
rad21,vsir,2035.0
rad21,nuf2,2368.0
rad21,irf9,2134.0
rad21,rgcc,2004.0
rad21,slc25a38,2070.0
rad21,fut7,1950.0
rad21,ube2l6,1944.0
rad21,plin3,2171.0
rad21,tent5a,2856.0
rad21,camk2d,2209.0
rad21,jun,2162.0
rad21,gimap8,1827.0
rad21,mogs,2107.0
rad21,gpr160,2061.0
rad21,csgalnact1,2154.0
rad21,ctso,1673.0
rad21,mgat5,2031.0
rad21,prep,2393.0
rad21,lrrc59,1771.0
rad21,def8,1926.0
rad21,rps6ka5,1950.0
rad21,tbc1d10c,2115.0
rad21,sorl1,2087.0
rad21,mars,1637.0
rad21,mettl27,1884.0
rad21,ipo9,2070.0
rad21,ppm1f,2199.0
rad21,timp2,1586.0
rad21,fcho2,2313.0
rad21,egr1,1825.0
rad21,aldh18a1,1629.0
rad21,api5,1431.0
rad21,dtl,2057.0
rad21,igfbp4,2370.0
rad21,serpinb6b,2300.0
rad21,acot9,1771.0
rad21,ccna2,1605.0
rad21,acss2,1063.0
rad21,trim30d,2082.0
rad21,abcb8,1468.0
rad21,mis18bp1,1603.0
rad21,plxnc1,1449.0
rad21,nadk,1937.0
rad21,mapkapk3,2731.0
rad21,ptpn7,1360.0
rad21,kctd12,1227.0
rad21,mgat1,1601.0
rad21,anxa5,1917.0
rad21,slco3a1,1053.0
rad21,stt3b,1894.0
rad21,spns2,1614.0
rad21,myo5a,1397.0
rad21,pik3r1,1828.0
rad21,h2afx,1330.0
rad21,klf6,1281.0
rad21,stx3,1353.0
rad21,gng2,1924.0
rad21,dpp8,851.0
rad21,dhfr,1125.0
rad21,abhd17b,1813.0
rad21,1700017b05rik,1671.0
rad21,4833439l19rik,1039.0
rad21,rfc5,1038.0
rad21,man2a2,1038.0
rad21,smarca2,1138.0
rad21,rars,1166.0
rad21,ruvbl2,1243.0
rad21,zmiz1,854.0
rad21,il27ra,1357.0
rad21,dnajc11,1789.0
rad21,dock10,1516.0
rad21,tmem176a,1557.0
rad21,cnn3,1079.0
rad21,arhgap15,1059.0
rad21,irf7,2003.0
rad21,retreg1,1190.0
rad21,rab31,1664.0
rad21,psmd6,1024.0
rad21,nol9,1316.0
rad21,naa50,1104.0
rad21,ccnb1,1210.0
rad21,sgms1,800.0
rad21,gimap5,1086.0
rad21,znrf2,1387.0
rad21,cln5,1071.0
rad21,gfm1,890.0
rad21,rfc4,778.0
rad21,eif1ad,1197.0
rad21,fem1b,1263.0
rad21,tnpo1,687.0
rad21,nus1,993.0
rad21,satb1,1595.0
rad21,pip4k2a,1484.0
rad21,soat1,1750.0
rad21,pik3ip1,1154.0
rad21,sptbn1,1329.0
rad21,eya2,1230.0
rad21,fam102b,1385.0
rad21,sgce,1014.0
rad21,cltc,941.0
rad21,uap1,1139.0
rad21,kif20b,992.0
rad21,spc24,1787.0
rad21,pidd1,1279.0
rad21,pak1,781.0
rad21,dnm1l,1089.0
rad21,fes,3077.0
rad21,aplp2,849.0
rad21,arl8b,833.0
rad21,9430015g10rik,1100.0
rad21,ppp1r15a,1092.0
rad21,bysl,874.0
rad21,gmfb,844.0
rad21,shcbp1,698.0
rad21,rprd1b,900.0
rad21,mtmr6,1121.0
rad21,cers6,710.0
rad21,lyn,1494.0
rad21,rmnd5a,605.0
rad21,slc37a1,584.0
rad21,slc26a2,1217.0
rad21,tmem229b,809.0
rad21,odc1,716.0
rad21,slc44a2,1146.0
rad21,eef1e1,915.0
rad21,mecom,703.0
rad21,colgalt1,1056.0
rad21,dennd2d,894.0
rad21,osbpl8,844.0
rad21,naprt,547.0
rad21,micu1,991.0
rad21,prkcq,934.0
rad21,prpf4,655.0
rad21,wdhd1,907.0
rad21,arid2,652.0
rad21,nfkbia,1210.0
rad21,map4k2,1203.0
rad21,ado,667.0
rad21,b230219d22rik,592.0
rad21,wdr5,543.0
rad21,nfat5,571.0
rad21,tab1,969.0
rad21,top3b,519.0
rad21,glb1,519.0
rad21,tyms,593.0
rad21,gem,998.0
rad21,morc3,1180.0
rad21,sesn1,727.0
rad21,pcmtd1,519.0
rad21,slc20a1,690.0
rad21,mief1,805.0
rad21,itpr1,727.0
rad21,atrn,959.0
rad21,rrm2,579.0
rad21,eml4,690.0
rad21,arid5a,714.0
rad21,hus1,459.0
rad21,me2,822.0
rad21,tbc1d5,640.0
rad21,rptor,818.0
rad21,tmx3,482.0
rad21,nup85,869.0
rad21,snap47,617.0
rad21,atp10a,638.0
rad21,elmo2,470.0
rad21,gclc,815.0
rad21,elovl5,602.0
rad21,maml3,682.0
rad21,pno1,541.0
rad21,atp1b3,811.0
rad21,pkib,1063.0
rad21,phkb,490.0
rad21,tmx4,740.0
rad21,akap8l,3046.0
rad21,ergic1,1034.0
rad21,prkch,1358.0
rad21,cstf2,943.0
rad21,vav3,620.0
rad21,fggy,646.0
rad21,ppp1cb,890.0
rad21,zfp24,537.0
rad21,rel,571.0
rad21,nedd1,563.0
rad21,por,792.0
rad21,btg2,743.0
rad21,atp13a1,515.0
rad21,aldh9a1,641.0
rad21,rin3,736.0
rad21,il6st,936.0
rad21,cd53,827.0
rad21,cerk,524.0
rad21,spc25,353.0
rad21,pde4b,620.0
rad21,nup107,802.0
rad21,zdhhc6,554.0
rad21,ckap2l,664.0
rad21,stxbp4,785.0
rad21,gng12,609.0
rad21,ints8,900.0
rad21,s100a6,692.0
rad21,ap1s2,610.0
rad21,txndc11,637.0
rad21,bc005561,492.0
rad21,timm29,612.0
rad21,serpinb6a,324.0
rad21,synj1,574.0
rad21,kpna3,1081.0
rad21,shisa8,1087.0
rad21,knstrn,492.0
rad21,acly,681.0
rad21,ccdc50,756.0
rad21,gars,532.0
rad21,tec,631.0
rad21,atg12,830.0
rad21,ap3s1,830.0
rad21,rtel1,826.0
rad21,polr1b,574.0
rad21,psen1,596.0
rad21,ncapg2,673.0
rad21,adsl,759.0
rad21,trim59,794.0
rad21,jpt2,795.0
rad21,zbtb38,569.0
rad21,gmip,471.0
rad21,kif13a,579.0
rad21,ino80d,553.0
rad21,rnf38,391.0
rad21,acaa2,550.0
rad21,seh1l,881.0
rad21,lman2l,368.0
rad21,trmt6,458.0
rad21,cnih1,589.0
rad21,wsb1,457.0
rad21,d1ertd622e,585.0
rad21,ndrg1,606.0
rad21,dcaf13,557.0
rad21,ints13,664.0
rad21,tmem97,557.0
rad21,hars,726.0
rad21,sirpa,974.0
rad21,mfsd1,399.0
rad21,hyou1,732.0
rad21,kif11,704.0
rad21,far1,579.0
rad21,metap1,602.0
rad21,xrcc6,701.0
rad21,herpud1,566.0
rad21,csgalnact2,542.0
rad21,edem1,541.0
rad21,ftsj3,502.0
rad21,msh6,626.0
rad21,wdr4,722.0
rad21,syk,681.0
rad21,foxred1,392.0
rad21,mapk1,454.0
rad21,nampt,507.0
rad21,nrros,868.0
rad21,mbnl3,512.0
rad21,zfp451,724.0
rad21,zdhhc13,383.0
rad21,tm7sf3,715.0
rad21,gm1966,788.0
rad21,grina,503.0
rad21,ltb,2111.0
rad21,laptm4b,690.0
rad21,ganab,486.0
rad21,rad51ap1,706.0
rad21,cul3,474.0
rad21,irf8,883.0
rad21,rpap1,327.0
rad21,slc35a4,487.0
rad21,tbl3,1003.0
rad21,slc35e1,630.0
rad21,arfgef2,735.0
rad21,armt1,493.0
rad21,gmnn,393.0
rad21,ppp1r9a,388.0
rad21,cd44,833.0
rad21,lactb,681.0
rad21,otud6b,517.0
rad21,lap3,421.0
rad21,nploc4,593.0
rad21,eaf1,443.0
rad21,ctsl,411.0
rad21,atad2,375.0
rad21,angpt1,518.0
rad21,kat7,483.0
rad21,phf11b,1209.0
rad21,rps6ka3,438.0
rad21,rpa1,416.0
rad21,mpzl1,543.0
rad21,agps,511.0
rad21,adk,748.0
rad21,nop2,677.0
rad21,psme4,312.0
rad21,tex10,429.0
rad21,jarid2,814.0
rad21,ddx39,572.0
rad21,phf10,895.0
rad21,phf5a,473.0
rad21,panx1,451.0
rad21,nup93,710.0
rad21,bub1b,465.0
rad21,9530068e07rik,796.0
rad21,cyb5r1,532.0
rad21,ostm1,391.0
rad21,tspan14,567.0
rad21,cdt1,966.0
rad21,abl1,568.0
rad21,zfp53,550.0
rad21,abl2,580.0
rad21,xpnpep1,401.0
rad21,nudt4,449.0
rad21,galnt6,969.0
rad21,pla2g12a,419.0
rad21,mrpl20,493.0
rad21,usp14,584.0
rad21,esam,792.0
rad21,gtf2h1,346.0
rad21,pttg1ip,457.0
rad21,hdac2,323.0
rad21,mrpl37,451.0
rad21,gsr,695.0
rad21,crebrf,688.0
rad21,cd68,663.0
rad21,gbp7,781.0
rad21,osbpl1a,569.0
rad21,erlin1,387.0
rad21,prelid3b,465.0
rad21,tspan3,403.0
rad21,clptm1l,498.0
rad21,rpa2,576.0
rad21,mfsd14b,318.0
rad21,tubgcp2,366.0
rad21,stom,863.0
rad21,rexo4,452.0
rad21,psmg2,661.0
rad21,trmt11,379.0
rad21,topors,443.0
rad21,cdc7,377.0
rad21,zfp35,693.0
rad21,fbxw11,438.0
rad21,efcc1,530.0
rad21,zhx1,625.0
rad21,bcap29,414.0
rad21,pld3,446.0
rad21,hnrnpll,818.0
rad21,irgm2,751.0
rad21,rabggtb,558.0
rad21,kctd20,465.0
rad21,ddx1,272.0
rad21,tspan2,541.0
rad21,hsph1,327.0
rad21,patl1,389.0
rad21,cbfb,507.0
rad21,nolc1,665.0
rad21,ifrd2,543.0
rad21,gimap6,662.0
rad21,scarb1,485.0
rad21,mtfr1,889.0
rad21,otulinl,909.0
rad21,mob3c,447.0
rad21,mtch2,467.0
rad21,gns,701.0
rad21,otud4,441.0
rad21,cdca4,736.0
rad21,hexa,513.0
rad21,cenpa,947.0
rad21,ezr,647.0
rad21,tespa1,579.0
rad21,tpm4,371.0
rad21,slc16a1,477.0
rad21,fgfr1op,424.0
rad21,kif22,425.0
rad21,thada,290.0
rad21,dhx33,494.0
rad21,itch,456.0
rad21,eif3b,375.0
rad21,gmcl1,473.0
rad21,nmd3,377.0
rad21,frrs1,402.0
rad21,rgs19,360.0
rad21,dck,486.0
rad21,copb1,475.0
rad21,prc1,575.0
rad21,cd69,598.0
rad21,polr2b,445.0
rad21,slbp,434.0
rad21,dennd1c,466.0
rad21,slc25a46,438.0
rad21,hat1,499.0
rad21,cdca5,768.0
rad21,parp8,373.0
rad21,taf12,488.0
rad21,slc39a6,627.0
rad21,elp2,627.0
rad21,itgal,667.0
rad21,hdac7,388.0
rad21,eif2b1,557.0
rad21,inpp5b,642.0
rad21,lonp2,649.0
rad21,dock11,531.0
rad21,pwp2,692.0
rad21,atf7,303.0
rad21,psat1,274.0
rad21,fgl2,605.0
rad21,shisa5,605.0
rad21,slc31a1,737.0
rad21,hacd3,317.0
rad21,slco4a1,556.0
rad21,cad,396.0
rad21,ncapg,314.0
rad21,tmem206,547.0
rad21,fuca2,494.0
rad21,igtp,654.0
rad21,cdca7,272.0
rad21,napsa,708.0
rad21,kcnk5,440.0
rad21,icam1,599.0
rad21,cse1l,473.0
rad21,dnajc10,495.0
rad21,alas1,371.0
rad21,ncapd2,378.0
rad21,mtrex,619.0
rad21,pbk,289.0
rad21,itsn1,368.0
rad21,prodh,439.0
rad21,memo1,351.0
rad21,fcgr2b,482.0
rad21,psme3,401.0
rad21,lax1,569.0
rad21,cenpo,314.0
rad21,pole3,627.0
rad21,nup155,795.0
rad21,cyp2j9,434.0
rad21,sgpp1,631.0
rad21,f2r,503.0
rad21,idh3a,354.0
rad21,bace1,689.0
rad21,serpina3g,959.0
rad21,cybc1,338.0
rad21,ifi203,427.0
rad21,rgs1,730.0
rad21,gimap1,516.0
rad21,rcsd1,375.0
rad21,mad2l1,313.0
rad21,cyfip2,359.0
rad21,tacc3,597.0
rad21,bcl2,315.0
rad21,hspa1a,962.0
rad21,mtmr4,325.0
rad21,gtf2f1,604.0
rad21,prmt5,520.0
rad21,golph3,439.0
rad21,wdr43,517.0
rad21,mcm7,399.0
rad21,ybx3,409.0
rad21,tgfbr1,422.0
rad21,chrnb1,599.0
rad21,mis12,309.0
rad21,uba7,768.0
rad21,trim35,549.0
rad21,zfp467,445.0
rad21,spcs3,385.0
rad21,fignl1,306.0
rad21,mto1,357.0
rad21,dnajc5,538.0
rad21,plscr4,416.0
rad21,golim4,445.0
rad21,usp37,476.0
rad21,gemin5,442.0
rad21,epsti1,426.0
rad21,xpc,519.0
rad21,il17ra,476.0
rad21,dlst,308.0
rad21,tbc1d2b,578.0
rad21,parvg,761.0
rad21,ptdss1,346.0
rad21,cenpk,314.0
rad21,nfam1,813.0
rad21,slc35b4,335.0
rad21,dnajc9,460.0
rad21,abcb10,498.0
rad21,ccl9,658.0
rad21,gng11,554.0
rad21,pcmtd2,340.0
rad21,gabbr1,602.0
rad21,pus7,343.0
rad21,hmgb3,296.0
rad21,cks2,352.0
rad21,iigp1,748.0
rad21,mki67,349.0
rad21,ppat,277.0
rad21,chordc1,367.0
rad21,nsun2,377.0
rad21,cenpe,392.0
rad21,eftud2,491.0
rad21,orc2,314.0
rad21,tecpr1,371.0
rad21,txnip,443.0
rad21,uhrf1,371.0
rad21,tcp11l2,327.0
rad21,nudcd1,436.0
rad21,zfp322a,302.0
rad21,msmo1,419.0
rad21,immt,384.0
rad21,casp1,440.0
rad21,gcnt2,491.0
rad21,siglecg,529.0
rad21,shmt1,409.0
rad21,hlf,471.0
rad21,sec24d,323.0
rad21,mamdc2,658.0
rad21,csad,487.0
rad21,smc2,206.0
rad21,ncf1,433.0
rad21,ctps,343.0
rad21,mcm3,250.0
rad21,tfg,340.0
rad21,cdk18,333.0
rad21,prmt7,567.0
rad21,rgs2,352.0
rad21,ctr9,352.0
rad21,slc29a1,682.0
rad21,nasp,380.0
rad21,cbx5,506.0
rad21,lonp1,404.0
rad21,tes,308.0
rad21,ly86,521.0
rad21,mcm4,220.0
rad21,btaf1,367.0
rad21,golt1b,275.0
rad21,pik3r2,642.0
rad21,sppl2b,494.0
rad21,cd9,460.0
rad21,tmem50b,436.0
rad21,utp4,322.0
rad21,flot2,277.0
rad21,birc5,751.0
rad21,umps,237.0
rad21,zfp945,355.0
rad21,isyna1,270.0
rad21,unc93b1,417.0
rad21,abce1,320.0
rad21,ggta1,328.0
rad21,fam76b,324.0
rad21,rnf4,285.0
rad21,hells,331.0
rad21,acox1,369.0
rad21,tubgcp3,300.0
rad21,mdn1,349.0
rad21,ptprs,589.0
rad21,strap,310.0
rad21,cers4,384.0
rad21,nptn,381.0
rad21,lig1,288.0
rad21,tomm40,350.0
rad21,vkorc1l1,564.0
rad21,stat2,349.0
rad21,ctc1,334.0
rad21,nubp2,562.0
rad21,b3gnt5,459.0
rad21,tmem33,370.0
rad21,timm50,369.0
rad21,e2f4,827.0
rad21,ndc1,216.0
rad21,pfkp,340.0
rad21,haao,523.0
rad21,tmem43,303.0
rad21,ckap5,269.0
rad21,tmem184c,273.0
rad21,cd82,261.0
rad21,mfng,460.0
rad21,st8sia4,428.0
rad21,sdf2l1,334.0
rad21,cd274,285.0
rad21,tmem246,252.0
rad21,sf3b3,247.0
rad21,cdc45,332.0
rad21,arrdc4,476.0
rad21,clec12a,603.0
rad21,coq8a,232.0
rad21,rpp40,324.0
rad21,tcirg1,339.0
rad21,rrm1,570.0
rad21,med16,233.0
rad21,cdc20,306.0
rad21,rcor1,258.0
rad21,arl6ip6,266.0
rad21,cnrip1,232.0
rad21,xrcc3,242.0
rad21,pbx1,211.0
rad21,arcn1,306.0
rad21,uba2,323.0
rad21,smpdl3a,395.0
rad21,casp4,446.0
rad21,slc2a3,562.0
rad21,cipc,342.0
rad21,selenop,295.0
rad21,tnfrsf13c,667.0
rad21,incenp,310.0
rad21,tomm70a,330.0
rad21,ube2c,282.0
rad21,mtmr1,344.0
rad21,isg20,369.0
rad21,fdft1,322.0
rad21,sh3bgrl,265.0
rad21,nusap1,386.0
rad21,ssh3,861.0
rad21,ypel3,732.0
rad21,hdgfl3,179.0
rad21,rab38,378.0
rad21,cd93,263.0
rad21,sfxn1,314.0
rad21,iars2,415.0
rad21,ifi209,573.0
rad21,zfp422,276.0
rad21,h1f0,373.0
rad21,prkcd,310.0
rad21,qars,308.0
rad21,snx30,304.0
rad21,pdia4,301.0
rad21,ubl4a,274.0
rad21,bc035044,583.0
rad21,spidr,388.0
rad21,fastkd3,253.0
rad21,pim2,255.0
rad21,rad51,268.0
rad21,rp2,596.0
rad21,f11r,473.0
rad21,sytl1,1104.0
rad21,ccne2,248.0
rad21,tmem173,270.0
rad21,ccnb2,393.0
rad21,atp6ap1,292.0
rad21,slc19a1,209.0
rad21,e2f8,723.0
rad21,fam111a,739.0
rad21,pole,323.0
rad21,plaa,289.0
rad21,capg,401.0
rad21,anxa2,407.0
rad21,zbtb20,233.0
rad21,usp10,381.0
rad21,rangap1,307.0
rad21,lsp1,413.0
rad21,cdk1,296.0
rad21,lmo4,241.0
rad21,psmd9,348.0
rad21,wdr55,231.0
rad21,ms4a6c,394.0
rad21,ranbp3,275.0
rad21,lcp2,423.0
rad21,snap23,328.0
rad21,thsd1,252.0
rad21,ada,213.0
rad21,ubr7,313.0
rad21,ect2,335.0
rad21,rad21,289.0
rad21,neil3,367.0
rad21,ckap2,293.0
rad21,ddx21,249.0
rad21,ebi3,440.0
rad21,tm6sf1,407.0
rad21,ncaph,266.0
rad21,rbpms,373.0
rad21,xaf1,462.0
rad21,mthfd1,318.0
rad21,il12a,436.0
rad21,pla2g15,267.0
rad21,gata2,572.0
rad21,susd3,388.0
rad21,tbxas1,588.0
rad21,vps35,284.0
rad21,orc6,284.0
rad21,atp8b4,491.0
rad21,ubac1,308.0
rad21,farsb,226.0
rad21,dus1l,488.0
rad21,calcrl,465.0
rad21,gatm,261.0
rad21,tpx2,450.0
rad21,plek,462.0
rad21,sec23ip,237.0
rad21,ncln,524.0
rad21,mpi,395.0
rad21,nudt19,294.0
rad21,nup88,205.0
rad21,ctsf,511.0
rad21,col4a2,374.0
rad21,cd300a,754.0
rad21,il21r,330.0
rad21,etf1,320.0
rad21,csf2rb,591.0
rad21,nsd2,393.0
rad21,cks1b,230.0
rad21,cfp,484.0
rad21,5430427o19rik,361.0
rad21,tfr2,273.0
rad21,ctsz,395.0
rad21,ptcd3,262.0
rad21,cd48,212.0
rad21,usp11,267.0
rad21,fam189b,277.0
rad21,rassf4,271.0
rad21,trim47,516.0
rad21,fastkd2,217.0
rad21,anxa3,523.0
rad21,ddx58,270.0
rad21,mcm10,336.0
rad21,srm,277.0
rad21,tipin,294.0
rad21,cyp4v3,525.0
rad21,fbxo5,352.0
rad21,zfp367,235.0
rad21,atad1,478.0
rad21,abcg2,245.0
rad21,rtp4,568.0
rad21,cbx7,498.0
rad21,h2-dma,179.0
rad21,ptgs1,264.0
rad21,akna,303.0
rad21,tor3a,225.0
rad21,bid,285.0
rad21,ccdc137,264.0
rad21,mpl,369.0
rad21,tars,226.0
rad21,elac2,228.0
rad21,vipr2,319.0
rad21,h2-ob,321.0
rad21,eif4enif1,333.0
rad21,arhgef18,334.0
rad21,mllt3,251.0
rad21,ctla2b,275.0
rad21,hacd4,420.0
rad21,prps2,153.0
rad21,tyrobp,811.0
rad21,apoe,249.0
rad21,cdca8,353.0
rad21,fam91a1,269.0
rad21,grk3,272.0
rad21,h2-q6,195.0
rad21,iars,250.0
rad21,aurkb,194.0
rad21,cdca3,204.0
rad21,gpd1l,324.0
rad21,hid1,228.0
rad21,pstpip1,215.0
rad21,cenpf,206.0
rad21,mtr,241.0
rad21,pitpnc1,721.0
rad21,neurl3,373.0
rad21,psmd1,158.0
rad21,vav1,315.0
rad21,csf3r,508.0
rad21,cd74,498.0
rad21,acox3,328.0
rad21,slfn2,612.0
rad21,obsl1,191.0
rad21,svip,376.0
rad21,mcoln2,305.0
rad21,anxa1,251.0
rad21,myo1g,328.0
rad21,cttn,221.0
rad21,rab44,566.0
rad21,pglyrp2,186.0
rad21,fcgrt,482.0
rad21,ndrg2,229.0
rad21,myo1f,513.0
rad21,atp6ap2,157.0
rad21,ercc8,166.0
rad21,cd63,563.0
rad21,itih5,196.0
rad21,racgap1,278.0
rad21,prim1,199.0
rad21,arhgef39,397.0
rad21,cdc6,350.0
rad21,emb,161.0
rad21,rasa4,401.0
rad21,aldoc,192.0
rad21,tcn2,207.0
rad21,tle2,200.0
rad21,cd244a,568.0
rad21,top2a,215.0
rad21,gpr65,316.0
rad21,hcfc1,150.0
rad21,dhrs3,270.0
rad21,dok2,267.0
rad21,ddx60,153.0
rad21,trpc6,155.0
rad21,prr5,148.0
rad21,clec4e,420.0
rad21,krt18,266.0
rad21,g6pdx,156.0
rad21,prim2,174.0
rad21,cst7,323.0
rad21,spns3,188.0
rad21,slc28a2,293.0
rad21,mcm2,276.0
rad21,csf1r,397.0
rad21,sh2d5,308.0
rad21,arl11,437.0
rad21,gusb,632.0
rad21,mettl7a1,215.0
rad21,gprasp1,254.0
rad21,eng,290.0
rad21,ctla2a,178.0
rad21,flt3,262.0
rad21,nde1,194.0
rad21,ldhb,360.0
rad21,art4,257.0
rad21,ccl4,257.0
rad21,pclaf,158.0
rad21,cs,329.0
rad21,tie1,170.0
rad21,ndn,118.0
rad21,lpcat2,129.0
rad21,afap1l1,278.0
rad21,cish,142.0
rad21,lgals1,182.0
rad21,h2-aa,194.0
rad21,flna,161.0
rad21,hp,226.0
rad21,slc43a3,190.0
rad21,cyp2j6,204.0
rad21,mtor,126.0
rad21,st6galnac4,296.0
rad21,plxdc2,114.0
rad21,tifab,310.0
rad21,tcf19,200.0
rad21,oasl2,199.0
rad21,ly9,172.0
rad21,ndufs1,126.0
rad21,hk3,351.0
rad21,nkg7,204.0
rad21,tnip3,341.0
rad21,mpo,207.0
rad21,phf6,129.0
rad21,fcgr3,216.0
rad21,oas3,232.0
rad21,snrnp200,209.0
rad21,themis2,154.0
rad21,nuak2,159.0
rad21,sort1,183.0
rad21,zfp36,131.0
rad21,plppr3,132.0
rad21,itm2a,132.0
rad21,fcer1g,237.0
rad21,igsf6,233.0
rad21,mlkl,115.0
rad21,sla2,131.0
rad21,cd52,209.0
rad21,abcg3,111.0
rad21,adssl1,202.0
rad21,tinagl1,119.0
rad21,enpp5,180.0
rad21,selenbp1,175.0
rad21,maged2,174.0
rad21,cd34,106.0
rad21,tgtp2,163.0
rad21,procr,147.0
rad21,sla,146.0
rad21,f13a1,125.0
rad21,scarf1,121.0
rad21,slc7a4,115.0
rad21,slc22a3,115.0
rad21,sult1a1,110.0
rad21,cand2,106.0
rad21,gria3,104.0
rad51,sptbn1,643.0
rad51,ostm1,155.0
rad51,fcer1g,285.0
rad51,cyfip2,344.0
rad51,ifi203,141.0
rad51,dus1l,209.0
rad51,slc25a38,183.0
rad51,chordc1,152.0
rad51,slc39a6,133.0
rad51,elp2,133.0
rad51,dlst,116.0
rad51,phkb,107.0
rpa1,emid1,502.0
rpa1,lax1,306.0
rpa1,ostm1,267.0
rpa1,slc25a38,189.0
rpa1,ddx1,176.0
rpa1,prim2,178.0
rpa1,cdk1,148.0
rpa1,gimap1,126.0
rpa1,gmfb,111.0
rpa1,siglecg,106.0
rpa1,rptor,103.0
rpa1,nuf2,102.0
rpa2,egr1,191.0
rpa2,ifi203,134.0
rpa2,ostm1,168.0
rpa2,rptor,166.0
rpa2,hjurp,138.0
rpa2,tmx3,130.0
satb1,hjurp,2017.0
satb1,cltc,1042.0
satb1,ddx20,670.0
satb1,arhgap15,1427.0
satb1,capg,1297.0
satb1,armt1,611.0
satb1,smarca2,1072.0
satb1,tespa1,801.0
satb1,dhrs3,1506.0
satb1,dock10,716.0
satb1,nuf2,692.0
satb1,chordc1,673.0
satb1,farsb,801.0
satb1,eif1ad,911.0
satb1,tes,778.0
satb1,rad51ap1,835.0
satb1,mis18bp1,512.0
satb1,psmd1,472.0
satb1,msh6,571.0
satb1,samd9l,1098.0
satb1,dus1l,725.0
satb1,mtmr6,456.0
satb1,mtrex,832.0
satb1,sf3b3,409.0
satb1,shcbp1,963.0
satb1,nfat5,550.0
satb1,lcp2,1263.0
satb1,snrnp200,571.0
satb1,slc2a3,634.0
satb1,clec12a,2128.0
satb1,lax1,597.0
satb1,rangap1,418.0
satb1,slc25a38,739.0
satb1,sptbn1,671.0
satb1,mad2l1,430.0
satb1,tmem229b,569.0
satb1,idh1,769.0
satb1,hacd3,502.0
satb1,galnt6,619.0
satb1,cenpa,569.0
satb1,ruvbl2,400.0
satb1,ndufs1,427.0
satb1,top3b,549.0
satb1,rexo4,391.0
satb1,ly9,366.0
satb1,acox3,539.0
satb1,zfp35,419.0
satb1,pglyrp2,426.0
satb1,mgat1,493.0
satb1,rptor,356.0
satb1,cenpo,439.0
satb1,eif3b,342.0
satb1,timm29,283.0
satb1,lman2l,582.0
satb1,sec23ip,524.0
satb1,adk,485.0
satb1,tab1,398.0
satb1,aldh18a1,444.0
satb1,prmt5,446.0
satb1,tomm40,716.0
satb1,ino80d,368.0
satb1,tars,550.0
satb1,mettl7a1,572.0
satb1,fam102b,581.0
satb1,ect2,342.0
satb1,rcor1,372.0
satb1,dcaf13,594.0
satb1,otud6b,559.0
satb1,lrrc59,341.0
satb1,itgal,367.0
satb1,fem1b,321.0
satb1,gmfb,431.0
satb1,abhd17b,443.0
satb1,morc3,529.0
satb1,dpp8,346.0
satb1,nsun2,327.0
satb1,oasl2,303.0
satb1,dhx33,283.0
satb1,f13a1,490.0
satb1,naa50,257.0
satb1,cbx5,317.0
satb1,mcm7,368.0
satb1,dnajc11,265.0
satb1,phf5a,342.0
satb1,gbp3,277.0
satb1,tspan14,580.0
satb1,pno1,353.0
satb1,irf9,318.0
satb1,tmx3,470.0
satb1,mars,248.0
satb1,smc2,399.0
satb1,nceh1,362.0
satb1,cks2,708.0
satb1,cd274,277.0
satb1,gprasp1,346.0
satb1,colgalt1,368.0
satb1,def8,260.0
satb1,bysl,338.0
satb1,mllt3,333.0
satb1,elovl5,524.0
satb1,eya2,271.0
satb1,por,245.0
satb1,tacc3,384.0
satb1,pla2g15,317.0
satb1,cs,290.0
satb1,ccna2,449.0
satb1,atad2,356.0
satb1,dennd1c,268.0
satb1,plekho2,356.0
satb1,plin3,229.0
satb1,fam136a,250.0
satb1,fem1a,707.0
satb1,kif20b,486.0
satb1,gimap6,232.0
satb1,immt,339.0
satb1,cipc,331.0
satb1,kat7,297.0
satb1,mrpl20,269.0
satb1,rad21,564.0
satb1,clptm1l,342.0
satb1,abcb8,439.0
satb1,prpf4,226.0
satb1,api5,337.0
satb1,camk2d,237.0
satb1,ifrd2,316.0
satb1,ahcyl1,291.0
satb1,mief1,395.0
satb1,foxred1,433.0
satb1,xpc,260.0
satb1,birc5,286.0
satb1,uap1,338.0
satb1,tbc1d9b,569.0
satb1,psmd6,203.0
satb1,kif11,297.0
satb1,tmem173,448.0
satb1,e2f4,301.0
satb1,tcp11l2,263.0
satb1,pik3r2,292.0
satb1,nus1,338.0
satb1,tecpr1,269.0
satb1,tnpo1,259.0
satb1,arl8b,354.0
satb1,tmem184c,420.0
satb1,arid5a,227.0
satb1,ypel3,383.0
satb1,tbc1d10c,272.0
satb1,hsph1,490.0
satb1,dok2,304.0
satb1,fastkd2,247.0
satb1,zbtb20,326.0
satb1,hars,257.0
satb1,osbpl8,235.0
satb1,tpx2,760.0
satb1,zdhhc6,356.0
satb1,ppat,193.0
satb1,rrm1,252.0
satb1,gfm1,346.0
satb1,ppp1r15a,316.0
satb1,nedd1,403.0
satb1,zfp53,438.0
satb1,pld3,272.0
satb1,pstpip1,226.0
satb1,cstf2,372.0
satb1,mdn1,406.0
satb1,wdr43,281.0
satb1,calcrl,352.0
satb1,ado,253.0
satb1,pde4b,288.0
satb1,dtl,212.0
satb1,gpr65,323.0
satb1,cdk1,614.0
satb1,eftud2,317.0
satb1,fignl1,214.0
satb1,pole3,377.0
satb1,tex10,276.0
satb1,gtf2f1,347.0
satb1,anxa5,290.0
satb1,adsl,231.0
satb1,rgs1,524.0
satb1,fam111a,899.0
satb1,tmem33,336.0
satb1,hus1,284.0
satb1,incenp,218.0
satb1,sla,343.0
satb1,cd52,457.0
satb1,ctso,376.0
satb1,gabbr1,352.0
satb1,tmem206,223.0
satb1,9530068e07rik,285.0
satb1,txnip,217.0
satb1,ndufv1,290.0
satb1,rabggtb,363.0
satb1,txndc11,318.0
satb1,eif4enif1,860.0
satb1,lonp2,319.0
satb1,mcm4,216.0
satb1,ppp1cb,281.0
satb1,soat1,228.0
satb1,gemin5,569.0
satb1,med16,223.0
satb1,ptpn7,314.0
satb1,idh3a,612.0
satb1,wdr5,331.0
satb1,atp1b3,250.0
satb1,abce1,292.0
satb1,shisa5,313.0
satb1,cd69,247.0
satb1,atp13a1,254.0
satb1,atp8b4,245.0
satb1,slc35a4,192.0
satb1,maml3,283.0
satb1,otud4,207.0
satb1,copb1,240.0
satb1,nop2,261.0
satb1,patl1,291.0
satb1,sla2,245.0
satb1,syk,775.0
satb1,abl2,298.0
satb1,eef1e1,337.0
satb1,ipo9,371.0
satb1,gria3,284.0
satb1,psmd9,365.0
satb1,wsb1,220.0
satb1,rars,228.0
satb1,psmg2,203.0
satb1,me2,458.0
satb1,slc30a5,342.0
satb1,stxbp4,235.0
satb1,ctla2a,503.0
satb1,nup155,395.0
satb1,rfc4,361.0
satb1,dhfr,218.0
satb1,kctd12,189.0
satb1,cd53,846.0
satb1,h2-ob,520.0
satb1,akna,255.0
satb1,zfp422,210.0
satb1,fgfr1op,273.0
satb1,serpinb9,491.0
satb1,tfg,308.0
satb1,atf7,234.0
satb1,polr1b,316.0
satb1,tec,345.0
satb1,kctd20,232.0
satb1,cdca7,177.0
satb1,mki67,303.0
satb1,lap3,330.0
satb1,ncapg2,262.0
satb1,nrros,230.0
satb1,iigp1,671.0
satb1,uba7,472.0
satb1,tipin,498.0
satb1,slc31a1,167.0
satb1,mcm3,182.0
satb1,dnajc10,407.0
satb1,ckap2l,143.0
satb1,ltb,231.0
satb1,cdc6,371.0
satb1,mapk1,193.0
satb1,aldh9a1,305.0
satb1,cbfb,156.0
satb1,seh1l,215.0
satb1,isg20,209.0
satb1,topors,336.0
satb1,satb1,272.0
satb1,nup107,327.0
satb1,rmnd5a,229.0
satb1,ctc1,142.0
satb1,nup93,224.0
satb1,ifi203,575.0
satb1,bcl2,450.0
satb1,nup85,214.0
satb1,serpinb6a,289.0
satb1,rgcc,190.0
satb1,asf1b,174.0
satb1,rtel1,219.0
satb1,epsti1,243.0
satb1,mogs,307.0
satb1,atrn,174.0
satb1,atad1,215.0
satb1,cdca5,203.0
satb1,prkch,220.0
satb1,ubash3a,225.0
satb1,csgalnact2,187.0
satb1,pcmtd1,303.0
satb1,ccl9,513.0
satb1,gbp7,160.0
satb1,rtp4,375.0
satb1,gimap1,185.0
satb1,dnajc5,192.0
satb1,cln5,290.0
satb1,cenpe,174.0
satb1,pus7,325.0
satb1,ube2l6,214.0
satb1,il27ra,256.0
satb1,mapkapk3,200.0
satb1,cnih1,176.0
satb1,ctr9,188.0
satb1,mtmr4,215.0
satb1,pold1,209.0
satb1,nolc1,261.0
satb1,pfkp,170.0
satb1,spc24,254.0
satb1,gars,204.0
satb1,stat2,307.0
satb1,rgs19,378.0
satb1,prelid3b,242.0
satb1,hat1,298.0
satb1,arfgef2,309.0
satb1,4833439l19rik,202.0
satb1,serpinb6b,254.0
satb1,hdac7,197.0
satb1,dusp1,189.0
satb1,synj1,338.0
satb1,mfsd1,180.0
satb1,jarid2,258.0
satb1,st8sia4,239.0
satb1,cst7,189.0
satb1,tomm70a,186.0
satb1,ranbp3,218.0
satb1,nudcd1,142.0
satb1,ppm1f,272.0
satb1,eif2b1,219.0
satb1,trim35,239.0
satb1,zhx1,185.0
satb1,cenpk,241.0
satb1,pbk,209.0
satb1,fcho2,204.0
satb1,tsc22d1,301.0
satb1,mgat5,187.0
satb1,arl6ip6,191.0
satb1,znrf2,131.0
satb1,vsir,284.0
satb1,mis12,332.0
satb1,tubgcp2,248.0
satb1,trmt6,209.0
satb1,msmo1,227.0
satb1,tmx4,199.0
satb1,ndrg2,188.0
satb1,vkorc1l1,137.0
satb1,slbp,149.0
satb1,kpna3,233.0
satb1,pttg1ip,219.0
satb1,prc1,413.0
satb1,unc93b1,367.0
satb1,mtch2,325.0
satb1,rpap1,164.0
satb1,fbxo5,177.0
satb1,zfp24,256.0
satb1,slc35b4,260.0
satb1,metap1,374.0
satb1,coq8a,230.0
satb1,slc39a6,166.0
satb1,elp2,166.0
satb1,mfng,166.0
satb1,sgpp1,267.0
satb1,panx1,220.0
satb1,hdac2,192.0
satb1,tyms,400.0
satb1,pwp2,199.0
satb1,pip4k2a,227.0
satb1,chrnb1,240.0
satb1,itih5,175.0
satb1,cdc45,161.0
satb1,spcs3,273.0
satb1,dnajc9,250.0
satb1,ostm1,228.0
satb1,glb1,194.0
satb1,ubr7,327.0
satb1,bub1b,149.0
satb1,sell,146.0
satb1,pla2g12a,208.0
satb1,nubp2,201.0
satb1,ftsj3,133.0
satb1,rps6ka5,177.0
satb1,mto1,274.0
satb1,jun,217.0
satb1,fastkd3,270.0
satb1,slc35e1,230.0
satb1,eaf1,173.0
satb1,gmip,130.0
satb1,gtf2h1,152.0
satb1,prep,196.0
satb1,ddx1,243.0
satb1,lsp1,203.0
satb1,zfp451,208.0
satb1,pdia4,195.0
satb1,timm50,160.0
satb1,ddx60,217.0
satb1,ms4a6c,472.0
satb1,cdt1,199.0
satb1,tbc1d5,206.0
satb1,sfxn1,193.0
satb1,sec24d,160.0
satb1,sh3bgrl,198.0
satb1,memo1,201.0
satb1,pfkfb3,155.0
satb1,ankrd44,123.0
satb1,rprd1b,224.0
satb1,uhrf1,479.0
satb1,ckap2,309.0
satb1,fcgr2b,406.0
satb1,cks1b,139.0
satb1,fbxw11,202.0
satb1,setd2,141.0
satb1,cbx7,233.0
satb1,prmt7,273.0
satb1,psen1,190.0
satb1,crebrf,265.0
satb1,ap1s2,132.0
satb1,thada,162.0
satb1,nfkbia,128.0
satb1,slc44a2,128.0
satb1,polr2b,219.0
satb1,qars,150.0
satb1,plaa,202.0
satb1,aurkb,339.0
satb1,gpd1l,311.0
satb1,phkb,234.0
satb1,racgap1,289.0
satb1,nampt,144.0
satb1,usp37,144.0
satb1,1700017b05rik,167.0
satb1,frrs1,172.0
satb1,kif22,215.0
satb1,hacd4,422.0
satb1,shmt1,236.0
satb1,cse1l,182.0
satb1,usp42,159.0
satb1,ptdss1,177.0
satb1,rcc1,142.0
satb1,igsf6,337.0
satb1,ncapd2,130.0
satb1,ndc1,145.0
satb1,ganab,226.0
satb1,edem1,239.0
satb1,myo1f,371.0
satb1,mpzl1,170.0
satb1,gmcl1,196.0
satb1,ggta1,228.0
satb1,otulinl,186.0
satb1,nuak2,248.0
satb1,fcgr3,220.0
satb1,cenpf,193.0
satb1,cyfip2,315.0
satb1,rpa2,164.0
satb1,hyou1,246.0
satb1,mcm5,175.0
satb1,lig1,132.0
satb1,agps,169.0
satb1,trmt11,209.0
satb1,ptprs,238.0
satb1,ergic1,189.0
satb1,bcap29,156.0
satb1,strap,179.0
satb1,prss57,192.0
satb1,9430015g10rik,188.0
satb1,elmo2,161.0
satb1,mcoln2,167.0
satb1,tcf19,240.0
satb1,mtmr1,208.0
satb1,mtr,136.0
satb1,psat1,231.0
satb1,acot9,209.0
satb1,usp11,160.0
satb1,tyrobp,338.0
satb1,etf1,142.0
satb1,egr1,123.0
satb1,tbl3,187.0
satb1,slc20a1,165.0
satb1,cdca3,132.0
satb1,bace1,280.0
satb1,mtfr1,222.0
satb1,gbp2,235.0
satb1,g6pdx,189.0
satb1,btg2,164.0
satb1,acly,148.0
satb1,sesn1,147.0
satb1,serpinb1a,189.0
satb1,atp11c,137.0
satb1,rel,117.0
satb1,xrcc6,154.0
satb1,wdr55,160.0
satb1,cyb5r1,150.0
satb1,elac2,159.0
satb1,cybc1,132.0
satb1,mob3c,151.0
satb1,fam91a1,180.0
satb1,zfp322a,166.0
satb1,hcfc1,179.0
satb1,abcg3,146.0
satb1,cul3,116.0
satb1,arhgef18,206.0
satb1,slc25a46,132.0
satb1,ptcd3,164.0
satb1,osbpl1a,209.0
satb1,ldhb,114.0
satb1,ints8,136.0
satb1,orc2,165.0
satb1,tmem50b,161.0
satb1,rrm2,176.0
satb1,nadk,126.0
satb1,arhgef39,139.0
satb1,uba2,178.0
satb1,srm,212.0
satb1,ddx39,229.0
satb1,cd244a,192.0
satb1,acaa2,139.0
satb1,ube2c,141.0
satb1,itsn1,152.0
satb1,psme3,142.0
satb1,tm7sf3,158.0
satb1,mthfd1,186.0
satb1,tnfrsf21,150.0
satb1,csf2rb,245.0
satb1,ndrg1,198.0
satb1,rnf4,189.0
satb1,atp10a,137.0
satb1,zfp467,117.0
satb1,snx30,134.0
satb1,akap8l,246.0
satb1,ncln,144.0
satb1,napsa,343.0
satb1,mfsd14b,104.0
satb1,d1ertd622e,256.0
satb1,selenop,118.0
satb1,parvg,169.0
satb1,cfp,335.0
satb1,angpt1,175.0
satb1,slc28a2,193.0
satb1,slc26a2,177.0
satb1,ddx21,126.0
satb1,ncf1,234.0
satb1,cdc20,138.0
satb1,arcn1,195.0
satb1,5430427o19rik,249.0
satb1,tcirg1,169.0
satb1,prim2,108.0
satb1,h2afx,127.0
satb1,rps6ka3,193.0
satb1,e2f8,206.0
satb1,dennd2d,110.0
satb1,usp14,154.0
satb1,lactb,203.0
satb1,flnb,164.0
satb1,sorl1,144.0
satb1,ncapg,144.0
satb1,eml4,166.0
satb1,lonp1,179.0
satb1,slc16a1,117.0
satb1,klf6,206.0
satb1,btaf1,103.0
satb1,igtp,167.0
satb1,acox1,138.0
satb1,padi4,137.0
satb1,ctsz,110.0
satb1,trim59,166.0
satb1,ddx58,118.0
satb1,cd48,134.0
satb1,zmiz1,136.0
satb1,tgtp2,257.0
satb1,ckap5,148.0
satb1,tubgcp3,159.0
satb1,sgms1,125.0
satb1,sdf2l1,130.0
satb1,pitpnc1,245.0
satb1,parp8,245.0
satb1,cdc7,141.0
satb1,zbtb38,155.0
satb1,ccl4,122.0
satb1,laptm4b,122.0
satb1,plek,242.0
satb1,irgm2,132.0
satb1,pclaf,173.0
satb1,zfp945,145.0
satb1,wdhd1,164.0
satb1,xpnpep1,139.0
satb1,il6st,128.0
satb1,myl10,118.0
satb1,umps,135.0
satb1,neil3,116.0
satb1,far1,126.0
satb1,itch,152.0
satb1,gng2,118.0
satb1,gsr,151.0
satb1,itpr1,129.0
satb1,mettl27,107.0
satb1,hells,116.0
satb1,cish,213.0
satb1,herpud1,117.0
satb1,acss2,125.0
satb1,iars2,112.0
satb1,rgs2,129.0
satb1,haao,207.0
satb1,mycn,103.0
satb1,ubac1,102.0
satb1,cd68,203.0
satb1,golt1b,105.0
satb1,cand2,201.0
satb1,neurl3,200.0
satb1,gcnt2,199.0
satb1,fam76b,109.0
satb1,muc13,197.0
satb1,gimap5,106.0
satb1,rab37,190.0
satb1,cad,115.0
satb1,rad51,102.0
satb1,anxa1,188.0
satb1,vps35,187.0
satb1,orc6,187.0
satb1,spc25,102.0
satb1,slc37a1,105.0
satb1,ccdc50,182.0
satb1,stom,181.0
satb1,pole,180.0
satb1,fcer1g,176.0
satb1,gusb,171.0
satb1,mc5r,170.0
satb1,mpi,169.0
satb1,gm4951,169.0
satb1,ifi209,167.0
satb1,tgtp1,161.0
satb1,atg12,161.0
satb1,ap3s1,161.0
satb1,s100a6,160.0
satb1,mcm10,160.0
satb1,tor3a,154.0
satb1,nde1,154.0
satb1,gns,153.0
satb1,rin3,152.0
satb1,stt3b,151.0
satb1,ints13,149.0
satb1,utp4,147.0
satb1,nudt19,147.0
satb1,kcnk5,147.0
satb1,golim4,147.0
satb1,cers6,145.0
satb1,rpa1,143.0
satb1,hexa,138.0
satb1,prim1,135.0
satb1,flt3,135.0
satb1,lpcat2,134.0
satb1,xaf1,132.0
satb1,slfn2,129.0
satb1,retreg1,127.0
satb1,nmd3,124.0
satb1,itm2a,124.0
satb1,phf11b,123.0
satb1,cpa3,123.0
satb1,atp6ap2,123.0
satb1,tm6sf1,119.0
satb1,b230219d22rik,118.0
satb1,tspan3,117.0
satb1,nol9,117.0
satb1,cdca4,117.0
satb1,golph3,115.0
satb1,trim30d,114.0
satb1,slco4a1,113.0
satb1,ncaph,113.0
satb1,gmnn,112.0
satb1,arid2,112.0
satb1,tk1,110.0
satb1,stag2,110.0
satb1,nfam1,109.0
satb1,micu1,109.0
satb1,gng12,109.0
satb1,mlkl,107.0
satb1,tmem43,105.0
satb1,fdft1,105.0
stat2,irf9,4302.0
stat2,stat2,4343.0
stat2,rtp4,4426.0
stat2,trim30d,4385.0
stat2,txnip,2469.0
stat2,tgtp2,3911.0
stat2,oasl2,4073.0
stat2,tor3a,3321.0
stat2,oas3,3684.0
stat2,irgm2,3037.0
stat2,igtp,3050.0
stat2,shisa5,3901.0
stat2,xaf1,3149.0
stat2,eif2b1,2118.0
stat2,cdca5,2088.0
stat2,irf7,2885.0
stat2,nampt,1945.0
stat2,slc35e1,1586.0
stat2,bysl,1717.0
stat2,gbp7,3453.0
stat2,ddx60,2991.0
stat2,arrdc4,1889.0
stat2,samd9l,2582.0
stat2,ifi203,2480.0
stat2,gbp3,3654.0
stat2,clptm1l,1534.0
stat2,foxred1,1686.0
stat2,lonp1,1442.0
stat2,cd274,2843.0
stat2,snrnp200,1268.0
stat2,arid5a,1799.0
stat2,isg20,1625.0
stat2,phf11b,2699.0
stat2,epsti1,1686.0
stat2,plaa,1319.0
stat2,ndufv1,1242.0
stat2,kctd20,1280.0
stat2,rfc4,1356.0
stat2,mfsd1,1230.0
stat2,abce1,1277.0
stat2,mdn1,1222.0
stat2,wdr4,1229.0
stat2,cenpk,1063.0
stat2,dus1l,1054.0
stat2,timm29,1118.0
stat2,rrm1,983.0
stat2,tgtp1,1573.0
stat2,otud6b,1088.0
stat2,uba7,1953.0
stat2,hells,1065.0
stat2,mrpl20,1103.0
stat2,serpina3g,1424.0
stat2,sf3b3,815.0
stat2,ccdc50,1434.0
stat2,gm4951,2653.0
stat2,phf5a,942.0
stat2,cenpe,1153.0
stat2,rprd1b,993.0
stat2,nolc1,1061.0
stat2,coq8a,991.0
stat2,ifi209,1392.0
stat2,gtf2h1,906.0
stat2,ahcyl1,954.0
stat2,ddx58,1508.0
stat2,rars,835.0
stat2,ifi44,2461.0
stat2,atp10a,1889.0
stat2,armt1,776.0
stat2,tent5a,1172.0
stat2,nup155,793.0
stat2,uba2,798.0
stat2,dlst,751.0
stat2,atp1b3,1115.0
stat2,tbl3,760.0
stat2,dhx33,822.0
stat2,top3b,725.0
stat2,iigp1,2268.0
stat2,trmt6,787.0
stat2,tmem229b,1296.0
stat2,chordc1,871.0
stat2,hsph1,1264.0
stat2,odc1,951.0
stat2,hjurp,700.0
stat2,cd69,1000.0
stat2,eftud2,658.0
stat2,psmd6,707.0
stat2,gtf2f1,1101.0
stat2,wdhd1,751.0
stat2,h2afx,964.0
stat2,nsun2,605.0
stat2,mgat1,699.0
stat2,hspa1a,1099.0
stat2,osbpl8,659.0
stat2,cdca8,631.0
stat2,usp14,553.0
stat2,psme3,604.0
stat2,morc3,663.0
stat2,slbp,801.0
stat2,nudt19,539.0
stat2,strap,729.0
stat2,immt,508.0
stat2,cltc,485.0
stat2,nuf2,559.0
stat2,jun,587.0
stat2,nfkbia,618.0
stat2,irf8,515.0
stat2,dhfr,718.0
stat2,atp13a1,430.0
stat2,gbp2,1428.0
stat2,gns,1226.0
stat2,rgcc,718.0
stat2,rtel1,668.0
stat2,mcm10,1044.0
stat2,pwp2,574.0
stat2,casp4,858.0
stat2,nploc4,489.0
stat2,eaf1,480.0
stat2,zfp367,587.0
stat2,aplp2,539.0
stat2,topors,556.0
stat2,mars,466.0
stat2,slc39a6,459.0
stat2,elp2,459.0
stat2,rpa2,592.0
stat2,pld3,581.0
stat2,hars,526.0
stat2,nup107,558.0
stat2,slc16a1,782.0
stat2,bcap29,457.0
stat2,fam91a1,501.0
stat2,nfat5,526.0
stat2,nop2,682.0
stat2,ccna2,621.0
stat2,tomm70a,497.0
stat2,h2-q6,600.0
stat2,ubac1,465.0
stat2,hus1,445.0
stat2,rabggtb,655.0
stat2,atad1,525.0
stat2,slc20a1,742.0
stat2,elovl5,543.0
stat2,mief1,600.0
stat2,mfsd14b,430.0
stat2,ddx21,448.0
stat2,9530068e07rik,419.0
stat2,slc25a46,467.0
stat2,usp42,472.0
stat2,prpf4,508.0
stat2,mtmr4,510.0
stat2,ubr7,491.0
stat2,psen1,549.0
stat2,hexa,494.0
stat2,sec23ip,425.0
stat2,cd52,869.0
stat2,wsb1,507.0
stat2,golt1b,505.0
stat2,tex10,431.0
stat2,atf7,449.0
stat2,dpp8,484.0
stat2,acox3,405.0
stat2,tcirg1,951.0
stat2,ddx20,465.0
stat2,dtl,415.0
stat2,ddx1,401.0
stat2,atad2,528.0
stat2,wdr43,427.0
stat2,fastkd2,399.0
stat2,lcp2,970.0
stat2,gmfb,402.0
stat2,tacc3,376.0
stat2,dnajc9,528.0
stat2,fem1b,440.0
stat2,b230219d22rik,553.0
stat2,arl8b,601.0
stat2,eif1ad,396.0
stat2,klf6,478.0
stat2,cbx5,441.0
stat2,tipin,482.0
stat2,lonp2,439.0
stat2,gars,476.0
stat2,mtor,467.0
stat2,ndrg1,490.0
stat2,h1f0,372.0
stat2,nol9,481.0
stat2,mtch2,438.0
stat2,rasa4,634.0
stat2,ndufs1,368.0
stat2,ccdc137,366.0
stat2,nedd1,461.0
stat2,zdhhc13,371.0
stat2,tnpo1,471.0
stat2,rpap1,361.0
stat2,psme4,489.0
stat2,btaf1,512.0
stat2,ruvbl2,396.0
stat2,fem1a,369.0
stat2,hyou1,488.0
stat2,tmem33,475.0
stat2,herpud1,445.0
stat2,slc35a4,461.0
stat2,cdt1,437.0
stat2,itpr1,390.0
stat2,dnm1l,364.0
stat2,rad51ap1,400.0
stat2,pttg1ip,550.0
stat2,seh1l,413.0
stat2,txndc11,442.0
stat2,por,455.0
stat2,ly86,612.0
stat2,dusp1,384.0
stat2,dnajc10,324.0
stat2,cdca4,483.0
stat2,dnajc5,487.0
stat2,cks2,464.0
stat2,e2f4,403.0
stat2,calcrl,551.0
stat2,rptor,416.0
stat2,phkb,350.0
stat2,cdca7,349.0
stat2,ncapg,394.0
stat2,mapk1,483.0
stat2,cipc,376.0
stat2,birc5,432.0
stat2,cse1l,383.0
stat2,9430015g10rik,399.0
stat2,taf12,421.0
stat2,egr1,439.0
stat2,orc2,419.0
stat2,ddx39,435.0
stat2,rfc5,359.0
stat2,gfm1,326.0
stat2,dcaf13,346.0
stat2,cish,328.0
stat2,mlkl,586.0
stat2,dnajc11,372.0
stat2,btg2,531.0
stat2,api5,310.0
stat2,zhx1,298.0
stat2,tubgcp3,367.0
stat2,sell,423.0
stat2,slc30a5,443.0
stat2,ganab,398.0
stat2,prmt7,428.0
stat2,fignl1,454.0
stat2,arl6ip6,295.0
stat2,tubgcp2,357.0
stat2,abhd17b,385.0
stat2,adsl,401.0
stat2,nubp2,310.0
stat2,ncln,570.0
stat2,ncapd2,235.0
stat2,rel,314.0
stat2,ppp1r15a,493.0
stat2,eif3b,307.0
stat2,edem1,379.0
stat2,acly,532.0
stat2,trmt11,323.0
stat2,mcm3,295.0
stat2,ptdss1,270.0
stat2,stxbp4,216.0
stat2,rgs2,375.0
stat2,spc24,290.0
stat2,serpinb6a,286.0
stat2,atg12,351.0
stat2,ap3s1,351.0
stat2,nasp,432.0
stat2,utp4,327.0
stat2,cenpo,339.0
stat2,rnf4,342.0
stat2,nup93,351.0
stat2,abcb10,505.0
stat2,xpc,357.0
stat2,rcc1,300.0
stat2,ncapg2,405.0
stat2,fcho2,460.0
stat2,ctr9,290.0
stat2,zfp53,469.0
stat2,psmg2,329.0
stat2,polr1b,344.0
stat2,uap1,413.0
stat2,tab1,394.0
stat2,tfg,379.0
stat2,sesn1,259.0
stat2,mcm5,320.0
stat2,synj1,297.0
stat2,hnrnpll,307.0
stat2,etf1,370.0
stat2,ckap2,314.0
stat2,far1,302.0
stat2,ppat,269.0
stat2,icam1,326.0
stat2,tsc22d1,348.0
stat2,ints8,324.0
stat2,ino80d,293.0
stat2,rmnd5a,283.0
stat2,pim2,399.0
stat2,rgs1,276.0
stat2,vsir,370.0
stat2,alas1,350.0
stat2,mis12,248.0
stat2,slc25a38,294.0
stat2,adk,290.0
stat2,mis18bp1,395.0
stat2,zdhhc6,234.0
stat2,kif22,295.0
stat2,cks1b,311.0
stat2,otud4,350.0
stat2,cul3,211.0
stat2,myo5a,298.0
stat2,pip4k2a,258.0
stat2,ints13,286.0
stat2,mcm4,214.0
stat2,incenp,302.0
stat2,slc31a1,369.0
stat2,slc26a2,313.0
stat2,usp10,230.0
stat2,rexo4,237.0
stat2,arcn1,282.0
stat2,jpt2,305.0
stat2,trim59,310.0
stat2,tmem97,321.0
stat2,mad2l1,331.0
stat2,dck,284.0
stat2,znrf2,424.0
stat2,usp37,217.0
stat2,iars,423.0
stat2,kat7,270.0
stat2,nmd3,302.0
stat2,fam136a,303.0
stat2,tmem43,308.0
stat2,fam76b,304.0
stat2,colgalt1,398.0
stat2,ranbp3,309.0
stat2,crebrf,165.0
stat2,ifrd2,414.0
stat2,pfkp,358.0
stat2,mogs,365.0
stat2,lrrc59,287.0
stat2,fastkd3,312.0
stat2,acox1,288.0
stat2,kif11,304.0
stat2,tmx4,314.0
stat2,bid,378.0
stat2,rad51,198.0
stat2,fbxw11,341.0
stat2,pik3r1,211.0
stat2,ipo9,269.0
stat2,elac2,194.0
stat2,me2,290.0
stat2,thada,339.0
stat2,stt3b,260.0
stat2,gmnn,301.0
stat2,cnih1,395.0
stat2,cers6,316.0
stat2,ube2l6,514.0
stat2,bcl2,246.0
stat2,rrm2,435.0
stat2,med16,242.0
stat2,tmem206,283.0
stat2,plin3,240.0
stat2,zfp24,330.0
stat2,abl2,205.0
stat2,metap1,232.0
stat2,cln5,273.0
stat2,prmt5,306.0
stat2,ostm1,208.0
stat2,unc93b1,376.0
stat2,ptcd3,210.0
stat2,farsb,268.0
stat2,setd2,206.0
stat2,timp2,236.0
stat2,nadk,249.0
stat2,psat1,191.0
stat2,top2a,359.0
stat2,il17ra,251.0
stat2,gimap5,285.0
stat2,ccnb1,258.0
stat2,pola2,243.0
stat2,fam102b,248.0
stat2,5430427o19rik,222.0
stat2,mtrex,250.0
stat2,spcs3,198.0
stat2,tyms,371.0
stat2,hdac2,222.0
stat2,gng12,246.0
stat2,ftsj3,252.0
stat2,acaa2,393.0
stat2,pstpip1,279.0
stat2,akap8l,312.0
stat2,msh6,280.0
stat2,slfn2,265.0
stat2,emb,271.0
stat2,hat1,384.0
stat2,zfp422,188.0
stat2,f2r,271.0
stat2,mob3c,262.0
stat2,ezr,280.0
stat2,rps6ka5,267.0
stat2,prep,268.0
stat2,zfp322a,180.0
stat2,eef1e1,297.0
stat2,nusap1,262.0
stat2,ctc1,298.0
stat2,camk2d,212.0
stat2,rnf38,207.0
stat2,anxa1,372.0
stat2,ckap2l,221.0
stat2,trim35,329.0
stat2,psmd1,269.0
stat2,nup88,251.0
stat2,ncaph,319.0
stat2,gmcl1,354.0
stat2,vps35,243.0
stat2,orc6,243.0
stat2,tomm40,538.0
stat2,rangap1,285.0
stat2,polr2b,228.0
stat2,fcer1g,453.0
stat2,abl1,273.0
stat2,nus1,203.0
stat2,flnb,350.0
stat2,xpnpep1,272.0
stat2,csgalnact2,267.0
stat2,nceh1,265.0
stat2,napsa,392.0
stat2,timm50,315.0
stat2,atrn,253.0
stat2,snx30,319.0
stat2,sptbn1,290.0
stat2,cenpf,213.0
stat2,idh1,349.0
stat2,naa50,262.0
stat2,casp1,412.0
stat2,mtmr6,214.0
stat2,xrcc6,295.0
stat2,qars,256.0
stat2,zfp36,400.0
stat2,golph3,299.0
stat2,cdca3,183.0
stat2,rpa1,343.0
stat2,tcf19,355.0
stat2,nptn,255.0
stat2,mcm7,231.0
stat2,ctps,189.0
stat2,msmo1,254.0
stat2,ppp1cb,322.0
stat2,gcnt2,371.0
stat2,kpna3,277.0
stat2,ypel3,289.0
stat2,umps,189.0
stat2,bc005561,416.0
stat2,angpt1,527.0
stat2,lap3,247.0
stat2,dock10,172.0
stat2,sppl2b,290.0
stat2,nup85,231.0
stat2,prelid3b,320.0
stat2,4833439l19rik,165.0
stat2,cdc45,200.0
stat2,plek,219.0
stat2,shmt1,268.0
stat2,fbxo5,254.0
stat2,dennd1c,209.0
stat2,arfgef2,357.0
stat2,rad21,226.0
stat2,gimap6,256.0
stat2,tgfbr1,178.0
stat2,itch,220.0
stat2,copb1,262.0
stat2,zbtb20,207.0
stat2,sdf2l1,264.0
stat2,nde1,250.0
stat2,cdc20,252.0
stat2,tes,227.0
stat2,ckap5,225.0
stat2,memo1,163.0
stat2,vkorc1l1,209.0
stat2,zfp451,248.0
stat2,st8sia4,234.0
stat2,spc25,272.0
stat2,fgfr1op,298.0
stat2,fdft1,317.0
stat2,pik3r2,213.0
stat2,zfp35,206.0
stat2,mthfd1,256.0
stat2,ubl4a,159.0
stat2,otulinl,263.0
stat2,agps,381.0
stat2,kcnk5,257.0
stat2,rgs19,330.0
stat2,neil3,229.0
stat2,ly6a,178.0
stat2,tbc1d5,174.0
stat2,tec,165.0
stat2,gusb,219.0
stat2,micu1,217.0
stat2,slco4a1,181.0
stat2,pdia4,271.0
stat2,parp8,179.0
stat2,pfkfb3,170.0
stat2,fam111a,212.0
stat2,slc43a3,187.0
stat2,pcmtd1,211.0
stat2,mto1,217.0
stat2,ndc1,221.0
stat2,snap47,264.0
stat2,cst7,165.0
stat2,tmx3,239.0
stat2,panx1,165.0
stat2,sgms1,163.0
stat2,tpx2,220.0
stat2,pbk,210.0
stat2,wdr55,203.0
stat2,nudt4,282.0
stat2,mcm2,223.0
stat2,bub1b,244.0
stat2,tpm4,242.0
stat2,prkcd,218.0
stat2,phf6,241.0
stat2,glb1,157.0
stat2,hacd3,205.0
stat2,cdc7,229.0
stat2,ercc8,195.0
stat2,abcb8,163.0
stat2,atp8b4,171.0
stat2,knstrn,208.0
stat2,prim2,215.0
stat2,prim1,183.0
stat2,cdc6,247.0
stat2,tars,191.0
stat2,ppm1f,213.0
stat2,pold1,249.0
stat2,ncf1,312.0
stat2,lmo4,202.0
stat2,prodh,269.0
stat2,cstf2,193.0
stat2,cad,213.0
stat2,jarid2,276.0
stat2,hdgfl3,164.0
stat2,hmgb3,184.0
stat2,nudcd1,191.0
stat2,pcmtd2,170.0
stat2,wdr5,182.0
stat2,pclaf,191.0
stat2,cbfb,198.0
stat2,slc19a1,186.0
stat2,mki67,171.0
stat2,uhrf1,228.0
stat2,ube2c,274.0
stat2,anxa5,187.0
stat2,cs,181.0
stat2,mpzl1,142.0
stat2,tk1,263.0
stat2,arid2,196.0
stat2,scarf1,271.0
stat2,slc37a1,190.0
stat2,1700017b05rik,173.0
stat2,plekho2,298.0
stat2,asf1b,206.0
stat2,pole3,179.0
stat2,pitpnc1,208.0
stat2,mtr,177.0
stat2,ccne2,216.0
stat2,ccnb2,242.0
stat2,aurkb,217.0
stat2,satb1,231.0
stat2,mrpl37,168.0
stat2,gpd1l,223.0
stat2,dennd2d,223.0
stat2,tmem184c,223.0
stat2,patl1,192.0
stat2,smc2,176.0
stat2,gemin5,176.0
stat2,srm,287.0
stat2,nrros,205.0
stat2,acot9,228.0
stat2,cdk1,238.0
stat2,acss2,175.0
stat2,pno1,159.0
stat2,kif20b,194.0
stat2,ndrg2,177.0
stat2,prkch,237.0
stat2,pde4b,169.0
stat2,pole,200.0
stat2,ctso,154.0
stat2,ap1s2,245.0
stat2,eml4,147.0
stat2,cd82,156.0
stat2,zbtb38,144.0
stat2,rin3,221.0
stat2,aldh9a1,220.0
stat2,ldhb,198.0
stat2,racgap1,243.0
stat2,g6pdx,130.0
stat2,soat1,137.0
stat2,psmd9,185.0
stat2,osbpl1a,214.0
stat2,map4k2,274.0
stat2,fuca2,140.0
stat2,mtmr1,140.0
stat2,cyb5r1,204.0
stat2,prc1,206.0
stat2,cybc1,191.0
stat2,slco3a1,202.0
stat2,ptpn7,143.0
stat2,xrcc3,141.0
stat2,cd53,185.0
stat2,slc35b4,176.0
stat2,def8,132.0
stat2,ado,132.0
stat2,tmem173,279.0
stat2,pla2g12a,175.0
stat2,ect2,237.0
stat2,frrs1,176.0
stat2,cenpa,174.0
stat2,idh3a,179.0
stat2,lactb,137.0
stat2,cd44,205.0
stat2,ankrd44,148.0
stat2,tbc1d9b,119.0
stat2,gem,241.0
stat2,pla2g15,169.0
stat2,isyna1,179.0
stat2,kctd12,156.0
stat2,tespa1,186.0
stat2,lman2l,178.0
stat2,laptm4b,163.0
stat2,ergic1,184.0
stat2,pbx1,163.0
stat2,pak1,163.0
stat2,atp6ap1,188.0
stat2,grina,180.0
stat2,mycn,170.0
stat2,tecpr1,161.0
stat2,itsn1,184.0
stat2,prkcq,126.0
stat2,sorl1,152.0
stat2,e2f8,155.0
stat2,chrnb1,185.0
stat2,pidd1,155.0
stat2,capg,177.0
stat2,hdac7,162.0
stat2,golim4,118.0
stat2,gm1966,161.0
stat2,akna,145.0
stat2,il27ra,153.0
stat2,scarb1,157.0
stat2,gmip,145.0
stat2,shcbp1,184.0
stat2,aldh18a1,152.0
stat2,mtfr1,144.0
stat2,lig1,145.0
stat2,lax1,181.0
stat2,pear1,137.0
stat2,anxa2,133.0
stat2,tbc1d10c,136.0
stat2,elmo2,151.0
stat2,ccl9,260.0
stat2,cnn3,125.0
stat2,smarca2,188.0
stat2,ggta1,164.0
stat2,sfxn1,149.0
stat2,parvg,128.0
stat2,spidr,132.0
stat2,ctsz,130.0
stat2,iars2,118.0
stat2,gclc,229.0
stat2,slc29a1,124.0
stat2,hcfc1,130.0
stat2,rpp40,113.0
stat2,stag2,130.0
stat2,il6st,122.0
stat2,usp11,139.0
stat2,stom,114.0
stat2,nuak2,112.0
stat2,mgat5,105.0
stat2,cd74,111.0
stat2,retreg1,136.0
stat2,cd68,204.0
stat2,st6galnac4,113.0
stat2,rcor1,109.0
stat2,cers4,132.0
stat2,socs2,120.0
stat2,plxnc1,106.0
stat2,casp12,197.0
stat2,erlin1,121.0
stat2,fggy,183.0
stat2,cbx7,180.0
stat2,vav1,176.0
stat2,ly9,169.0
stat2,hlf,164.0
stat2,pus7,152.0
stat2,mllt3,151.0
stat2,myo1g,150.0
stat2,glipr2,148.0
stat2,ms4a6c,146.0
stat2,aldoc,143.0
stat2,fes,142.0
stat2,tspan14,141.0
stat2,gsr,141.0
stat2,flna,140.0
stat2,pik3ip1,139.0
stat2,eya2,139.0
stat2,maml3,138.0
stat2,gimap8,137.0
stat2,mbnl3,136.0
stat2,sgpp1,134.0
stat2,mapkapk3,132.0
stat2,adora2a,131.0
stat2,plxdc2,126.0
stat2,grk3,125.0
stat2,cyp4v3,124.0
stat2,mfng,123.0
stat2,cd48,120.0
stat2,rps6ka3,118.0
stat2,gimap1,118.0
stat2,serpinb6b,117.0
stat2,ptprs,117.0
stat2,itgal,115.0
stat2,slc44a2,111.0
stat2,rcsd1,108.0
stat2,itm2a,104.0
stat2,il21r,104.0
stat2,zmiz1,103.0
stat2,tspan3,103.0
stat2,ccl4,101.0
stat2,adssl1,101.0
wdr5,sf3b3,2756.0
wdr5,tomm70a,1344.0
wdr5,9430015g10rik,2968.0
wdr5,mis12,2774.0
wdr5,ifrd2,2944.0
wdr5,snrnp200,2406.0
wdr5,mcm3,2858.0
wdr5,xrcc3,2814.0
wdr5,nubp2,2811.0
wdr5,top2a,2748.0
wdr5,ube2c,2711.0
wdr5,nudcd1,2749.0
wdr5,ckap2l,2603.0
wdr5,cdca3,2257.0
wdr5,fdft1,2623.0
wdr5,slc35b4,2658.0
wdr5,rpa2,2610.0
wdr5,tomm40,2506.0
wdr5,ncln,2309.0
wdr5,tmem43,2470.0
wdr5,cdca8,2468.0
wdr5,fem1a,2508.0
wdr5,tpx2,2363.0
wdr5,mrpl37,2241.0
wdr5,elac2,2412.0
wdr5,cenpf,2458.0
wdr5,rangap1,2234.0
wdr5,rrm1,1884.0
wdr5,fam76b,1959.0
wdr5,foxred1,2349.0
wdr5,msmo1,2257.0
wdr5,mtor,2215.0
wdr5,elmo2,2189.0
wdr5,spc25,2218.0
wdr5,tcf19,1854.0
wdr5,ruvbl2,2293.0
wdr5,mcm5,2194.0
wdr5,cdca5,2130.0
wdr5,trmt6,2157.0
wdr5,dhx33,2260.0
wdr5,timm29,2072.0
wdr5,kat7,2314.0
wdr5,tmem97,2026.0
wdr5,prmt5,2026.0
wdr5,mcm10,2107.0
wdr5,tacc3,2091.0
wdr5,incenp,2179.0
wdr5,cks1b,2308.0
wdr5,naa50,1372.0
wdr5,bub1b,2030.0
wdr5,prpf4,2116.0
wdr5,akap8l,2040.0
wdr5,immt,1938.0
wdr5,spc24,2203.0
wdr5,hsph1,1705.0
wdr5,rnf4,1879.0
wdr5,rexo4,1598.0
wdr5,nusap1,1908.0
wdr5,ndc1,2137.0
wdr5,sec23ip,1849.0
wdr5,ndufv1,1971.0
wdr5,itsn1,1795.0
wdr5,abl1,2027.0
wdr5,arl6ip6,1749.0
wdr5,tmem33,1894.0
wdr5,mars,1905.0
wdr5,cdc45,2094.0
wdr5,rptor,1435.0
wdr5,racgap1,1954.0
wdr5,nuf2,2013.0
wdr5,mtmr4,1784.0
wdr5,plaa,1402.0
wdr5,jpt2,1774.0
wdr5,eif2b1,1611.0
wdr5,polr1b,1797.0
wdr5,tmem184c,1951.0
wdr5,mtr,1952.0
wdr5,fbxw11,1724.0
wdr5,ddx39,1712.0
wdr5,prim1,1291.0
wdr5,golt1b,1629.0
wdr5,kif22,1729.0
wdr5,ado,1817.0
wdr5,orc2,1764.0
wdr5,pld3,1974.0
wdr5,dnajc11,1544.0
wdr5,asf1b,1603.0
wdr5,hjurp,1405.0
wdr5,mthfd1,1669.0
wdr5,pole3,1613.0
wdr5,rad51,1763.0
wdr5,ganab,1273.0
wdr5,rpp40,1549.0
wdr5,cenpa,1712.0
wdr5,cish,1616.0
wdr5,phf5a,1480.0
wdr5,ftsj3,1703.0
wdr5,crebrf,1678.0
wdr5,slc35e1,1790.0
wdr5,itpr1,1755.0
wdr5,tars,1522.0
wdr5,chordc1,1338.0
wdr5,mrpl20,1189.0
wdr5,srm,1442.0
wdr5,mis18bp1,1614.0
wdr5,ndufs1,1434.0
wdr5,eif1ad,1358.0
wdr5,abce1,1265.0
wdr5,abhd17b,1430.0
wdr5,lman2l,1400.0
wdr5,fastkd2,1328.0
wdr5,nolc1,1668.0
wdr5,slc25a46,728.0
wdr5,knstrn,1454.0
wdr5,hars,1562.0
wdr5,atf7,1403.0
wdr5,rad51ap1,1475.0
wdr5,otud4,1377.0
wdr5,zfp367,1537.0
wdr5,dnm1l,1405.0
wdr5,ect2,1782.0
wdr5,abcb8,1403.0
wdr5,far1,1295.0
wdr5,h2afx,1723.0
wdr5,pno1,1240.0
wdr5,cenpo,1350.0
wdr5,kpna3,1509.0
wdr5,tmem206,1390.0
wdr5,cbx5,1222.0
wdr5,mtmr6,1621.0
wdr5,cdc6,1362.0
wdr5,mfsd1,1159.0
wdr5,kif11,1505.0
wdr5,tubgcp2,1212.0
wdr5,rad21,1341.0
wdr5,ahcyl1,1571.0
wdr5,smarca2,1265.0
wdr5,clptm1l,1297.0
wdr5,e2f8,1399.0
wdr5,eaf1,1360.0
wdr5,mief1,1322.0
wdr5,dus1l,1142.0
wdr5,lrrc59,1100.0
wdr5,acly,1261.0
wdr5,bysl,1272.0
wdr5,psmd6,1231.0
wdr5,lig1,1217.0
wdr5,sesn1,1225.0
wdr5,shcbp1,1431.0
wdr5,hat1,1248.0
wdr5,rcor1,1213.0
wdr5,psme3,1179.0
wdr5,etf1,1253.0
wdr5,ubr7,1352.0
wdr5,timm50,1127.0
wdr5,gtf2f1,1338.0
wdr5,api5,1050.0
wdr5,klf6,1144.0
wdr5,me2,1379.0
wdr5,cenpk,1256.0
wdr5,rprd1b,1071.0
wdr5,atp6ap1,1283.0
wdr5,rfc4,1003.0
wdr5,zfp24,1282.0
wdr5,jun,1126.0
wdr5,dnajc10,1238.0
wdr5,zdhhc6,886.0
wdr5,nup155,1044.0
wdr5,herpud1,1353.0
wdr5,otud6b,1169.0
wdr5,rars,1143.0
wdr5,rtel1,1140.0
wdr5,mcm4,1029.0
wdr5,mcm7,1038.0
wdr5,atg12,1122.0
wdr5,ap3s1,1122.0
wdr5,nedd1,1075.0
wdr5,tmx4,1082.0
wdr5,inpp5b,1218.0
wdr5,mtrex,1042.0
wdr5,gmfb,963.0
wdr5,ptprs,474.0
wdr5,nup88,1213.0
wdr5,zfp451,1020.0
wdr5,psmd1,1105.0
wdr5,cdc20,1249.0
wdr5,gars,903.0
wdr5,mdn1,1117.0
wdr5,ptdss1,837.0
wdr5,sdf2l1,1096.0
wdr5,wdr43,1201.0
wdr5,hdac2,388.0
wdr5,mpzl1,940.0
wdr5,rmnd5a,1094.0
wdr5,prc1,1152.0
wdr5,uhrf1,1432.0
wdr5,nsun2,854.0
wdr5,kif20b,1062.0
wdr5,atp11c,1089.0
wdr5,dcaf13,1115.0
wdr5,aplp2,979.0
wdr5,4833439l19rik,895.0
wdr5,dpp8,963.0
wdr5,shmt1,1008.0
wdr5,lonp1,1158.0
wdr5,atp6ap2,994.0
wdr5,vps35,874.0
wdr5,orc6,874.0
wdr5,qars,1146.0
wdr5,dhfr,561.0
wdr5,zfp35,978.0
wdr5,nup107,1012.0
wdr5,ckap5,757.0
wdr5,top3b,961.0
wdr5,mpi,1249.0
wdr5,acox1,812.0
wdr5,ddx20,884.0
wdr5,rfc5,1040.0
wdr5,nol9,950.0
wdr5,strap,759.0
wdr5,gfm1,779.0
wdr5,armt1,1077.0
wdr5,dtl,996.0
wdr5,irf8,981.0
wdr5,smc2,1130.0
wdr5,sppl2b,906.0
wdr5,pik3r2,960.0
wdr5,iars,887.0
wdr5,birc5,1017.0
wdr5,idh1,983.0
wdr5,cipc,1099.0
wdr5,eftud2,1016.0
wdr5,ctr9,964.0
wdr5,atp13a1,961.0
wdr5,nup85,664.0
wdr5,adsl,974.0
wdr5,acox3,857.0
wdr5,cltc,915.0
wdr5,morc3,771.0
wdr5,tex10,843.0
wdr5,psmd9,885.0
wdr5,mgat1,867.0
wdr5,stat2,823.0
wdr5,atad2,750.0
wdr5,stxbp4,1013.0
wdr5,synj1,836.0
wdr5,rps6ka5,776.0
wdr5,e2f4,920.0
wdr5,slc26a2,927.0
wdr5,cks2,1026.0
wdr5,ercc8,838.0
wdr5,nop2,966.0
wdr5,mtfr1,1068.0
wdr5,wdr4,874.0
wdr5,hus1,540.0
wdr5,umps,876.0
wdr5,ctps,887.0
wdr5,usp37,728.0
wdr5,gtf2h1,789.0
wdr5,napsa,908.0
wdr5,h2-q6,1147.0
wdr5,phkb,547.0
wdr5,ybx3,727.0
wdr5,ddx21,694.0
wdr5,ddx1,777.0
wdr5,ncapd2,737.0
wdr5,ccnb2,1010.0
wdr5,hspa1a,513.0
wdr5,atad1,676.0
wdr5,prmt7,760.0
wdr5,coq8a,774.0
wdr5,mad2l1,971.0
wdr5,hyou1,879.0
wdr5,gpd1l,742.0
wdr5,ccdc137,669.0
wdr5,fbxo5,1026.0
wdr5,rpa1,761.0
wdr5,fam111a,780.0
wdr5,pla2g15,810.0
wdr5,arhgap15,923.0
wdr5,elovl5,831.0
wdr5,psen1,744.0
wdr5,eif3b,559.0
wdr5,txnip,606.0
wdr5,h2-ob,863.0
wdr5,arl8b,797.0
wdr5,ccna2,936.0
wdr5,med16,624.0
wdr5,ipo9,813.0
wdr5,cdk1,709.0
wdr5,xpc,949.0
wdr5,tab1,661.0
wdr5,9530068e07rik,752.0
wdr5,ubac1,702.0
wdr5,arid5a,638.0
wdr5,tbl3,673.0
wdr5,psat1,642.0
wdr5,tecpr1,878.0
wdr5,slbp,728.0
wdr5,nus1,773.0
wdr5,colgalt1,722.0
wdr5,nasp,693.0
wdr5,txndc11,809.0
wdr5,phf11b,843.0
wdr5,irf9,774.0
wdr5,cdca7,664.0
wdr5,wdr55,713.0
wdr5,usp42,767.0
wdr5,ppat,727.0
wdr5,tfg,797.0
wdr5,serpinb6a,695.0
wdr5,pclaf,618.0
wdr5,idh3a,616.0
wdr5,otulinl,694.0
wdr5,mto1,606.0
wdr5,zdhhc13,645.0
wdr5,trim35,636.0
wdr5,zfp322a,612.0
wdr5,usp14,412.0
wdr5,slc20a1,862.0
wdr5,fignl1,551.0
wdr5,nceh1,761.0
wdr5,taf12,649.0
wdr5,slc31a1,623.0
wdr5,mogs,781.0
wdr5,mtch2,530.0
wdr5,zhx1,800.0
wdr5,msh6,495.0
wdr5,rpap1,633.0
wdr5,ptcd3,577.0
wdr5,ccne2,576.0
wdr5,pbk,514.0
wdr5,cdt1,528.0
wdr5,pold1,571.0
wdr5,ppm1f,492.0
wdr5,gem,757.0
wdr5,tubgcp3,530.0
wdr5,ergic1,580.0
wdr5,thada,657.0
wdr5,nfat5,629.0
wdr5,prim2,554.0
wdr5,cse1l,567.0
wdr5,pwp2,551.0
wdr5,nup93,635.0
wdr5,zfp53,550.0
wdr5,seh1l,391.0
wdr5,wdr5,658.0
wdr5,dlst,395.0
wdr5,copb1,405.0
wdr5,slc35a4,680.0
wdr5,slc25a38,621.0
wdr5,slc30a5,565.0
wdr5,cd74,563.0
wdr5,uap1,759.0
wdr5,slc19a1,526.0
wdr5,cs,605.0
wdr5,gmcl1,746.0
wdr5,golim4,584.0
wdr5,polr2b,628.0
wdr5,haao,598.0
wdr5,eef1e1,575.0
wdr5,farsb,626.0
wdr5,wdhd1,660.0
wdr5,ranbp3,730.0
wdr5,ncapg,582.0
wdr5,gbp3,567.0
wdr5,uba2,496.0
wdr5,ncapg2,691.0
wdr5,ppp1cb,578.0
wdr5,pdia4,663.0
wdr5,lonp2,538.0
wdr5,metap1,628.0
wdr5,cd69,499.0
wdr5,wsb1,600.0
wdr5,gmnn,507.0
wdr5,rel,498.0
wdr5,dock10,521.0
wdr5,pim2,571.0
wdr5,hnrnpll,551.0
wdr5,tmem229b,565.0
wdr5,plek,497.0
wdr5,odc1,337.0
wdr5,cnih1,600.0
wdr5,cd53,501.0
wdr5,prelid3b,711.0
wdr5,jarid2,590.0
wdr5,rgs19,606.0
wdr5,adk,464.0
wdr5,rabggtb,576.0
wdr5,f11r,465.0
wdr5,tespa1,476.0
wdr5,lap3,565.0
wdr5,aldh18a1,420.0
wdr5,btaf1,445.0
wdr5,mfsd14b,423.0
wdr5,gfi1b,478.0
wdr5,ints8,495.0
wdr5,gusb,431.0
wdr5,rrm2,569.0
wdr5,topors,431.0
wdr5,slc39a6,538.0
wdr5,elp2,538.0
wdr5,micu1,561.0
wdr5,fgfr1op,491.0
wdr5,lactb,467.0
wdr5,g6pdx,507.0
wdr5,spns2,635.0
wdr5,spcs3,444.0
wdr5,gprasp1,451.0
wdr5,tnpo1,519.0
wdr5,ino80d,484.0
wdr5,fam91a1,344.0
wdr5,camk2d,524.0
wdr5,itch,442.0
wdr5,gimap6,403.0
wdr5,capg,393.0
wdr5,por,538.0
wdr5,ints13,535.0
wdr5,samd9l,496.0
wdr5,fem1b,443.0
wdr5,tcp11l2,503.0
wdr5,cenpe,383.0
wdr5,cybc1,375.0
wdr5,plin3,376.0
wdr5,snap47,410.0
wdr5,nuak2,371.0
wdr5,arcn1,322.0
wdr5,lax1,450.0
wdr5,psmg2,417.0
wdr5,mettl27,483.0
wdr5,stt3b,401.0
wdr5,tmem50b,428.0
wdr5,pola2,429.0
wdr5,ncaph,502.0
wdr5,hexa,234.0
wdr5,nrros,469.0
wdr5,trmt11,422.0
wdr5,dck,413.0
wdr5,rgs1,711.0
wdr5,panx1,521.0
wdr5,rnf38,356.0
wdr5,mapk1,383.0
wdr5,cdca4,357.0
wdr5,ccnb1,310.0
wdr5,parp8,394.0
wdr5,glb1,422.0
wdr5,ccdc50,347.0
wdr5,ypel3,498.0
wdr5,cdc7,397.0
wdr5,fastkd3,343.0
wdr5,dnajc5,468.0
wdr5,aurkb,488.0
wdr5,nudt19,297.0
wdr5,xrcc6,399.0
wdr5,itgal,411.0
wdr5,def8,396.0
wdr5,anxa5,507.0
wdr5,pttg1ip,367.0
wdr5,rp2,466.0
wdr5,kctd20,285.0
wdr5,phf6,398.0
wdr5,il6st,442.0
wdr5,lmo4,372.0
wdr5,cyp4v3,364.0
wdr5,psme4,379.0
wdr5,ostm1,436.0
wdr5,myo5a,281.0
wdr5,nde1,388.0
wdr5,dnajc9,359.0
wdr5,tmx3,358.0
wdr5,uba7,342.0
wdr5,ly86,388.0
wdr5,stom,380.0
wdr5,pcmtd2,346.0
wdr5,kif13a,295.0
wdr5,acss2,184.0
wdr5,mettl7a1,486.0
wdr5,ap1s2,366.0
wdr5,h2-aa,376.0
wdr5,st6galnac4,430.0
wdr5,tipin,254.0
wdr5,ctc1,358.0
wdr5,ppp1r15a,400.0
wdr5,btg2,315.0
wdr5,gns,338.0
wdr5,zbtb20,415.0
wdr5,ly9,423.0
wdr5,igtp,271.0
wdr5,xpnpep1,350.0
wdr5,calcrl,325.0
wdr5,atrn,361.0
wdr5,st8sia4,430.0
wdr5,slco4a1,371.0
wdr5,cln5,340.0
wdr5,ncf1,452.0
wdr5,icam1,257.0
wdr5,sptbn1,338.0
wdr5,rgs2,325.0
wdr5,pde4b,292.0
wdr5,pole,339.0
wdr5,gimap5,321.0
wdr5,isyna1,346.0
wdr5,nadk,294.0
wdr5,rcc1,415.0
wdr5,mycn,300.0
wdr5,hells,211.0
wdr5,irgm2,301.0
wdr5,b230219d22rik,268.0
wdr5,gbp7,284.0
wdr5,trim30d,356.0
wdr5,ptpn7,292.0
wdr5,acot9,310.0
wdr5,gemin5,290.0
wdr5,abl2,372.0
wdr5,cd82,259.0
wdr5,cad,247.0
wdr5,mcm2,337.0
wdr5,osbpl8,332.0
wdr5,bc035044,324.0
wdr5,tes,271.0
wdr5,lgals1,482.0
wdr5,unc93b1,268.0
wdr5,retreg1,355.0
wdr5,shisa5,291.0
wdr5,neil3,330.0
wdr5,cstf2,337.0
wdr5,chrnb1,368.0
wdr5,ebi3,473.0
wdr5,nmd3,196.0
wdr5,bcap29,164.0
wdr5,nfkbia,263.0
wdr5,pkib,252.0
wdr5,patl1,358.0
wdr5,ube2l6,278.0
wdr5,siglecg,298.0
wdr5,serpina3g,332.0
wdr5,arrdc4,457.0
wdr5,kcnk5,272.0
wdr5,utp4,341.0
wdr5,ckap2,269.0
wdr5,tbc1d10c,344.0
wdr5,neurl3,340.0
wdr5,zfp422,213.0
wdr5,fggy,262.0
wdr5,fcho2,315.0
wdr5,tyms,437.0
wdr5,cers6,344.0
wdr5,map4k2,243.0
wdr5,cyb5r1,237.0
wdr5,pcmtd1,287.0
wdr5,znrf2,298.0
wdr5,mapkapk3,246.0
wdr5,eif4enif1,303.0
wdr5,usp10,343.0
wdr5,cbfb,291.0
wdr5,iars2,217.0
wdr5,gimap1,259.0
wdr5,mgat5,263.0
wdr5,rgcc,320.0
wdr5,hmgb3,405.0
wdr5,cfp,269.0
wdr5,tor3a,235.0
wdr5,il21r,231.0
wdr5,svip,243.0
wdr5,bid,331.0
wdr5,tspan3,206.0
wdr5,1700017b05rik,244.0
wdr5,parvg,219.0
wdr5,hcfc1,218.0
wdr5,arid2,270.0
wdr5,sh2d5,226.0
wdr5,aldh9a1,213.0
wdr5,ezr,265.0
wdr5,lsp1,243.0
wdr5,ifi209,229.0
wdr5,5430427o19rik,238.0
wdr5,ctso,165.0
wdr5,tnfrsf13c,255.0
wdr5,pfkfb3,269.0
wdr5,dennd1c,186.0
wdr5,fam136a,250.0
wdr5,cd274,188.0
wdr5,tbc1d5,193.0
wdr5,snx30,359.0
wdr5,rassf4,201.0
wdr5,kctd12,223.0
wdr5,isg20,185.0
wdr5,cers4,180.0
wdr5,zfp36,191.0
wdr5,eya2,243.0
wdr5,dusp1,181.0
wdr5,tmem173,218.0
wdr5,irf7,210.0
wdr5,cul3,177.0
wdr5,fam102b,240.0
wdr5,nampt,202.0
wdr5,cdkn1c,178.0
wdr5,trim59,208.0
wdr5,atp1b3,191.0
wdr5,eml4,238.0
wdr5,ifi203,165.0
wdr5,prep,188.0
wdr5,il27ra,178.0
wdr5,plekho2,321.0
wdr5,spidr,178.0
wdr5,pik3r1,197.0
wdr5,epsti1,178.0
wdr5,dhrs3,207.0
wdr5,ctsl,172.0
wdr5,scarb1,173.0
wdr5,tsc22d1,127.0
wdr5,prkcd,175.0
wdr5,gm1966,211.0
wdr5,slc44a2,193.0
wdr5,gmip,172.0
wdr5,nploc4,211.0
wdr5,casp1,171.0
wdr5,flnb,298.0
wdr5,zmiz1,172.0
wdr5,setd2,146.0
wdr5,slfn2,290.0
wdr5,gimap8,174.0
wdr5,cd48,151.0
wdr5,casp4,287.0
wdr5,vav1,176.0
wdr5,mob3c,157.0
wdr5,tbc1d9b,281.0
wdr5,cnrip1,171.0
wdr5,vkorc1l1,279.0
wdr5,tent5a,279.0
wdr5,tec,173.0
wdr5,pitpnc1,178.0
wdr5,rasa4,142.0
wdr5,sgms1,156.0
wdr5,golph3,131.0
wdr5,syk,256.0
wdr5,xaf1,126.0
wdr5,tnfrsf21,140.0
wdr5,gng2,158.0
wdr5,usp11,156.0
wdr5,sirpa,138.0
wdr5,ubl4a,136.0
wdr5,alas1,146.0
wdr5,fcgr2b,117.0
wdr5,csgalnact2,142.0
wdr5,pfkp,132.0
wdr5,ddx58,129.0
wdr5,hacd3,226.0
wdr5,soat1,112.0
wdr5,rab37,134.0
wdr5,frrs1,124.0
wdr5,susd3,215.0
wdr5,mlkl,214.0
wdr5,tm6sf1,212.0
wdr5,edem1,208.0
wdr5,tspan14,203.0
wdr5,sh3bgrl,109.0
wdr5,slc2a3,200.0
wdr5,satb1,197.0
wdr5,rin3,121.0
wdr5,vav3,194.0
wdr5,il17ra,113.0
wdr5,snap23,190.0
wdr5,zfp945,189.0
wdr5,zbtb38,112.0
wdr5,s100a6,185.0
wdr5,gbp2,184.0
wdr5,rhof,183.0
wdr5,pip4k2a,182.0
wdr5,akna,182.0
wdr5,hp,179.0
wdr5,cd68,178.0
wdr5,tcn2,172.0
wdr5,anxa1,172.0
wdr5,ggta1,169.0
wdr5,sort1,161.0
wdr5,itih5,161.0
wdr5,pla2g12a,159.0
wdr5,tbc1d2b,158.0
wdr5,adssl1,158.0
wdr5,clec12a,154.0
wdr5,pik3ip1,153.0
wdr5,gpr65,153.0
wdr5,slc43a3,152.0
wdr5,fuca2,151.0
wdr5,enpp5,149.0
wdr5,cst7,148.0
wdr5,atp10a,148.0
wdr5,aldoc,148.0
wdr5,stag2,145.0
wdr5,pear1,144.0
wdr5,lcp2,143.0
wdr5,cnn3,143.0
wdr5,serpinb9,142.0
wdr5,selenop,142.0
wdr5,mllt3,141.0
wdr5,slc28a2,134.0
wdr5,dennd2d,133.0
wdr5,pglyrp2,132.0
wdr5,flna,132.0
wdr5,abcb10,131.0
wdr5,tgfbr1,127.0
wdr5,slc37a1,127.0
wdr5,slc16a1,120.0
wdr5,cd44,119.0
wdr5,cd93,118.0
wdr5,il12a,117.0
wdr5,cbx7,117.0
wdr5,nptn,116.0
wdr5,mki67,116.0
wdr5,lyn,115.0
wdr5,gatm,115.0
wdr5,bcl2,115.0
wdr5,tk1,114.0
wdr5,osbpl1a,114.0
wdr5,erlin1,114.0
wdr5,acaa2,114.0
wdr5,serpinb1a,113.0
wdr5,pstpip1,113.0
wdr5,sorl1,112.0
wdr5,slc29a1,112.0
wdr5,sfxn1,112.0
wdr5,rps6ka3,110.0
wdr5,adgrg3,108.0
wdr5,sell,105.0
wdr5,myo1g,102.0
