Gene1,Gene2
Gene_0,Gene_0
Gene_0,Gene_3
Gene_0,Gene_6
Gene_0,Gene_8
Gene_0,Gene_9
Gene_0,Gene_10
Gene_0,Gene_11
Gene_0,Gene_12
Gene_0,Gene_13
Gene_0,Gene_14
Gene_0,Gene_15
Gene_0,Gene_16
Gene_0,Gene_17
Gene_0,Gene_19
Gene_0,Gene_20
Gene_0,Gene_21
Gene_0,Gene_22
Gene_0,Gene_23
Gene_0,Gene_24
Gene_0,Gene_25
Gene_0,Gene_26
Gene_0,Gene_27
Gene_0,Gene_28
Gene_0,Gene_29
Gene_0,Gene_30
Gene_0,Gene_31
Gene_0,Gene_32
Gene_0,Gene_34
Gene_0,Gene_35
Gene_0,Gene_36
Gene_0,Gene_37
Gene_0,Gene_38
Gene_0,Gene_39
Gene_0,Gene_40
Gene_0,Gene_41
Gene_0,Gene_42
Gene_0,Gene_43
Gene_0,Gene_44
Gene_0,Gene_45
Gene_0,Gene_46
Gene_0,Gene_47
Gene_0,Gene_49
Gene_0,Gene_51
Gene_0,Gene_52
Gene_0,Gene_53
Gene_0,Gene_55
Gene_0,Gene_56
Gene_0,Gene_57
Gene_0,Gene_58
Gene_0,Gene_59
Gene_0,Gene_60
Gene_0,Gene_61
Gene_0,Gene_63
Gene_0,Gene_64
Gene_0,Gene_65
Gene_0,Gene_66
Gene_0,Gene_67
Gene_0,Gene_68
Gene_0,Gene_69
Gene_0,Gene_70
Gene_0,Gene_71
Gene_0,Gene_72
Gene_0,Gene_73
Gene_0,Gene_74
Gene_0,Gene_75
Gene_0,Gene_77
Gene_0,Gene_78
Gene_0,Gene_79
Gene_0,Gene_80
Gene_0,Gene_81
Gene_0,Gene_82
Gene_0,Gene_83
Gene_0,Gene_84
Gene_0,Gene_86
Gene_0,Gene_87
Gene_0,Gene_88
Gene_0,Gene_89
Gene_0,Gene_90
Gene_0,Gene_91
Gene_0,Gene_92
Gene_0,Gene_93
Gene_0,Gene_94
Gene_0,Gene_95
Gene_0,Gene_96
Gene_0,Gene_97
Gene_0,Gene_98
Gene_0,Gene_99
Gene_1,Gene_1
Gene_1,Gene_14
Gene_1,Gene_17
Gene_1,Gene_44
Gene_1,Gene_56
Gene_1,Gene_62
Gene_1,Gene_67
Gene_1,Gene_74
Gene_1,Gene_75
Gene_1,Gene_78
Gene_1,Gene_79
Gene_1,Gene_82
Gene_1,Gene_83
Gene_1,Gene_84
Gene_1,Gene_87
Gene_1,Gene_90
Gene_1,Gene_93
Gene_1,Gene_94
Gene_1,Gene_96
Gene_1,Gene_99
Gene_2,Gene_0
Gene_2,Gene_1
Gene_2,Gene_5
Gene_2,Gene_6
Gene_2,Gene_7
Gene_2,Gene_8
Gene_2,Gene_10
Gene_2,Gene_12
Gene_2,Gene_13
Gene_2,Gene_14
Gene_2,Gene_15
Gene_2,Gene_16
Gene_2,Gene_17
Gene_2,Gene_18
Gene_2,Gene_19
Gene_2,Gene_20
Gene_2,Gene_21
Gene_2,Gene_24
Gene_2,Gene_25
Gene_2,Gene_26
Gene_2,Gene_27
Gene_2,Gene_28
Gene_2,Gene_29
Gene_2,Gene_30
Gene_2,Gene_32
Gene_2,Gene_34
Gene_2,Gene_35
Gene_2,Gene_36
Gene_2,Gene_37
Gene_2,Gene_38
Gene_2,Gene_39
Gene_2,Gene_40
Gene_2,Gene_41
Gene_2,Gene_43
Gene_2,Gene_44
Gene_2,Gene_46
Gene_2,Gene_47
Gene_2,Gene_48
Gene_2,Gene_49
Gene_2,Gene_50
Gene_2,Gene_51
Gene_2,Gene_52
Gene_2,Gene_53
Gene_2,Gene_56
Gene_2,Gene_58
Gene_2,Gene_59
Gene_2,Gene_61
Gene_2,Gene_62
Gene_2,Gene_63
Gene_2,Gene_64
Gene_2,Gene_65
Gene_2,Gene_67
Gene_2,Gene_68
Gene_2,Gene_69
Gene_2,Gene_70
Gene_2,Gene_71
Gene_2,Gene_72
Gene_2,Gene_74
Gene_2,Gene_75
Gene_2,Gene_76
Gene_2,Gene_77
Gene_2,Gene_78
Gene_2,Gene_80
Gene_2,Gene_81
Gene_2,Gene_82
Gene_2,Gene_83
Gene_2,Gene_84
Gene_2,Gene_86
Gene_2,Gene_87
Gene_2,Gene_89
Gene_2,Gene_90
Gene_2,Gene_92
Gene_2,Gene_93
Gene_2,Gene_94
Gene_2,Gene_96
Gene_2,Gene_97
Gene_2,Gene_98
Gene_2,Gene_99
Gene_3,Gene_0
Gene_3,Gene_1
Gene_3,Gene_2
Gene_3,Gene_3
Gene_3,Gene_4
Gene_3,Gene_5
Gene_3,Gene_6
Gene_3,Gene_7
Gene_3,Gene_8
Gene_3,Gene_9
Gene_3,Gene_10
Gene_3,Gene_11
Gene_3,Gene_12
Gene_3,Gene_13
Gene_3,Gene_14
Gene_3,Gene_15
Gene_3,Gene_16
Gene_3,Gene_18
Gene_3,Gene_19
Gene_3,Gene_20
Gene_3,Gene_23
Gene_3,Gene_24
Gene_3,Gene_25
Gene_3,Gene_26
Gene_3,Gene_27
Gene_3,Gene_28
Gene_3,Gene_29
Gene_3,Gene_31
Gene_3,Gene_32
Gene_3,Gene_34
Gene_3,Gene_35
Gene_3,Gene_36
Gene_3,Gene_37
Gene_3,Gene_38
Gene_3,Gene_39
Gene_3,Gene_40
Gene_3,Gene_42
Gene_3,Gene_44
Gene_3,Gene_45
Gene_3,Gene_46
Gene_3,Gene_47
Gene_3,Gene_48
Gene_3,Gene_50
Gene_3,Gene_51
Gene_3,Gene_52
Gene_3,Gene_53
Gene_3,Gene_54
Gene_3,Gene_55
Gene_3,Gene_56
Gene_3,Gene_57
Gene_3,Gene_58
Gene_3,Gene_59
Gene_3,Gene_60
Gene_3,Gene_61
Gene_3,Gene_62
Gene_3,Gene_63
Gene_3,Gene_64
Gene_3,Gene_67
Gene_3,Gene_68
Gene_3,Gene_70
Gene_3,Gene_71
Gene_3,Gene_73
Gene_3,Gene_74
Gene_3,Gene_75
Gene_3,Gene_76
Gene_3,Gene_77
Gene_3,Gene_78
Gene_3,Gene_79
Gene_3,Gene_80
Gene_3,Gene_81
Gene_3,Gene_82
Gene_3,Gene_83
Gene_3,Gene_84
Gene_3,Gene_85
Gene_3,Gene_86
Gene_3,Gene_87
Gene_3,Gene_88
Gene_3,Gene_89
Gene_3,Gene_90
Gene_3,Gene_91
Gene_3,Gene_92
Gene_3,Gene_94
Gene_3,Gene_95
Gene_3,Gene_96
Gene_3,Gene_99
Gene_4,Gene_0
Gene_4,Gene_1
Gene_4,Gene_2
Gene_4,Gene_3
Gene_4,Gene_4
Gene_4,Gene_5
Gene_4,Gene_9
Gene_4,Gene_10
Gene_4,Gene_11
Gene_4,Gene_12
Gene_4,Gene_13
Gene_4,Gene_14
Gene_4,Gene_15
Gene_4,Gene_16
Gene_4,Gene_17
Gene_4,Gene_19
Gene_4,Gene_20
Gene_4,Gene_21
Gene_4,Gene_23
Gene_4,Gene_24
Gene_4,Gene_25
Gene_4,Gene_26
Gene_4,Gene_27
Gene_4,Gene_28
Gene_4,Gene_29
Gene_4,Gene_32
Gene_4,Gene_33
Gene_4,Gene_34
Gene_4,Gene_35
Gene_4,Gene_37
Gene_4,Gene_39
Gene_4,Gene_41
Gene_4,Gene_42
Gene_4,Gene_44
Gene_4,Gene_45
Gene_4,Gene_46
Gene_4,Gene_47
Gene_4,Gene_48
Gene_4,Gene_49
Gene_4,Gene_50
Gene_4,Gene_51
Gene_4,Gene_52
Gene_4,Gene_53
Gene_4,Gene_54
Gene_4,Gene_55
Gene_4,Gene_56
Gene_4,Gene_57
Gene_4,Gene_58
Gene_4,Gene_60
Gene_4,Gene_61
Gene_4,Gene_62
Gene_4,Gene_64
Gene_4,Gene_66
Gene_4,Gene_67
Gene_4,Gene_71
Gene_4,Gene_72
Gene_4,Gene_73
Gene_4,Gene_75
Gene_4,Gene_76
Gene_4,Gene_77
Gene_4,Gene_78
Gene_4,Gene_79
Gene_4,Gene_80
Gene_4,Gene_81
Gene_4,Gene_82
Gene_4,Gene_83
Gene_4,Gene_84
Gene_4,Gene_86
Gene_4,Gene_87
Gene_4,Gene_88
Gene_4,Gene_90
Gene_4,Gene_91
Gene_4,Gene_92
Gene_4,Gene_94
Gene_4,Gene_95
Gene_4,Gene_97
Gene_4,Gene_98
Gene_4,Gene_99
Gene_5,Gene_0
Gene_5,Gene_2
Gene_5,Gene_4
Gene_5,Gene_5
Gene_5,Gene_7
Gene_5,Gene_8
Gene_5,Gene_9
Gene_5,Gene_10
Gene_5,Gene_11
Gene_5,Gene_12
Gene_5,Gene_13
Gene_5,Gene_14
Gene_5,Gene_15
Gene_5,Gene_16
Gene_5,Gene_17
Gene_5,Gene_18
Gene_5,Gene_19
Gene_5,Gene_21
Gene_5,Gene_22
Gene_5,Gene_23
Gene_5,Gene_24
Gene_5,Gene_25
Gene_5,Gene_26
Gene_5,Gene_27
Gene_5,Gene_28
Gene_5,Gene_29
Gene_5,Gene_30
Gene_5,Gene_31
Gene_5,Gene_32
Gene_5,Gene_34
Gene_5,Gene_35
Gene_5,Gene_36
Gene_5,Gene_37
Gene_5,Gene_38
Gene_5,Gene_39
Gene_5,Gene_41
Gene_5,Gene_42
Gene_5,Gene_43
Gene_5,Gene_44
Gene_5,Gene_45
Gene_5,Gene_47
Gene_5,Gene_48
Gene_5,Gene_49
Gene_5,Gene_50
Gene_5,Gene_51
Gene_5,Gene_52
Gene_5,Gene_55
Gene_5,Gene_56
Gene_5,Gene_57
Gene_5,Gene_58
Gene_5,Gene_59
Gene_5,Gene_60
Gene_5,Gene_61
Gene_5,Gene_62
Gene_5,Gene_63
Gene_5,Gene_64
Gene_5,Gene_65
Gene_5,Gene_66
Gene_5,Gene_68
Gene_5,Gene_69
Gene_5,Gene_70
Gene_5,Gene_72
Gene_5,Gene_73
Gene_5,Gene_74
Gene_5,Gene_76
Gene_5,Gene_77
Gene_5,Gene_78
Gene_5,Gene_79
Gene_5,Gene_80
Gene_5,Gene_82
Gene_5,Gene_83
Gene_5,Gene_84
Gene_5,Gene_85
Gene_5,Gene_87
Gene_5,Gene_89
Gene_5,Gene_91
Gene_5,Gene_92
Gene_5,Gene_93
Gene_5,Gene_95
Gene_5,Gene_97
Gene_5,Gene_98
Gene_6,Gene_1
Gene_6,Gene_2
Gene_6,Gene_4
Gene_6,Gene_5
Gene_6,Gene_6
Gene_6,Gene_7
Gene_6,Gene_8
Gene_6,Gene_10
Gene_6,Gene_11
Gene_6,Gene_12
Gene_6,Gene_13
Gene_6,Gene_14
Gene_6,Gene_15
Gene_6,Gene_16
Gene_6,Gene_17
Gene_6,Gene_18
Gene_6,Gene_20
Gene_6,Gene_22
Gene_6,Gene_23
Gene_6,Gene_24
Gene_6,Gene_25
Gene_6,Gene_26
Gene_6,Gene_27
Gene_6,Gene_28
Gene_6,Gene_30
Gene_6,Gene_31
Gene_6,Gene_33
Gene_6,Gene_34
Gene_6,Gene_35
Gene_6,Gene_36
Gene_6,Gene_38
Gene_6,Gene_39
Gene_6,Gene_40
Gene_6,Gene_41
Gene_6,Gene_42
Gene_6,Gene_43
Gene_6,Gene_44
Gene_6,Gene_45
Gene_6,Gene_47
Gene_6,Gene_48
Gene_6,Gene_49
Gene_6,Gene_50
Gene_6,Gene_52
Gene_6,Gene_54
Gene_6,Gene_55
Gene_6,Gene_58
Gene_6,Gene_60
Gene_6,Gene_62
Gene_6,Gene_63
Gene_6,Gene_64
Gene_6,Gene_65
Gene_6,Gene_66
Gene_6,Gene_67
Gene_6,Gene_68
Gene_6,Gene_69
Gene_6,Gene_70
Gene_6,Gene_71
Gene_6,Gene_72
Gene_6,Gene_73
Gene_6,Gene_74
Gene_6,Gene_75
Gene_6,Gene_77
Gene_6,Gene_78
Gene_6,Gene_81
Gene_6,Gene_83
Gene_6,Gene_84
Gene_6,Gene_85
Gene_6,Gene_86
Gene_6,Gene_87
Gene_6,Gene_88
Gene_6,Gene_89
Gene_6,Gene_90
Gene_6,Gene_92
Gene_6,Gene_93
Gene_6,Gene_94
Gene_6,Gene_95
Gene_6,Gene_96
Gene_6,Gene_98
Gene_6,Gene_99
Gene_7,Gene_0
Gene_7,Gene_1
Gene_7,Gene_2
Gene_7,Gene_5
Gene_7,Gene_6
Gene_7,Gene_7
Gene_7,Gene_8
Gene_7,Gene_10
Gene_7,Gene_11
Gene_7,Gene_14
Gene_7,Gene_16
Gene_7,Gene_17
Gene_7,Gene_18
Gene_7,Gene_20
Gene_7,Gene_22
Gene_7,Gene_23
Gene_7,Gene_24
Gene_7,Gene_25
Gene_7,Gene_27
Gene_7,Gene_28
Gene_7,Gene_29
Gene_7,Gene_30
Gene_7,Gene_31
Gene_7,Gene_32
Gene_7,Gene_33
Gene_7,Gene_34
Gene_7,Gene_35
Gene_7,Gene_38
Gene_7,Gene_40
Gene_7,Gene_41
Gene_7,Gene_42
Gene_7,Gene_45
Gene_7,Gene_46
Gene_7,Gene_47
Gene_7,Gene_48
Gene_7,Gene_49
Gene_7,Gene_50
Gene_7,Gene_52
Gene_7,Gene_53
Gene_7,Gene_54
Gene_7,Gene_55
Gene_7,Gene_56
Gene_7,Gene_58
Gene_7,Gene_59
Gene_7,Gene_62
Gene_7,Gene_63
Gene_7,Gene_64
Gene_7,Gene_65
Gene_7,Gene_66
Gene_7,Gene_68
Gene_7,Gene_70
Gene_7,Gene_72
Gene_7,Gene_73
Gene_7,Gene_74
Gene_7,Gene_76
Gene_7,Gene_77
Gene_7,Gene_78
Gene_7,Gene_79
Gene_7,Gene_81
Gene_7,Gene_83
Gene_7,Gene_84
Gene_7,Gene_85
Gene_7,Gene_86
Gene_7,Gene_87
Gene_7,Gene_88
Gene_7,Gene_89
Gene_7,Gene_90
Gene_7,Gene_91
Gene_7,Gene_92
Gene_7,Gene_93
Gene_7,Gene_94
Gene_7,Gene_95
Gene_7,Gene_98
Gene_7,Gene_99
Gene_8,Gene_0
Gene_8,Gene_1
Gene_8,Gene_2
Gene_8,Gene_4
Gene_8,Gene_5
Gene_8,Gene_6
Gene_8,Gene_7
Gene_8,Gene_8
Gene_8,Gene_9
Gene_8,Gene_10
Gene_8,Gene_11
Gene_8,Gene_12
Gene_8,Gene_14
Gene_8,Gene_15
Gene_8,Gene_16
Gene_8,Gene_17
Gene_8,Gene_18
Gene_8,Gene_19
Gene_8,Gene_20
Gene_8,Gene_21
Gene_8,Gene_22
Gene_8,Gene_23
Gene_8,Gene_24
Gene_8,Gene_25
Gene_8,Gene_26
Gene_8,Gene_28
Gene_8,Gene_29
Gene_8,Gene_30
Gene_8,Gene_31
Gene_8,Gene_33
Gene_8,Gene_34
Gene_8,Gene_36
Gene_8,Gene_37
Gene_8,Gene_38
Gene_8,Gene_39
Gene_8,Gene_40
Gene_8,Gene_41
Gene_8,Gene_42
Gene_8,Gene_43
Gene_8,Gene_44
Gene_8,Gene_45
Gene_8,Gene_46
Gene_8,Gene_47
Gene_8,Gene_48
Gene_8,Gene_49
Gene_8,Gene_50
Gene_8,Gene_51
Gene_8,Gene_52
Gene_8,Gene_53
Gene_8,Gene_54
Gene_8,Gene_55
Gene_8,Gene_56
Gene_8,Gene_57
Gene_8,Gene_58
Gene_8,Gene_60
Gene_8,Gene_61
Gene_8,Gene_62
Gene_8,Gene_63
Gene_8,Gene_64
Gene_8,Gene_65
Gene_8,Gene_66
Gene_8,Gene_67
Gene_8,Gene_68
Gene_8,Gene_70
Gene_8,Gene_71
Gene_8,Gene_72
Gene_8,Gene_73
Gene_8,Gene_74
Gene_8,Gene_75
Gene_8,Gene_76
Gene_8,Gene_77
Gene_8,Gene_78
Gene_8,Gene_81
Gene_8,Gene_83
Gene_8,Gene_84
Gene_8,Gene_85
Gene_8,Gene_86
Gene_8,Gene_87
Gene_8,Gene_88
Gene_8,Gene_89
Gene_8,Gene_90
Gene_8,Gene_91
Gene_8,Gene_93
Gene_8,Gene_94
Gene_8,Gene_98
Gene_8,Gene_99
Gene_9,Gene_0
Gene_9,Gene_1
Gene_9,Gene_2
Gene_9,Gene_3
Gene_9,Gene_4
Gene_9,Gene_5
Gene_9,Gene_6
Gene_9,Gene_7
Gene_9,Gene_8
Gene_9,Gene_9
Gene_9,Gene_10
Gene_9,Gene_11
Gene_9,Gene_15
Gene_9,Gene_18
Gene_9,Gene_19
Gene_9,Gene_20
Gene_9,Gene_21
Gene_9,Gene_22
Gene_9,Gene_23
Gene_9,Gene_25
Gene_9,Gene_26
Gene_9,Gene_27
Gene_9,Gene_28
Gene_9,Gene_29
Gene_9,Gene_30
Gene_9,Gene_31
Gene_9,Gene_32
Gene_9,Gene_33
Gene_9,Gene_34
Gene_9,Gene_35
Gene_9,Gene_37
Gene_9,Gene_38
Gene_9,Gene_39
Gene_9,Gene_40
Gene_9,Gene_43
Gene_9,Gene_44
Gene_9,Gene_45
Gene_9,Gene_48
Gene_9,Gene_49
Gene_9,Gene_50
Gene_9,Gene_52
Gene_9,Gene_54
Gene_9,Gene_55
Gene_9,Gene_56
Gene_9,Gene_59
Gene_9,Gene_61
Gene_9,Gene_62
Gene_9,Gene_63
Gene_9,Gene_64
Gene_9,Gene_65
Gene_9,Gene_66
Gene_9,Gene_68
Gene_9,Gene_70
Gene_9,Gene_71
Gene_9,Gene_72
Gene_9,Gene_73
Gene_9,Gene_75
Gene_9,Gene_76
Gene_9,Gene_77
Gene_9,Gene_78
Gene_9,Gene_79
Gene_9,Gene_80
Gene_9,Gene_81
Gene_9,Gene_82
Gene_9,Gene_83
Gene_9,Gene_84
Gene_9,Gene_85
Gene_9,Gene_87
Gene_9,Gene_88
Gene_9,Gene_89
Gene_9,Gene_90
Gene_9,Gene_91
Gene_9,Gene_92
Gene_9,Gene_94
Gene_9,Gene_95
Gene_9,Gene_96
Gene_9,Gene_97
Gene_9,Gene_98
Gene_10,Gene_0
Gene_10,Gene_1
Gene_10,Gene_2
Gene_10,Gene_3
Gene_10,Gene_4
Gene_10,Gene_6
Gene_10,Gene_7
Gene_10,Gene_8
Gene_10,Gene_9
Gene_10,Gene_11
Gene_10,Gene_12
Gene_10,Gene_13
Gene_10,Gene_14
Gene_10,Gene_15
Gene_10,Gene_16
Gene_10,Gene_17
Gene_10,Gene_18
Gene_10,Gene_19
Gene_10,Gene_21
Gene_10,Gene_22
Gene_10,Gene_23
Gene_10,Gene_24
Gene_10,Gene_25
Gene_10,Gene_26
Gene_10,Gene_27
Gene_10,Gene_28
Gene_10,Gene_29
Gene_10,Gene_30
Gene_10,Gene_31
Gene_10,Gene_32
Gene_10,Gene_33
Gene_10,Gene_34
Gene_10,Gene_35
Gene_10,Gene_36
Gene_10,Gene_37
Gene_10,Gene_38
Gene_10,Gene_39
Gene_10,Gene_40
Gene_10,Gene_42
Gene_10,Gene_43
Gene_10,Gene_44
Gene_10,Gene_45
Gene_10,Gene_46
Gene_10,Gene_47
Gene_10,Gene_48
Gene_10,Gene_49
Gene_10,Gene_50
Gene_10,Gene_51
Gene_10,Gene_52
Gene_10,Gene_53
Gene_10,Gene_55
Gene_10,Gene_56
Gene_10,Gene_57
Gene_10,Gene_58
Gene_10,Gene_59
Gene_10,Gene_60
Gene_10,Gene_61
Gene_10,Gene_63
Gene_10,Gene_64
Gene_10,Gene_65
Gene_10,Gene_66
Gene_10,Gene_67
Gene_10,Gene_68
Gene_10,Gene_69
Gene_10,Gene_70
Gene_10,Gene_71
Gene_10,Gene_72
Gene_10,Gene_74
Gene_10,Gene_75
Gene_10,Gene_77
Gene_10,Gene_79
Gene_10,Gene_80
Gene_10,Gene_81
Gene_10,Gene_82
Gene_10,Gene_83
Gene_10,Gene_84
Gene_10,Gene_85
Gene_10,Gene_86
Gene_10,Gene_87
Gene_10,Gene_88
Gene_10,Gene_89
Gene_10,Gene_91
Gene_10,Gene_92
Gene_10,Gene_93
Gene_10,Gene_94
Gene_10,Gene_97
Gene_10,Gene_98
Gene_10,Gene_99
Gene_11,Gene_0
Gene_11,Gene_1
Gene_11,Gene_2
Gene_11,Gene_3
Gene_11,Gene_4
Gene_11,Gene_5
Gene_11,Gene_6
Gene_11,Gene_7
Gene_11,Gene_8
Gene_11,Gene_10
Gene_11,Gene_11
Gene_11,Gene_12
Gene_11,Gene_13
Gene_11,Gene_14
Gene_11,Gene_15
Gene_11,Gene_17
Gene_11,Gene_18
Gene_11,Gene_19
Gene_11,Gene_20
Gene_11,Gene_21
Gene_11,Gene_22
Gene_11,Gene_23
Gene_11,Gene_24
Gene_11,Gene_25
Gene_11,Gene_27
Gene_11,Gene_28
Gene_11,Gene_29
Gene_11,Gene_31
Gene_11,Gene_33
Gene_11,Gene_36
Gene_11,Gene_37
Gene_11,Gene_38
Gene_11,Gene_39
Gene_11,Gene_40
Gene_11,Gene_41
Gene_11,Gene_42
Gene_11,Gene_43
Gene_11,Gene_44
Gene_11,Gene_46
Gene_11,Gene_47
Gene_11,Gene_48
Gene_11,Gene_49
Gene_11,Gene_50
Gene_11,Gene_51
Gene_11,Gene_52
Gene_11,Gene_53
Gene_11,Gene_54
Gene_11,Gene_56
Gene_11,Gene_57
Gene_11,Gene_58
Gene_11,Gene_61
Gene_11,Gene_62
Gene_11,Gene_63
Gene_11,Gene_64
Gene_11,Gene_65
Gene_11,Gene_66
Gene_11,Gene_67
Gene_11,Gene_68
Gene_11,Gene_70
Gene_11,Gene_71
Gene_11,Gene_72
Gene_11,Gene_73
Gene_11,Gene_74
Gene_11,Gene_75
Gene_11,Gene_76
Gene_11,Gene_77
Gene_11,Gene_78
Gene_11,Gene_79
Gene_11,Gene_80
Gene_11,Gene_81
Gene_11,Gene_82
Gene_11,Gene_83
Gene_11,Gene_84
Gene_11,Gene_86
Gene_11,Gene_87
Gene_11,Gene_88
Gene_11,Gene_89
Gene_11,Gene_90
Gene_11,Gene_91
Gene_11,Gene_92
Gene_11,Gene_93
Gene_11,Gene_94
Gene_11,Gene_95
Gene_11,Gene_96
Gene_11,Gene_98
Gene_11,Gene_99
Gene_12,Gene_1
Gene_12,Gene_2
Gene_12,Gene_4
Gene_12,Gene_5
Gene_12,Gene_6
Gene_12,Gene_7
Gene_12,Gene_8
Gene_12,Gene_9
Gene_12,Gene_10
Gene_12,Gene_11
Gene_12,Gene_13
Gene_12,Gene_14
Gene_12,Gene_15
Gene_12,Gene_17
Gene_12,Gene_18
Gene_12,Gene_19
Gene_12,Gene_20
Gene_12,Gene_21
Gene_12,Gene_22
Gene_12,Gene_23
Gene_12,Gene_24
Gene_12,Gene_25
Gene_12,Gene_26
Gene_12,Gene_27
Gene_12,Gene_28
Gene_12,Gene_30
Gene_12,Gene_31
Gene_12,Gene_32
Gene_12,Gene_33
Gene_12,Gene_34
Gene_12,Gene_36
Gene_12,Gene_37
Gene_12,Gene_38
Gene_12,Gene_39
Gene_12,Gene_40
Gene_12,Gene_41
Gene_12,Gene_42
Gene_12,Gene_43
Gene_12,Gene_44
Gene_12,Gene_45
Gene_12,Gene_46
Gene_12,Gene_48
Gene_12,Gene_49
Gene_12,Gene_50
Gene_12,Gene_51
Gene_12,Gene_53
Gene_12,Gene_55
Gene_12,Gene_56
Gene_12,Gene_57
Gene_12,Gene_58
Gene_12,Gene_59
Gene_12,Gene_60
Gene_12,Gene_61
Gene_12,Gene_62
Gene_12,Gene_63
Gene_12,Gene_64
Gene_12,Gene_65
Gene_12,Gene_67
Gene_12,Gene_68
Gene_12,Gene_69
Gene_12,Gene_70
Gene_12,Gene_72
Gene_12,Gene_73
Gene_12,Gene_74
Gene_12,Gene_75
Gene_12,Gene_76
Gene_12,Gene_78
Gene_12,Gene_79
Gene_12,Gene_80
Gene_12,Gene_81
Gene_12,Gene_82
Gene_12,Gene_83
Gene_12,Gene_84
Gene_12,Gene_87
Gene_12,Gene_88
Gene_12,Gene_89
Gene_12,Gene_90
Gene_12,Gene_91
Gene_12,Gene_92
Gene_12,Gene_93
Gene_12,Gene_94
Gene_12,Gene_95
Gene_12,Gene_96
Gene_12,Gene_97
Gene_12,Gene_98
Gene_12,Gene_99
Gene_13,Gene_1
Gene_13,Gene_2
Gene_13,Gene_4
Gene_13,Gene_6
Gene_13,Gene_7
Gene_13,Gene_8
Gene_13,Gene_9
Gene_13,Gene_10
Gene_13,Gene_11
Gene_13,Gene_12
Gene_13,Gene_13
Gene_13,Gene_14
Gene_13,Gene_15
Gene_13,Gene_16
Gene_13,Gene_17
Gene_13,Gene_20
Gene_13,Gene_21
Gene_13,Gene_22
Gene_13,Gene_24
Gene_13,Gene_26
Gene_13,Gene_27
Gene_13,Gene_28
Gene_13,Gene_29
Gene_13,Gene_30
Gene_13,Gene_31
Gene_13,Gene_32
Gene_13,Gene_33
Gene_13,Gene_34
Gene_13,Gene_35
Gene_13,Gene_37
Gene_13,Gene_38
Gene_13,Gene_39
Gene_13,Gene_40
Gene_13,Gene_41
Gene_13,Gene_44
Gene_13,Gene_45
Gene_13,Gene_48
Gene_13,Gene_49
Gene_13,Gene_50
Gene_13,Gene_51
Gene_13,Gene_52
Gene_13,Gene_53
Gene_13,Gene_54
Gene_13,Gene_55
Gene_13,Gene_56
Gene_13,Gene_57
Gene_13,Gene_58
Gene_13,Gene_60
Gene_13,Gene_61
Gene_13,Gene_65
Gene_13,Gene_66
Gene_13,Gene_67
Gene_13,Gene_68
Gene_13,Gene_69
Gene_13,Gene_72
Gene_13,Gene_74
Gene_13,Gene_75
Gene_13,Gene_76
Gene_13,Gene_77
Gene_13,Gene_78
Gene_13,Gene_79
Gene_13,Gene_80
Gene_13,Gene_82
Gene_13,Gene_83
Gene_13,Gene_84
Gene_13,Gene_85
Gene_13,Gene_86
Gene_13,Gene_87
Gene_13,Gene_88
Gene_13,Gene_89
Gene_13,Gene_91
Gene_13,Gene_95
Gene_13,Gene_97
Gene_13,Gene_98
Gene_13,Gene_99
Gene_14,Gene_1
Gene_14,Gene_14
Gene_14,Gene_44
Gene_14,Gene_56
Gene_14,Gene_62
Gene_14,Gene_67
Gene_14,Gene_74
Gene_14,Gene_75
Gene_14,Gene_82
Gene_14,Gene_83
Gene_14,Gene_84
Gene_14,Gene_85
Gene_14,Gene_87
Gene_14,Gene_90
Gene_14,Gene_93
Gene_14,Gene_94
Gene_14,Gene_95
Gene_14,Gene_97
Gene_14,Gene_99
Gene_15,Gene_0
Gene_15,Gene_1
Gene_15,Gene_2
Gene_15,Gene_3
Gene_15,Gene_4
Gene_15,Gene_5
Gene_15,Gene_6
Gene_15,Gene_7
Gene_15,Gene_8
Gene_15,Gene_9
Gene_15,Gene_10
Gene_15,Gene_11
Gene_15,Gene_12
Gene_15,Gene_13
Gene_15,Gene_14
Gene_15,Gene_16
Gene_15,Gene_17
Gene_15,Gene_18
Gene_15,Gene_19
Gene_15,Gene_21
Gene_15,Gene_22
Gene_15,Gene_24
Gene_15,Gene_25
Gene_15,Gene_26
Gene_15,Gene_27
Gene_15,Gene_29
Gene_15,Gene_30
Gene_15,Gene_31
Gene_15,Gene_32
Gene_15,Gene_35
Gene_15,Gene_36
Gene_15,Gene_37
Gene_15,Gene_38
Gene_15,Gene_39
Gene_15,Gene_40
Gene_15,Gene_41
Gene_15,Gene_42
Gene_15,Gene_43
Gene_15,Gene_44
Gene_15,Gene_45
Gene_15,Gene_46
Gene_15,Gene_47
Gene_15,Gene_48
Gene_15,Gene_51
Gene_15,Gene_53
Gene_15,Gene_54
Gene_15,Gene_55
Gene_15,Gene_57
Gene_15,Gene_58
Gene_15,Gene_59
Gene_15,Gene_60
Gene_15,Gene_61
Gene_15,Gene_62
Gene_15,Gene_63
Gene_15,Gene_64
Gene_15,Gene_65
Gene_15,Gene_66
Gene_15,Gene_68
Gene_15,Gene_69
Gene_15,Gene_70
Gene_15,Gene_71
Gene_15,Gene_72
Gene_15,Gene_73
Gene_15,Gene_74
Gene_15,Gene_75
Gene_15,Gene_76
Gene_15,Gene_77
Gene_15,Gene_78
Gene_15,Gene_80
Gene_15,Gene_81
Gene_15,Gene_84
Gene_15,Gene_85
Gene_15,Gene_86
Gene_15,Gene_87
Gene_15,Gene_88
Gene_15,Gene_89
Gene_15,Gene_90
Gene_15,Gene_91
Gene_15,Gene_93
Gene_15,Gene_94
Gene_15,Gene_95
Gene_15,Gene_96
Gene_15,Gene_97
Gene_15,Gene_98
Gene_15,Gene_99
Gene_16,Gene_0
Gene_16,Gene_1
Gene_16,Gene_2
Gene_16,Gene_4
Gene_16,Gene_5
Gene_16,Gene_6
Gene_16,Gene_8
Gene_16,Gene_9
Gene_16,Gene_10
Gene_16,Gene_11
Gene_16,Gene_12
Gene_16,Gene_13
Gene_16,Gene_14
Gene_16,Gene_15
Gene_16,Gene_16
Gene_16,Gene_17
Gene_16,Gene_18
Gene_16,Gene_19
Gene_16,Gene_20
Gene_16,Gene_21
Gene_16,Gene_22
Gene_16,Gene_23
Gene_16,Gene_24
Gene_16,Gene_25
Gene_16,Gene_29
Gene_16,Gene_30
Gene_16,Gene_31
Gene_16,Gene_32
Gene_16,Gene_33
Gene_16,Gene_34
Gene_16,Gene_35
Gene_16,Gene_37
Gene_16,Gene_38
Gene_16,Gene_40
Gene_16,Gene_41
Gene_16,Gene_42
Gene_16,Gene_43
Gene_16,Gene_44
Gene_16,Gene_46
Gene_16,Gene_47
Gene_16,Gene_48
Gene_16,Gene_50
Gene_16,Gene_53
Gene_16,Gene_54
Gene_16,Gene_55
Gene_16,Gene_56
Gene_16,Gene_57
Gene_16,Gene_60
Gene_16,Gene_61
Gene_16,Gene_62
Gene_16,Gene_63
Gene_16,Gene_65
Gene_16,Gene_66
Gene_16,Gene_67
Gene_16,Gene_68
Gene_16,Gene_69
Gene_16,Gene_70
Gene_16,Gene_71
Gene_16,Gene_72
Gene_16,Gene_73
Gene_16,Gene_74
Gene_16,Gene_75
Gene_16,Gene_76
Gene_16,Gene_78
Gene_16,Gene_80
Gene_16,Gene_82
Gene_16,Gene_83
Gene_16,Gene_84
Gene_16,Gene_85
Gene_16,Gene_87
Gene_16,Gene_88
Gene_16,Gene_89
Gene_16,Gene_90
Gene_16,Gene_91
Gene_16,Gene_92
Gene_16,Gene_93
Gene_16,Gene_94
Gene_16,Gene_96
Gene_16,Gene_98
Gene_16,Gene_99
Gene_17,Gene_0
Gene_17,Gene_2
Gene_17,Gene_3
Gene_17,Gene_4
Gene_17,Gene_5
Gene_17,Gene_6
Gene_17,Gene_7
Gene_17,Gene_8
Gene_17,Gene_10
Gene_17,Gene_11
Gene_17,Gene_13
Gene_17,Gene_15
Gene_17,Gene_17
Gene_17,Gene_18
Gene_17,Gene_19
Gene_17,Gene_20
Gene_17,Gene_21
Gene_17,Gene_23
Gene_17,Gene_25
Gene_17,Gene_26
Gene_17,Gene_29
Gene_17,Gene_31
Gene_17,Gene_33
Gene_17,Gene_34
Gene_17,Gene_36
Gene_17,Gene_37
Gene_17,Gene_38
Gene_17,Gene_39
Gene_17,Gene_40
Gene_17,Gene_41
Gene_17,Gene_42
Gene_17,Gene_43
Gene_17,Gene_46
Gene_17,Gene_47
Gene_17,Gene_48
Gene_17,Gene_50
Gene_17,Gene_51
Gene_17,Gene_52
Gene_17,Gene_54
Gene_17,Gene_55
Gene_17,Gene_56
Gene_17,Gene_57
Gene_17,Gene_58
Gene_17,Gene_59
Gene_17,Gene_60
Gene_17,Gene_61
Gene_17,Gene_62
Gene_17,Gene_63
Gene_17,Gene_64
Gene_17,Gene_65
Gene_17,Gene_66
Gene_17,Gene_67
Gene_17,Gene_68
Gene_17,Gene_69
Gene_17,Gene_73
Gene_17,Gene_74
Gene_17,Gene_76
Gene_17,Gene_77
Gene_17,Gene_78
Gene_17,Gene_79
Gene_17,Gene_80
Gene_17,Gene_82
Gene_17,Gene_83
Gene_17,Gene_84
Gene_17,Gene_86
Gene_17,Gene_87
Gene_17,Gene_88
Gene_17,Gene_89
Gene_17,Gene_90
Gene_17,Gene_92
Gene_17,Gene_93
Gene_17,Gene_94
Gene_17,Gene_95
Gene_17,Gene_96
Gene_17,Gene_97
Gene_17,Gene_98
Gene_17,Gene_99
Gene_18,Gene_1
Gene_18,Gene_2
Gene_18,Gene_3
Gene_18,Gene_4
Gene_18,Gene_5
Gene_18,Gene_6
Gene_18,Gene_7
Gene_18,Gene_8
Gene_18,Gene_9
Gene_18,Gene_10
Gene_18,Gene_13
Gene_18,Gene_14
Gene_18,Gene_15
Gene_18,Gene_16
Gene_18,Gene_17
Gene_18,Gene_18
Gene_18,Gene_19
Gene_18,Gene_20
Gene_18,Gene_21
Gene_18,Gene_22
Gene_18,Gene_23
Gene_18,Gene_24
Gene_18,Gene_25
Gene_18,Gene_26
Gene_18,Gene_27
Gene_18,Gene_28
Gene_18,Gene_29
Gene_18,Gene_30
Gene_18,Gene_31
Gene_18,Gene_32
Gene_18,Gene_33
Gene_18,Gene_35
Gene_18,Gene_37
Gene_18,Gene_38
Gene_18,Gene_39
Gene_18,Gene_43
Gene_18,Gene_44
Gene_18,Gene_45
Gene_18,Gene_46
Gene_18,Gene_47
Gene_18,Gene_49
Gene_18,Gene_50
Gene_18,Gene_51
Gene_18,Gene_52
Gene_18,Gene_53
Gene_18,Gene_54
Gene_18,Gene_55
Gene_18,Gene_56
Gene_18,Gene_57
Gene_18,Gene_58
Gene_18,Gene_59
Gene_18,Gene_60
Gene_18,Gene_61
Gene_18,Gene_62
Gene_18,Gene_63
Gene_18,Gene_64
Gene_18,Gene_65
Gene_18,Gene_66
Gene_18,Gene_67
Gene_18,Gene_68
Gene_18,Gene_69
Gene_18,Gene_70
Gene_18,Gene_72
Gene_18,Gene_73
Gene_18,Gene_74
Gene_18,Gene_76
Gene_18,Gene_77
Gene_18,Gene_78
Gene_18,Gene_79
Gene_18,Gene_80
Gene_18,Gene_81
Gene_18,Gene_82
Gene_18,Gene_83
Gene_18,Gene_84
Gene_18,Gene_85
Gene_18,Gene_86
Gene_18,Gene_87
Gene_18,Gene_88
Gene_18,Gene_89
Gene_18,Gene_91
Gene_18,Gene_92
Gene_18,Gene_93
Gene_18,Gene_94
Gene_18,Gene_95
Gene_18,Gene_97
Gene_18,Gene_98
Gene_18,Gene_99
Gene_19,Gene_0
Gene_19,Gene_3
Gene_19,Gene_4
Gene_19,Gene_5
Gene_19,Gene_6
Gene_19,Gene_7
Gene_19,Gene_8
Gene_19,Gene_9
Gene_19,Gene_10
Gene_19,Gene_12
Gene_19,Gene_13
Gene_19,Gene_15
Gene_19,Gene_16
Gene_19,Gene_17
Gene_19,Gene_18
Gene_19,Gene_19
Gene_19,Gene_20
Gene_19,Gene_22
Gene_19,Gene_23
Gene_19,Gene_24
Gene_19,Gene_25
Gene_19,Gene_26
Gene_19,Gene_27
Gene_19,Gene_29
Gene_19,Gene_30
Gene_19,Gene_31
Gene_19,Gene_32
Gene_19,Gene_33
Gene_19,Gene_34
Gene_19,Gene_35
Gene_19,Gene_36
Gene_19,Gene_37
Gene_19,Gene_38
Gene_19,Gene_39
Gene_19,Gene_42
Gene_19,Gene_43
Gene_19,Gene_44
Gene_19,Gene_45
Gene_19,Gene_46
Gene_19,Gene_47
Gene_19,Gene_49
Gene_19,Gene_50
Gene_19,Gene_51
Gene_19,Gene_52
Gene_19,Gene_53
Gene_19,Gene_54
Gene_19,Gene_55
Gene_19,Gene_56
Gene_19,Gene_57
Gene_19,Gene_58
Gene_19,Gene_60
Gene_19,Gene_61
Gene_19,Gene_62
Gene_19,Gene_63
Gene_19,Gene_64
Gene_19,Gene_65
Gene_19,Gene_68
Gene_19,Gene_70
Gene_19,Gene_71
Gene_19,Gene_72
Gene_19,Gene_74
Gene_19,Gene_77
Gene_19,Gene_78
Gene_19,Gene_79
Gene_19,Gene_80
Gene_19,Gene_84
Gene_19,Gene_86
Gene_19,Gene_87
Gene_19,Gene_88
Gene_19,Gene_90
Gene_19,Gene_92
Gene_19,Gene_93
Gene_19,Gene_95
Gene_19,Gene_97
Gene_19,Gene_99
Gene_20,Gene_1
Gene_20,Gene_3
Gene_20,Gene_4
Gene_20,Gene_6
Gene_20,Gene_7
Gene_20,Gene_8
Gene_20,Gene_9
Gene_20,Gene_10
Gene_20,Gene_13
Gene_20,Gene_14
Gene_20,Gene_15
Gene_20,Gene_16
Gene_20,Gene_18
Gene_20,Gene_19
Gene_20,Gene_20
Gene_20,Gene_21
Gene_20,Gene_22
Gene_20,Gene_24
Gene_20,Gene_25
Gene_20,Gene_26
Gene_20,Gene_27
Gene_20,Gene_28
Gene_20,Gene_29
Gene_20,Gene_30
Gene_20,Gene_31
Gene_20,Gene_32
Gene_20,Gene_33
Gene_20,Gene_35
Gene_20,Gene_38
Gene_20,Gene_39
Gene_20,Gene_40
Gene_20,Gene_41
Gene_20,Gene_42
Gene_20,Gene_43
Gene_20,Gene_44
Gene_20,Gene_45
Gene_20,Gene_46
Gene_20,Gene_49
Gene_20,Gene_50
Gene_20,Gene_52
Gene_20,Gene_53
Gene_20,Gene_54
Gene_20,Gene_55
Gene_20,Gene_56
Gene_20,Gene_57
Gene_20,Gene_58
Gene_20,Gene_59
Gene_20,Gene_61
Gene_20,Gene_63
Gene_20,Gene_64
Gene_20,Gene_66
Gene_20,Gene_68
Gene_20,Gene_69
Gene_20,Gene_70
Gene_20,Gene_71
Gene_20,Gene_72
Gene_20,Gene_73
Gene_20,Gene_74
Gene_20,Gene_75
Gene_20,Gene_77
Gene_20,Gene_78
Gene_20,Gene_79
Gene_20,Gene_80
Gene_20,Gene_81
Gene_20,Gene_85
Gene_20,Gene_86
Gene_20,Gene_87
Gene_20,Gene_88
Gene_20,Gene_89
Gene_20,Gene_90
Gene_20,Gene_91
Gene_20,Gene_92
Gene_20,Gene_94
Gene_20,Gene_98
Gene_21,Gene_0
Gene_21,Gene_1
Gene_21,Gene_2
Gene_21,Gene_3
Gene_21,Gene_4
Gene_21,Gene_6
Gene_21,Gene_7
Gene_21,Gene_8
Gene_21,Gene_9
Gene_21,Gene_10
Gene_21,Gene_11
Gene_21,Gene_12
Gene_21,Gene_13
Gene_21,Gene_14
Gene_21,Gene_15
Gene_21,Gene_17
Gene_21,Gene_18
Gene_21,Gene_19
Gene_21,Gene_20
Gene_21,Gene_21
Gene_21,Gene_23
Gene_21,Gene_24
Gene_21,Gene_25
Gene_21,Gene_26
Gene_21,Gene_27
Gene_21,Gene_28
Gene_21,Gene_29
Gene_21,Gene_30
Gene_21,Gene_31
Gene_21,Gene_32
Gene_21,Gene_33
Gene_21,Gene_34
Gene_21,Gene_35
Gene_21,Gene_36
Gene_21,Gene_38
Gene_21,Gene_40
Gene_21,Gene_41
Gene_21,Gene_42
Gene_21,Gene_43
Gene_21,Gene_44
Gene_21,Gene_46
Gene_21,Gene_47
Gene_21,Gene_48
Gene_21,Gene_49
Gene_21,Gene_50
Gene_21,Gene_51
Gene_21,Gene_53
Gene_21,Gene_54
Gene_21,Gene_55
Gene_21,Gene_56
Gene_21,Gene_58
Gene_21,Gene_59
Gene_21,Gene_60
Gene_21,Gene_62
Gene_21,Gene_63
Gene_21,Gene_64
Gene_21,Gene_65
Gene_21,Gene_66
Gene_21,Gene_67
Gene_21,Gene_68
Gene_21,Gene_70
Gene_21,Gene_71
Gene_21,Gene_72
Gene_21,Gene_73
Gene_21,Gene_74
Gene_21,Gene_75
Gene_21,Gene_77
Gene_21,Gene_79
Gene_21,Gene_80
Gene_21,Gene_81
Gene_21,Gene_82
Gene_21,Gene_83
Gene_21,Gene_84
Gene_21,Gene_85
Gene_21,Gene_86
Gene_21,Gene_87
Gene_21,Gene_88
Gene_21,Gene_89
Gene_21,Gene_91
Gene_21,Gene_92
Gene_21,Gene_93
Gene_21,Gene_94
Gene_21,Gene_95
Gene_21,Gene_96
Gene_21,Gene_97
Gene_21,Gene_98
Gene_21,Gene_99
Gene_22,Gene_0
Gene_22,Gene_1
Gene_22,Gene_2
Gene_22,Gene_3
Gene_22,Gene_4
Gene_22,Gene_5
Gene_22,Gene_6
Gene_22,Gene_8
Gene_22,Gene_9
Gene_22,Gene_11
Gene_22,Gene_12
Gene_22,Gene_14
Gene_22,Gene_15
Gene_22,Gene_16
Gene_22,Gene_17
Gene_22,Gene_18
Gene_22,Gene_20
Gene_22,Gene_21
Gene_22,Gene_23
Gene_22,Gene_24
Gene_22,Gene_25
Gene_22,Gene_26
Gene_22,Gene_27
Gene_22,Gene_28
Gene_22,Gene_29
Gene_22,Gene_30
Gene_22,Gene_31
Gene_22,Gene_32
Gene_22,Gene_33
Gene_22,Gene_34
Gene_22,Gene_36
Gene_22,Gene_37
Gene_22,Gene_38
Gene_22,Gene_40
Gene_22,Gene_41
Gene_22,Gene_42
Gene_22,Gene_44
Gene_22,Gene_45
Gene_22,Gene_46
Gene_22,Gene_47
Gene_22,Gene_48
Gene_22,Gene_49
Gene_22,Gene_50
Gene_22,Gene_51
Gene_22,Gene_53
Gene_22,Gene_54
Gene_22,Gene_55
Gene_22,Gene_56
Gene_22,Gene_57
Gene_22,Gene_58
Gene_22,Gene_59
Gene_22,Gene_60
Gene_22,Gene_61
Gene_22,Gene_64
Gene_22,Gene_66
Gene_22,Gene_67
Gene_22,Gene_68
Gene_22,Gene_69
Gene_22,Gene_70
Gene_22,Gene_72
Gene_22,Gene_73
Gene_22,Gene_74
Gene_22,Gene_75
Gene_22,Gene_76
Gene_22,Gene_77
Gene_22,Gene_78
Gene_22,Gene_79
Gene_22,Gene_80
Gene_22,Gene_81
Gene_22,Gene_82
Gene_22,Gene_85
Gene_22,Gene_86
Gene_22,Gene_88
Gene_22,Gene_89
Gene_22,Gene_90
Gene_22,Gene_93
Gene_22,Gene_94
Gene_22,Gene_95
Gene_22,Gene_96
Gene_22,Gene_97
Gene_22,Gene_98
Gene_22,Gene_99
Gene_23,Gene_0
Gene_23,Gene_1
Gene_23,Gene_2
Gene_23,Gene_3
Gene_23,Gene_4
Gene_23,Gene_5
Gene_23,Gene_7
Gene_23,Gene_8
Gene_23,Gene_10
Gene_23,Gene_11
Gene_23,Gene_12
Gene_23,Gene_13
Gene_23,Gene_14
Gene_23,Gene_15
Gene_23,Gene_16
Gene_23,Gene_17
Gene_23,Gene_18
Gene_23,Gene_21
Gene_23,Gene_22
Gene_23,Gene_25
Gene_23,Gene_28
Gene_23,Gene_30
Gene_23,Gene_31
Gene_23,Gene_33
Gene_23,Gene_36
Gene_23,Gene_37
Gene_23,Gene_39
Gene_23,Gene_40
Gene_23,Gene_41
Gene_23,Gene_42
Gene_23,Gene_43
Gene_23,Gene_44
Gene_23,Gene_45
Gene_23,Gene_46
Gene_23,Gene_47
Gene_23,Gene_48
Gene_23,Gene_49
Gene_23,Gene_51
Gene_23,Gene_53
Gene_23,Gene_54
Gene_23,Gene_56
Gene_23,Gene_57
Gene_23,Gene_58
Gene_23,Gene_59
Gene_23,Gene_61
Gene_23,Gene_62
Gene_23,Gene_63
Gene_23,Gene_66
Gene_23,Gene_67
Gene_23,Gene_69
Gene_23,Gene_70
Gene_23,Gene_72
Gene_23,Gene_73
Gene_23,Gene_74
Gene_23,Gene_75
Gene_23,Gene_76
Gene_23,Gene_77
Gene_23,Gene_78
Gene_23,Gene_80
Gene_23,Gene_81
Gene_23,Gene_82
Gene_23,Gene_83
Gene_23,Gene_84
Gene_23,Gene_85
Gene_23,Gene_86
Gene_23,Gene_87
Gene_23,Gene_88
Gene_23,Gene_89
Gene_23,Gene_90
Gene_23,Gene_91
Gene_23,Gene_92
Gene_23,Gene_93
Gene_23,Gene_94
Gene_23,Gene_95
Gene_23,Gene_96
Gene_23,Gene_97
Gene_24,Gene_0
Gene_24,Gene_1
Gene_24,Gene_2
Gene_24,Gene_3
Gene_24,Gene_4
Gene_24,Gene_6
Gene_24,Gene_7
Gene_24,Gene_8
Gene_24,Gene_10
Gene_24,Gene_11
Gene_24,Gene_12
Gene_24,Gene_14
Gene_24,Gene_15
Gene_24,Gene_16
Gene_24,Gene_17
Gene_24,Gene_18
Gene_24,Gene_19
Gene_24,Gene_20
Gene_24,Gene_21
Gene_24,Gene_22
Gene_24,Gene_23
Gene_24,Gene_25
Gene_24,Gene_26
Gene_24,Gene_27
Gene_24,Gene_28
Gene_24,Gene_29
Gene_24,Gene_30
Gene_24,Gene_31
Gene_24,Gene_32
Gene_24,Gene_34
Gene_24,Gene_36
Gene_24,Gene_37
Gene_24,Gene_38
Gene_24,Gene_39
Gene_24,Gene_40
Gene_24,Gene_41
Gene_24,Gene_42
Gene_24,Gene_43
Gene_24,Gene_44
Gene_24,Gene_45
Gene_24,Gene_46
Gene_24,Gene_47
Gene_24,Gene_48
Gene_24,Gene_49
Gene_24,Gene_51
Gene_24,Gene_52
Gene_24,Gene_53
Gene_24,Gene_54
Gene_24,Gene_55
Gene_24,Gene_56
Gene_24,Gene_57
Gene_24,Gene_58
Gene_24,Gene_59
Gene_24,Gene_60
Gene_24,Gene_62
Gene_24,Gene_63
Gene_24,Gene_64
Gene_24,Gene_65
Gene_24,Gene_68
Gene_24,Gene_69
Gene_24,Gene_70
Gene_24,Gene_71
Gene_24,Gene_72
Gene_24,Gene_73
Gene_24,Gene_74
Gene_24,Gene_76
Gene_24,Gene_77
Gene_24,Gene_78
Gene_24,Gene_79
Gene_24,Gene_80
Gene_24,Gene_81
Gene_24,Gene_82
Gene_24,Gene_83
Gene_24,Gene_84
Gene_24,Gene_86
Gene_24,Gene_87
Gene_24,Gene_88
Gene_24,Gene_89
Gene_24,Gene_90
Gene_24,Gene_91
Gene_24,Gene_93
Gene_24,Gene_96
Gene_24,Gene_97
Gene_24,Gene_98
Gene_25,Gene_0
Gene_25,Gene_1
Gene_25,Gene_2
Gene_25,Gene_3
Gene_25,Gene_5
Gene_25,Gene_6
Gene_25,Gene_7
Gene_25,Gene_8
Gene_25,Gene_9
Gene_25,Gene_10
Gene_25,Gene_12
Gene_25,Gene_14
Gene_25,Gene_17
Gene_25,Gene_18
Gene_25,Gene_19
Gene_25,Gene_20
Gene_25,Gene_21
Gene_25,Gene_22
Gene_25,Gene_23
Gene_25,Gene_24
Gene_25,Gene_25
Gene_25,Gene_26
Gene_25,Gene_27
Gene_25,Gene_28
Gene_25,Gene_29
Gene_25,Gene_30
Gene_25,Gene_31
Gene_25,Gene_32
Gene_25,Gene_33
Gene_25,Gene_34
Gene_25,Gene_35
Gene_25,Gene_36
Gene_25,Gene_37
Gene_25,Gene_38
Gene_25,Gene_39
Gene_25,Gene_40
Gene_25,Gene_41
Gene_25,Gene_42
Gene_25,Gene_43
Gene_25,Gene_44
Gene_25,Gene_47
Gene_25,Gene_48
Gene_25,Gene_49
Gene_25,Gene_51
Gene_25,Gene_52
Gene_25,Gene_53
Gene_25,Gene_55
Gene_25,Gene_58
Gene_25,Gene_59
Gene_25,Gene_60
Gene_25,Gene_61
Gene_25,Gene_63
Gene_25,Gene_64
Gene_25,Gene_65
Gene_25,Gene_66
Gene_25,Gene_68
Gene_25,Gene_70
Gene_25,Gene_71
Gene_25,Gene_73
Gene_25,Gene_74
Gene_25,Gene_76
Gene_25,Gene_77
Gene_25,Gene_78
Gene_25,Gene_80
Gene_25,Gene_82
Gene_25,Gene_83
Gene_25,Gene_84
Gene_25,Gene_85
Gene_25,Gene_86
Gene_25,Gene_87
Gene_25,Gene_88
Gene_25,Gene_91
Gene_25,Gene_92
Gene_25,Gene_93
Gene_25,Gene_94
Gene_25,Gene_95
Gene_25,Gene_96
Gene_25,Gene_98
Gene_25,Gene_99
Gene_26,Gene_0
Gene_26,Gene_1
Gene_26,Gene_2
Gene_26,Gene_3
Gene_26,Gene_4
Gene_26,Gene_5
Gene_26,Gene_7
Gene_26,Gene_8
Gene_26,Gene_9
Gene_26,Gene_10
Gene_26,Gene_11
Gene_26,Gene_13
Gene_26,Gene_14
Gene_26,Gene_15
Gene_26,Gene_16
Gene_26,Gene_18
Gene_26,Gene_19
Gene_26,Gene_20
Gene_26,Gene_21
Gene_26,Gene_22
Gene_26,Gene_23
Gene_26,Gene_25
Gene_26,Gene_26
Gene_26,Gene_28
Gene_26,Gene_29
Gene_26,Gene_30
Gene_26,Gene_31
Gene_26,Gene_32
Gene_26,Gene_34
Gene_26,Gene_35
Gene_26,Gene_36
Gene_26,Gene_38
Gene_26,Gene_39
Gene_26,Gene_40
Gene_26,Gene_41
Gene_26,Gene_42
Gene_26,Gene_43
Gene_26,Gene_44
Gene_26,Gene_45
Gene_26,Gene_46
Gene_26,Gene_48
Gene_26,Gene_49
Gene_26,Gene_50
Gene_26,Gene_52
Gene_26,Gene_53
Gene_26,Gene_54
Gene_26,Gene_55
Gene_26,Gene_56
Gene_26,Gene_57
Gene_26,Gene_58
Gene_26,Gene_59
Gene_26,Gene_60
Gene_26,Gene_61
Gene_26,Gene_62
Gene_26,Gene_64
Gene_26,Gene_65
Gene_26,Gene_66
Gene_26,Gene_67
Gene_26,Gene_68
Gene_26,Gene_69
Gene_26,Gene_70
Gene_26,Gene_72
Gene_26,Gene_73
Gene_26,Gene_74
Gene_26,Gene_75
Gene_26,Gene_76
Gene_26,Gene_77
Gene_26,Gene_78
Gene_26,Gene_79
Gene_26,Gene_80
Gene_26,Gene_81
Gene_26,Gene_82
Gene_26,Gene_83
Gene_26,Gene_84
Gene_26,Gene_85
Gene_26,Gene_87
Gene_26,Gene_90
Gene_26,Gene_91
Gene_26,Gene_92
Gene_26,Gene_94
Gene_26,Gene_95
Gene_26,Gene_96
Gene_26,Gene_97
Gene_26,Gene_98
Gene_26,Gene_99
Gene_27,Gene_0
Gene_27,Gene_1
Gene_27,Gene_3
Gene_27,Gene_4
Gene_27,Gene_7
Gene_27,Gene_8
Gene_27,Gene_9
Gene_27,Gene_11
Gene_27,Gene_12
Gene_27,Gene_13
Gene_27,Gene_15
Gene_27,Gene_16
Gene_27,Gene_17
Gene_27,Gene_18
Gene_27,Gene_19
Gene_27,Gene_20
Gene_27,Gene_21
Gene_27,Gene_22
Gene_27,Gene_23
Gene_27,Gene_24
Gene_27,Gene_25
Gene_27,Gene_26
Gene_27,Gene_27
Gene_27,Gene_28
Gene_27,Gene_31
Gene_27,Gene_33
Gene_27,Gene_34
Gene_27,Gene_35
Gene_27,Gene_36
Gene_27,Gene_37
Gene_27,Gene_38
Gene_27,Gene_39
Gene_27,Gene_41
Gene_27,Gene_44
Gene_27,Gene_45
Gene_27,Gene_46
Gene_27,Gene_50
Gene_27,Gene_51
Gene_27,Gene_52
Gene_27,Gene_54
Gene_27,Gene_55
Gene_27,Gene_56
Gene_27,Gene_57
Gene_27,Gene_60
Gene_27,Gene_61
Gene_27,Gene_62
Gene_27,Gene_63
Gene_27,Gene_65
Gene_27,Gene_69
Gene_27,Gene_70
Gene_27,Gene_71
Gene_27,Gene_72
Gene_27,Gene_73
Gene_27,Gene_74
Gene_27,Gene_75
Gene_27,Gene_76
Gene_27,Gene_77
Gene_27,Gene_78
Gene_27,Gene_80
Gene_27,Gene_81
Gene_27,Gene_82
Gene_27,Gene_83
Gene_27,Gene_84
Gene_27,Gene_85
Gene_27,Gene_86
Gene_27,Gene_87
Gene_27,Gene_88
Gene_27,Gene_89
Gene_27,Gene_90
Gene_27,Gene_93
Gene_27,Gene_95
Gene_27,Gene_96
Gene_27,Gene_97
Gene_27,Gene_98
Gene_27,Gene_99
Gene_28,Gene_0
Gene_28,Gene_1
Gene_28,Gene_2
Gene_28,Gene_3
Gene_28,Gene_4
Gene_28,Gene_5
Gene_28,Gene_6
Gene_28,Gene_9
Gene_28,Gene_10
Gene_28,Gene_13
Gene_28,Gene_14
Gene_28,Gene_15
Gene_28,Gene_16
Gene_28,Gene_17
Gene_28,Gene_18
Gene_28,Gene_20
Gene_28,Gene_21
Gene_28,Gene_22
Gene_28,Gene_23
Gene_28,Gene_24
Gene_28,Gene_27
Gene_28,Gene_28
Gene_28,Gene_29
Gene_28,Gene_30
Gene_28,Gene_31
Gene_28,Gene_32
Gene_28,Gene_33
Gene_28,Gene_34
Gene_28,Gene_35
Gene_28,Gene_36
Gene_28,Gene_39
Gene_28,Gene_41
Gene_28,Gene_42
Gene_28,Gene_43
Gene_28,Gene_44
Gene_28,Gene_45
Gene_28,Gene_46
Gene_28,Gene_47
Gene_28,Gene_48
Gene_28,Gene_49
Gene_28,Gene_50
Gene_28,Gene_51
Gene_28,Gene_52
Gene_28,Gene_53
Gene_28,Gene_54
Gene_28,Gene_55
Gene_28,Gene_56
Gene_28,Gene_57
Gene_28,Gene_60
Gene_28,Gene_61
Gene_28,Gene_62
Gene_28,Gene_63
Gene_28,Gene_64
Gene_28,Gene_65
Gene_28,Gene_66
Gene_28,Gene_67
Gene_28,Gene_68
Gene_28,Gene_72
Gene_28,Gene_73
Gene_28,Gene_74
Gene_28,Gene_75
Gene_28,Gene_76
Gene_28,Gene_78
Gene_28,Gene_79
Gene_28,Gene_80
Gene_28,Gene_81
Gene_28,Gene_82
Gene_28,Gene_83
Gene_28,Gene_84
Gene_28,Gene_85
Gene_28,Gene_90
Gene_28,Gene_91
Gene_28,Gene_92
Gene_28,Gene_93
Gene_28,Gene_94
Gene_28,Gene_95
Gene_28,Gene_96
Gene_28,Gene_97
Gene_28,Gene_98
Gene_28,Gene_99
Gene_29,Gene_0
Gene_29,Gene_1
Gene_29,Gene_2
Gene_29,Gene_4
Gene_29,Gene_6
Gene_29,Gene_7
Gene_29,Gene_8
Gene_29,Gene_9
Gene_29,Gene_10
Gene_29,Gene_11
Gene_29,Gene_12
Gene_29,Gene_13
Gene_29,Gene_15
Gene_29,Gene_16
Gene_29,Gene_17
Gene_29,Gene_18
Gene_29,Gene_19
Gene_29,Gene_20
Gene_29,Gene_21
Gene_29,Gene_22
Gene_29,Gene_23
Gene_29,Gene_24
Gene_29,Gene_25
Gene_29,Gene_26
Gene_29,Gene_27
Gene_29,Gene_28
Gene_29,Gene_29
Gene_29,Gene_30
Gene_29,Gene_31
Gene_29,Gene_32
Gene_29,Gene_33
Gene_29,Gene_37
Gene_29,Gene_38
Gene_29,Gene_39
Gene_29,Gene_40
Gene_29,Gene_45
Gene_29,Gene_46
Gene_29,Gene_48
Gene_29,Gene_49
Gene_29,Gene_50
Gene_29,Gene_51
Gene_29,Gene_52
Gene_29,Gene_53
Gene_29,Gene_54
Gene_29,Gene_55
Gene_29,Gene_56
Gene_29,Gene_57
Gene_29,Gene_58
Gene_29,Gene_59
Gene_29,Gene_60
Gene_29,Gene_62
Gene_29,Gene_63
Gene_29,Gene_64
Gene_29,Gene_65
Gene_29,Gene_66
Gene_29,Gene_67
Gene_29,Gene_69
Gene_29,Gene_70
Gene_29,Gene_71
Gene_29,Gene_72
Gene_29,Gene_74
Gene_29,Gene_75
Gene_29,Gene_76
Gene_29,Gene_77
Gene_29,Gene_79
Gene_29,Gene_80
Gene_29,Gene_81
Gene_29,Gene_84
Gene_29,Gene_85
Gene_29,Gene_86
Gene_29,Gene_87
Gene_29,Gene_88
Gene_29,Gene_90
Gene_29,Gene_91
Gene_29,Gene_92
Gene_29,Gene_93
Gene_29,Gene_94
Gene_29,Gene_95
Gene_29,Gene_96
Gene_29,Gene_97
Gene_29,Gene_98
Gene_29,Gene_99
Gene_30,Gene_0
Gene_30,Gene_1
Gene_30,Gene_2
Gene_30,Gene_3
Gene_30,Gene_4
Gene_30,Gene_5
Gene_30,Gene_6
Gene_30,Gene_7
Gene_30,Gene_9
Gene_30,Gene_10
Gene_30,Gene_11
Gene_30,Gene_12
Gene_30,Gene_13
Gene_30,Gene_14
Gene_30,Gene_15
Gene_30,Gene_16
Gene_30,Gene_19
Gene_30,Gene_20
Gene_30,Gene_21
Gene_30,Gene_22
Gene_30,Gene_23
Gene_30,Gene_24
Gene_30,Gene_25
Gene_30,Gene_26
Gene_30,Gene_27
Gene_30,Gene_28
Gene_30,Gene_29
Gene_30,Gene_30
Gene_30,Gene_31
Gene_30,Gene_32
Gene_30,Gene_34
Gene_30,Gene_35
Gene_30,Gene_36
Gene_30,Gene_37
Gene_30,Gene_38
Gene_30,Gene_39
Gene_30,Gene_40
Gene_30,Gene_41
Gene_30,Gene_42
Gene_30,Gene_43
Gene_30,Gene_44
Gene_30,Gene_45
Gene_30,Gene_46
Gene_30,Gene_47
Gene_30,Gene_48
Gene_30,Gene_49
Gene_30,Gene_50
Gene_30,Gene_52
Gene_30,Gene_53
Gene_30,Gene_54
Gene_30,Gene_55
Gene_30,Gene_56
Gene_30,Gene_57
Gene_30,Gene_58
Gene_30,Gene_59
Gene_30,Gene_60
Gene_30,Gene_61
Gene_30,Gene_62
Gene_30,Gene_63
Gene_30,Gene_64
Gene_30,Gene_65
Gene_30,Gene_66
Gene_30,Gene_68
Gene_30,Gene_69
Gene_30,Gene_70
Gene_30,Gene_71
Gene_30,Gene_72
Gene_30,Gene_74
Gene_30,Gene_75
Gene_30,Gene_76
Gene_30,Gene_78
Gene_30,Gene_79
Gene_30,Gene_80
Gene_30,Gene_81
Gene_30,Gene_82
Gene_30,Gene_83
Gene_30,Gene_84
Gene_30,Gene_85
Gene_30,Gene_87
Gene_30,Gene_88
Gene_30,Gene_89
Gene_30,Gene_91
Gene_30,Gene_92
Gene_30,Gene_94
Gene_30,Gene_95
Gene_30,Gene_96
Gene_30,Gene_97
Gene_30,Gene_98
Gene_30,Gene_99
Gene_31,Gene_0
Gene_31,Gene_3
Gene_31,Gene_4
Gene_31,Gene_5
Gene_31,Gene_6
Gene_31,Gene_7
Gene_31,Gene_9
Gene_31,Gene_10
Gene_31,Gene_12
Gene_31,Gene_15
Gene_31,Gene_16
Gene_31,Gene_17
Gene_31,Gene_18
Gene_31,Gene_19
Gene_31,Gene_20
Gene_31,Gene_21
Gene_31,Gene_24
Gene_31,Gene_25
Gene_31,Gene_26
Gene_31,Gene_27
Gene_31,Gene_28
Gene_31,Gene_30
Gene_31,Gene_31
Gene_31,Gene_32
Gene_31,Gene_33
Gene_31,Gene_34
Gene_31,Gene_35
Gene_31,Gene_37
Gene_31,Gene_38
Gene_31,Gene_39
Gene_31,Gene_40
Gene_31,Gene_41
Gene_31,Gene_42
Gene_31,Gene_43
Gene_31,Gene_47
Gene_31,Gene_49
Gene_31,Gene_50
Gene_31,Gene_51
Gene_31,Gene_52
Gene_31,Gene_53
Gene_31,Gene_55
Gene_31,Gene_56
Gene_31,Gene_57
Gene_31,Gene_58
Gene_31,Gene_59
Gene_31,Gene_60
Gene_31,Gene_63
Gene_31,Gene_64
Gene_31,Gene_65
Gene_31,Gene_66
Gene_31,Gene_69
Gene_31,Gene_70
Gene_31,Gene_71
Gene_31,Gene_72
Gene_31,Gene_73
Gene_31,Gene_74
Gene_31,Gene_75
Gene_31,Gene_77
Gene_31,Gene_78
Gene_31,Gene_79
Gene_31,Gene_80
Gene_31,Gene_82
Gene_31,Gene_84
Gene_31,Gene_85
Gene_31,Gene_86
Gene_31,Gene_87
Gene_31,Gene_88
Gene_31,Gene_90
Gene_31,Gene_91
Gene_31,Gene_92
Gene_31,Gene_93
Gene_31,Gene_94
Gene_31,Gene_95
Gene_31,Gene_98
Gene_32,Gene_1
Gene_32,Gene_3
Gene_32,Gene_4
Gene_32,Gene_5
Gene_32,Gene_9
Gene_32,Gene_10
Gene_32,Gene_11
Gene_32,Gene_12
Gene_32,Gene_13
Gene_32,Gene_14
Gene_32,Gene_16
Gene_32,Gene_17
Gene_32,Gene_18
Gene_32,Gene_19
Gene_32,Gene_22
Gene_32,Gene_23
Gene_32,Gene_25
Gene_32,Gene_26
Gene_32,Gene_27
Gene_32,Gene_28
Gene_32,Gene_29
Gene_32,Gene_30
Gene_32,Gene_31
Gene_32,Gene_32
Gene_32,Gene_33
Gene_32,Gene_34
Gene_32,Gene_35
Gene_32,Gene_36
Gene_32,Gene_37
Gene_32,Gene_38
Gene_32,Gene_39
Gene_32,Gene_40
Gene_32,Gene_41
Gene_32,Gene_43
Gene_32,Gene_45
Gene_32,Gene_46
Gene_32,Gene_47
Gene_32,Gene_48
Gene_32,Gene_50
Gene_32,Gene_51
Gene_32,Gene_52
Gene_32,Gene_54
Gene_32,Gene_55
Gene_32,Gene_56
Gene_32,Gene_57
Gene_32,Gene_58
Gene_32,Gene_59
Gene_32,Gene_60
Gene_32,Gene_61
Gene_32,Gene_62
Gene_32,Gene_65
Gene_32,Gene_67
Gene_32,Gene_68
Gene_32,Gene_69
Gene_32,Gene_70
Gene_32,Gene_71
Gene_32,Gene_72
Gene_32,Gene_73
Gene_32,Gene_74
Gene_32,Gene_76
Gene_32,Gene_78
Gene_32,Gene_80
Gene_32,Gene_82
Gene_32,Gene_83
Gene_32,Gene_84
Gene_32,Gene_85
Gene_32,Gene_86
Gene_32,Gene_87
Gene_32,Gene_88
Gene_32,Gene_89
Gene_32,Gene_90
Gene_32,Gene_91
Gene_32,Gene_92
Gene_32,Gene_93
Gene_32,Gene_94
Gene_32,Gene_97
Gene_32,Gene_98
Gene_32,Gene_99
Gene_33,Gene_0
Gene_33,Gene_2
Gene_33,Gene_3
Gene_33,Gene_4
Gene_33,Gene_5
Gene_33,Gene_7
Gene_33,Gene_8
Gene_33,Gene_9
Gene_33,Gene_13
Gene_33,Gene_14
Gene_33,Gene_17
Gene_33,Gene_18
Gene_33,Gene_21
Gene_33,Gene_22
Gene_33,Gene_23
Gene_33,Gene_24
Gene_33,Gene_25
Gene_33,Gene_27
Gene_33,Gene_28
Gene_33,Gene_29
Gene_33,Gene_30
Gene_33,Gene_31
Gene_33,Gene_32
Gene_33,Gene_33
Gene_33,Gene_34
Gene_33,Gene_35
Gene_33,Gene_36
Gene_33,Gene_37
Gene_33,Gene_39
Gene_33,Gene_40
Gene_33,Gene_41
Gene_33,Gene_43
Gene_33,Gene_44
Gene_33,Gene_45
Gene_33,Gene_46
Gene_33,Gene_48
Gene_33,Gene_49
Gene_33,Gene_50
Gene_33,Gene_51
Gene_33,Gene_53
Gene_33,Gene_54
Gene_33,Gene_55
Gene_33,Gene_56
Gene_33,Gene_57
Gene_33,Gene_58
Gene_33,Gene_59
Gene_33,Gene_60
Gene_33,Gene_61
Gene_33,Gene_62
Gene_33,Gene_63
Gene_33,Gene_64
Gene_33,Gene_66
Gene_33,Gene_67
Gene_33,Gene_68
Gene_33,Gene_69
Gene_33,Gene_70
Gene_33,Gene_71
Gene_33,Gene_72
Gene_33,Gene_73
Gene_33,Gene_74
Gene_33,Gene_76
Gene_33,Gene_77
Gene_33,Gene_78
Gene_33,Gene_81
Gene_33,Gene_82
Gene_33,Gene_83
Gene_33,Gene_84
Gene_33,Gene_85
Gene_33,Gene_86
Gene_33,Gene_87
Gene_33,Gene_89
Gene_33,Gene_91
Gene_33,Gene_92
Gene_33,Gene_94
Gene_33,Gene_95
Gene_33,Gene_96
Gene_33,Gene_97
Gene_33,Gene_98
Gene_33,Gene_99
Gene_34,Gene_0
Gene_34,Gene_1
Gene_34,Gene_2
Gene_34,Gene_3
Gene_34,Gene_4
Gene_34,Gene_5
Gene_34,Gene_6
Gene_34,Gene_7
Gene_34,Gene_8
Gene_34,Gene_10
Gene_34,Gene_12
Gene_34,Gene_13
Gene_34,Gene_15
Gene_34,Gene_16
Gene_34,Gene_18
Gene_34,Gene_19
Gene_34,Gene_22
Gene_34,Gene_24
Gene_34,Gene_25
Gene_34,Gene_27
Gene_34,Gene_28
Gene_34,Gene_29
Gene_34,Gene_31
Gene_34,Gene_32
Gene_34,Gene_35
Gene_34,Gene_36
Gene_34,Gene_38
Gene_34,Gene_39
Gene_34,Gene_41
Gene_34,Gene_42
Gene_34,Gene_43
Gene_34,Gene_44
Gene_34,Gene_45
Gene_34,Gene_46
Gene_34,Gene_47
Gene_34,Gene_48
Gene_34,Gene_49
Gene_34,Gene_50
Gene_34,Gene_51
Gene_34,Gene_52
Gene_34,Gene_53
Gene_34,Gene_54
Gene_34,Gene_55
Gene_34,Gene_56
Gene_34,Gene_57
Gene_34,Gene_58
Gene_34,Gene_59
Gene_34,Gene_60
Gene_34,Gene_64
Gene_34,Gene_65
Gene_34,Gene_66
Gene_34,Gene_67
Gene_34,Gene_68
Gene_34,Gene_69
Gene_34,Gene_70
Gene_34,Gene_71
Gene_34,Gene_72
Gene_34,Gene_74
Gene_34,Gene_75
Gene_34,Gene_76
Gene_34,Gene_77
Gene_34,Gene_78
Gene_34,Gene_79
Gene_34,Gene_80
Gene_34,Gene_81
Gene_34,Gene_82
Gene_34,Gene_83
Gene_34,Gene_84
Gene_34,Gene_86
Gene_34,Gene_87
Gene_34,Gene_88
Gene_34,Gene_89
Gene_34,Gene_90
Gene_34,Gene_92
Gene_34,Gene_93
Gene_34,Gene_94
Gene_34,Gene_97
Gene_34,Gene_98
Gene_34,Gene_99
Gene_35,Gene_0
Gene_35,Gene_1
Gene_35,Gene_2
Gene_35,Gene_3
Gene_35,Gene_4
Gene_35,Gene_5
Gene_35,Gene_8
Gene_35,Gene_10
Gene_35,Gene_11
Gene_35,Gene_14
Gene_35,Gene_16
Gene_35,Gene_18
Gene_35,Gene_19
Gene_35,Gene_20
Gene_35,Gene_21
Gene_35,Gene_22
Gene_35,Gene_23
Gene_35,Gene_25
Gene_35,Gene_26
Gene_35,Gene_27
Gene_35,Gene_28
Gene_35,Gene_29
Gene_35,Gene_31
Gene_35,Gene_32
Gene_35,Gene_33
Gene_35,Gene_34
Gene_35,Gene_35
Gene_35,Gene_36
Gene_35,Gene_37
Gene_35,Gene_38
Gene_35,Gene_39
Gene_35,Gene_40
Gene_35,Gene_41
Gene_35,Gene_42
Gene_35,Gene_43
Gene_35,Gene_44
Gene_35,Gene_46
Gene_35,Gene_47
Gene_35,Gene_48
Gene_35,Gene_49
Gene_35,Gene_50
Gene_35,Gene_51
Gene_35,Gene_52
Gene_35,Gene_53
Gene_35,Gene_54
Gene_35,Gene_55
Gene_35,Gene_56
Gene_35,Gene_57
Gene_35,Gene_59
Gene_35,Gene_62
Gene_35,Gene_64
Gene_35,Gene_65
Gene_35,Gene_66
Gene_35,Gene_67
Gene_35,Gene_68
Gene_35,Gene_69
Gene_35,Gene_70
Gene_35,Gene_72
Gene_35,Gene_73
Gene_35,Gene_76
Gene_35,Gene_77
Gene_35,Gene_78
Gene_35,Gene_79
Gene_35,Gene_80
Gene_35,Gene_81
Gene_35,Gene_83
Gene_35,Gene_84
Gene_35,Gene_86
Gene_35,Gene_87
Gene_35,Gene_88
Gene_35,Gene_89
Gene_35,Gene_90
Gene_35,Gene_91
Gene_35,Gene_93
Gene_35,Gene_94
Gene_35,Gene_95
Gene_35,Gene_96
Gene_35,Gene_97
Gene_35,Gene_98
Gene_35,Gene_99
Gene_36,Gene_0
Gene_36,Gene_2
Gene_36,Gene_3
Gene_36,Gene_4
Gene_36,Gene_5
Gene_36,Gene_6
Gene_36,Gene_7
Gene_36,Gene_8
Gene_36,Gene_9
Gene_36,Gene_10
Gene_36,Gene_13
Gene_36,Gene_16
Gene_36,Gene_17
Gene_36,Gene_18
Gene_36,Gene_20
Gene_36,Gene_21
Gene_36,Gene_22
Gene_36,Gene_23
Gene_36,Gene_26
Gene_36,Gene_27
Gene_36,Gene_28
Gene_36,Gene_29
Gene_36,Gene_30
Gene_36,Gene_33
Gene_36,Gene_34
Gene_36,Gene_35
Gene_36,Gene_36
Gene_36,Gene_37
Gene_36,Gene_39
Gene_36,Gene_40
Gene_36,Gene_42
Gene_36,Gene_44
Gene_36,Gene_45
Gene_36,Gene_46
Gene_36,Gene_47
Gene_36,Gene_48
Gene_36,Gene_49
Gene_36,Gene_50
Gene_36,Gene_51
Gene_36,Gene_52
Gene_36,Gene_53
Gene_36,Gene_54
Gene_36,Gene_55
Gene_36,Gene_56
Gene_36,Gene_57
Gene_36,Gene_58
Gene_36,Gene_59
Gene_36,Gene_60
Gene_36,Gene_61
Gene_36,Gene_62
Gene_36,Gene_63
Gene_36,Gene_64
Gene_36,Gene_65
Gene_36,Gene_66
Gene_36,Gene_67
Gene_36,Gene_68
Gene_36,Gene_70
Gene_36,Gene_71
Gene_36,Gene_74
Gene_36,Gene_75
Gene_36,Gene_78
Gene_36,Gene_79
Gene_36,Gene_80
Gene_36,Gene_82
Gene_36,Gene_83
Gene_36,Gene_84
Gene_36,Gene_85
Gene_36,Gene_86
Gene_36,Gene_87
Gene_36,Gene_88
Gene_36,Gene_89
Gene_36,Gene_90
Gene_36,Gene_91
Gene_36,Gene_92
Gene_36,Gene_93
Gene_36,Gene_94
Gene_36,Gene_95
Gene_36,Gene_96
Gene_36,Gene_97
Gene_36,Gene_98
Gene_36,Gene_99
Gene_37,Gene_0
Gene_37,Gene_1
Gene_37,Gene_2
Gene_37,Gene_3
Gene_37,Gene_5
Gene_37,Gene_8
Gene_37,Gene_9
Gene_37,Gene_10
Gene_37,Gene_11
Gene_37,Gene_12
Gene_37,Gene_14
Gene_37,Gene_16
Gene_37,Gene_17
Gene_37,Gene_21
Gene_37,Gene_22
Gene_37,Gene_24
Gene_37,Gene_25
Gene_37,Gene_26
Gene_37,Gene_27
Gene_37,Gene_29
Gene_37,Gene_32
Gene_37,Gene_33
Gene_37,Gene_34
Gene_37,Gene_38
Gene_37,Gene_39
Gene_37,Gene_40
Gene_37,Gene_41
Gene_37,Gene_42
Gene_37,Gene_43
Gene_37,Gene_44
Gene_37,Gene_45
Gene_37,Gene_46
Gene_37,Gene_49
Gene_37,Gene_50
Gene_37,Gene_51
Gene_37,Gene_52
Gene_37,Gene_53
Gene_37,Gene_54
Gene_37,Gene_55
Gene_37,Gene_56
Gene_37,Gene_57
Gene_37,Gene_58
Gene_37,Gene_60
Gene_37,Gene_61
Gene_37,Gene_62
Gene_37,Gene_63
Gene_37,Gene_64
Gene_37,Gene_65
Gene_37,Gene_66
Gene_37,Gene_67
Gene_37,Gene_68
Gene_37,Gene_69
Gene_37,Gene_70
Gene_37,Gene_71
Gene_37,Gene_72
Gene_37,Gene_74
Gene_37,Gene_75
Gene_37,Gene_76
Gene_37,Gene_78
Gene_37,Gene_79
Gene_37,Gene_80
Gene_37,Gene_81
Gene_37,Gene_82
Gene_37,Gene_83
Gene_37,Gene_84
Gene_37,Gene_85
Gene_37,Gene_86
Gene_37,Gene_87
Gene_37,Gene_88
Gene_37,Gene_89
Gene_37,Gene_90
Gene_37,Gene_91
Gene_37,Gene_92
Gene_37,Gene_93
Gene_37,Gene_94
Gene_37,Gene_96
Gene_37,Gene_97
Gene_37,Gene_98
Gene_37,Gene_99
Gene_38,Gene_1
Gene_38,Gene_3
Gene_38,Gene_4
Gene_38,Gene_5
Gene_38,Gene_6
Gene_38,Gene_7
Gene_38,Gene_8
Gene_38,Gene_9
Gene_38,Gene_10
Gene_38,Gene_11
Gene_38,Gene_12
Gene_38,Gene_13
Gene_38,Gene_14
Gene_38,Gene_15
Gene_38,Gene_18
Gene_38,Gene_20
Gene_38,Gene_21
Gene_38,Gene_23
Gene_38,Gene_24
Gene_38,Gene_25
Gene_38,Gene_26
Gene_38,Gene_27
Gene_38,Gene_28
Gene_38,Gene_31
Gene_38,Gene_33
Gene_38,Gene_34
Gene_38,Gene_35
Gene_38,Gene_36
Gene_38,Gene_38
Gene_38,Gene_39
Gene_38,Gene_40
Gene_38,Gene_42
Gene_38,Gene_43
Gene_38,Gene_44
Gene_38,Gene_45
Gene_38,Gene_46
Gene_38,Gene_47
Gene_38,Gene_48
Gene_38,Gene_49
Gene_38,Gene_50
Gene_38,Gene_52
Gene_38,Gene_53
Gene_38,Gene_55
Gene_38,Gene_56
Gene_38,Gene_57
Gene_38,Gene_58
Gene_38,Gene_59
Gene_38,Gene_61
Gene_38,Gene_62
Gene_38,Gene_65
Gene_38,Gene_67
Gene_38,Gene_68
Gene_38,Gene_69
Gene_38,Gene_71
Gene_38,Gene_72
Gene_38,Gene_73
Gene_38,Gene_74
Gene_38,Gene_75
Gene_38,Gene_76
Gene_38,Gene_77
Gene_38,Gene_78
Gene_38,Gene_79
Gene_38,Gene_80
Gene_38,Gene_81
Gene_38,Gene_82
Gene_38,Gene_83
Gene_38,Gene_84
Gene_38,Gene_85
Gene_38,Gene_87
Gene_38,Gene_88
Gene_38,Gene_89
Gene_38,Gene_90
Gene_38,Gene_91
Gene_38,Gene_92
Gene_38,Gene_93
Gene_38,Gene_94
Gene_38,Gene_95
Gene_38,Gene_96
Gene_38,Gene_97
Gene_38,Gene_98
Gene_38,Gene_99
Gene_39,Gene_0
Gene_39,Gene_1
Gene_39,Gene_2
Gene_39,Gene_3
Gene_39,Gene_4
Gene_39,Gene_5
Gene_39,Gene_6
Gene_39,Gene_7
Gene_39,Gene_8
Gene_39,Gene_10
Gene_39,Gene_11
Gene_39,Gene_12
Gene_39,Gene_13
Gene_39,Gene_14
Gene_39,Gene_15
Gene_39,Gene_16
Gene_39,Gene_17
Gene_39,Gene_18
Gene_39,Gene_19
Gene_39,Gene_20
Gene_39,Gene_21
Gene_39,Gene_22
Gene_39,Gene_23
Gene_39,Gene_24
Gene_39,Gene_25
Gene_39,Gene_26
Gene_39,Gene_27
Gene_39,Gene_28
Gene_39,Gene_29
Gene_39,Gene_31
Gene_39,Gene_32
Gene_39,Gene_33
Gene_39,Gene_34
Gene_39,Gene_35
Gene_39,Gene_36
Gene_39,Gene_38
Gene_39,Gene_39
Gene_39,Gene_41
Gene_39,Gene_43
Gene_39,Gene_44
Gene_39,Gene_45
Gene_39,Gene_46
Gene_39,Gene_47
Gene_39,Gene_48
Gene_39,Gene_49
Gene_39,Gene_50
Gene_39,Gene_51
Gene_39,Gene_52
Gene_39,Gene_54
Gene_39,Gene_55
Gene_39,Gene_56
Gene_39,Gene_57
Gene_39,Gene_58
Gene_39,Gene_59
Gene_39,Gene_61
Gene_39,Gene_63
Gene_39,Gene_64
Gene_39,Gene_65
Gene_39,Gene_66
Gene_39,Gene_67
Gene_39,Gene_68
Gene_39,Gene_71
Gene_39,Gene_72
Gene_39,Gene_73
Gene_39,Gene_74
Gene_39,Gene_75
Gene_39,Gene_76
Gene_39,Gene_77
Gene_39,Gene_78
Gene_39,Gene_79
Gene_39,Gene_80
Gene_39,Gene_81
Gene_39,Gene_82
Gene_39,Gene_83
Gene_39,Gene_84
Gene_39,Gene_85
Gene_39,Gene_86
Gene_39,Gene_87
Gene_39,Gene_88
Gene_39,Gene_89
Gene_39,Gene_90
Gene_39,Gene_91
Gene_39,Gene_92
Gene_39,Gene_93
Gene_39,Gene_94
Gene_39,Gene_95
Gene_39,Gene_96
Gene_39,Gene_97
Gene_39,Gene_98
Gene_40,Gene_0
Gene_40,Gene_2
Gene_40,Gene_4
Gene_40,Gene_5
Gene_40,Gene_7
Gene_40,Gene_8
Gene_40,Gene_9
Gene_40,Gene_11
Gene_40,Gene_12
Gene_40,Gene_13
Gene_40,Gene_14
Gene_40,Gene_16
Gene_40,Gene_17
Gene_40,Gene_18
Gene_40,Gene_20
Gene_40,Gene_21
Gene_40,Gene_22
Gene_40,Gene_23
Gene_40,Gene_25
Gene_40,Gene_26
Gene_40,Gene_28
Gene_40,Gene_31
Gene_40,Gene_32
Gene_40,Gene_33
Gene_40,Gene_34
Gene_40,Gene_35
Gene_40,Gene_36
Gene_40,Gene_37
Gene_40,Gene_41
Gene_40,Gene_42
Gene_40,Gene_43
Gene_40,Gene_44
Gene_40,Gene_45
Gene_40,Gene_49
Gene_40,Gene_50
Gene_40,Gene_53
Gene_40,Gene_54
Gene_40,Gene_56
Gene_40,Gene_57
Gene_40,Gene_58
Gene_40,Gene_59
Gene_40,Gene_60
Gene_40,Gene_63
Gene_40,Gene_64
Gene_40,Gene_65
Gene_40,Gene_66
Gene_40,Gene_67
Gene_40,Gene_68
Gene_40,Gene_71
Gene_40,Gene_72
Gene_40,Gene_73
Gene_40,Gene_74
Gene_40,Gene_75
Gene_40,Gene_77
Gene_40,Gene_78
Gene_40,Gene_79
Gene_40,Gene_80
Gene_40,Gene_81
Gene_40,Gene_82
Gene_40,Gene_83
Gene_40,Gene_84
Gene_40,Gene_85
Gene_40,Gene_86
Gene_40,Gene_87
Gene_40,Gene_88
Gene_40,Gene_91
Gene_40,Gene_92
Gene_40,Gene_93
Gene_40,Gene_94
Gene_40,Gene_96
Gene_40,Gene_97
Gene_40,Gene_98
Gene_40,Gene_99
Gene_41,Gene_1
Gene_41,Gene_2
Gene_41,Gene_4
Gene_41,Gene_5
Gene_41,Gene_6
Gene_41,Gene_8
Gene_41,Gene_9
Gene_41,Gene_10
Gene_41,Gene_11
Gene_41,Gene_12
Gene_41,Gene_13
Gene_41,Gene_14
Gene_41,Gene_15
Gene_41,Gene_16
Gene_41,Gene_17
Gene_41,Gene_18
Gene_41,Gene_19
Gene_41,Gene_20
Gene_41,Gene_21
Gene_41,Gene_22
Gene_41,Gene_23
Gene_41,Gene_24
Gene_41,Gene_25
Gene_41,Gene_26
Gene_41,Gene_27
Gene_41,Gene_28
Gene_41,Gene_29
Gene_41,Gene_30
Gene_41,Gene_31
Gene_41,Gene_33
Gene_41,Gene_35
Gene_41,Gene_36
Gene_41,Gene_37
Gene_41,Gene_38
Gene_41,Gene_39
Gene_41,Gene_40
Gene_41,Gene_42
Gene_41,Gene_43
Gene_41,Gene_44
Gene_41,Gene_45
Gene_41,Gene_46
Gene_41,Gene_47
Gene_41,Gene_48
Gene_41,Gene_49
Gene_41,Gene_50
Gene_41,Gene_51
Gene_41,Gene_54
Gene_41,Gene_55
Gene_41,Gene_56
Gene_41,Gene_57
Gene_41,Gene_58
Gene_41,Gene_61
Gene_41,Gene_62
Gene_41,Gene_63
Gene_41,Gene_64
Gene_41,Gene_65
Gene_41,Gene_66
Gene_41,Gene_67
Gene_41,Gene_68
Gene_41,Gene_69
Gene_41,Gene_70
Gene_41,Gene_71
Gene_41,Gene_72
Gene_41,Gene_74
Gene_41,Gene_75
Gene_41,Gene_76
Gene_41,Gene_78
Gene_41,Gene_80
Gene_41,Gene_82
Gene_41,Gene_83
Gene_41,Gene_84
Gene_41,Gene_85
Gene_41,Gene_86
Gene_41,Gene_87
Gene_41,Gene_90
Gene_41,Gene_92
Gene_41,Gene_94
Gene_41,Gene_95
Gene_41,Gene_97
Gene_41,Gene_98
Gene_41,Gene_99
Gene_42,Gene_0
Gene_42,Gene_1
Gene_42,Gene_2
Gene_42,Gene_3
Gene_42,Gene_4
Gene_42,Gene_5
Gene_42,Gene_7
Gene_42,Gene_9
Gene_42,Gene_10
Gene_42,Gene_12
Gene_42,Gene_13
Gene_42,Gene_14
Gene_42,Gene_15
Gene_42,Gene_16
Gene_42,Gene_17
Gene_42,Gene_18
Gene_42,Gene_19
Gene_42,Gene_21
Gene_42,Gene_22
Gene_42,Gene_23
Gene_42,Gene_24
Gene_42,Gene_26
Gene_42,Gene_27
Gene_42,Gene_28
Gene_42,Gene_30
Gene_42,Gene_32
Gene_42,Gene_33
Gene_42,Gene_34
Gene_42,Gene_37
Gene_42,Gene_38
Gene_42,Gene_39
Gene_42,Gene_41
Gene_42,Gene_42
Gene_42,Gene_43
Gene_42,Gene_44
Gene_42,Gene_45
Gene_42,Gene_46
Gene_42,Gene_47
Gene_42,Gene_48
Gene_42,Gene_49
Gene_42,Gene_50
Gene_42,Gene_51
Gene_42,Gene_52
Gene_42,Gene_55
Gene_42,Gene_58
Gene_42,Gene_60
Gene_42,Gene_62
Gene_42,Gene_65
Gene_42,Gene_66
Gene_42,Gene_69
Gene_42,Gene_70
Gene_42,Gene_71
Gene_42,Gene_72
Gene_42,Gene_73
Gene_42,Gene_74
Gene_42,Gene_75
Gene_42,Gene_76
Gene_42,Gene_77
Gene_42,Gene_78
Gene_42,Gene_79
Gene_42,Gene_80
Gene_42,Gene_83
Gene_42,Gene_85
Gene_42,Gene_86
Gene_42,Gene_88
Gene_42,Gene_89
Gene_42,Gene_90
Gene_42,Gene_91
Gene_42,Gene_92
Gene_42,Gene_93
Gene_42,Gene_94
Gene_42,Gene_95
Gene_42,Gene_96
Gene_42,Gene_97
Gene_43,Gene_0
Gene_43,Gene_2
Gene_43,Gene_3
Gene_43,Gene_4
Gene_43,Gene_5
Gene_43,Gene_6
Gene_43,Gene_7
Gene_43,Gene_8
Gene_43,Gene_9
Gene_43,Gene_10
Gene_43,Gene_11
Gene_43,Gene_12
Gene_43,Gene_13
Gene_43,Gene_14
Gene_43,Gene_15
Gene_43,Gene_16
Gene_43,Gene_17
Gene_43,Gene_18
Gene_43,Gene_19
Gene_43,Gene_20
Gene_43,Gene_21
Gene_43,Gene_22
Gene_43,Gene_24
Gene_43,Gene_26
Gene_43,Gene_27
Gene_43,Gene_28
Gene_43,Gene_30
Gene_43,Gene_31
Gene_43,Gene_32
Gene_43,Gene_33
Gene_43,Gene_34
Gene_43,Gene_35
Gene_43,Gene_36
Gene_43,Gene_37
Gene_43,Gene_38
Gene_43,Gene_40
Gene_43,Gene_42
Gene_43,Gene_45
Gene_43,Gene_48
Gene_43,Gene_49
Gene_43,Gene_50
Gene_43,Gene_51
Gene_43,Gene_52
Gene_43,Gene_53
Gene_43,Gene_54
Gene_43,Gene_55
Gene_43,Gene_57
Gene_43,Gene_58
Gene_43,Gene_59
Gene_43,Gene_60
Gene_43,Gene_61
Gene_43,Gene_65
Gene_43,Gene_66
Gene_43,Gene_67
Gene_43,Gene_68
Gene_43,Gene_69
Gene_43,Gene_70
Gene_43,Gene_71
Gene_43,Gene_72
Gene_43,Gene_73
Gene_43,Gene_74
Gene_43,Gene_75
Gene_43,Gene_76
Gene_43,Gene_77
Gene_43,Gene_78
Gene_43,Gene_79
Gene_43,Gene_80
Gene_43,Gene_82
Gene_43,Gene_83
Gene_43,Gene_84
Gene_43,Gene_85
Gene_43,Gene_86
Gene_43,Gene_87
Gene_43,Gene_89
Gene_43,Gene_90
Gene_43,Gene_91
Gene_43,Gene_92
Gene_43,Gene_93
Gene_43,Gene_96
Gene_43,Gene_97
Gene_43,Gene_98
Gene_43,Gene_99
Gene_44,Gene_0
Gene_44,Gene_3
Gene_44,Gene_4
Gene_44,Gene_5
Gene_44,Gene_6
Gene_44,Gene_7
Gene_44,Gene_8
Gene_44,Gene_9
Gene_44,Gene_10
Gene_44,Gene_12
Gene_44,Gene_13
Gene_44,Gene_15
Gene_44,Gene_16
Gene_44,Gene_17
Gene_44,Gene_18
Gene_44,Gene_19
Gene_44,Gene_20
Gene_44,Gene_21
Gene_44,Gene_22
Gene_44,Gene_24
Gene_44,Gene_25
Gene_44,Gene_26
Gene_44,Gene_27
Gene_44,Gene_28
Gene_44,Gene_31
Gene_44,Gene_32
Gene_44,Gene_33
Gene_44,Gene_34
Gene_44,Gene_35
Gene_44,Gene_36
Gene_44,Gene_37
Gene_44,Gene_38
Gene_44,Gene_43
Gene_44,Gene_44
Gene_44,Gene_46
Gene_44,Gene_48
Gene_44,Gene_49
Gene_44,Gene_50
Gene_44,Gene_51
Gene_44,Gene_52
Gene_44,Gene_53
Gene_44,Gene_54
Gene_44,Gene_56
Gene_44,Gene_57
Gene_44,Gene_58
Gene_44,Gene_59
Gene_44,Gene_60
Gene_44,Gene_61
Gene_44,Gene_62
Gene_44,Gene_63
Gene_44,Gene_64
Gene_44,Gene_65
Gene_44,Gene_66
Gene_44,Gene_68
Gene_44,Gene_69
Gene_44,Gene_70
Gene_44,Gene_71
Gene_44,Gene_72
Gene_44,Gene_73
Gene_44,Gene_74
Gene_44,Gene_75
Gene_44,Gene_77
Gene_44,Gene_78
Gene_44,Gene_79
Gene_44,Gene_80
Gene_44,Gene_81
Gene_44,Gene_82
Gene_44,Gene_83
Gene_44,Gene_84
Gene_44,Gene_85
Gene_44,Gene_86
Gene_44,Gene_87
Gene_44,Gene_88
Gene_44,Gene_89
Gene_44,Gene_90
Gene_44,Gene_91
Gene_44,Gene_94
Gene_44,Gene_95
Gene_44,Gene_96
Gene_44,Gene_97
Gene_44,Gene_98
Gene_44,Gene_99
Gene_45,Gene_0
Gene_45,Gene_2
Gene_45,Gene_3
Gene_45,Gene_4
Gene_45,Gene_7
Gene_45,Gene_9
Gene_45,Gene_10
Gene_45,Gene_11
Gene_45,Gene_12
Gene_45,Gene_14
Gene_45,Gene_15
Gene_45,Gene_16
Gene_45,Gene_17
Gene_45,Gene_18
Gene_45,Gene_19
Gene_45,Gene_20
Gene_45,Gene_21
Gene_45,Gene_22
Gene_45,Gene_23
Gene_45,Gene_24
Gene_45,Gene_26
Gene_45,Gene_27
Gene_45,Gene_28
Gene_45,Gene_29
Gene_45,Gene_30
Gene_45,Gene_31
Gene_45,Gene_32
Gene_45,Gene_34
Gene_45,Gene_35
Gene_45,Gene_36
Gene_45,Gene_37
Gene_45,Gene_38
Gene_45,Gene_39
Gene_45,Gene_40
Gene_45,Gene_41
Gene_45,Gene_42
Gene_45,Gene_43
Gene_45,Gene_44
Gene_45,Gene_45
Gene_45,Gene_47
Gene_45,Gene_48
Gene_45,Gene_49
Gene_45,Gene_50
Gene_45,Gene_52
Gene_45,Gene_55
Gene_45,Gene_57
Gene_45,Gene_58
Gene_45,Gene_59
Gene_45,Gene_60
Gene_45,Gene_61
Gene_45,Gene_63
Gene_45,Gene_64
Gene_45,Gene_65
Gene_45,Gene_66
Gene_45,Gene_67
Gene_45,Gene_68
Gene_45,Gene_71
Gene_45,Gene_72
Gene_45,Gene_73
Gene_45,Gene_74
Gene_45,Gene_77
Gene_45,Gene_78
Gene_45,Gene_79
Gene_45,Gene_82
Gene_45,Gene_83
Gene_45,Gene_84
Gene_45,Gene_85
Gene_45,Gene_86
Gene_45,Gene_87
Gene_45,Gene_88
Gene_45,Gene_89
Gene_45,Gene_91
Gene_45,Gene_92
Gene_45,Gene_93
Gene_45,Gene_94
Gene_45,Gene_96
Gene_45,Gene_97
Gene_45,Gene_98
Gene_45,Gene_99
Gene_46,Gene_0
Gene_46,Gene_1
Gene_46,Gene_3
Gene_46,Gene_4
Gene_46,Gene_5
Gene_46,Gene_7
Gene_46,Gene_9
Gene_46,Gene_10
Gene_46,Gene_12
Gene_46,Gene_14
Gene_46,Gene_16
Gene_46,Gene_17
Gene_46,Gene_18
Gene_46,Gene_19
Gene_46,Gene_20
Gene_46,Gene_21
Gene_46,Gene_22
Gene_46,Gene_23
Gene_46,Gene_24
Gene_46,Gene_25
Gene_46,Gene_26
Gene_46,Gene_28
Gene_46,Gene_29
Gene_46,Gene_30
Gene_46,Gene_31
Gene_46,Gene_32
Gene_46,Gene_33
Gene_46,Gene_34
Gene_46,Gene_35
Gene_46,Gene_36
Gene_46,Gene_37
Gene_46,Gene_38
Gene_46,Gene_39
Gene_46,Gene_42
Gene_46,Gene_44
Gene_46,Gene_45
Gene_46,Gene_47
Gene_46,Gene_48
Gene_46,Gene_49
Gene_46,Gene_50
Gene_46,Gene_51
Gene_46,Gene_52
Gene_46,Gene_55
Gene_46,Gene_57
Gene_46,Gene_58
Gene_46,Gene_59
Gene_46,Gene_61
Gene_46,Gene_62
Gene_46,Gene_63
Gene_46,Gene_64
Gene_46,Gene_65
Gene_46,Gene_66
Gene_46,Gene_67
Gene_46,Gene_68
Gene_46,Gene_69
Gene_46,Gene_70
Gene_46,Gene_71
Gene_46,Gene_72
Gene_46,Gene_74
Gene_46,Gene_75
Gene_46,Gene_76
Gene_46,Gene_77
Gene_46,Gene_78
Gene_46,Gene_80
Gene_46,Gene_81
Gene_46,Gene_83
Gene_46,Gene_84
Gene_46,Gene_85
Gene_46,Gene_86
Gene_46,Gene_87
Gene_46,Gene_89
Gene_46,Gene_90
Gene_46,Gene_92
Gene_46,Gene_93
Gene_46,Gene_94
Gene_46,Gene_95
Gene_46,Gene_96
Gene_46,Gene_97
Gene_46,Gene_98
Gene_46,Gene_99
Gene_47,Gene_0
Gene_47,Gene_1
Gene_47,Gene_2
Gene_47,Gene_3
Gene_47,Gene_4
Gene_47,Gene_6
Gene_47,Gene_7
Gene_47,Gene_8
Gene_47,Gene_10
Gene_47,Gene_11
Gene_47,Gene_12
Gene_47,Gene_13
Gene_47,Gene_14
Gene_47,Gene_15
Gene_47,Gene_16
Gene_47,Gene_17
Gene_47,Gene_18
Gene_47,Gene_19
Gene_47,Gene_20
Gene_47,Gene_21
Gene_47,Gene_22
Gene_47,Gene_23
Gene_47,Gene_27
Gene_47,Gene_28
Gene_47,Gene_30
Gene_47,Gene_31
Gene_47,Gene_34
Gene_47,Gene_36
Gene_47,Gene_37
Gene_47,Gene_39
Gene_47,Gene_40
Gene_47,Gene_41
Gene_47,Gene_42
Gene_47,Gene_45
Gene_47,Gene_46
Gene_47,Gene_48
Gene_47,Gene_51
Gene_47,Gene_52
Gene_47,Gene_53
Gene_47,Gene_54
Gene_47,Gene_55
Gene_47,Gene_56
Gene_47,Gene_57
Gene_47,Gene_58
Gene_47,Gene_59
Gene_47,Gene_60
Gene_47,Gene_61
Gene_47,Gene_62
Gene_47,Gene_63
Gene_47,Gene_64
Gene_47,Gene_65
Gene_47,Gene_66
Gene_47,Gene_67
Gene_47,Gene_69
Gene_47,Gene_70
Gene_47,Gene_72
Gene_47,Gene_73
Gene_47,Gene_74
Gene_47,Gene_75
Gene_47,Gene_76
Gene_47,Gene_77
Gene_47,Gene_78
Gene_47,Gene_79
Gene_47,Gene_80
Gene_47,Gene_82
Gene_47,Gene_84
Gene_47,Gene_85
Gene_47,Gene_86
Gene_47,Gene_88
Gene_47,Gene_89
Gene_47,Gene_90
Gene_47,Gene_92
Gene_47,Gene_93
Gene_47,Gene_94
Gene_47,Gene_95
Gene_47,Gene_96
Gene_47,Gene_97
Gene_47,Gene_98
Gene_47,Gene_99
Gene_48,Gene_1
Gene_48,Gene_2
Gene_48,Gene_3
Gene_48,Gene_4
Gene_48,Gene_5
Gene_48,Gene_6
Gene_48,Gene_7
Gene_48,Gene_8
Gene_48,Gene_9
Gene_48,Gene_10
Gene_48,Gene_11
Gene_48,Gene_12
Gene_48,Gene_13
Gene_48,Gene_14
Gene_48,Gene_15
Gene_48,Gene_16
Gene_48,Gene_17
Gene_48,Gene_18
Gene_48,Gene_19
Gene_48,Gene_20
Gene_48,Gene_21
Gene_48,Gene_22
Gene_48,Gene_23
Gene_48,Gene_24
Gene_48,Gene_25
Gene_48,Gene_26
Gene_48,Gene_28
Gene_48,Gene_30
Gene_48,Gene_32
Gene_48,Gene_33
Gene_48,Gene_34
Gene_48,Gene_35
Gene_48,Gene_36
Gene_48,Gene_37
Gene_48,Gene_38
Gene_48,Gene_39
Gene_48,Gene_40
Gene_48,Gene_41
Gene_48,Gene_42
Gene_48,Gene_43
Gene_48,Gene_46
Gene_48,Gene_47
Gene_48,Gene_48
Gene_48,Gene_49
Gene_48,Gene_50
Gene_48,Gene_51
Gene_48,Gene_52
Gene_48,Gene_53
Gene_48,Gene_54
Gene_48,Gene_55
Gene_48,Gene_56
Gene_48,Gene_57
Gene_48,Gene_58
Gene_48,Gene_59
Gene_48,Gene_62
Gene_48,Gene_64
Gene_48,Gene_65
Gene_48,Gene_66
Gene_48,Gene_67
Gene_48,Gene_68
Gene_48,Gene_69
Gene_48,Gene_70
Gene_48,Gene_71
Gene_48,Gene_72
Gene_48,Gene_73
Gene_48,Gene_75
Gene_48,Gene_76
Gene_48,Gene_77
Gene_48,Gene_78
Gene_48,Gene_79
Gene_48,Gene_80
Gene_48,Gene_81
Gene_48,Gene_82
Gene_48,Gene_83
Gene_48,Gene_84
Gene_48,Gene_88
Gene_48,Gene_91
Gene_48,Gene_92
Gene_48,Gene_93
Gene_48,Gene_95
Gene_48,Gene_96
Gene_48,Gene_97
Gene_48,Gene_98
Gene_48,Gene_99
Gene_49,Gene_0
Gene_49,Gene_1
Gene_49,Gene_2
Gene_49,Gene_3
Gene_49,Gene_4
Gene_49,Gene_5
Gene_49,Gene_7
Gene_49,Gene_8
Gene_49,Gene_9
Gene_49,Gene_10
Gene_49,Gene_11
Gene_49,Gene_12
Gene_49,Gene_14
Gene_49,Gene_15
Gene_49,Gene_16
Gene_49,Gene_17
Gene_49,Gene_18
Gene_49,Gene_19
Gene_49,Gene_20
Gene_49,Gene_21
Gene_49,Gene_22
Gene_49,Gene_23
Gene_49,Gene_24
Gene_49,Gene_26
Gene_49,Gene_27
Gene_49,Gene_28
Gene_49,Gene_29
Gene_49,Gene_31
Gene_49,Gene_32
Gene_49,Gene_34
Gene_49,Gene_35
Gene_49,Gene_36
Gene_49,Gene_37
Gene_49,Gene_38
Gene_49,Gene_39
Gene_49,Gene_42
Gene_49,Gene_46
Gene_49,Gene_47
Gene_49,Gene_48
Gene_49,Gene_49
Gene_49,Gene_50
Gene_49,Gene_51
Gene_49,Gene_52
Gene_49,Gene_55
Gene_49,Gene_56
Gene_49,Gene_59
Gene_49,Gene_60
Gene_49,Gene_62
Gene_49,Gene_63
Gene_49,Gene_64
Gene_49,Gene_67
Gene_49,Gene_68
Gene_49,Gene_69
Gene_49,Gene_70
Gene_49,Gene_71
Gene_49,Gene_74
Gene_49,Gene_75
Gene_49,Gene_76
Gene_49,Gene_77
Gene_49,Gene_78
Gene_49,Gene_79
Gene_49,Gene_80
Gene_49,Gene_82
Gene_49,Gene_83
Gene_49,Gene_85
Gene_49,Gene_87
Gene_49,Gene_89
Gene_49,Gene_90
Gene_49,Gene_92
Gene_49,Gene_93
Gene_49,Gene_95
Gene_49,Gene_97
Gene_49,Gene_99
Gene_50,Gene_0
Gene_50,Gene_1
Gene_50,Gene_2
Gene_50,Gene_3
Gene_50,Gene_4
Gene_50,Gene_5
Gene_50,Gene_6
Gene_50,Gene_7
Gene_50,Gene_8
Gene_50,Gene_9
Gene_50,Gene_11
Gene_50,Gene_12
Gene_50,Gene_13
Gene_50,Gene_14
Gene_50,Gene_15
Gene_50,Gene_16
Gene_50,Gene_18
Gene_50,Gene_19
Gene_50,Gene_21
Gene_50,Gene_22
Gene_50,Gene_23
Gene_50,Gene_25
Gene_50,Gene_26
Gene_50,Gene_27
Gene_50,Gene_28
Gene_50,Gene_29
Gene_50,Gene_30
Gene_50,Gene_31
Gene_50,Gene_32
Gene_50,Gene_33
Gene_50,Gene_34
Gene_50,Gene_35
Gene_50,Gene_36
Gene_50,Gene_37
Gene_50,Gene_38
Gene_50,Gene_41
Gene_50,Gene_42
Gene_50,Gene_43
Gene_50,Gene_44
Gene_50,Gene_45
Gene_50,Gene_47
Gene_50,Gene_48
Gene_50,Gene_49
Gene_50,Gene_50
Gene_50,Gene_51
Gene_50,Gene_52
Gene_50,Gene_57
Gene_50,Gene_58
Gene_50,Gene_59
Gene_50,Gene_61
Gene_50,Gene_62
Gene_50,Gene_63
Gene_50,Gene_64
Gene_50,Gene_66
Gene_50,Gene_67
Gene_50,Gene_68
Gene_50,Gene_72
Gene_50,Gene_73
Gene_50,Gene_74
Gene_50,Gene_75
Gene_50,Gene_77
Gene_50,Gene_78
Gene_50,Gene_80
Gene_50,Gene_81
Gene_50,Gene_82
Gene_50,Gene_83
Gene_50,Gene_84
Gene_50,Gene_86
Gene_50,Gene_87
Gene_50,Gene_88
Gene_50,Gene_90
Gene_50,Gene_91
Gene_50,Gene_92
Gene_50,Gene_93
Gene_50,Gene_94
Gene_50,Gene_95
Gene_50,Gene_96
Gene_50,Gene_98
Gene_51,Gene_0
Gene_51,Gene_1
Gene_51,Gene_2
Gene_51,Gene_3
Gene_51,Gene_4
Gene_51,Gene_5
Gene_51,Gene_6
Gene_51,Gene_7
Gene_51,Gene_8
Gene_51,Gene_9
Gene_51,Gene_10
Gene_51,Gene_11
Gene_51,Gene_12
Gene_51,Gene_15
Gene_51,Gene_16
Gene_51,Gene_17
Gene_51,Gene_18
Gene_51,Gene_19
Gene_51,Gene_22
Gene_51,Gene_23
Gene_51,Gene_26
Gene_51,Gene_27
Gene_51,Gene_28
Gene_51,Gene_29
Gene_51,Gene_30
Gene_51,Gene_32
Gene_51,Gene_35
Gene_51,Gene_36
Gene_51,Gene_37
Gene_51,Gene_39
Gene_51,Gene_40
Gene_51,Gene_41
Gene_51,Gene_42
Gene_51,Gene_43
Gene_51,Gene_44
Gene_51,Gene_46
Gene_51,Gene_47
Gene_51,Gene_48
Gene_51,Gene_49
Gene_51,Gene_51
Gene_51,Gene_53
Gene_51,Gene_54
Gene_51,Gene_55
Gene_51,Gene_56
Gene_51,Gene_57
Gene_51,Gene_58
Gene_51,Gene_59
Gene_51,Gene_60
Gene_51,Gene_61
Gene_51,Gene_62
Gene_51,Gene_64
Gene_51,Gene_66
Gene_51,Gene_67
Gene_51,Gene_68
Gene_51,Gene_70
Gene_51,Gene_71
Gene_51,Gene_72
Gene_51,Gene_73
Gene_51,Gene_74
Gene_51,Gene_75
Gene_51,Gene_76
Gene_51,Gene_77
Gene_51,Gene_78
Gene_51,Gene_79
Gene_51,Gene_80
Gene_51,Gene_82
Gene_51,Gene_85
Gene_51,Gene_86
Gene_51,Gene_87
Gene_51,Gene_88
Gene_51,Gene_89
Gene_51,Gene_90
Gene_51,Gene_92
Gene_51,Gene_93
Gene_51,Gene_94
Gene_51,Gene_95
Gene_51,Gene_96
Gene_51,Gene_97
Gene_51,Gene_98
Gene_51,Gene_99
Gene_52,Gene_0
Gene_52,Gene_1
Gene_52,Gene_2
Gene_52,Gene_3
Gene_52,Gene_5
Gene_52,Gene_6
Gene_52,Gene_7
Gene_52,Gene_8
Gene_52,Gene_10
Gene_52,Gene_11
Gene_52,Gene_12
Gene_52,Gene_13
Gene_52,Gene_15
Gene_52,Gene_16
Gene_52,Gene_18
Gene_52,Gene_20
Gene_52,Gene_23
Gene_52,Gene_25
Gene_52,Gene_26
Gene_52,Gene_27
Gene_52,Gene_28
Gene_52,Gene_29
Gene_52,Gene_30
Gene_52,Gene_31
Gene_52,Gene_33
Gene_52,Gene_34
Gene_52,Gene_35
Gene_52,Gene_37
Gene_52,Gene_38
Gene_52,Gene_39
Gene_52,Gene_41
Gene_52,Gene_43
Gene_52,Gene_44
Gene_52,Gene_45
Gene_52,Gene_46
Gene_52,Gene_48
Gene_52,Gene_49
Gene_52,Gene_51
Gene_52,Gene_52
Gene_52,Gene_53
Gene_52,Gene_54
Gene_52,Gene_55
Gene_52,Gene_56
Gene_52,Gene_58
Gene_52,Gene_59
Gene_52,Gene_60
Gene_52,Gene_61
Gene_52,Gene_62
Gene_52,Gene_63
Gene_52,Gene_64
Gene_52,Gene_65
Gene_52,Gene_66
Gene_52,Gene_67
Gene_52,Gene_68
Gene_52,Gene_69
Gene_52,Gene_71
Gene_52,Gene_72
Gene_52,Gene_73
Gene_52,Gene_74
Gene_52,Gene_75
Gene_52,Gene_76
Gene_52,Gene_78
Gene_52,Gene_80
Gene_52,Gene_81
Gene_52,Gene_82
Gene_52,Gene_84
Gene_52,Gene_85
Gene_52,Gene_86
Gene_52,Gene_88
Gene_52,Gene_89
Gene_52,Gene_90
Gene_52,Gene_91
Gene_52,Gene_92
Gene_52,Gene_94
Gene_52,Gene_97
Gene_52,Gene_98
Gene_53,Gene_0
Gene_53,Gene_1
Gene_53,Gene_2
Gene_53,Gene_3
Gene_53,Gene_4
Gene_53,Gene_5
Gene_53,Gene_6
Gene_53,Gene_8
Gene_53,Gene_9
Gene_53,Gene_11
Gene_53,Gene_14
Gene_53,Gene_16
Gene_53,Gene_18
Gene_53,Gene_21
Gene_53,Gene_22
Gene_53,Gene_24
Gene_53,Gene_25
Gene_53,Gene_26
Gene_53,Gene_27
Gene_53,Gene_28
Gene_53,Gene_29
Gene_53,Gene_32
Gene_53,Gene_33
Gene_53,Gene_34
Gene_53,Gene_35
Gene_53,Gene_36
Gene_53,Gene_37
Gene_53,Gene_38
Gene_53,Gene_39
Gene_53,Gene_40
Gene_53,Gene_42
Gene_53,Gene_43
Gene_53,Gene_46
Gene_53,Gene_47
Gene_53,Gene_48
Gene_53,Gene_49
Gene_53,Gene_51
Gene_53,Gene_53
Gene_53,Gene_55
Gene_53,Gene_56
Gene_53,Gene_58
Gene_53,Gene_59
Gene_53,Gene_60
Gene_53,Gene_61
Gene_53,Gene_62
Gene_53,Gene_63
Gene_53,Gene_64
Gene_53,Gene_65
Gene_53,Gene_67
Gene_53,Gene_68
Gene_53,Gene_69
Gene_53,Gene_70
Gene_53,Gene_71
Gene_53,Gene_74
Gene_53,Gene_75
Gene_53,Gene_76
Gene_53,Gene_78
Gene_53,Gene_79
Gene_53,Gene_80
Gene_53,Gene_81
Gene_53,Gene_83
Gene_53,Gene_84
Gene_53,Gene_86
Gene_53,Gene_89
Gene_53,Gene_90
Gene_53,Gene_92
Gene_53,Gene_93
Gene_53,Gene_94
Gene_53,Gene_95
Gene_53,Gene_96
Gene_53,Gene_97
Gene_53,Gene_98
Gene_53,Gene_99
Gene_54,Gene_0
Gene_54,Gene_2
Gene_54,Gene_3
Gene_54,Gene_4
Gene_54,Gene_5
Gene_54,Gene_6
Gene_54,Gene_9
Gene_54,Gene_10
Gene_54,Gene_13
Gene_54,Gene_14
Gene_54,Gene_15
Gene_54,Gene_18
Gene_54,Gene_20
Gene_54,Gene_23
Gene_54,Gene_24
Gene_54,Gene_25
Gene_54,Gene_26
Gene_54,Gene_27
Gene_54,Gene_28
Gene_54,Gene_29
Gene_54,Gene_30
Gene_54,Gene_31
Gene_54,Gene_32
Gene_54,Gene_33
Gene_54,Gene_34
Gene_54,Gene_35
Gene_54,Gene_36
Gene_54,Gene_38
Gene_54,Gene_39
Gene_54,Gene_41
Gene_54,Gene_42
Gene_54,Gene_43
Gene_54,Gene_44
Gene_54,Gene_45
Gene_54,Gene_47
Gene_54,Gene_49
Gene_54,Gene_50
Gene_54,Gene_51
Gene_54,Gene_52
Gene_54,Gene_54
Gene_54,Gene_57
Gene_54,Gene_58
Gene_54,Gene_59
Gene_54,Gene_60
Gene_54,Gene_61
Gene_54,Gene_62
Gene_54,Gene_63
Gene_54,Gene_64
Gene_54,Gene_67
Gene_54,Gene_68
Gene_54,Gene_69
Gene_54,Gene_70
Gene_54,Gene_71
Gene_54,Gene_72
Gene_54,Gene_73
Gene_54,Gene_75
Gene_54,Gene_76
Gene_54,Gene_78
Gene_54,Gene_79
Gene_54,Gene_81
Gene_54,Gene_82
Gene_54,Gene_84
Gene_54,Gene_85
Gene_54,Gene_86
Gene_54,Gene_87
Gene_54,Gene_88
Gene_54,Gene_89
Gene_54,Gene_90
Gene_54,Gene_91
Gene_54,Gene_93
Gene_54,Gene_94
Gene_54,Gene_95
Gene_54,Gene_96
Gene_54,Gene_99
Gene_55,Gene_0
Gene_55,Gene_1
Gene_55,Gene_2
Gene_55,Gene_3
Gene_55,Gene_4
Gene_55,Gene_6
Gene_55,Gene_7
Gene_55,Gene_8
Gene_55,Gene_9
Gene_55,Gene_10
Gene_55,Gene_11
Gene_55,Gene_12
Gene_55,Gene_13
Gene_55,Gene_15
Gene_55,Gene_16
Gene_55,Gene_17
Gene_55,Gene_18
Gene_55,Gene_22
Gene_55,Gene_23
Gene_55,Gene_26
Gene_55,Gene_27
Gene_55,Gene_30
Gene_55,Gene_31
Gene_55,Gene_32
Gene_55,Gene_33
Gene_55,Gene_34
Gene_55,Gene_36
Gene_55,Gene_37
Gene_55,Gene_39
Gene_55,Gene_41
Gene_55,Gene_42
Gene_55,Gene_43
Gene_55,Gene_45
Gene_55,Gene_46
Gene_55,Gene_47
Gene_55,Gene_49
Gene_55,Gene_50
Gene_55,Gene_51
Gene_55,Gene_52
Gene_55,Gene_53
Gene_55,Gene_54
Gene_55,Gene_55
Gene_55,Gene_56
Gene_55,Gene_57
Gene_55,Gene_58
Gene_55,Gene_59
Gene_55,Gene_60
Gene_55,Gene_61
Gene_55,Gene_62
Gene_55,Gene_64
Gene_55,Gene_66
Gene_55,Gene_67
Gene_55,Gene_68
Gene_55,Gene_69
Gene_55,Gene_70
Gene_55,Gene_71
Gene_55,Gene_75
Gene_55,Gene_76
Gene_55,Gene_77
Gene_55,Gene_79
Gene_55,Gene_80
Gene_55,Gene_81
Gene_55,Gene_82
Gene_55,Gene_84
Gene_55,Gene_85
Gene_55,Gene_86
Gene_55,Gene_87
Gene_55,Gene_88
Gene_55,Gene_89
Gene_55,Gene_90
Gene_55,Gene_91
Gene_55,Gene_92
Gene_55,Gene_93
Gene_55,Gene_94
Gene_55,Gene_95
Gene_55,Gene_98
Gene_55,Gene_99
Gene_56,Gene_2
Gene_56,Gene_3
Gene_56,Gene_4
Gene_56,Gene_5
Gene_56,Gene_7
Gene_56,Gene_8
Gene_56,Gene_9
Gene_56,Gene_10
Gene_56,Gene_12
Gene_56,Gene_13
Gene_56,Gene_16
Gene_56,Gene_17
Gene_56,Gene_19
Gene_56,Gene_20
Gene_56,Gene_22
Gene_56,Gene_23
Gene_56,Gene_24
Gene_56,Gene_25
Gene_56,Gene_28
Gene_56,Gene_29
Gene_56,Gene_30
Gene_56,Gene_31
Gene_56,Gene_32
Gene_56,Gene_33
Gene_56,Gene_34
Gene_56,Gene_35
Gene_56,Gene_36
Gene_56,Gene_37
Gene_56,Gene_38
Gene_56,Gene_39
Gene_56,Gene_40
Gene_56,Gene_42
Gene_56,Gene_44
Gene_56,Gene_45
Gene_56,Gene_47
Gene_56,Gene_49
Gene_56,Gene_50
Gene_56,Gene_51
Gene_56,Gene_53
Gene_56,Gene_54
Gene_56,Gene_55
Gene_56,Gene_56
Gene_56,Gene_58
Gene_56,Gene_59
Gene_56,Gene_60
Gene_56,Gene_61
Gene_56,Gene_62
Gene_56,Gene_63
Gene_56,Gene_64
Gene_56,Gene_65
Gene_56,Gene_66
Gene_56,Gene_67
Gene_56,Gene_68
Gene_56,Gene_69
Gene_56,Gene_70
Gene_56,Gene_71
Gene_56,Gene_73
Gene_56,Gene_74
Gene_56,Gene_75
Gene_56,Gene_77
Gene_56,Gene_80
Gene_56,Gene_82
Gene_56,Gene_83
Gene_56,Gene_84
Gene_56,Gene_87
Gene_56,Gene_88
Gene_56,Gene_89
Gene_56,Gene_91
Gene_56,Gene_92
Gene_56,Gene_93
Gene_56,Gene_94
Gene_56,Gene_95
Gene_56,Gene_96
Gene_56,Gene_97
Gene_56,Gene_99
Gene_57,Gene_1
Gene_57,Gene_2
Gene_57,Gene_3
Gene_57,Gene_4
Gene_57,Gene_5
Gene_57,Gene_6
Gene_57,Gene_7
Gene_57,Gene_8
Gene_57,Gene_9
Gene_57,Gene_10
Gene_57,Gene_11
Gene_57,Gene_12
Gene_57,Gene_14
Gene_57,Gene_15
Gene_57,Gene_16
Gene_57,Gene_17
Gene_57,Gene_18
Gene_57,Gene_20
Gene_57,Gene_22
Gene_57,Gene_23
Gene_57,Gene_24
Gene_57,Gene_26
Gene_57,Gene_28
Gene_57,Gene_29
Gene_57,Gene_30
Gene_57,Gene_31
Gene_57,Gene_32
Gene_57,Gene_33
Gene_57,Gene_34
Gene_57,Gene_35
Gene_57,Gene_36
Gene_57,Gene_37
Gene_57,Gene_38
Gene_57,Gene_39
Gene_57,Gene_42
Gene_57,Gene_43
Gene_57,Gene_44
Gene_57,Gene_45
Gene_57,Gene_46
Gene_57,Gene_48
Gene_57,Gene_49
Gene_57,Gene_50
Gene_57,Gene_51
Gene_57,Gene_54
Gene_57,Gene_55
Gene_57,Gene_56
Gene_57,Gene_57
Gene_57,Gene_59
Gene_57,Gene_60
Gene_57,Gene_62
Gene_57,Gene_63
Gene_57,Gene_64
Gene_57,Gene_66
Gene_57,Gene_67
Gene_57,Gene_68
Gene_57,Gene_69
Gene_57,Gene_71
Gene_57,Gene_72
Gene_57,Gene_73
Gene_57,Gene_74
Gene_57,Gene_75
Gene_57,Gene_76
Gene_57,Gene_77
Gene_57,Gene_78
Gene_57,Gene_80
Gene_57,Gene_81
Gene_57,Gene_82
Gene_57,Gene_83
Gene_57,Gene_84
Gene_57,Gene_85
Gene_57,Gene_86
Gene_57,Gene_87
Gene_57,Gene_88
Gene_57,Gene_90
Gene_57,Gene_91
Gene_57,Gene_92
Gene_57,Gene_93
Gene_57,Gene_94
Gene_57,Gene_97
Gene_57,Gene_98
Gene_58,Gene_0
Gene_58,Gene_2
Gene_58,Gene_3
Gene_58,Gene_5
Gene_58,Gene_6
Gene_58,Gene_8
Gene_58,Gene_9
Gene_58,Gene_10
Gene_58,Gene_11
Gene_58,Gene_12
Gene_58,Gene_13
Gene_58,Gene_16
Gene_58,Gene_17
Gene_58,Gene_18
Gene_58,Gene_19
Gene_58,Gene_20
Gene_58,Gene_21
Gene_58,Gene_22
Gene_58,Gene_23
Gene_58,Gene_24
Gene_58,Gene_25
Gene_58,Gene_26
Gene_58,Gene_28
Gene_58,Gene_29
Gene_58,Gene_30
Gene_58,Gene_31
Gene_58,Gene_33
Gene_58,Gene_34
Gene_58,Gene_35
Gene_58,Gene_37
Gene_58,Gene_38
Gene_58,Gene_39
Gene_58,Gene_40
Gene_58,Gene_43
Gene_58,Gene_44
Gene_58,Gene_46
Gene_58,Gene_49
Gene_58,Gene_50
Gene_58,Gene_52
Gene_58,Gene_53
Gene_58,Gene_54
Gene_58,Gene_55
Gene_58,Gene_56
Gene_58,Gene_57
Gene_58,Gene_58
Gene_58,Gene_59
Gene_58,Gene_60
Gene_58,Gene_61
Gene_58,Gene_62
Gene_58,Gene_63
Gene_58,Gene_64
Gene_58,Gene_67
Gene_58,Gene_68
Gene_58,Gene_69
Gene_58,Gene_70
Gene_58,Gene_71
Gene_58,Gene_72
Gene_58,Gene_74
Gene_58,Gene_76
Gene_58,Gene_77
Gene_58,Gene_78
Gene_58,Gene_80
Gene_58,Gene_81
Gene_58,Gene_82
Gene_58,Gene_83
Gene_58,Gene_84
Gene_58,Gene_85
Gene_58,Gene_86
Gene_58,Gene_87
Gene_58,Gene_89
Gene_58,Gene_90
Gene_58,Gene_91
Gene_58,Gene_92
Gene_58,Gene_94
Gene_58,Gene_97
Gene_58,Gene_99
Gene_59,Gene_0
Gene_59,Gene_1
Gene_59,Gene_2
Gene_59,Gene_3
Gene_59,Gene_4
Gene_59,Gene_5
Gene_59,Gene_6
Gene_59,Gene_8
Gene_59,Gene_9
Gene_59,Gene_10
Gene_59,Gene_12
Gene_59,Gene_13
Gene_59,Gene_14
Gene_59,Gene_15
Gene_59,Gene_17
Gene_59,Gene_18
Gene_59,Gene_20
Gene_59,Gene_21
Gene_59,Gene_22
Gene_59,Gene_23
Gene_59,Gene_24
Gene_59,Gene_25
Gene_59,Gene_26
Gene_59,Gene_27
Gene_59,Gene_28
Gene_59,Gene_29
Gene_59,Gene_30
Gene_59,Gene_31
Gene_59,Gene_33
Gene_59,Gene_34
Gene_59,Gene_35
Gene_59,Gene_37
Gene_59,Gene_38
Gene_59,Gene_40
Gene_59,Gene_42
Gene_59,Gene_43
Gene_59,Gene_45
Gene_59,Gene_46
Gene_59,Gene_47
Gene_59,Gene_48
Gene_59,Gene_49
Gene_59,Gene_51
Gene_59,Gene_53
Gene_59,Gene_54
Gene_59,Gene_56
Gene_59,Gene_57
Gene_59,Gene_58
Gene_59,Gene_59
Gene_59,Gene_60
Gene_59,Gene_61
Gene_59,Gene_63
Gene_59,Gene_64
Gene_59,Gene_65
Gene_59,Gene_67
Gene_59,Gene_68
Gene_59,Gene_69
Gene_59,Gene_73
Gene_59,Gene_75
Gene_59,Gene_76
Gene_59,Gene_79
Gene_59,Gene_80
Gene_59,Gene_82
Gene_59,Gene_83
Gene_59,Gene_84
Gene_59,Gene_86
Gene_59,Gene_88
Gene_59,Gene_89
Gene_59,Gene_90
Gene_59,Gene_91
Gene_59,Gene_92
Gene_59,Gene_93
Gene_59,Gene_97
Gene_59,Gene_98
Gene_59,Gene_99
Gene_60,Gene_0
Gene_60,Gene_2
Gene_60,Gene_3
Gene_60,Gene_4
Gene_60,Gene_5
Gene_60,Gene_6
Gene_60,Gene_7
Gene_60,Gene_8
Gene_60,Gene_9
Gene_60,Gene_11
Gene_60,Gene_12
Gene_60,Gene_13
Gene_60,Gene_14
Gene_60,Gene_15
Gene_60,Gene_17
Gene_60,Gene_18
Gene_60,Gene_19
Gene_60,Gene_20
Gene_60,Gene_22
Gene_60,Gene_24
Gene_60,Gene_25
Gene_60,Gene_26
Gene_60,Gene_30
Gene_60,Gene_32
Gene_60,Gene_33
Gene_60,Gene_34
Gene_60,Gene_35
Gene_60,Gene_36
Gene_60,Gene_37
Gene_60,Gene_38
Gene_60,Gene_39
Gene_60,Gene_40
Gene_60,Gene_41
Gene_60,Gene_42
Gene_60,Gene_44
Gene_60,Gene_46
Gene_60,Gene_48
Gene_60,Gene_49
Gene_60,Gene_53
Gene_60,Gene_55
Gene_60,Gene_56
Gene_60,Gene_57
Gene_60,Gene_58
Gene_60,Gene_60
Gene_60,Gene_61
Gene_60,Gene_64
Gene_60,Gene_65
Gene_60,Gene_67
Gene_60,Gene_68
Gene_60,Gene_70
Gene_60,Gene_71
Gene_60,Gene_72
Gene_60,Gene_73
Gene_60,Gene_74
Gene_60,Gene_75
Gene_60,Gene_77
Gene_60,Gene_78
Gene_60,Gene_79
Gene_60,Gene_80
Gene_60,Gene_81
Gene_60,Gene_82
Gene_60,Gene_83
Gene_60,Gene_84
Gene_60,Gene_85
Gene_60,Gene_86
Gene_60,Gene_87
Gene_60,Gene_88
Gene_60,Gene_90
Gene_60,Gene_91
Gene_60,Gene_93
Gene_60,Gene_94
Gene_60,Gene_95
Gene_60,Gene_96
Gene_60,Gene_97
Gene_60,Gene_99
Gene_61,Gene_0
Gene_61,Gene_1
Gene_61,Gene_2
Gene_61,Gene_4
Gene_61,Gene_5
Gene_61,Gene_6
Gene_61,Gene_7
Gene_61,Gene_8
Gene_61,Gene_9
Gene_61,Gene_14
Gene_61,Gene_15
Gene_61,Gene_16
Gene_61,Gene_17
Gene_61,Gene_18
Gene_61,Gene_20
Gene_61,Gene_21
Gene_61,Gene_23
Gene_61,Gene_24
Gene_61,Gene_25
Gene_61,Gene_26
Gene_61,Gene_27
Gene_61,Gene_28
Gene_61,Gene_29
Gene_61,Gene_30
Gene_61,Gene_31
Gene_61,Gene_32
Gene_61,Gene_33
Gene_61,Gene_34
Gene_61,Gene_35
Gene_61,Gene_36
Gene_61,Gene_37
Gene_61,Gene_38
Gene_61,Gene_39
Gene_61,Gene_40
Gene_61,Gene_41
Gene_61,Gene_42
Gene_61,Gene_44
Gene_61,Gene_45
Gene_61,Gene_46
Gene_61,Gene_47
Gene_61,Gene_48
Gene_61,Gene_50
Gene_61,Gene_51
Gene_61,Gene_52
Gene_61,Gene_53
Gene_61,Gene_54
Gene_61,Gene_55
Gene_61,Gene_57
Gene_61,Gene_58
Gene_61,Gene_59
Gene_61,Gene_60
Gene_61,Gene_61
Gene_61,Gene_62
Gene_61,Gene_63
Gene_61,Gene_64
Gene_61,Gene_65
Gene_61,Gene_67
Gene_61,Gene_68
Gene_61,Gene_69
Gene_61,Gene_70
Gene_61,Gene_72
Gene_61,Gene_73
Gene_61,Gene_74
Gene_61,Gene_77
Gene_61,Gene_78
Gene_61,Gene_80
Gene_61,Gene_81
Gene_61,Gene_82
Gene_61,Gene_84
Gene_61,Gene_85
Gene_61,Gene_87
Gene_61,Gene_88
Gene_61,Gene_89
Gene_61,Gene_92
Gene_61,Gene_93
Gene_61,Gene_94
Gene_61,Gene_95
Gene_61,Gene_96
Gene_61,Gene_97
Gene_61,Gene_98
Gene_62,Gene_0
Gene_62,Gene_1
Gene_62,Gene_3
Gene_62,Gene_4
Gene_62,Gene_5
Gene_62,Gene_6
Gene_62,Gene_7
Gene_62,Gene_8
Gene_62,Gene_9
Gene_62,Gene_10
Gene_62,Gene_11
Gene_62,Gene_12
Gene_62,Gene_13
Gene_62,Gene_14
Gene_62,Gene_16
Gene_62,Gene_18
Gene_62,Gene_19
Gene_62,Gene_20
Gene_62,Gene_21
Gene_62,Gene_22
Gene_62,Gene_24
Gene_62,Gene_25
Gene_62,Gene_26
Gene_62,Gene_27
Gene_62,Gene_28
Gene_62,Gene_30
Gene_62,Gene_31
Gene_62,Gene_32
Gene_62,Gene_34
Gene_62,Gene_35
Gene_62,Gene_36
Gene_62,Gene_37
Gene_62,Gene_38
Gene_62,Gene_40
Gene_62,Gene_41
Gene_62,Gene_42
Gene_62,Gene_43
Gene_62,Gene_44
Gene_62,Gene_45
Gene_62,Gene_47
Gene_62,Gene_48
Gene_62,Gene_49
Gene_62,Gene_50
Gene_62,Gene_56
Gene_62,Gene_58
Gene_62,Gene_59
Gene_62,Gene_62
Gene_62,Gene_67
Gene_62,Gene_69
Gene_62,Gene_74
Gene_62,Gene_81
Gene_62,Gene_82
Gene_62,Gene_84
Gene_62,Gene_92
Gene_62,Gene_93
Gene_63,Gene_0
Gene_63,Gene_1
Gene_63,Gene_2
Gene_63,Gene_4
Gene_63,Gene_5
Gene_63,Gene_7
Gene_63,Gene_8
Gene_63,Gene_9
Gene_63,Gene_10
Gene_63,Gene_11
Gene_63,Gene_12
Gene_63,Gene_13
Gene_63,Gene_15
Gene_63,Gene_16
Gene_63,Gene_17
Gene_63,Gene_18
Gene_63,Gene_19
Gene_63,Gene_21
Gene_63,Gene_22
Gene_63,Gene_23
Gene_63,Gene_24
Gene_63,Gene_25
Gene_63,Gene_26
Gene_63,Gene_27
Gene_63,Gene_28
Gene_63,Gene_29
Gene_63,Gene_31
Gene_63,Gene_33
Gene_63,Gene_34
Gene_63,Gene_35
Gene_63,Gene_36
Gene_63,Gene_39
Gene_63,Gene_41
Gene_63,Gene_42
Gene_63,Gene_43
Gene_63,Gene_44
Gene_63,Gene_45
Gene_63,Gene_46
Gene_63,Gene_49
Gene_63,Gene_50
Gene_63,Gene_52
Gene_63,Gene_53
Gene_63,Gene_55
Gene_63,Gene_56
Gene_63,Gene_57
Gene_63,Gene_58
Gene_63,Gene_59
Gene_63,Gene_60
Gene_63,Gene_61
Gene_63,Gene_62
Gene_63,Gene_63
Gene_63,Gene_64
Gene_63,Gene_65
Gene_63,Gene_66
Gene_63,Gene_67
Gene_63,Gene_68
Gene_63,Gene_69
Gene_63,Gene_70
Gene_63,Gene_71
Gene_63,Gene_72
Gene_63,Gene_73
Gene_63,Gene_74
Gene_63,Gene_76
Gene_63,Gene_78
Gene_63,Gene_79
Gene_63,Gene_80
Gene_63,Gene_81
Gene_63,Gene_82
Gene_63,Gene_83
Gene_63,Gene_84
Gene_63,Gene_85
Gene_63,Gene_86
Gene_63,Gene_87
Gene_63,Gene_89
Gene_63,Gene_90
Gene_63,Gene_91
Gene_63,Gene_92
Gene_63,Gene_93
Gene_63,Gene_94
Gene_63,Gene_95
Gene_63,Gene_96
Gene_63,Gene_97
Gene_64,Gene_0
Gene_64,Gene_1
Gene_64,Gene_2
Gene_64,Gene_3
Gene_64,Gene_4
Gene_64,Gene_5
Gene_64,Gene_7
Gene_64,Gene_8
Gene_64,Gene_9
Gene_64,Gene_10
Gene_64,Gene_11
Gene_64,Gene_12
Gene_64,Gene_13
Gene_64,Gene_14
Gene_64,Gene_15
Gene_64,Gene_16
Gene_64,Gene_17
Gene_64,Gene_18
Gene_64,Gene_19
Gene_64,Gene_20
Gene_64,Gene_22
Gene_64,Gene_23
Gene_64,Gene_25
Gene_64,Gene_27
Gene_64,Gene_28
Gene_64,Gene_29
Gene_64,Gene_30
Gene_64,Gene_31
Gene_64,Gene_32
Gene_64,Gene_33
Gene_64,Gene_34
Gene_64,Gene_35
Gene_64,Gene_36
Gene_64,Gene_37
Gene_64,Gene_38
Gene_64,Gene_39
Gene_64,Gene_40
Gene_64,Gene_42
Gene_64,Gene_43
Gene_64,Gene_46
Gene_64,Gene_47
Gene_64,Gene_48
Gene_64,Gene_49
Gene_64,Gene_50
Gene_64,Gene_51
Gene_64,Gene_52
Gene_64,Gene_53
Gene_64,Gene_54
Gene_64,Gene_55
Gene_64,Gene_58
Gene_64,Gene_60
Gene_64,Gene_61
Gene_64,Gene_62
Gene_64,Gene_63
Gene_64,Gene_64
Gene_64,Gene_65
Gene_64,Gene_66
Gene_64,Gene_68
Gene_64,Gene_69
Gene_64,Gene_70
Gene_64,Gene_72
Gene_64,Gene_73
Gene_64,Gene_74
Gene_64,Gene_76
Gene_64,Gene_77
Gene_64,Gene_78
Gene_64,Gene_79
Gene_64,Gene_80
Gene_64,Gene_81
Gene_64,Gene_83
Gene_64,Gene_84
Gene_64,Gene_85
Gene_64,Gene_86
Gene_64,Gene_87
Gene_64,Gene_88
Gene_64,Gene_89
Gene_64,Gene_90
Gene_64,Gene_91
Gene_64,Gene_93
Gene_64,Gene_95
Gene_64,Gene_96
Gene_64,Gene_97
Gene_64,Gene_98
Gene_64,Gene_99
Gene_65,Gene_0
Gene_65,Gene_2
Gene_65,Gene_4
Gene_65,Gene_5
Gene_65,Gene_6
Gene_65,Gene_8
Gene_65,Gene_9
Gene_65,Gene_10
Gene_65,Gene_12
Gene_65,Gene_13
Gene_65,Gene_14
Gene_65,Gene_15
Gene_65,Gene_16
Gene_65,Gene_17
Gene_65,Gene_18
Gene_65,Gene_19
Gene_65,Gene_20
Gene_65,Gene_22
Gene_65,Gene_23
Gene_65,Gene_24
Gene_65,Gene_26
Gene_65,Gene_27
Gene_65,Gene_28
Gene_65,Gene_29
Gene_65,Gene_30
Gene_65,Gene_31
Gene_65,Gene_32
Gene_65,Gene_33
Gene_65,Gene_34
Gene_65,Gene_35
Gene_65,Gene_36
Gene_65,Gene_37
Gene_65,Gene_40
Gene_65,Gene_41
Gene_65,Gene_42
Gene_65,Gene_43
Gene_65,Gene_44
Gene_65,Gene_45
Gene_65,Gene_47
Gene_65,Gene_48
Gene_65,Gene_49
Gene_65,Gene_51
Gene_65,Gene_52
Gene_65,Gene_55
Gene_65,Gene_58
Gene_65,Gene_59
Gene_65,Gene_60
Gene_65,Gene_61
Gene_65,Gene_62
Gene_65,Gene_63
Gene_65,Gene_64
Gene_65,Gene_65
Gene_65,Gene_66
Gene_65,Gene_67
Gene_65,Gene_68
Gene_65,Gene_70
Gene_65,Gene_71
Gene_65,Gene_72
Gene_65,Gene_73
Gene_65,Gene_74
Gene_65,Gene_75
Gene_65,Gene_76
Gene_65,Gene_77
Gene_65,Gene_78
Gene_65,Gene_79
Gene_65,Gene_81
Gene_65,Gene_83
Gene_65,Gene_84
Gene_65,Gene_85
Gene_65,Gene_86
Gene_65,Gene_87
Gene_65,Gene_88
Gene_65,Gene_89
Gene_65,Gene_90
Gene_65,Gene_91
Gene_65,Gene_92
Gene_65,Gene_93
Gene_65,Gene_94
Gene_65,Gene_95
Gene_65,Gene_96
Gene_65,Gene_97
Gene_65,Gene_98
Gene_65,Gene_99
Gene_66,Gene_0
Gene_66,Gene_2
Gene_66,Gene_3
Gene_66,Gene_4
Gene_66,Gene_5
Gene_66,Gene_6
Gene_66,Gene_7
Gene_66,Gene_9
Gene_66,Gene_10
Gene_66,Gene_11
Gene_66,Gene_12
Gene_66,Gene_13
Gene_66,Gene_15
Gene_66,Gene_16
Gene_66,Gene_17
Gene_66,Gene_19
Gene_66,Gene_20
Gene_66,Gene_21
Gene_66,Gene_22
Gene_66,Gene_23
Gene_66,Gene_24
Gene_66,Gene_25
Gene_66,Gene_26
Gene_66,Gene_27
Gene_66,Gene_28
Gene_66,Gene_29
Gene_66,Gene_30
Gene_66,Gene_31
Gene_66,Gene_33
Gene_66,Gene_34
Gene_66,Gene_35
Gene_66,Gene_36
Gene_66,Gene_37
Gene_66,Gene_39
Gene_66,Gene_40
Gene_66,Gene_43
Gene_66,Gene_44
Gene_66,Gene_45
Gene_66,Gene_47
Gene_66,Gene_48
Gene_66,Gene_50
Gene_66,Gene_51
Gene_66,Gene_53
Gene_66,Gene_54
Gene_66,Gene_56
Gene_66,Gene_57
Gene_66,Gene_59
Gene_66,Gene_60
Gene_66,Gene_62
Gene_66,Gene_63
Gene_66,Gene_64
Gene_66,Gene_65
Gene_66,Gene_66
Gene_66,Gene_67
Gene_66,Gene_68
Gene_66,Gene_69
Gene_66,Gene_70
Gene_66,Gene_71
Gene_66,Gene_73
Gene_66,Gene_74
Gene_66,Gene_75
Gene_66,Gene_76
Gene_66,Gene_77
Gene_66,Gene_78
Gene_66,Gene_80
Gene_66,Gene_81
Gene_66,Gene_82
Gene_66,Gene_83
Gene_66,Gene_84
Gene_66,Gene_85
Gene_66,Gene_86
Gene_66,Gene_87
Gene_66,Gene_88
Gene_66,Gene_89
Gene_66,Gene_91
Gene_66,Gene_92
Gene_66,Gene_94
Gene_66,Gene_95
Gene_66,Gene_96
Gene_66,Gene_97
Gene_66,Gene_98
Gene_66,Gene_99
Gene_67,Gene_1
Gene_67,Gene_2
Gene_67,Gene_3
Gene_67,Gene_5
Gene_67,Gene_6
Gene_67,Gene_7
Gene_67,Gene_9
Gene_67,Gene_10
Gene_67,Gene_11
Gene_67,Gene_12
Gene_67,Gene_13
Gene_67,Gene_14
Gene_67,Gene_16
Gene_67,Gene_17
Gene_67,Gene_18
Gene_67,Gene_19
Gene_67,Gene_21
Gene_67,Gene_22
Gene_67,Gene_23
Gene_67,Gene_24
Gene_67,Gene_26
Gene_67,Gene_28
Gene_67,Gene_29
Gene_67,Gene_30
Gene_67,Gene_31
Gene_67,Gene_32
Gene_67,Gene_33
Gene_67,Gene_34
Gene_67,Gene_35
Gene_67,Gene_36
Gene_67,Gene_37
Gene_67,Gene_38
Gene_67,Gene_39
Gene_67,Gene_42
Gene_67,Gene_44
Gene_67,Gene_45
Gene_67,Gene_46
Gene_67,Gene_47
Gene_67,Gene_48
Gene_67,Gene_49
Gene_67,Gene_50
Gene_67,Gene_51
Gene_67,Gene_56
Gene_67,Gene_57
Gene_67,Gene_58
Gene_67,Gene_59
Gene_67,Gene_62
Gene_67,Gene_65
Gene_67,Gene_66
Gene_67,Gene_67
Gene_67,Gene_68
Gene_67,Gene_69
Gene_67,Gene_72
Gene_67,Gene_73
Gene_67,Gene_75
Gene_67,Gene_76
Gene_67,Gene_78
Gene_67,Gene_81
Gene_67,Gene_83
Gene_67,Gene_84
Gene_67,Gene_87
Gene_67,Gene_89
Gene_67,Gene_90
Gene_67,Gene_92
Gene_67,Gene_93
Gene_67,Gene_94
Gene_67,Gene_96
Gene_67,Gene_97
Gene_67,Gene_99
Gene_68,Gene_0
Gene_68,Gene_1
Gene_68,Gene_3
Gene_68,Gene_4
Gene_68,Gene_5
Gene_68,Gene_6
Gene_68,Gene_7
Gene_68,Gene_8
Gene_68,Gene_9
Gene_68,Gene_10
Gene_68,Gene_11
Gene_68,Gene_12
Gene_68,Gene_13
Gene_68,Gene_15
Gene_68,Gene_16
Gene_68,Gene_18
Gene_68,Gene_19
Gene_68,Gene_20
Gene_68,Gene_21
Gene_68,Gene_23
Gene_68,Gene_24
Gene_68,Gene_25
Gene_68,Gene_26
Gene_68,Gene_27
Gene_68,Gene_28
Gene_68,Gene_29
Gene_68,Gene_30
Gene_68,Gene_31
Gene_68,Gene_32
Gene_68,Gene_34
Gene_68,Gene_36
Gene_68,Gene_37
Gene_68,Gene_38
Gene_68,Gene_42
Gene_68,Gene_43
Gene_68,Gene_44
Gene_68,Gene_45
Gene_68,Gene_46
Gene_68,Gene_47
Gene_68,Gene_48
Gene_68,Gene_49
Gene_68,Gene_51
Gene_68,Gene_52
Gene_68,Gene_55
Gene_68,Gene_56
Gene_68,Gene_61
Gene_68,Gene_63
Gene_68,Gene_66
Gene_68,Gene_68
Gene_68,Gene_69
Gene_68,Gene_70
Gene_68,Gene_71
Gene_68,Gene_73
Gene_68,Gene_75
Gene_68,Gene_77
Gene_68,Gene_78
Gene_68,Gene_79
Gene_68,Gene_80
Gene_68,Gene_81
Gene_68,Gene_82
Gene_68,Gene_83
Gene_68,Gene_84
Gene_68,Gene_85
Gene_68,Gene_86
Gene_68,Gene_89
Gene_68,Gene_90
Gene_68,Gene_91
Gene_68,Gene_92
Gene_68,Gene_94
Gene_68,Gene_95
Gene_68,Gene_96
Gene_68,Gene_97
Gene_68,Gene_98
Gene_68,Gene_99
Gene_69,Gene_0
Gene_69,Gene_1
Gene_69,Gene_3
Gene_69,Gene_4
Gene_69,Gene_5
Gene_69,Gene_6
Gene_69,Gene_7
Gene_69,Gene_8
Gene_69,Gene_9
Gene_69,Gene_10
Gene_69,Gene_11
Gene_69,Gene_12
Gene_69,Gene_13
Gene_69,Gene_14
Gene_69,Gene_16
Gene_69,Gene_17
Gene_69,Gene_19
Gene_69,Gene_20
Gene_69,Gene_21
Gene_69,Gene_22
Gene_69,Gene_23
Gene_69,Gene_24
Gene_69,Gene_25
Gene_69,Gene_26
Gene_69,Gene_28
Gene_69,Gene_29
Gene_69,Gene_30
Gene_69,Gene_32
Gene_69,Gene_33
Gene_69,Gene_34
Gene_69,Gene_36
Gene_69,Gene_37
Gene_69,Gene_38
Gene_69,Gene_39
Gene_69,Gene_40
Gene_69,Gene_41
Gene_69,Gene_42
Gene_69,Gene_43
Gene_69,Gene_45
Gene_69,Gene_46
Gene_69,Gene_47
Gene_69,Gene_49
Gene_69,Gene_50
Gene_69,Gene_51
Gene_69,Gene_52
Gene_69,Gene_53
Gene_69,Gene_54
Gene_69,Gene_55
Gene_69,Gene_56
Gene_69,Gene_57
Gene_69,Gene_59
Gene_69,Gene_60
Gene_69,Gene_61
Gene_69,Gene_62
Gene_69,Gene_63
Gene_69,Gene_65
Gene_69,Gene_66
Gene_69,Gene_67
Gene_69,Gene_68
Gene_69,Gene_69
Gene_69,Gene_71
Gene_69,Gene_72
Gene_69,Gene_73
Gene_69,Gene_74
Gene_69,Gene_75
Gene_69,Gene_76
Gene_69,Gene_77
Gene_69,Gene_78
Gene_69,Gene_79
Gene_69,Gene_80
Gene_69,Gene_81
Gene_69,Gene_82
Gene_69,Gene_83
Gene_69,Gene_84
Gene_69,Gene_85
Gene_69,Gene_86
Gene_69,Gene_87
Gene_69,Gene_88
Gene_69,Gene_89
Gene_69,Gene_90
Gene_69,Gene_91
Gene_69,Gene_92
Gene_69,Gene_93
Gene_69,Gene_94
Gene_69,Gene_95
Gene_69,Gene_98
Gene_69,Gene_99
Gene_70,Gene_0
Gene_70,Gene_1
Gene_70,Gene_3
Gene_70,Gene_4
Gene_70,Gene_5
Gene_70,Gene_6
Gene_70,Gene_7
Gene_70,Gene_8
Gene_70,Gene_9
Gene_70,Gene_12
Gene_70,Gene_13
Gene_70,Gene_14
Gene_70,Gene_16
Gene_70,Gene_19
Gene_70,Gene_21
Gene_70,Gene_22
Gene_70,Gene_24
Gene_70,Gene_25
Gene_70,Gene_27
Gene_70,Gene_28
Gene_70,Gene_29
Gene_70,Gene_30
Gene_70,Gene_31
Gene_70,Gene_32
Gene_70,Gene_33
Gene_70,Gene_34
Gene_70,Gene_35
Gene_70,Gene_36
Gene_70,Gene_37
Gene_70,Gene_39
Gene_70,Gene_40
Gene_70,Gene_42
Gene_70,Gene_43
Gene_70,Gene_44
Gene_70,Gene_45
Gene_70,Gene_47
Gene_70,Gene_48
Gene_70,Gene_49
Gene_70,Gene_50
Gene_70,Gene_51
Gene_70,Gene_52
Gene_70,Gene_53
Gene_70,Gene_54
Gene_70,Gene_55
Gene_70,Gene_56
Gene_70,Gene_57
Gene_70,Gene_58
Gene_70,Gene_60
Gene_70,Gene_61
Gene_70,Gene_63
Gene_70,Gene_64
Gene_70,Gene_65
Gene_70,Gene_66
Gene_70,Gene_68
Gene_70,Gene_69
Gene_70,Gene_70
Gene_70,Gene_71
Gene_70,Gene_72
Gene_70,Gene_73
Gene_70,Gene_74
Gene_70,Gene_75
Gene_70,Gene_76
Gene_70,Gene_77
Gene_70,Gene_78
Gene_70,Gene_79
Gene_70,Gene_81
Gene_70,Gene_82
Gene_70,Gene_83
Gene_70,Gene_84
Gene_70,Gene_85
Gene_70,Gene_88
Gene_70,Gene_90
Gene_70,Gene_92
Gene_70,Gene_93
Gene_70,Gene_96
Gene_70,Gene_97
Gene_70,Gene_98
Gene_70,Gene_99
Gene_71,Gene_1
Gene_71,Gene_3
Gene_71,Gene_8
Gene_71,Gene_9
Gene_71,Gene_10
Gene_71,Gene_11
Gene_71,Gene_12
Gene_71,Gene_13
Gene_71,Gene_14
Gene_71,Gene_15
Gene_71,Gene_17
Gene_71,Gene_18
Gene_71,Gene_19
Gene_71,Gene_20
Gene_71,Gene_21
Gene_71,Gene_22
Gene_71,Gene_23
Gene_71,Gene_24
Gene_71,Gene_25
Gene_71,Gene_26
Gene_71,Gene_28
Gene_71,Gene_29
Gene_71,Gene_30
Gene_71,Gene_31
Gene_71,Gene_35
Gene_71,Gene_37
Gene_71,Gene_38
Gene_71,Gene_39
Gene_71,Gene_41
Gene_71,Gene_42
Gene_71,Gene_43
Gene_71,Gene_44
Gene_71,Gene_47
Gene_71,Gene_48
Gene_71,Gene_49
Gene_71,Gene_51
Gene_71,Gene_52
Gene_71,Gene_54
Gene_71,Gene_55
Gene_71,Gene_56
Gene_71,Gene_57
Gene_71,Gene_58
Gene_71,Gene_60
Gene_71,Gene_61
Gene_71,Gene_62
Gene_71,Gene_64
Gene_71,Gene_65
Gene_71,Gene_66
Gene_71,Gene_67
Gene_71,Gene_69
Gene_71,Gene_70
Gene_71,Gene_71
Gene_71,Gene_72
Gene_71,Gene_73
Gene_71,Gene_74
Gene_71,Gene_75
Gene_71,Gene_76
Gene_71,Gene_77
Gene_71,Gene_79
Gene_71,Gene_80
Gene_71,Gene_82
Gene_71,Gene_83
Gene_71,Gene_84
Gene_71,Gene_85
Gene_71,Gene_87
Gene_71,Gene_88
Gene_71,Gene_90
Gene_71,Gene_91
Gene_71,Gene_92
Gene_71,Gene_93
Gene_71,Gene_94
Gene_71,Gene_95
Gene_71,Gene_96
Gene_71,Gene_98
Gene_71,Gene_99
Gene_72,Gene_0
Gene_72,Gene_2
Gene_72,Gene_3
Gene_72,Gene_4
Gene_72,Gene_5
Gene_72,Gene_6
Gene_72,Gene_7
Gene_72,Gene_8
Gene_72,Gene_10
Gene_72,Gene_11
Gene_72,Gene_13
Gene_72,Gene_14
Gene_72,Gene_15
Gene_72,Gene_16
Gene_72,Gene_17
Gene_72,Gene_18
Gene_72,Gene_21
Gene_72,Gene_22
Gene_72,Gene_24
Gene_72,Gene_26
Gene_72,Gene_27
Gene_72,Gene_28
Gene_72,Gene_29
Gene_72,Gene_30
Gene_72,Gene_31
Gene_72,Gene_32
Gene_72,Gene_33
Gene_72,Gene_34
Gene_72,Gene_35
Gene_72,Gene_36
Gene_72,Gene_37
Gene_72,Gene_38
Gene_72,Gene_39
Gene_72,Gene_40
Gene_72,Gene_41
Gene_72,Gene_42
Gene_72,Gene_44
Gene_72,Gene_46
Gene_72,Gene_47
Gene_72,Gene_49
Gene_72,Gene_50
Gene_72,Gene_51
Gene_72,Gene_52
Gene_72,Gene_53
Gene_72,Gene_54
Gene_72,Gene_55
Gene_72,Gene_58
Gene_72,Gene_60
Gene_72,Gene_61
Gene_72,Gene_63
Gene_72,Gene_64
Gene_72,Gene_65
Gene_72,Gene_68
Gene_72,Gene_70
Gene_72,Gene_71
Gene_72,Gene_73
Gene_72,Gene_74
Gene_72,Gene_75
Gene_72,Gene_76
Gene_72,Gene_77
Gene_72,Gene_78
Gene_72,Gene_81
Gene_72,Gene_82
Gene_72,Gene_83
Gene_72,Gene_84
Gene_72,Gene_85
Gene_72,Gene_86
Gene_72,Gene_87
Gene_72,Gene_89
Gene_72,Gene_90
Gene_72,Gene_91
Gene_72,Gene_92
Gene_72,Gene_93
Gene_72,Gene_94
Gene_72,Gene_95
Gene_72,Gene_97
Gene_72,Gene_98
Gene_72,Gene_99
Gene_73,Gene_0
Gene_73,Gene_1
Gene_73,Gene_2
Gene_73,Gene_3
Gene_73,Gene_4
Gene_73,Gene_5
Gene_73,Gene_7
Gene_73,Gene_8
Gene_73,Gene_9
Gene_73,Gene_10
Gene_73,Gene_11
Gene_73,Gene_12
Gene_73,Gene_13
Gene_73,Gene_14
Gene_73,Gene_15
Gene_73,Gene_16
Gene_73,Gene_17
Gene_73,Gene_18
Gene_73,Gene_19
Gene_73,Gene_20
Gene_73,Gene_21
Gene_73,Gene_22
Gene_73,Gene_23
Gene_73,Gene_24
Gene_73,Gene_26
Gene_73,Gene_27
Gene_73,Gene_28
Gene_73,Gene_30
Gene_73,Gene_32
Gene_73,Gene_33
Gene_73,Gene_34
Gene_73,Gene_35
Gene_73,Gene_36
Gene_73,Gene_37
Gene_73,Gene_38
Gene_73,Gene_40
Gene_73,Gene_41
Gene_73,Gene_42
Gene_73,Gene_43
Gene_73,Gene_44
Gene_73,Gene_45
Gene_73,Gene_46
Gene_73,Gene_47
Gene_73,Gene_48
Gene_73,Gene_49
Gene_73,Gene_50
Gene_73,Gene_51
Gene_73,Gene_52
Gene_73,Gene_53
Gene_73,Gene_55
Gene_73,Gene_56
Gene_73,Gene_58
Gene_73,Gene_59
Gene_73,Gene_61
Gene_73,Gene_62
Gene_73,Gene_63
Gene_73,Gene_64
Gene_73,Gene_65
Gene_73,Gene_66
Gene_73,Gene_68
Gene_73,Gene_69
Gene_73,Gene_71
Gene_73,Gene_72
Gene_73,Gene_73
Gene_73,Gene_75
Gene_73,Gene_76
Gene_73,Gene_77
Gene_73,Gene_78
Gene_73,Gene_79
Gene_73,Gene_80
Gene_73,Gene_81
Gene_73,Gene_82
Gene_73,Gene_83
Gene_73,Gene_84
Gene_73,Gene_85
Gene_73,Gene_86
Gene_73,Gene_87
Gene_73,Gene_88
Gene_73,Gene_89
Gene_73,Gene_90
Gene_73,Gene_92
Gene_73,Gene_93
Gene_73,Gene_94
Gene_73,Gene_95
Gene_73,Gene_97
Gene_73,Gene_98
Gene_73,Gene_99
Gene_74,Gene_0
Gene_74,Gene_1
Gene_74,Gene_2
Gene_74,Gene_3
Gene_74,Gene_5
Gene_74,Gene_6
Gene_74,Gene_7
Gene_74,Gene_8
Gene_74,Gene_9
Gene_74,Gene_10
Gene_74,Gene_11
Gene_74,Gene_12
Gene_74,Gene_13
Gene_74,Gene_14
Gene_74,Gene_15
Gene_74,Gene_16
Gene_74,Gene_17
Gene_74,Gene_18
Gene_74,Gene_20
Gene_74,Gene_21
Gene_74,Gene_23
Gene_74,Gene_24
Gene_74,Gene_26
Gene_74,Gene_27
Gene_74,Gene_28
Gene_74,Gene_29
Gene_74,Gene_30
Gene_74,Gene_32
Gene_74,Gene_33
Gene_74,Gene_34
Gene_74,Gene_35
Gene_74,Gene_36
Gene_74,Gene_38
Gene_74,Gene_41
Gene_74,Gene_42
Gene_74,Gene_44
Gene_74,Gene_46
Gene_74,Gene_47
Gene_74,Gene_49
Gene_74,Gene_50
Gene_74,Gene_51
Gene_74,Gene_58
Gene_74,Gene_59
Gene_74,Gene_62
Gene_74,Gene_67
Gene_74,Gene_69
Gene_74,Gene_74
Gene_74,Gene_81
Gene_74,Gene_84
Gene_74,Gene_89
Gene_74,Gene_93
Gene_75,Gene_1
Gene_75,Gene_2
Gene_75,Gene_3
Gene_75,Gene_4
Gene_75,Gene_6
Gene_75,Gene_7
Gene_75,Gene_8
Gene_75,Gene_10
Gene_75,Gene_11
Gene_75,Gene_12
Gene_75,Gene_14
Gene_75,Gene_15
Gene_75,Gene_16
Gene_75,Gene_17
Gene_75,Gene_19
Gene_75,Gene_20
Gene_75,Gene_21
Gene_75,Gene_22
Gene_75,Gene_25
Gene_75,Gene_27
Gene_75,Gene_28
Gene_75,Gene_29
Gene_75,Gene_30
Gene_75,Gene_31
Gene_75,Gene_32
Gene_75,Gene_33
Gene_75,Gene_34
Gene_75,Gene_35
Gene_75,Gene_36
Gene_75,Gene_37
Gene_75,Gene_39
Gene_75,Gene_41
Gene_75,Gene_42
Gene_75,Gene_43
Gene_75,Gene_44
Gene_75,Gene_45
Gene_75,Gene_46
Gene_75,Gene_48
Gene_75,Gene_49
Gene_75,Gene_50
Gene_75,Gene_51
Gene_75,Gene_52
Gene_75,Gene_54
Gene_75,Gene_55
Gene_75,Gene_57
Gene_75,Gene_58
Gene_75,Gene_59
Gene_75,Gene_60
Gene_75,Gene_62
Gene_75,Gene_63
Gene_75,Gene_64
Gene_75,Gene_65
Gene_75,Gene_66
Gene_75,Gene_67
Gene_75,Gene_68
Gene_75,Gene_69
Gene_75,Gene_70
Gene_75,Gene_71
Gene_75,Gene_72
Gene_75,Gene_73
Gene_75,Gene_74
Gene_75,Gene_75
Gene_75,Gene_76
Gene_75,Gene_77
Gene_75,Gene_79
Gene_75,Gene_80
Gene_75,Gene_81
Gene_75,Gene_82
Gene_75,Gene_83
Gene_75,Gene_84
Gene_75,Gene_85
Gene_75,Gene_86
Gene_75,Gene_89
Gene_75,Gene_90
Gene_75,Gene_91
Gene_75,Gene_92
Gene_75,Gene_93
Gene_75,Gene_94
Gene_75,Gene_96
Gene_75,Gene_98
Gene_75,Gene_99
Gene_76,Gene_0
Gene_76,Gene_1
Gene_76,Gene_2
Gene_76,Gene_3
Gene_76,Gene_4
Gene_76,Gene_5
Gene_76,Gene_6
Gene_76,Gene_7
Gene_76,Gene_9
Gene_76,Gene_11
Gene_76,Gene_12
Gene_76,Gene_13
Gene_76,Gene_14
Gene_76,Gene_16
Gene_76,Gene_18
Gene_76,Gene_19
Gene_76,Gene_20
Gene_76,Gene_21
Gene_76,Gene_22
Gene_76,Gene_23
Gene_76,Gene_24
Gene_76,Gene_25
Gene_76,Gene_27
Gene_76,Gene_30
Gene_76,Gene_32
Gene_76,Gene_34
Gene_76,Gene_35
Gene_76,Gene_36
Gene_76,Gene_39
Gene_76,Gene_40
Gene_76,Gene_42
Gene_76,Gene_44
Gene_76,Gene_45
Gene_76,Gene_46
Gene_76,Gene_47
Gene_76,Gene_48
Gene_76,Gene_49
Gene_76,Gene_50
Gene_76,Gene_51
Gene_76,Gene_52
Gene_76,Gene_53
Gene_76,Gene_54
Gene_76,Gene_55
Gene_76,Gene_56
Gene_76,Gene_57
Gene_76,Gene_58
Gene_76,Gene_59
Gene_76,Gene_61
Gene_76,Gene_62
Gene_76,Gene_63
Gene_76,Gene_64
Gene_76,Gene_65
Gene_76,Gene_68
Gene_76,Gene_70
Gene_76,Gene_72
Gene_76,Gene_73
Gene_76,Gene_74
Gene_76,Gene_76
Gene_76,Gene_78
Gene_76,Gene_79
Gene_76,Gene_80
Gene_76,Gene_82
Gene_76,Gene_83
Gene_76,Gene_84
Gene_76,Gene_88
Gene_76,Gene_89
Gene_76,Gene_90
Gene_76,Gene_92
Gene_76,Gene_93
Gene_76,Gene_94
Gene_76,Gene_95
Gene_76,Gene_96
Gene_76,Gene_97
Gene_76,Gene_98
Gene_76,Gene_99
Gene_77,Gene_0
Gene_77,Gene_1
Gene_77,Gene_2
Gene_77,Gene_4
Gene_77,Gene_5
Gene_77,Gene_6
Gene_77,Gene_7
Gene_77,Gene_8
Gene_77,Gene_9
Gene_77,Gene_10
Gene_77,Gene_11
Gene_77,Gene_12
Gene_77,Gene_14
Gene_77,Gene_15
Gene_77,Gene_18
Gene_77,Gene_19
Gene_77,Gene_20
Gene_77,Gene_22
Gene_77,Gene_23
Gene_77,Gene_25
Gene_77,Gene_26
Gene_77,Gene_27
Gene_77,Gene_28
Gene_77,Gene_30
Gene_77,Gene_31
Gene_77,Gene_32
Gene_77,Gene_33
Gene_77,Gene_34
Gene_77,Gene_35
Gene_77,Gene_37
Gene_77,Gene_39
Gene_77,Gene_40
Gene_77,Gene_42
Gene_77,Gene_43
Gene_77,Gene_44
Gene_77,Gene_45
Gene_77,Gene_47
Gene_77,Gene_49
Gene_77,Gene_50
Gene_77,Gene_51
Gene_77,Gene_52
Gene_77,Gene_53
Gene_77,Gene_54
Gene_77,Gene_55
Gene_77,Gene_56
Gene_77,Gene_57
Gene_77,Gene_58
Gene_77,Gene_59
Gene_77,Gene_61
Gene_77,Gene_62
Gene_77,Gene_63
Gene_77,Gene_64
Gene_77,Gene_65
Gene_77,Gene_66
Gene_77,Gene_68
Gene_77,Gene_69
Gene_77,Gene_71
Gene_77,Gene_72
Gene_77,Gene_73
Gene_77,Gene_74
Gene_77,Gene_75
Gene_77,Gene_76
Gene_77,Gene_77
Gene_77,Gene_78
Gene_77,Gene_80
Gene_77,Gene_82
Gene_77,Gene_84
Gene_77,Gene_85
Gene_77,Gene_86
Gene_77,Gene_87
Gene_77,Gene_89
Gene_77,Gene_92
Gene_77,Gene_93
Gene_77,Gene_95
Gene_77,Gene_96
Gene_77,Gene_97
Gene_77,Gene_98
Gene_77,Gene_99
Gene_78,Gene_1
Gene_78,Gene_2
Gene_78,Gene_3
Gene_78,Gene_4
Gene_78,Gene_5
Gene_78,Gene_6
Gene_78,Gene_8
Gene_78,Gene_9
Gene_78,Gene_10
Gene_78,Gene_11
Gene_78,Gene_13
Gene_78,Gene_14
Gene_78,Gene_15
Gene_78,Gene_16
Gene_78,Gene_17
Gene_78,Gene_20
Gene_78,Gene_21
Gene_78,Gene_22
Gene_78,Gene_23
Gene_78,Gene_24
Gene_78,Gene_25
Gene_78,Gene_27
Gene_78,Gene_28
Gene_78,Gene_29
Gene_78,Gene_30
Gene_78,Gene_31
Gene_78,Gene_32
Gene_78,Gene_33
Gene_78,Gene_34
Gene_78,Gene_35
Gene_78,Gene_37
Gene_78,Gene_38
Gene_78,Gene_39
Gene_78,Gene_41
Gene_78,Gene_42
Gene_78,Gene_43
Gene_78,Gene_44
Gene_78,Gene_46
Gene_78,Gene_47
Gene_78,Gene_48
Gene_78,Gene_49
Gene_78,Gene_50
Gene_78,Gene_51
Gene_78,Gene_52
Gene_78,Gene_53
Gene_78,Gene_54
Gene_78,Gene_55
Gene_78,Gene_57
Gene_78,Gene_58
Gene_78,Gene_59
Gene_78,Gene_60
Gene_78,Gene_61
Gene_78,Gene_62
Gene_78,Gene_63
Gene_78,Gene_64
Gene_78,Gene_65
Gene_78,Gene_66
Gene_78,Gene_69
Gene_78,Gene_70
Gene_78,Gene_71
Gene_78,Gene_72
Gene_78,Gene_73
Gene_78,Gene_74
Gene_78,Gene_75
Gene_78,Gene_78
Gene_78,Gene_80
Gene_78,Gene_81
Gene_78,Gene_82
Gene_78,Gene_84
Gene_78,Gene_85
Gene_78,Gene_86
Gene_78,Gene_88
Gene_78,Gene_89
Gene_78,Gene_90
Gene_78,Gene_92
Gene_78,Gene_93
Gene_78,Gene_94
Gene_78,Gene_96
Gene_78,Gene_98
Gene_79,Gene_1
Gene_79,Gene_2
Gene_79,Gene_3
Gene_79,Gene_8
Gene_79,Gene_9
Gene_79,Gene_10
Gene_79,Gene_12
Gene_79,Gene_13
Gene_79,Gene_14
Gene_79,Gene_15
Gene_79,Gene_16
Gene_79,Gene_17
Gene_79,Gene_18
Gene_79,Gene_19
Gene_79,Gene_20
Gene_79,Gene_21
Gene_79,Gene_22
Gene_79,Gene_23
Gene_79,Gene_24
Gene_79,Gene_25
Gene_79,Gene_26
Gene_79,Gene_27
Gene_79,Gene_29
Gene_79,Gene_30
Gene_79,Gene_31
Gene_79,Gene_32
Gene_79,Gene_33
Gene_79,Gene_34
Gene_79,Gene_35
Gene_79,Gene_36
Gene_79,Gene_37
Gene_79,Gene_38
Gene_79,Gene_39
Gene_79,Gene_40
Gene_79,Gene_43
Gene_79,Gene_45
Gene_79,Gene_46
Gene_79,Gene_47
Gene_79,Gene_48
Gene_79,Gene_49
Gene_79,Gene_50
Gene_79,Gene_51
Gene_79,Gene_52
Gene_79,Gene_53
Gene_79,Gene_54
Gene_79,Gene_55
Gene_79,Gene_56
Gene_79,Gene_57
Gene_79,Gene_58
Gene_79,Gene_59
Gene_79,Gene_60
Gene_79,Gene_61
Gene_79,Gene_62
Gene_79,Gene_63
Gene_79,Gene_64
Gene_79,Gene_66
Gene_79,Gene_67
Gene_79,Gene_68
Gene_79,Gene_69
Gene_79,Gene_70
Gene_79,Gene_71
Gene_79,Gene_72
Gene_79,Gene_74
Gene_79,Gene_75
Gene_79,Gene_76
Gene_79,Gene_77
Gene_79,Gene_78
Gene_79,Gene_79
Gene_79,Gene_80
Gene_79,Gene_82
Gene_79,Gene_83
Gene_79,Gene_84
Gene_79,Gene_87
Gene_79,Gene_88
Gene_79,Gene_89
Gene_79,Gene_90
Gene_79,Gene_91
Gene_79,Gene_93
Gene_79,Gene_94
Gene_79,Gene_96
Gene_79,Gene_97
Gene_79,Gene_98
Gene_79,Gene_99
Gene_80,Gene_0
Gene_80,Gene_1
Gene_80,Gene_2
Gene_80,Gene_3
Gene_80,Gene_4
Gene_80,Gene_5
Gene_80,Gene_6
Gene_80,Gene_7
Gene_80,Gene_8
Gene_80,Gene_9
Gene_80,Gene_10
Gene_80,Gene_12
Gene_80,Gene_14
Gene_80,Gene_16
Gene_80,Gene_17
Gene_80,Gene_18
Gene_80,Gene_19
Gene_80,Gene_20
Gene_80,Gene_21
Gene_80,Gene_22
Gene_80,Gene_25
Gene_80,Gene_28
Gene_80,Gene_29
Gene_80,Gene_30
Gene_80,Gene_31
Gene_80,Gene_33
Gene_80,Gene_35
Gene_80,Gene_37
Gene_80,Gene_38
Gene_80,Gene_39
Gene_80,Gene_40
Gene_80,Gene_41
Gene_80,Gene_42
Gene_80,Gene_44
Gene_80,Gene_46
Gene_80,Gene_47
Gene_80,Gene_49
Gene_80,Gene_50
Gene_80,Gene_52
Gene_80,Gene_53
Gene_80,Gene_54
Gene_80,Gene_55
Gene_80,Gene_56
Gene_80,Gene_57
Gene_80,Gene_58
Gene_80,Gene_59
Gene_80,Gene_60
Gene_80,Gene_61
Gene_80,Gene_62
Gene_80,Gene_63
Gene_80,Gene_64
Gene_80,Gene_65
Gene_80,Gene_66
Gene_80,Gene_68
Gene_80,Gene_69
Gene_80,Gene_70
Gene_80,Gene_71
Gene_80,Gene_72
Gene_80,Gene_73
Gene_80,Gene_74
Gene_80,Gene_75
Gene_80,Gene_76
Gene_80,Gene_77
Gene_80,Gene_78
Gene_80,Gene_79
Gene_80,Gene_80
Gene_80,Gene_81
Gene_80,Gene_82
Gene_80,Gene_83
Gene_80,Gene_84
Gene_80,Gene_85
Gene_80,Gene_86
Gene_80,Gene_89
Gene_80,Gene_90
Gene_80,Gene_91
Gene_80,Gene_92
Gene_80,Gene_93
Gene_80,Gene_94
Gene_80,Gene_95
Gene_80,Gene_96
Gene_80,Gene_97
Gene_80,Gene_98
Gene_80,Gene_99
Gene_81,Gene_0
Gene_81,Gene_1
Gene_81,Gene_2
Gene_81,Gene_4
Gene_81,Gene_6
Gene_81,Gene_7
Gene_81,Gene_8
Gene_81,Gene_9
Gene_81,Gene_10
Gene_81,Gene_11
Gene_81,Gene_12
Gene_81,Gene_13
Gene_81,Gene_14
Gene_81,Gene_15
Gene_81,Gene_16
Gene_81,Gene_17
Gene_81,Gene_18
Gene_81,Gene_19
Gene_81,Gene_20
Gene_81,Gene_21
Gene_81,Gene_22
Gene_81,Gene_25
Gene_81,Gene_26
Gene_81,Gene_27
Gene_81,Gene_28
Gene_81,Gene_29
Gene_81,Gene_30
Gene_81,Gene_32
Gene_81,Gene_33
Gene_81,Gene_34
Gene_81,Gene_36
Gene_81,Gene_37
Gene_81,Gene_39
Gene_81,Gene_40
Gene_81,Gene_41
Gene_81,Gene_42
Gene_81,Gene_43
Gene_81,Gene_44
Gene_81,Gene_45
Gene_81,Gene_46
Gene_81,Gene_47
Gene_81,Gene_50
Gene_81,Gene_51
Gene_81,Gene_52
Gene_81,Gene_54
Gene_81,Gene_55
Gene_81,Gene_57
Gene_81,Gene_58
Gene_81,Gene_59
Gene_81,Gene_60
Gene_81,Gene_61
Gene_81,Gene_62
Gene_81,Gene_63
Gene_81,Gene_64
Gene_81,Gene_66
Gene_81,Gene_67
Gene_81,Gene_68
Gene_81,Gene_69
Gene_81,Gene_70
Gene_81,Gene_71
Gene_81,Gene_72
Gene_81,Gene_73
Gene_81,Gene_75
Gene_81,Gene_76
Gene_81,Gene_77
Gene_81,Gene_78
Gene_81,Gene_79
Gene_81,Gene_80
Gene_81,Gene_81
Gene_81,Gene_82
Gene_81,Gene_83
Gene_81,Gene_85
Gene_81,Gene_86
Gene_81,Gene_87
Gene_81,Gene_88
Gene_81,Gene_89
Gene_81,Gene_91
Gene_81,Gene_92
Gene_81,Gene_93
Gene_81,Gene_94
Gene_81,Gene_95
Gene_81,Gene_96
Gene_81,Gene_98
Gene_81,Gene_99
Gene_82,Gene_0
Gene_82,Gene_1
Gene_82,Gene_2
Gene_82,Gene_5
Gene_82,Gene_7
Gene_82,Gene_8
Gene_82,Gene_9
Gene_82,Gene_11
Gene_82,Gene_12
Gene_82,Gene_13
Gene_82,Gene_14
Gene_82,Gene_16
Gene_82,Gene_17
Gene_82,Gene_19
Gene_82,Gene_21
Gene_82,Gene_22
Gene_82,Gene_23
Gene_82,Gene_24
Gene_82,Gene_25
Gene_82,Gene_27
Gene_82,Gene_28
Gene_82,Gene_29
Gene_82,Gene_30
Gene_82,Gene_31
Gene_82,Gene_32
Gene_82,Gene_33
Gene_82,Gene_35
Gene_82,Gene_36
Gene_82,Gene_37
Gene_82,Gene_38
Gene_82,Gene_39
Gene_82,Gene_40
Gene_82,Gene_42
Gene_82,Gene_43
Gene_82,Gene_44
Gene_82,Gene_45
Gene_82,Gene_46
Gene_82,Gene_47
Gene_82,Gene_48
Gene_82,Gene_49
Gene_82,Gene_50
Gene_82,Gene_51
Gene_82,Gene_52
Gene_82,Gene_53
Gene_82,Gene_54
Gene_82,Gene_55
Gene_82,Gene_56
Gene_82,Gene_59
Gene_82,Gene_60
Gene_82,Gene_61
Gene_82,Gene_63
Gene_82,Gene_64
Gene_82,Gene_65
Gene_82,Gene_67
Gene_82,Gene_68
Gene_82,Gene_70
Gene_82,Gene_72
Gene_82,Gene_73
Gene_82,Gene_75
Gene_82,Gene_76
Gene_82,Gene_77
Gene_82,Gene_79
Gene_82,Gene_80
Gene_82,Gene_81
Gene_82,Gene_82
Gene_82,Gene_83
Gene_82,Gene_84
Gene_82,Gene_85
Gene_82,Gene_86
Gene_82,Gene_88
Gene_82,Gene_89
Gene_82,Gene_90
Gene_82,Gene_92
Gene_82,Gene_93
Gene_82,Gene_94
Gene_82,Gene_95
Gene_82,Gene_96
Gene_82,Gene_97
Gene_82,Gene_98
Gene_82,Gene_99
Gene_83,Gene_1
Gene_83,Gene_2
Gene_83,Gene_5
Gene_83,Gene_6
Gene_83,Gene_7
Gene_83,Gene_8
Gene_83,Gene_9
Gene_83,Gene_10
Gene_83,Gene_11
Gene_83,Gene_12
Gene_83,Gene_13
Gene_83,Gene_14
Gene_83,Gene_15
Gene_83,Gene_17
Gene_83,Gene_18
Gene_83,Gene_19
Gene_83,Gene_20
Gene_83,Gene_21
Gene_83,Gene_22
Gene_83,Gene_23
Gene_83,Gene_27
Gene_83,Gene_28
Gene_83,Gene_29
Gene_83,Gene_30
Gene_83,Gene_31
Gene_83,Gene_32
Gene_83,Gene_33
Gene_83,Gene_34
Gene_83,Gene_35
Gene_83,Gene_37
Gene_83,Gene_38
Gene_83,Gene_39
Gene_83,Gene_40
Gene_83,Gene_41
Gene_83,Gene_42
Gene_83,Gene_43
Gene_83,Gene_44
Gene_83,Gene_45
Gene_83,Gene_47
Gene_83,Gene_49
Gene_83,Gene_50
Gene_83,Gene_52
Gene_83,Gene_53
Gene_83,Gene_54
Gene_83,Gene_55
Gene_83,Gene_56
Gene_83,Gene_57
Gene_83,Gene_58
Gene_83,Gene_59
Gene_83,Gene_64
Gene_83,Gene_65
Gene_83,Gene_66
Gene_83,Gene_68
Gene_83,Gene_69
Gene_83,Gene_70
Gene_83,Gene_71
Gene_83,Gene_72
Gene_83,Gene_73
Gene_83,Gene_74
Gene_83,Gene_75
Gene_83,Gene_76
Gene_83,Gene_77
Gene_83,Gene_78
Gene_83,Gene_80
Gene_83,Gene_81
Gene_83,Gene_82
Gene_83,Gene_84
Gene_83,Gene_85
Gene_83,Gene_88
Gene_83,Gene_89
Gene_83,Gene_90
Gene_83,Gene_91
Gene_83,Gene_93
Gene_83,Gene_94
Gene_83,Gene_96
Gene_83,Gene_97
Gene_83,Gene_98
Gene_83,Gene_99
Gene_84,Gene_0
Gene_84,Gene_1
Gene_84,Gene_2
Gene_84,Gene_3
Gene_84,Gene_4
Gene_84,Gene_5
Gene_84,Gene_6
Gene_84,Gene_7
Gene_84,Gene_8
Gene_84,Gene_10
Gene_84,Gene_13
Gene_84,Gene_14
Gene_84,Gene_15
Gene_84,Gene_16
Gene_84,Gene_17
Gene_84,Gene_19
Gene_84,Gene_20
Gene_84,Gene_21
Gene_84,Gene_22
Gene_84,Gene_23
Gene_84,Gene_25
Gene_84,Gene_26
Gene_84,Gene_27
Gene_84,Gene_29
Gene_84,Gene_31
Gene_84,Gene_32
Gene_84,Gene_33
Gene_84,Gene_34
Gene_84,Gene_35
Gene_84,Gene_36
Gene_84,Gene_42
Gene_84,Gene_43
Gene_84,Gene_44
Gene_84,Gene_45
Gene_84,Gene_46
Gene_84,Gene_48
Gene_84,Gene_49
Gene_84,Gene_50
Gene_84,Gene_52
Gene_84,Gene_53
Gene_84,Gene_54
Gene_84,Gene_56
Gene_84,Gene_57
Gene_84,Gene_58
Gene_84,Gene_60
Gene_84,Gene_62
Gene_84,Gene_65
Gene_84,Gene_66
Gene_84,Gene_67
Gene_84,Gene_68
Gene_84,Gene_69
Gene_84,Gene_72
Gene_84,Gene_73
Gene_84,Gene_74
Gene_84,Gene_76
Gene_84,Gene_78
Gene_84,Gene_79
Gene_84,Gene_81
Gene_84,Gene_82
Gene_84,Gene_84
Gene_84,Gene_85
Gene_84,Gene_87
Gene_84,Gene_89
Gene_84,Gene_90
Gene_84,Gene_91
Gene_84,Gene_92
Gene_84,Gene_94
Gene_84,Gene_95
Gene_84,Gene_96
Gene_84,Gene_98
Gene_85,Gene_2
Gene_85,Gene_3
Gene_85,Gene_4
Gene_85,Gene_5
Gene_85,Gene_6
Gene_85,Gene_7
Gene_85,Gene_8
Gene_85,Gene_10
Gene_85,Gene_12
Gene_85,Gene_13
Gene_85,Gene_14
Gene_85,Gene_15
Gene_85,Gene_16
Gene_85,Gene_18
Gene_85,Gene_19
Gene_85,Gene_20
Gene_85,Gene_21
Gene_85,Gene_22
Gene_85,Gene_23
Gene_85,Gene_25
Gene_85,Gene_27
Gene_85,Gene_28
Gene_85,Gene_29
Gene_85,Gene_30
Gene_85,Gene_31
Gene_85,Gene_32
Gene_85,Gene_34
Gene_85,Gene_35
Gene_85,Gene_37
Gene_85,Gene_38
Gene_85,Gene_39
Gene_85,Gene_41
Gene_85,Gene_43
Gene_85,Gene_44
Gene_85,Gene_45
Gene_85,Gene_46
Gene_85,Gene_47
Gene_85,Gene_48
Gene_85,Gene_49
Gene_85,Gene_50
Gene_85,Gene_52
Gene_85,Gene_53
Gene_85,Gene_55
Gene_85,Gene_57
Gene_85,Gene_59
Gene_85,Gene_60
Gene_85,Gene_62
Gene_85,Gene_63
Gene_85,Gene_64
Gene_85,Gene_65
Gene_85,Gene_68
Gene_85,Gene_69
Gene_85,Gene_70
Gene_85,Gene_71
Gene_85,Gene_73
Gene_85,Gene_74
Gene_85,Gene_75
Gene_85,Gene_76
Gene_85,Gene_77
Gene_85,Gene_78
Gene_85,Gene_79
Gene_85,Gene_80
Gene_85,Gene_81
Gene_85,Gene_82
Gene_85,Gene_83
Gene_85,Gene_85
Gene_85,Gene_86
Gene_85,Gene_87
Gene_85,Gene_88
Gene_85,Gene_89
Gene_85,Gene_90
Gene_85,Gene_91
Gene_85,Gene_92
Gene_85,Gene_93
Gene_85,Gene_94
Gene_85,Gene_95
Gene_85,Gene_97
Gene_85,Gene_99
Gene_86,Gene_0
Gene_86,Gene_1
Gene_86,Gene_2
Gene_86,Gene_4
Gene_86,Gene_6
Gene_86,Gene_7
Gene_86,Gene_8
Gene_86,Gene_9
Gene_86,Gene_11
Gene_86,Gene_13
Gene_86,Gene_14
Gene_86,Gene_15
Gene_86,Gene_16
Gene_86,Gene_17
Gene_86,Gene_18
Gene_86,Gene_19
Gene_86,Gene_20
Gene_86,Gene_21
Gene_86,Gene_24
Gene_86,Gene_25
Gene_86,Gene_26
Gene_86,Gene_27
Gene_86,Gene_28
Gene_86,Gene_29
Gene_86,Gene_30
Gene_86,Gene_31
Gene_86,Gene_33
Gene_86,Gene_34
Gene_86,Gene_35
Gene_86,Gene_36
Gene_86,Gene_40
Gene_86,Gene_41
Gene_86,Gene_42
Gene_86,Gene_43
Gene_86,Gene_44
Gene_86,Gene_45
Gene_86,Gene_47
Gene_86,Gene_48
Gene_86,Gene_51
Gene_86,Gene_54
Gene_86,Gene_55
Gene_86,Gene_56
Gene_86,Gene_59
Gene_86,Gene_60
Gene_86,Gene_62
Gene_86,Gene_63
Gene_86,Gene_64
Gene_86,Gene_65
Gene_86,Gene_66
Gene_86,Gene_67
Gene_86,Gene_68
Gene_86,Gene_69
Gene_86,Gene_70
Gene_86,Gene_71
Gene_86,Gene_72
Gene_86,Gene_73
Gene_86,Gene_75
Gene_86,Gene_76
Gene_86,Gene_77
Gene_86,Gene_78
Gene_86,Gene_79
Gene_86,Gene_80
Gene_86,Gene_81
Gene_86,Gene_84
Gene_86,Gene_85
Gene_86,Gene_86
Gene_86,Gene_87
Gene_86,Gene_88
Gene_86,Gene_89
Gene_86,Gene_90
Gene_86,Gene_91
Gene_86,Gene_92
Gene_86,Gene_93
Gene_86,Gene_94
Gene_86,Gene_95
Gene_86,Gene_96
Gene_86,Gene_97
Gene_86,Gene_98
Gene_87,Gene_0
Gene_87,Gene_1
Gene_87,Gene_2
Gene_87,Gene_5
Gene_87,Gene_6
Gene_87,Gene_7
Gene_87,Gene_8
Gene_87,Gene_9
Gene_87,Gene_12
Gene_87,Gene_13
Gene_87,Gene_14
Gene_87,Gene_15
Gene_87,Gene_16
Gene_87,Gene_18
Gene_87,Gene_19
Gene_87,Gene_20
Gene_87,Gene_21
Gene_87,Gene_22
Gene_87,Gene_23
Gene_87,Gene_24
Gene_87,Gene_25
Gene_87,Gene_27
Gene_87,Gene_28
Gene_87,Gene_29
Gene_87,Gene_30
Gene_87,Gene_31
Gene_87,Gene_32
Gene_87,Gene_34
Gene_87,Gene_36
Gene_87,Gene_37
Gene_87,Gene_38
Gene_87,Gene_39
Gene_87,Gene_40
Gene_87,Gene_41
Gene_87,Gene_42
Gene_87,Gene_44
Gene_87,Gene_45
Gene_87,Gene_46
Gene_87,Gene_48
Gene_87,Gene_49
Gene_87,Gene_50
Gene_87,Gene_52
Gene_87,Gene_55
Gene_87,Gene_57
Gene_87,Gene_58
Gene_87,Gene_59
Gene_87,Gene_61
Gene_87,Gene_62
Gene_87,Gene_63
Gene_87,Gene_65
Gene_87,Gene_66
Gene_87,Gene_67
Gene_87,Gene_68
Gene_87,Gene_69
Gene_87,Gene_70
Gene_87,Gene_71
Gene_87,Gene_72
Gene_87,Gene_73
Gene_87,Gene_74
Gene_87,Gene_77
Gene_87,Gene_78
Gene_87,Gene_79
Gene_87,Gene_80
Gene_87,Gene_81
Gene_87,Gene_82
Gene_87,Gene_83
Gene_87,Gene_86
Gene_87,Gene_87
Gene_87,Gene_88
Gene_87,Gene_89
Gene_87,Gene_90
Gene_87,Gene_91
Gene_87,Gene_93
Gene_87,Gene_94
Gene_87,Gene_95
Gene_87,Gene_96
Gene_87,Gene_97
Gene_87,Gene_98
Gene_88,Gene_0
Gene_88,Gene_1
Gene_88,Gene_2
Gene_88,Gene_3
Gene_88,Gene_4
Gene_88,Gene_5
Gene_88,Gene_6
Gene_88,Gene_7
Gene_88,Gene_8
Gene_88,Gene_9
Gene_88,Gene_11
Gene_88,Gene_12
Gene_88,Gene_13
Gene_88,Gene_14
Gene_88,Gene_15
Gene_88,Gene_18
Gene_88,Gene_19
Gene_88,Gene_20
Gene_88,Gene_21
Gene_88,Gene_22
Gene_88,Gene_23
Gene_88,Gene_24
Gene_88,Gene_25
Gene_88,Gene_26
Gene_88,Gene_27
Gene_88,Gene_28
Gene_88,Gene_29
Gene_88,Gene_30
Gene_88,Gene_31
Gene_88,Gene_33
Gene_88,Gene_34
Gene_88,Gene_35
Gene_88,Gene_36
Gene_88,Gene_37
Gene_88,Gene_38
Gene_88,Gene_41
Gene_88,Gene_42
Gene_88,Gene_44
Gene_88,Gene_45
Gene_88,Gene_47
Gene_88,Gene_48
Gene_88,Gene_49
Gene_88,Gene_50
Gene_88,Gene_51
Gene_88,Gene_53
Gene_88,Gene_54
Gene_88,Gene_55
Gene_88,Gene_56
Gene_88,Gene_58
Gene_88,Gene_59
Gene_88,Gene_60
Gene_88,Gene_61
Gene_88,Gene_62
Gene_88,Gene_63
Gene_88,Gene_64
Gene_88,Gene_66
Gene_88,Gene_67
Gene_88,Gene_68
Gene_88,Gene_69
Gene_88,Gene_70
Gene_88,Gene_71
Gene_88,Gene_72
Gene_88,Gene_73
Gene_88,Gene_74
Gene_88,Gene_75
Gene_88,Gene_76
Gene_88,Gene_78
Gene_88,Gene_79
Gene_88,Gene_80
Gene_88,Gene_81
Gene_88,Gene_82
Gene_88,Gene_83
Gene_88,Gene_84
Gene_88,Gene_85
Gene_88,Gene_86
Gene_88,Gene_87
Gene_88,Gene_88
Gene_88,Gene_89
Gene_88,Gene_90
Gene_88,Gene_91
Gene_88,Gene_92
Gene_88,Gene_93
Gene_88,Gene_94
Gene_88,Gene_95
Gene_88,Gene_96
Gene_88,Gene_97
Gene_88,Gene_98
Gene_88,Gene_99
Gene_89,Gene_0
Gene_89,Gene_1
Gene_89,Gene_3
Gene_89,Gene_4
Gene_89,Gene_5
Gene_89,Gene_6
Gene_89,Gene_7
Gene_89,Gene_8
Gene_89,Gene_9
Gene_89,Gene_10
Gene_89,Gene_11
Gene_89,Gene_13
Gene_89,Gene_14
Gene_89,Gene_15
Gene_89,Gene_16
Gene_89,Gene_17
Gene_89,Gene_18
Gene_89,Gene_19
Gene_89,Gene_20
Gene_89,Gene_21
Gene_89,Gene_22
Gene_89,Gene_23
Gene_89,Gene_24
Gene_89,Gene_25
Gene_89,Gene_26
Gene_89,Gene_27
Gene_89,Gene_28
Gene_89,Gene_29
Gene_89,Gene_30
Gene_89,Gene_31
Gene_89,Gene_32
Gene_89,Gene_34
Gene_89,Gene_35
Gene_89,Gene_36
Gene_89,Gene_37
Gene_89,Gene_38
Gene_89,Gene_40
Gene_89,Gene_42
Gene_89,Gene_43
Gene_89,Gene_44
Gene_89,Gene_45
Gene_89,Gene_46
Gene_89,Gene_47
Gene_89,Gene_49
Gene_89,Gene_53
Gene_89,Gene_54
Gene_89,Gene_55
Gene_89,Gene_56
Gene_89,Gene_57
Gene_89,Gene_60
Gene_89,Gene_61
Gene_89,Gene_63
Gene_89,Gene_64
Gene_89,Gene_66
Gene_89,Gene_67
Gene_89,Gene_68
Gene_89,Gene_69
Gene_89,Gene_71
Gene_89,Gene_72
Gene_89,Gene_73
Gene_89,Gene_74
Gene_89,Gene_75
Gene_89,Gene_76
Gene_89,Gene_77
Gene_89,Gene_78
Gene_89,Gene_79
Gene_89,Gene_80
Gene_89,Gene_81
Gene_89,Gene_82
Gene_89,Gene_83
Gene_89,Gene_85
Gene_89,Gene_86
Gene_89,Gene_87
Gene_89,Gene_88
Gene_89,Gene_89
Gene_89,Gene_90
Gene_89,Gene_91
Gene_89,Gene_93
Gene_89,Gene_96
Gene_89,Gene_98
Gene_89,Gene_99
Gene_90,Gene_0
Gene_90,Gene_1
Gene_90,Gene_2
Gene_90,Gene_3
Gene_90,Gene_4
Gene_90,Gene_6
Gene_90,Gene_7
Gene_90,Gene_8
Gene_90,Gene_9
Gene_90,Gene_10
Gene_90,Gene_11
Gene_90,Gene_12
Gene_90,Gene_13
Gene_90,Gene_14
Gene_90,Gene_15
Gene_90,Gene_16
Gene_90,Gene_17
Gene_90,Gene_18
Gene_90,Gene_19
Gene_90,Gene_20
Gene_90,Gene_21
Gene_90,Gene_22
Gene_90,Gene_23
Gene_90,Gene_24
Gene_90,Gene_25
Gene_90,Gene_26
Gene_90,Gene_27
Gene_90,Gene_29
Gene_90,Gene_30
Gene_90,Gene_31
Gene_90,Gene_32
Gene_90,Gene_34
Gene_90,Gene_35
Gene_90,Gene_36
Gene_90,Gene_38
Gene_90,Gene_39
Gene_90,Gene_40
Gene_90,Gene_41
Gene_90,Gene_43
Gene_90,Gene_44
Gene_90,Gene_45
Gene_90,Gene_46
Gene_90,Gene_47
Gene_90,Gene_48
Gene_90,Gene_50
Gene_90,Gene_52
Gene_90,Gene_53
Gene_90,Gene_54
Gene_90,Gene_55
Gene_90,Gene_57
Gene_90,Gene_58
Gene_90,Gene_59
Gene_90,Gene_60
Gene_90,Gene_63
Gene_90,Gene_64
Gene_90,Gene_65
Gene_90,Gene_66
Gene_90,Gene_67
Gene_90,Gene_70
Gene_90,Gene_71
Gene_90,Gene_74
Gene_90,Gene_75
Gene_90,Gene_78
Gene_90,Gene_79
Gene_90,Gene_82
Gene_90,Gene_85
Gene_90,Gene_86
Gene_90,Gene_87
Gene_90,Gene_88
Gene_90,Gene_89
Gene_90,Gene_90
Gene_90,Gene_91
Gene_90,Gene_92
Gene_90,Gene_93
Gene_90,Gene_94
Gene_90,Gene_95
Gene_90,Gene_96
Gene_90,Gene_97
Gene_90,Gene_98
Gene_90,Gene_99
Gene_91,Gene_0
Gene_91,Gene_1
Gene_91,Gene_2
Gene_91,Gene_3
Gene_91,Gene_5
Gene_91,Gene_7
Gene_91,Gene_8
Gene_91,Gene_9
Gene_91,Gene_10
Gene_91,Gene_11
Gene_91,Gene_12
Gene_91,Gene_13
Gene_91,Gene_14
Gene_91,Gene_15
Gene_91,Gene_16
Gene_91,Gene_18
Gene_91,Gene_19
Gene_91,Gene_20
Gene_91,Gene_22
Gene_91,Gene_24
Gene_91,Gene_25
Gene_91,Gene_26
Gene_91,Gene_27
Gene_91,Gene_28
Gene_91,Gene_29
Gene_91,Gene_30
Gene_91,Gene_32
Gene_91,Gene_33
Gene_91,Gene_34
Gene_91,Gene_35
Gene_91,Gene_36
Gene_91,Gene_37
Gene_91,Gene_38
Gene_91,Gene_40
Gene_91,Gene_41
Gene_91,Gene_42
Gene_91,Gene_45
Gene_91,Gene_46
Gene_91,Gene_49
Gene_91,Gene_50
Gene_91,Gene_52
Gene_91,Gene_53
Gene_91,Gene_54
Gene_91,Gene_55
Gene_91,Gene_56
Gene_91,Gene_57
Gene_91,Gene_58
Gene_91,Gene_59
Gene_91,Gene_60
Gene_91,Gene_62
Gene_91,Gene_64
Gene_91,Gene_65
Gene_91,Gene_66
Gene_91,Gene_68
Gene_91,Gene_69
Gene_91,Gene_70
Gene_91,Gene_71
Gene_91,Gene_72
Gene_91,Gene_73
Gene_91,Gene_74
Gene_91,Gene_75
Gene_91,Gene_76
Gene_91,Gene_77
Gene_91,Gene_78
Gene_91,Gene_79
Gene_91,Gene_80
Gene_91,Gene_81
Gene_91,Gene_82
Gene_91,Gene_84
Gene_91,Gene_85
Gene_91,Gene_86
Gene_91,Gene_89
Gene_91,Gene_90
Gene_91,Gene_91
Gene_91,Gene_92
Gene_91,Gene_93
Gene_91,Gene_94
Gene_91,Gene_95
Gene_91,Gene_96
Gene_91,Gene_97
Gene_91,Gene_98
Gene_91,Gene_99
Gene_92,Gene_0
Gene_92,Gene_2
Gene_92,Gene_3
Gene_92,Gene_4
Gene_92,Gene_5
Gene_92,Gene_6
Gene_92,Gene_7
Gene_92,Gene_8
Gene_92,Gene_9
Gene_92,Gene_10
Gene_92,Gene_12
Gene_92,Gene_13
Gene_92,Gene_14
Gene_92,Gene_16
Gene_92,Gene_17
Gene_92,Gene_18
Gene_92,Gene_19
Gene_92,Gene_20
Gene_92,Gene_21
Gene_92,Gene_23
Gene_92,Gene_25
Gene_92,Gene_26
Gene_92,Gene_29
Gene_92,Gene_31
Gene_92,Gene_32
Gene_92,Gene_33
Gene_92,Gene_34
Gene_92,Gene_36
Gene_92,Gene_37
Gene_92,Gene_38
Gene_92,Gene_39
Gene_92,Gene_40
Gene_92,Gene_41
Gene_92,Gene_43
Gene_92,Gene_44
Gene_92,Gene_45
Gene_92,Gene_46
Gene_92,Gene_47
Gene_92,Gene_48
Gene_92,Gene_50
Gene_92,Gene_51
Gene_92,Gene_52
Gene_92,Gene_54
Gene_92,Gene_55
Gene_92,Gene_57
Gene_92,Gene_58
Gene_92,Gene_59
Gene_92,Gene_60
Gene_92,Gene_64
Gene_92,Gene_66
Gene_92,Gene_67
Gene_92,Gene_68
Gene_92,Gene_70
Gene_92,Gene_71
Gene_92,Gene_72
Gene_92,Gene_74
Gene_92,Gene_75
Gene_92,Gene_76
Gene_92,Gene_77
Gene_92,Gene_78
Gene_92,Gene_79
Gene_92,Gene_80
Gene_92,Gene_81
Gene_92,Gene_84
Gene_92,Gene_85
Gene_92,Gene_86
Gene_92,Gene_87
Gene_92,Gene_88
Gene_92,Gene_90
Gene_92,Gene_91
Gene_92,Gene_92
Gene_92,Gene_93
Gene_92,Gene_94
Gene_92,Gene_95
Gene_92,Gene_96
Gene_92,Gene_97
Gene_92,Gene_98
Gene_92,Gene_99
Gene_93,Gene_0
Gene_93,Gene_2
Gene_93,Gene_3
Gene_93,Gene_5
Gene_93,Gene_6
Gene_93,Gene_7
Gene_93,Gene_8
Gene_93,Gene_9
Gene_93,Gene_10
Gene_93,Gene_11
Gene_93,Gene_13
Gene_93,Gene_15
Gene_93,Gene_16
Gene_93,Gene_19
Gene_93,Gene_20
Gene_93,Gene_22
Gene_93,Gene_23
Gene_93,Gene_24
Gene_93,Gene_25
Gene_93,Gene_26
Gene_93,Gene_27
Gene_93,Gene_28
Gene_93,Gene_29
Gene_93,Gene_30
Gene_93,Gene_31
Gene_93,Gene_32
Gene_93,Gene_33
Gene_93,Gene_34
Gene_93,Gene_35
Gene_93,Gene_37
Gene_93,Gene_40
Gene_93,Gene_41
Gene_93,Gene_42
Gene_93,Gene_43
Gene_93,Gene_44
Gene_93,Gene_45
Gene_93,Gene_46
Gene_93,Gene_48
Gene_93,Gene_49
Gene_93,Gene_51
Gene_93,Gene_52
Gene_93,Gene_54
Gene_93,Gene_55
Gene_93,Gene_56
Gene_93,Gene_57
Gene_93,Gene_58
Gene_93,Gene_59
Gene_93,Gene_60
Gene_93,Gene_61
Gene_93,Gene_62
Gene_93,Gene_63
Gene_93,Gene_64
Gene_93,Gene_65
Gene_93,Gene_67
Gene_93,Gene_68
Gene_93,Gene_70
Gene_93,Gene_71
Gene_93,Gene_72
Gene_93,Gene_73
Gene_93,Gene_74
Gene_93,Gene_75
Gene_93,Gene_76
Gene_93,Gene_77
Gene_93,Gene_78
Gene_93,Gene_79
Gene_93,Gene_80
Gene_93,Gene_81
Gene_93,Gene_83
Gene_93,Gene_84
Gene_93,Gene_85
Gene_93,Gene_86
Gene_93,Gene_87
Gene_93,Gene_88
Gene_93,Gene_90
Gene_93,Gene_91
Gene_93,Gene_92
Gene_93,Gene_94
Gene_93,Gene_95
Gene_93,Gene_96
Gene_93,Gene_97
Gene_93,Gene_98
Gene_93,Gene_99
Gene_94,Gene_3
Gene_94,Gene_4
Gene_94,Gene_5
Gene_94,Gene_6
Gene_94,Gene_7
Gene_94,Gene_8
Gene_94,Gene_9
Gene_94,Gene_10
Gene_94,Gene_11
Gene_94,Gene_12
Gene_94,Gene_13
Gene_94,Gene_14
Gene_94,Gene_15
Gene_94,Gene_16
Gene_94,Gene_17
Gene_94,Gene_18
Gene_94,Gene_19
Gene_94,Gene_20
Gene_94,Gene_21
Gene_94,Gene_24
Gene_94,Gene_25
Gene_94,Gene_27
Gene_94,Gene_31
Gene_94,Gene_32
Gene_94,Gene_33
Gene_94,Gene_34
Gene_94,Gene_36
Gene_94,Gene_37
Gene_94,Gene_38
Gene_94,Gene_39
Gene_94,Gene_40
Gene_94,Gene_41
Gene_94,Gene_42
Gene_94,Gene_46
Gene_94,Gene_47
Gene_94,Gene_49
Gene_94,Gene_51
Gene_94,Gene_52
Gene_94,Gene_53
Gene_94,Gene_54
Gene_94,Gene_55
Gene_94,Gene_56
Gene_94,Gene_58
Gene_94,Gene_59
Gene_94,Gene_60
Gene_94,Gene_62
Gene_94,Gene_63
Gene_94,Gene_65
Gene_94,Gene_66
Gene_94,Gene_67
Gene_94,Gene_68
Gene_94,Gene_69
Gene_94,Gene_70
Gene_94,Gene_72
Gene_94,Gene_73
Gene_94,Gene_74
Gene_94,Gene_75
Gene_94,Gene_76
Gene_94,Gene_77
Gene_94,Gene_79
Gene_94,Gene_80
Gene_94,Gene_83
Gene_94,Gene_85
Gene_94,Gene_86
Gene_94,Gene_89
Gene_94,Gene_91
Gene_94,Gene_92
Gene_94,Gene_94
Gene_94,Gene_95
Gene_94,Gene_96
Gene_94,Gene_97
Gene_94,Gene_99
Gene_95,Gene_0
Gene_95,Gene_1
Gene_95,Gene_2
Gene_95,Gene_3
Gene_95,Gene_4
Gene_95,Gene_6
Gene_95,Gene_7
Gene_95,Gene_9
Gene_95,Gene_10
Gene_95,Gene_11
Gene_95,Gene_12
Gene_95,Gene_13
Gene_95,Gene_14
Gene_95,Gene_15
Gene_95,Gene_16
Gene_95,Gene_18
Gene_95,Gene_19
Gene_95,Gene_21
Gene_95,Gene_22
Gene_95,Gene_23
Gene_95,Gene_24
Gene_95,Gene_25
Gene_95,Gene_28
Gene_95,Gene_29
Gene_95,Gene_30
Gene_95,Gene_31
Gene_95,Gene_33
Gene_95,Gene_34
Gene_95,Gene_35
Gene_95,Gene_36
Gene_95,Gene_37
Gene_95,Gene_40
Gene_95,Gene_41
Gene_95,Gene_42
Gene_95,Gene_43
Gene_95,Gene_44
Gene_95,Gene_45
Gene_95,Gene_46
Gene_95,Gene_47
Gene_95,Gene_48
Gene_95,Gene_49
Gene_95,Gene_50
Gene_95,Gene_53
Gene_95,Gene_54
Gene_95,Gene_55
Gene_95,Gene_56
Gene_95,Gene_57
Gene_95,Gene_59
Gene_95,Gene_60
Gene_95,Gene_61
Gene_95,Gene_62
Gene_95,Gene_63
Gene_95,Gene_64
Gene_95,Gene_66
Gene_95,Gene_67
Gene_95,Gene_68
Gene_95,Gene_70
Gene_95,Gene_71
Gene_95,Gene_73
Gene_95,Gene_74
Gene_95,Gene_76
Gene_95,Gene_77
Gene_95,Gene_79
Gene_95,Gene_81
Gene_95,Gene_82
Gene_95,Gene_83
Gene_95,Gene_84
Gene_95,Gene_85
Gene_95,Gene_86
Gene_95,Gene_87
Gene_95,Gene_88
Gene_95,Gene_89
Gene_95,Gene_90
Gene_95,Gene_91
Gene_95,Gene_92
Gene_95,Gene_93
Gene_95,Gene_95
Gene_95,Gene_96
Gene_95,Gene_97
Gene_95,Gene_98
Gene_95,Gene_99
Gene_96,Gene_0
Gene_96,Gene_1
Gene_96,Gene_2
Gene_96,Gene_3
Gene_96,Gene_4
Gene_96,Gene_5
Gene_96,Gene_7
Gene_96,Gene_8
Gene_96,Gene_9
Gene_96,Gene_10
Gene_96,Gene_11
Gene_96,Gene_12
Gene_96,Gene_15
Gene_96,Gene_16
Gene_96,Gene_17
Gene_96,Gene_19
Gene_96,Gene_20
Gene_96,Gene_21
Gene_96,Gene_22
Gene_96,Gene_23
Gene_96,Gene_24
Gene_96,Gene_25
Gene_96,Gene_27
Gene_96,Gene_28
Gene_96,Gene_30
Gene_96,Gene_31
Gene_96,Gene_33
Gene_96,Gene_35
Gene_96,Gene_37
Gene_96,Gene_40
Gene_96,Gene_42
Gene_96,Gene_43
Gene_96,Gene_44
Gene_96,Gene_45
Gene_96,Gene_48
Gene_96,Gene_49
Gene_96,Gene_50
Gene_96,Gene_51
Gene_96,Gene_53
Gene_96,Gene_54
Gene_96,Gene_55
Gene_96,Gene_56
Gene_96,Gene_59
Gene_96,Gene_61
Gene_96,Gene_62
Gene_96,Gene_63
Gene_96,Gene_64
Gene_96,Gene_65
Gene_96,Gene_66
Gene_96,Gene_67
Gene_96,Gene_68
Gene_96,Gene_69
Gene_96,Gene_70
Gene_96,Gene_71
Gene_96,Gene_72
Gene_96,Gene_73
Gene_96,Gene_74
Gene_96,Gene_75
Gene_96,Gene_77
Gene_96,Gene_78
Gene_96,Gene_79
Gene_96,Gene_81
Gene_96,Gene_82
Gene_96,Gene_85
Gene_96,Gene_86
Gene_96,Gene_87
Gene_96,Gene_90
Gene_96,Gene_91
Gene_96,Gene_92
Gene_96,Gene_93
Gene_96,Gene_95
Gene_96,Gene_96
Gene_96,Gene_97
Gene_96,Gene_98
Gene_96,Gene_99
Gene_97,Gene_0
Gene_97,Gene_1
Gene_97,Gene_2
Gene_97,Gene_3
Gene_97,Gene_4
Gene_97,Gene_5
Gene_97,Gene_6
Gene_97,Gene_7
Gene_97,Gene_8
Gene_97,Gene_9
Gene_97,Gene_10
Gene_97,Gene_11
Gene_97,Gene_12
Gene_97,Gene_13
Gene_97,Gene_14
Gene_97,Gene_15
Gene_97,Gene_17
Gene_97,Gene_18
Gene_97,Gene_19
Gene_97,Gene_20
Gene_97,Gene_21
Gene_97,Gene_22
Gene_97,Gene_23
Gene_97,Gene_24
Gene_97,Gene_25
Gene_97,Gene_26
Gene_97,Gene_27
Gene_97,Gene_28
Gene_97,Gene_29
Gene_97,Gene_32
Gene_97,Gene_33
Gene_97,Gene_36
Gene_97,Gene_37
Gene_97,Gene_38
Gene_97,Gene_39
Gene_97,Gene_40
Gene_97,Gene_41
Gene_97,Gene_43
Gene_97,Gene_45
Gene_97,Gene_46
Gene_97,Gene_47
Gene_97,Gene_48
Gene_97,Gene_49
Gene_97,Gene_50
Gene_97,Gene_52
Gene_97,Gene_53
Gene_97,Gene_54
Gene_97,Gene_55
Gene_97,Gene_56
Gene_97,Gene_57
Gene_97,Gene_59
Gene_97,Gene_60
Gene_97,Gene_61
Gene_97,Gene_62
Gene_97,Gene_64
Gene_97,Gene_66
Gene_97,Gene_67
Gene_97,Gene_68
Gene_97,Gene_70
Gene_97,Gene_71
Gene_97,Gene_73
Gene_97,Gene_74
Gene_97,Gene_75
Gene_97,Gene_76
Gene_97,Gene_77
Gene_97,Gene_78
Gene_97,Gene_79
Gene_97,Gene_80
Gene_97,Gene_81
Gene_97,Gene_82
Gene_97,Gene_83
Gene_97,Gene_84
Gene_97,Gene_85
Gene_97,Gene_86
Gene_97,Gene_88
Gene_97,Gene_89
Gene_97,Gene_91
Gene_97,Gene_92
Gene_97,Gene_93
Gene_97,Gene_94
Gene_97,Gene_95
Gene_97,Gene_96
Gene_97,Gene_97
Gene_97,Gene_98
Gene_98,Gene_0
Gene_98,Gene_1
Gene_98,Gene_2
Gene_98,Gene_3
Gene_98,Gene_4
Gene_98,Gene_6
Gene_98,Gene_7
Gene_98,Gene_9
Gene_98,Gene_10
Gene_98,Gene_11
Gene_98,Gene_12
Gene_98,Gene_14
Gene_98,Gene_15
Gene_98,Gene_16
Gene_98,Gene_17
Gene_98,Gene_18
Gene_98,Gene_19
Gene_98,Gene_20
Gene_98,Gene_21
Gene_98,Gene_22
Gene_98,Gene_24
Gene_98,Gene_25
Gene_98,Gene_26
Gene_98,Gene_27
Gene_98,Gene_28
Gene_98,Gene_30
Gene_98,Gene_31
Gene_98,Gene_32
Gene_98,Gene_33
Gene_98,Gene_36
Gene_98,Gene_37
Gene_98,Gene_38
Gene_98,Gene_40
Gene_98,Gene_41
Gene_98,Gene_43
Gene_98,Gene_44
Gene_98,Gene_45
Gene_98,Gene_47
Gene_98,Gene_48
Gene_98,Gene_49
Gene_98,Gene_50
Gene_98,Gene_52
Gene_98,Gene_53
Gene_98,Gene_54
Gene_98,Gene_57
Gene_98,Gene_59
Gene_98,Gene_60
Gene_98,Gene_61
Gene_98,Gene_63
Gene_98,Gene_64
Gene_98,Gene_65
Gene_98,Gene_66
Gene_98,Gene_67
Gene_98,Gene_68
Gene_98,Gene_69
Gene_98,Gene_70
Gene_98,Gene_71
Gene_98,Gene_72
Gene_98,Gene_73
Gene_98,Gene_74
Gene_98,Gene_75
Gene_98,Gene_76
Gene_98,Gene_77
Gene_98,Gene_79
Gene_98,Gene_80
Gene_98,Gene_81
Gene_98,Gene_82
Gene_98,Gene_83
Gene_98,Gene_84
Gene_98,Gene_85
Gene_98,Gene_87
Gene_98,Gene_89
Gene_98,Gene_90
Gene_98,Gene_91
Gene_98,Gene_92
Gene_98,Gene_94
Gene_98,Gene_95
Gene_98,Gene_97
Gene_98,Gene_98
Gene_98,Gene_99
Gene_99,Gene_0
Gene_99,Gene_1
Gene_99,Gene_2
Gene_99,Gene_3
Gene_99,Gene_4
Gene_99,Gene_5
Gene_99,Gene_6
Gene_99,Gene_7
Gene_99,Gene_8
Gene_99,Gene_11
Gene_99,Gene_12
Gene_99,Gene_13
Gene_99,Gene_14
Gene_99,Gene_15
Gene_99,Gene_16
Gene_99,Gene_17
Gene_99,Gene_18
Gene_99,Gene_19
Gene_99,Gene_21
Gene_99,Gene_22
Gene_99,Gene_23
Gene_99,Gene_24
Gene_99,Gene_25
Gene_99,Gene_26
Gene_99,Gene_27
Gene_99,Gene_29
Gene_99,Gene_30
Gene_99,Gene_31
Gene_99,Gene_32
Gene_99,Gene_33
Gene_99,Gene_34
Gene_99,Gene_36
Gene_99,Gene_37
Gene_99,Gene_38
Gene_99,Gene_39
Gene_99,Gene_40
Gene_99,Gene_41
Gene_99,Gene_42
Gene_99,Gene_43
Gene_99,Gene_45
Gene_99,Gene_46
Gene_99,Gene_48
Gene_99,Gene_49
Gene_99,Gene_51
Gene_99,Gene_52
Gene_99,Gene_53
Gene_99,Gene_54
Gene_99,Gene_55
Gene_99,Gene_56
Gene_99,Gene_58
Gene_99,Gene_60
Gene_99,Gene_61
Gene_99,Gene_62
Gene_99,Gene_65
Gene_99,Gene_66
Gene_99,Gene_67
Gene_99,Gene_68
Gene_99,Gene_69
Gene_99,Gene_70
Gene_99,Gene_71
Gene_99,Gene_77
Gene_99,Gene_78
Gene_99,Gene_79
Gene_99,Gene_80
Gene_99,Gene_82
Gene_99,Gene_84
Gene_99,Gene_86
Gene_99,Gene_87
Gene_99,Gene_88
Gene_99,Gene_90
Gene_99,Gene_91
Gene_99,Gene_93
Gene_99,Gene_94
Gene_99,Gene_95
Gene_99,Gene_96
Gene_99,Gene_97
Gene_99,Gene_98
