Gene1,Gene2
Gene_23,Gene_23
Gene_23,Gene_36
Gene_23,Gene_60
Gene_23,Gene_163
Gene_23,Gene_177
Gene_23,Gene_183
Gene_23,Gene_195
Gene_23,Gene_206
Gene_23,Gene_259
Gene_23,Gene_308
Gene_23,Gene_393
Gene_23,Gene_405
Gene_23,Gene_467
Gene_23,Gene_475
Gene_23,Gene_513
Gene_23,Gene_564
Gene_23,Gene_575
Gene_23,Gene_585
Gene_23,Gene_602
Gene_23,Gene_610
Gene_23,Gene_626
Gene_23,Gene_732
Gene_23,Gene_758
Gene_23,Gene_787
Gene_23,Gene_794
Gene_23,Gene_799
Gene_23,Gene_810
Gene_23,Gene_828
Gene_23,Gene_840
Gene_23,Gene_846
Gene_23,Gene_909
Gene_23,Gene_926
Gene_23,Gene_988
Gene_23,Gene_995
Gene_66,Gene_0
Gene_66,Gene_1
Gene_66,Gene_2
Gene_66,Gene_3
Gene_66,Gene_5
Gene_66,Gene_8
Gene_66,Gene_10
Gene_66,Gene_11
Gene_66,Gene_13
Gene_66,Gene_15
Gene_66,Gene_16
Gene_66,Gene_18
Gene_66,Gene_19
Gene_66,Gene_20
Gene_66,Gene_21
Gene_66,Gene_22
Gene_66,Gene_23
Gene_66,Gene_24
Gene_66,Gene_26
Gene_66,Gene_27
Gene_66,Gene_30
Gene_66,Gene_31
Gene_66,Gene_32
Gene_66,Gene_33
Gene_66,Gene_34
Gene_66,Gene_35
Gene_66,Gene_36
Gene_66,Gene_37
Gene_66,Gene_38
Gene_66,Gene_39
Gene_66,Gene_40
Gene_66,Gene_41
Gene_66,Gene_42
Gene_66,Gene_43
Gene_66,Gene_45
Gene_66,Gene_46
Gene_66,Gene_47
Gene_66,Gene_49
Gene_66,Gene_50
Gene_66,Gene_52
Gene_66,Gene_53
Gene_66,Gene_54
Gene_66,Gene_55
Gene_66,Gene_56
Gene_66,Gene_57
Gene_66,Gene_58
Gene_66,Gene_60
Gene_66,Gene_61
Gene_66,Gene_62
Gene_66,Gene_63
Gene_66,Gene_64
Gene_66,Gene_65
Gene_66,Gene_66
Gene_66,Gene_67
Gene_66,Gene_70
Gene_66,Gene_71
Gene_66,Gene_73
Gene_66,Gene_76
Gene_66,Gene_77
Gene_66,Gene_78
Gene_66,Gene_79
Gene_66,Gene_80
Gene_66,Gene_81
Gene_66,Gene_82
Gene_66,Gene_83
Gene_66,Gene_84
Gene_66,Gene_85
Gene_66,Gene_87
Gene_66,Gene_88
Gene_66,Gene_89
Gene_66,Gene_90
Gene_66,Gene_91
Gene_66,Gene_92
Gene_66,Gene_93
Gene_66,Gene_94
Gene_66,Gene_95
Gene_66,Gene_96
Gene_66,Gene_97
Gene_66,Gene_98
Gene_66,Gene_99
Gene_66,Gene_100
Gene_66,Gene_101
Gene_66,Gene_102
Gene_66,Gene_103
Gene_66,Gene_104
Gene_66,Gene_106
Gene_66,Gene_107
Gene_66,Gene_108
Gene_66,Gene_109
Gene_66,Gene_110
Gene_66,Gene_111
Gene_66,Gene_112
Gene_66,Gene_113
Gene_66,Gene_116
Gene_66,Gene_118
Gene_66,Gene_119
Gene_66,Gene_120
Gene_66,Gene_121
Gene_66,Gene_124
Gene_66,Gene_125
Gene_66,Gene_126
Gene_66,Gene_127
Gene_66,Gene_130
Gene_66,Gene_133
Gene_66,Gene_134
Gene_66,Gene_135
Gene_66,Gene_138
Gene_66,Gene_139
Gene_66,Gene_140
Gene_66,Gene_141
Gene_66,Gene_142
Gene_66,Gene_144
Gene_66,Gene_145
Gene_66,Gene_146
Gene_66,Gene_147
Gene_66,Gene_148
Gene_66,Gene_149
Gene_66,Gene_150
Gene_66,Gene_153
Gene_66,Gene_154
Gene_66,Gene_155
Gene_66,Gene_156
Gene_66,Gene_157
Gene_66,Gene_158
Gene_66,Gene_159
Gene_66,Gene_160
Gene_66,Gene_161
Gene_66,Gene_162
Gene_66,Gene_163
Gene_66,Gene_164
Gene_66,Gene_167
Gene_66,Gene_168
Gene_66,Gene_169
Gene_66,Gene_173
Gene_66,Gene_174
Gene_66,Gene_175
Gene_66,Gene_177
Gene_66,Gene_178
Gene_66,Gene_179
Gene_66,Gene_180
Gene_66,Gene_183
Gene_66,Gene_184
Gene_66,Gene_185
Gene_66,Gene_186
Gene_66,Gene_188
Gene_66,Gene_189
Gene_66,Gene_190
Gene_66,Gene_191
Gene_66,Gene_192
Gene_66,Gene_194
Gene_66,Gene_195
Gene_66,Gene_196
Gene_66,Gene_197
Gene_66,Gene_198
Gene_66,Gene_199
Gene_66,Gene_200
Gene_66,Gene_201
Gene_66,Gene_202
Gene_66,Gene_203
Gene_66,Gene_204
Gene_66,Gene_205
Gene_66,Gene_206
Gene_66,Gene_207
Gene_66,Gene_208
Gene_66,Gene_212
Gene_66,Gene_213
Gene_66,Gene_216
Gene_66,Gene_217
Gene_66,Gene_218
Gene_66,Gene_220
Gene_66,Gene_222
Gene_66,Gene_223
Gene_66,Gene_225
Gene_66,Gene_226
Gene_66,Gene_228
Gene_66,Gene_230
Gene_66,Gene_231
Gene_66,Gene_232
Gene_66,Gene_233
Gene_66,Gene_234
Gene_66,Gene_236
Gene_66,Gene_237
Gene_66,Gene_238
Gene_66,Gene_239
Gene_66,Gene_240
Gene_66,Gene_241
Gene_66,Gene_242
Gene_66,Gene_243
Gene_66,Gene_244
Gene_66,Gene_245
Gene_66,Gene_246
Gene_66,Gene_247
Gene_66,Gene_248
Gene_66,Gene_249
Gene_66,Gene_251
Gene_66,Gene_252
Gene_66,Gene_253
Gene_66,Gene_254
Gene_66,Gene_256
Gene_66,Gene_258
Gene_66,Gene_259
Gene_66,Gene_260
Gene_66,Gene_262
Gene_66,Gene_263
Gene_66,Gene_264
Gene_66,Gene_266
Gene_66,Gene_267
Gene_66,Gene_269
Gene_66,Gene_270
Gene_66,Gene_271
Gene_66,Gene_272
Gene_66,Gene_273
Gene_66,Gene_274
Gene_66,Gene_275
Gene_66,Gene_276
Gene_66,Gene_277
Gene_66,Gene_278
Gene_66,Gene_279
Gene_66,Gene_280
Gene_66,Gene_282
Gene_66,Gene_283
Gene_66,Gene_284
Gene_66,Gene_286
Gene_66,Gene_287
Gene_66,Gene_289
Gene_66,Gene_291
Gene_66,Gene_293
Gene_66,Gene_296
Gene_66,Gene_297
Gene_66,Gene_298
Gene_66,Gene_300
Gene_66,Gene_301
Gene_66,Gene_302
Gene_66,Gene_303
Gene_66,Gene_304
Gene_66,Gene_305
Gene_66,Gene_306
Gene_66,Gene_308
Gene_66,Gene_309
Gene_66,Gene_310
Gene_66,Gene_311
Gene_66,Gene_312
Gene_66,Gene_313
Gene_66,Gene_314
Gene_66,Gene_315
Gene_66,Gene_316
Gene_66,Gene_317
Gene_66,Gene_318
Gene_66,Gene_319
Gene_66,Gene_320
Gene_66,Gene_321
Gene_66,Gene_322
Gene_66,Gene_324
Gene_66,Gene_325
Gene_66,Gene_326
Gene_66,Gene_327
Gene_66,Gene_328
Gene_66,Gene_329
Gene_66,Gene_330
Gene_66,Gene_331
Gene_66,Gene_334
Gene_66,Gene_336
Gene_66,Gene_337
Gene_66,Gene_338
Gene_66,Gene_341
Gene_66,Gene_343
Gene_66,Gene_344
Gene_66,Gene_346
Gene_66,Gene_347
Gene_66,Gene_348
Gene_66,Gene_349
Gene_66,Gene_351
Gene_66,Gene_353
Gene_66,Gene_354
Gene_66,Gene_355
Gene_66,Gene_356
Gene_66,Gene_357
Gene_66,Gene_358
Gene_66,Gene_359
Gene_66,Gene_360
Gene_66,Gene_361
Gene_66,Gene_362
Gene_66,Gene_363
Gene_66,Gene_365
Gene_66,Gene_366
Gene_66,Gene_367
Gene_66,Gene_368
Gene_66,Gene_369
Gene_66,Gene_371
Gene_66,Gene_372
Gene_66,Gene_373
Gene_66,Gene_374
Gene_66,Gene_375
Gene_66,Gene_377
Gene_66,Gene_378
Gene_66,Gene_379
Gene_66,Gene_380
Gene_66,Gene_381
Gene_66,Gene_382
Gene_66,Gene_384
Gene_66,Gene_385
Gene_66,Gene_386
Gene_66,Gene_388
Gene_66,Gene_390
Gene_66,Gene_392
Gene_66,Gene_395
Gene_66,Gene_397
Gene_66,Gene_398
Gene_66,Gene_399
Gene_66,Gene_400
Gene_66,Gene_402
Gene_66,Gene_403
Gene_66,Gene_404
Gene_66,Gene_405
Gene_66,Gene_406
Gene_66,Gene_407
Gene_66,Gene_408
Gene_66,Gene_410
Gene_66,Gene_412
Gene_66,Gene_413
Gene_66,Gene_414
Gene_66,Gene_415
Gene_66,Gene_417
Gene_66,Gene_419
Gene_66,Gene_420
Gene_66,Gene_421
Gene_66,Gene_425
Gene_66,Gene_426
Gene_66,Gene_427
Gene_66,Gene_428
Gene_66,Gene_430
Gene_66,Gene_431
Gene_66,Gene_432
Gene_66,Gene_433
Gene_66,Gene_434
Gene_66,Gene_435
Gene_66,Gene_436
Gene_66,Gene_437
Gene_66,Gene_438
Gene_66,Gene_439
Gene_66,Gene_440
Gene_66,Gene_441
Gene_66,Gene_442
Gene_66,Gene_443
Gene_66,Gene_445
Gene_66,Gene_447
Gene_66,Gene_448
Gene_66,Gene_450
Gene_66,Gene_451
Gene_66,Gene_454
Gene_66,Gene_455
Gene_66,Gene_457
Gene_66,Gene_458
Gene_66,Gene_459
Gene_66,Gene_460
Gene_66,Gene_461
Gene_66,Gene_462
Gene_66,Gene_466
Gene_66,Gene_468
Gene_66,Gene_469
Gene_66,Gene_470
Gene_66,Gene_471
Gene_66,Gene_472
Gene_66,Gene_473
Gene_66,Gene_476
Gene_66,Gene_478
Gene_66,Gene_479
Gene_66,Gene_480
Gene_66,Gene_481
Gene_66,Gene_484
Gene_66,Gene_485
Gene_66,Gene_486
Gene_66,Gene_487
Gene_66,Gene_488
Gene_66,Gene_489
Gene_66,Gene_490
Gene_66,Gene_491
Gene_66,Gene_492
Gene_66,Gene_494
Gene_66,Gene_495
Gene_66,Gene_496
Gene_66,Gene_497
Gene_66,Gene_500
Gene_66,Gene_501
Gene_66,Gene_503
Gene_66,Gene_504
Gene_66,Gene_506
Gene_66,Gene_507
Gene_66,Gene_508
Gene_66,Gene_509
Gene_66,Gene_511
Gene_66,Gene_512
Gene_66,Gene_513
Gene_66,Gene_514
Gene_66,Gene_515
Gene_66,Gene_517
Gene_66,Gene_518
Gene_66,Gene_519
Gene_66,Gene_520
Gene_66,Gene_521
Gene_66,Gene_522
Gene_66,Gene_525
Gene_66,Gene_526
Gene_66,Gene_527
Gene_66,Gene_528
Gene_66,Gene_532
Gene_66,Gene_534
Gene_66,Gene_535
Gene_66,Gene_537
Gene_66,Gene_538
Gene_66,Gene_542
Gene_66,Gene_543
Gene_66,Gene_544
Gene_66,Gene_545
Gene_66,Gene_547
Gene_66,Gene_549
Gene_66,Gene_550
Gene_66,Gene_551
Gene_66,Gene_552
Gene_66,Gene_553
Gene_66,Gene_554
Gene_66,Gene_555
Gene_66,Gene_556
Gene_66,Gene_557
Gene_66,Gene_558
Gene_66,Gene_560
Gene_66,Gene_561
Gene_66,Gene_563
Gene_66,Gene_564
Gene_66,Gene_565
Gene_66,Gene_568
Gene_66,Gene_569
Gene_66,Gene_571
Gene_66,Gene_572
Gene_66,Gene_573
Gene_66,Gene_574
Gene_66,Gene_576
Gene_66,Gene_578
Gene_66,Gene_580
Gene_66,Gene_581
Gene_66,Gene_582
Gene_66,Gene_583
Gene_66,Gene_584
Gene_66,Gene_585
Gene_66,Gene_586
Gene_66,Gene_587
Gene_66,Gene_588
Gene_66,Gene_590
Gene_66,Gene_591
Gene_66,Gene_593
Gene_66,Gene_594
Gene_66,Gene_595
Gene_66,Gene_596
Gene_66,Gene_597
Gene_66,Gene_598
Gene_66,Gene_599
Gene_66,Gene_602
Gene_66,Gene_605
Gene_66,Gene_606
Gene_66,Gene_607
Gene_66,Gene_608
Gene_66,Gene_609
Gene_66,Gene_611
Gene_66,Gene_612
Gene_66,Gene_613
Gene_66,Gene_614
Gene_66,Gene_616
Gene_66,Gene_617
Gene_66,Gene_618
Gene_66,Gene_619
Gene_66,Gene_620
Gene_66,Gene_621
Gene_66,Gene_622
Gene_66,Gene_627
Gene_66,Gene_628
Gene_66,Gene_631
Gene_66,Gene_632
Gene_66,Gene_633
Gene_66,Gene_634
Gene_66,Gene_635
Gene_66,Gene_636
Gene_66,Gene_637
Gene_66,Gene_638
Gene_66,Gene_639
Gene_66,Gene_640
Gene_66,Gene_641
Gene_66,Gene_642
Gene_66,Gene_643
Gene_66,Gene_644
Gene_66,Gene_645
Gene_66,Gene_647
Gene_66,Gene_649
Gene_66,Gene_650
Gene_66,Gene_651
Gene_66,Gene_654
Gene_66,Gene_656
Gene_66,Gene_658
Gene_66,Gene_659
Gene_66,Gene_660
Gene_66,Gene_662
Gene_66,Gene_663
Gene_66,Gene_664
Gene_66,Gene_667
Gene_66,Gene_668
Gene_66,Gene_669
Gene_66,Gene_671
Gene_66,Gene_672
Gene_66,Gene_673
Gene_66,Gene_675
Gene_66,Gene_676
Gene_66,Gene_677
Gene_66,Gene_678
Gene_66,Gene_679
Gene_66,Gene_680
Gene_66,Gene_681
Gene_66,Gene_682
Gene_66,Gene_683
Gene_66,Gene_685
Gene_66,Gene_686
Gene_66,Gene_687
Gene_66,Gene_688
Gene_66,Gene_690
Gene_66,Gene_692
Gene_66,Gene_693
Gene_66,Gene_694
Gene_66,Gene_695
Gene_66,Gene_696
Gene_66,Gene_697
Gene_66,Gene_698
Gene_66,Gene_699
Gene_66,Gene_701
Gene_66,Gene_702
Gene_66,Gene_703
Gene_66,Gene_704
Gene_66,Gene_706
Gene_66,Gene_707
Gene_66,Gene_709
Gene_66,Gene_710
Gene_66,Gene_711
Gene_66,Gene_712
Gene_66,Gene_713
Gene_66,Gene_714
Gene_66,Gene_715
Gene_66,Gene_717
Gene_66,Gene_718
Gene_66,Gene_719
Gene_66,Gene_720
Gene_66,Gene_722
Gene_66,Gene_723
Gene_66,Gene_725
Gene_66,Gene_726
Gene_66,Gene_728
Gene_66,Gene_729
Gene_66,Gene_730
Gene_66,Gene_732
Gene_66,Gene_733
Gene_66,Gene_734
Gene_66,Gene_735
Gene_66,Gene_736
Gene_66,Gene_737
Gene_66,Gene_738
Gene_66,Gene_739
Gene_66,Gene_740
Gene_66,Gene_741
Gene_66,Gene_742
Gene_66,Gene_743
Gene_66,Gene_744
Gene_66,Gene_746
Gene_66,Gene_747
Gene_66,Gene_748
Gene_66,Gene_749
Gene_66,Gene_750
Gene_66,Gene_751
Gene_66,Gene_752
Gene_66,Gene_753
Gene_66,Gene_754
Gene_66,Gene_755
Gene_66,Gene_756
Gene_66,Gene_758
Gene_66,Gene_759
Gene_66,Gene_761
Gene_66,Gene_762
Gene_66,Gene_763
Gene_66,Gene_765
Gene_66,Gene_766
Gene_66,Gene_767
Gene_66,Gene_768
Gene_66,Gene_769
Gene_66,Gene_770
Gene_66,Gene_771
Gene_66,Gene_773
Gene_66,Gene_774
Gene_66,Gene_775
Gene_66,Gene_776
Gene_66,Gene_777
Gene_66,Gene_778
Gene_66,Gene_779
Gene_66,Gene_780
Gene_66,Gene_782
Gene_66,Gene_783
Gene_66,Gene_785
Gene_66,Gene_787
Gene_66,Gene_788
Gene_66,Gene_789
Gene_66,Gene_790
Gene_66,Gene_791
Gene_66,Gene_792
Gene_66,Gene_793
Gene_66,Gene_795
Gene_66,Gene_796
Gene_66,Gene_797
Gene_66,Gene_798
Gene_66,Gene_802
Gene_66,Gene_803
Gene_66,Gene_804
Gene_66,Gene_806
Gene_66,Gene_807
Gene_66,Gene_809
Gene_66,Gene_810
Gene_66,Gene_811
Gene_66,Gene_812
Gene_66,Gene_813
Gene_66,Gene_814
Gene_66,Gene_815
Gene_66,Gene_816
Gene_66,Gene_819
Gene_66,Gene_820
Gene_66,Gene_823
Gene_66,Gene_825
Gene_66,Gene_826
Gene_66,Gene_827
Gene_66,Gene_828
Gene_66,Gene_829
Gene_66,Gene_830
Gene_66,Gene_833
Gene_66,Gene_834
Gene_66,Gene_836
Gene_66,Gene_837
Gene_66,Gene_839
Gene_66,Gene_841
Gene_66,Gene_843
Gene_66,Gene_844
Gene_66,Gene_845
Gene_66,Gene_846
Gene_66,Gene_847
Gene_66,Gene_848
Gene_66,Gene_849
Gene_66,Gene_850
Gene_66,Gene_851
Gene_66,Gene_853
Gene_66,Gene_854
Gene_66,Gene_855
Gene_66,Gene_857
Gene_66,Gene_858
Gene_66,Gene_859
Gene_66,Gene_860
Gene_66,Gene_861
Gene_66,Gene_862
Gene_66,Gene_863
Gene_66,Gene_864
Gene_66,Gene_865
Gene_66,Gene_866
Gene_66,Gene_867
Gene_66,Gene_868
Gene_66,Gene_869
Gene_66,Gene_871
Gene_66,Gene_874
Gene_66,Gene_875
Gene_66,Gene_876
Gene_66,Gene_877
Gene_66,Gene_878
Gene_66,Gene_879
Gene_66,Gene_881
Gene_66,Gene_882
Gene_66,Gene_883
Gene_66,Gene_884
Gene_66,Gene_885
Gene_66,Gene_886
Gene_66,Gene_887
Gene_66,Gene_888
Gene_66,Gene_889
Gene_66,Gene_890
Gene_66,Gene_892
Gene_66,Gene_893
Gene_66,Gene_894
Gene_66,Gene_895
Gene_66,Gene_896
Gene_66,Gene_897
Gene_66,Gene_899
Gene_66,Gene_900
Gene_66,Gene_901
Gene_66,Gene_903
Gene_66,Gene_904
Gene_66,Gene_905
Gene_66,Gene_907
Gene_66,Gene_908
Gene_66,Gene_909
Gene_66,Gene_911
Gene_66,Gene_912
Gene_66,Gene_913
Gene_66,Gene_914
Gene_66,Gene_915
Gene_66,Gene_916
Gene_66,Gene_917
Gene_66,Gene_918
Gene_66,Gene_919
Gene_66,Gene_922
Gene_66,Gene_923
Gene_66,Gene_925
Gene_66,Gene_927
Gene_66,Gene_928
Gene_66,Gene_931
Gene_66,Gene_933
Gene_66,Gene_934
Gene_66,Gene_935
Gene_66,Gene_937
Gene_66,Gene_938
Gene_66,Gene_939
Gene_66,Gene_940
Gene_66,Gene_942
Gene_66,Gene_943
Gene_66,Gene_945
Gene_66,Gene_946
Gene_66,Gene_947
Gene_66,Gene_948
Gene_66,Gene_950
Gene_66,Gene_951
Gene_66,Gene_952
Gene_66,Gene_953
Gene_66,Gene_954
Gene_66,Gene_957
Gene_66,Gene_959
Gene_66,Gene_960
Gene_66,Gene_962
Gene_66,Gene_963
Gene_66,Gene_964
Gene_66,Gene_965
Gene_66,Gene_966
Gene_66,Gene_967
Gene_66,Gene_968
Gene_66,Gene_969
Gene_66,Gene_970
Gene_66,Gene_971
Gene_66,Gene_972
Gene_66,Gene_973
Gene_66,Gene_974
Gene_66,Gene_976
Gene_66,Gene_977
Gene_66,Gene_978
Gene_66,Gene_979
Gene_66,Gene_980
Gene_66,Gene_983
Gene_66,Gene_984
Gene_66,Gene_985
Gene_66,Gene_987
Gene_66,Gene_989
Gene_66,Gene_992
Gene_66,Gene_993
Gene_66,Gene_994
Gene_66,Gene_995
Gene_66,Gene_996
Gene_66,Gene_997
Gene_66,Gene_999
Gene_79,Gene_0
Gene_79,Gene_1
Gene_79,Gene_5
Gene_79,Gene_6
Gene_79,Gene_7
Gene_79,Gene_9
Gene_79,Gene_10
Gene_79,Gene_13
Gene_79,Gene_16
Gene_79,Gene_17
Gene_79,Gene_18
Gene_79,Gene_20
Gene_79,Gene_21
Gene_79,Gene_22
Gene_79,Gene_25
Gene_79,Gene_27
Gene_79,Gene_28
Gene_79,Gene_30
Gene_79,Gene_31
Gene_79,Gene_32
Gene_79,Gene_33
Gene_79,Gene_34
Gene_79,Gene_37
Gene_79,Gene_38
Gene_79,Gene_39
Gene_79,Gene_41
Gene_79,Gene_43
Gene_79,Gene_44
Gene_79,Gene_46
Gene_79,Gene_47
Gene_79,Gene_49
Gene_79,Gene_50
Gene_79,Gene_52
Gene_79,Gene_55
Gene_79,Gene_56
Gene_79,Gene_57
Gene_79,Gene_58
Gene_79,Gene_59
Gene_79,Gene_60
Gene_79,Gene_61
Gene_79,Gene_63
Gene_79,Gene_64
Gene_79,Gene_65
Gene_79,Gene_66
Gene_79,Gene_69
Gene_79,Gene_70
Gene_79,Gene_72
Gene_79,Gene_74
Gene_79,Gene_75
Gene_79,Gene_76
Gene_79,Gene_77
Gene_79,Gene_79
Gene_79,Gene_80
Gene_79,Gene_82
Gene_79,Gene_83
Gene_79,Gene_84
Gene_79,Gene_87
Gene_79,Gene_88
Gene_79,Gene_90
Gene_79,Gene_91
Gene_79,Gene_92
Gene_79,Gene_93
Gene_79,Gene_94
Gene_79,Gene_96
Gene_79,Gene_97
Gene_79,Gene_99
Gene_79,Gene_100
Gene_79,Gene_101
Gene_79,Gene_102
Gene_79,Gene_103
Gene_79,Gene_104
Gene_79,Gene_105
Gene_79,Gene_107
Gene_79,Gene_110
Gene_79,Gene_111
Gene_79,Gene_112
Gene_79,Gene_113
Gene_79,Gene_114
Gene_79,Gene_115
Gene_79,Gene_116
Gene_79,Gene_118
Gene_79,Gene_119
Gene_79,Gene_120
Gene_79,Gene_121
Gene_79,Gene_122
Gene_79,Gene_123
Gene_79,Gene_125
Gene_79,Gene_127
Gene_79,Gene_129
Gene_79,Gene_130
Gene_79,Gene_131
Gene_79,Gene_132
Gene_79,Gene_133
Gene_79,Gene_134
Gene_79,Gene_135
Gene_79,Gene_138
Gene_79,Gene_143
Gene_79,Gene_146
Gene_79,Gene_147
Gene_79,Gene_148
Gene_79,Gene_152
Gene_79,Gene_153
Gene_79,Gene_154
Gene_79,Gene_155
Gene_79,Gene_157
Gene_79,Gene_161
Gene_79,Gene_162
Gene_79,Gene_163
Gene_79,Gene_165
Gene_79,Gene_167
Gene_79,Gene_168
Gene_79,Gene_169
Gene_79,Gene_171
Gene_79,Gene_174
Gene_79,Gene_175
Gene_79,Gene_176
Gene_79,Gene_177
Gene_79,Gene_178
Gene_79,Gene_179
Gene_79,Gene_180
Gene_79,Gene_182
Gene_79,Gene_183
Gene_79,Gene_184
Gene_79,Gene_185
Gene_79,Gene_186
Gene_79,Gene_189
Gene_79,Gene_190
Gene_79,Gene_193
Gene_79,Gene_194
Gene_79,Gene_198
Gene_79,Gene_199
Gene_79,Gene_200
Gene_79,Gene_201
Gene_79,Gene_202
Gene_79,Gene_203
Gene_79,Gene_206
Gene_79,Gene_207
Gene_79,Gene_210
Gene_79,Gene_212
Gene_79,Gene_214
Gene_79,Gene_217
Gene_79,Gene_219
Gene_79,Gene_220
Gene_79,Gene_221
Gene_79,Gene_222
Gene_79,Gene_223
Gene_79,Gene_224
Gene_79,Gene_225
Gene_79,Gene_227
Gene_79,Gene_228
Gene_79,Gene_229
Gene_79,Gene_230
Gene_79,Gene_232
Gene_79,Gene_233
Gene_79,Gene_235
Gene_79,Gene_241
Gene_79,Gene_242
Gene_79,Gene_245
Gene_79,Gene_246
Gene_79,Gene_248
Gene_79,Gene_249
Gene_79,Gene_250
Gene_79,Gene_252
Gene_79,Gene_255
Gene_79,Gene_258
Gene_79,Gene_259
Gene_79,Gene_263
Gene_79,Gene_264
Gene_79,Gene_266
Gene_79,Gene_270
Gene_79,Gene_271
Gene_79,Gene_272
Gene_79,Gene_274
Gene_79,Gene_275
Gene_79,Gene_276
Gene_79,Gene_278
Gene_79,Gene_279
Gene_79,Gene_280
Gene_79,Gene_281
Gene_79,Gene_282
Gene_79,Gene_283
Gene_79,Gene_285
Gene_79,Gene_288
Gene_79,Gene_289
Gene_79,Gene_290
Gene_79,Gene_291
Gene_79,Gene_296
Gene_79,Gene_300
Gene_79,Gene_301
Gene_79,Gene_302
Gene_79,Gene_304
Gene_79,Gene_309
Gene_79,Gene_310
Gene_79,Gene_311
Gene_79,Gene_312
Gene_79,Gene_314
Gene_79,Gene_315
Gene_79,Gene_319
Gene_79,Gene_320
Gene_79,Gene_321
Gene_79,Gene_324
Gene_79,Gene_325
Gene_79,Gene_326
Gene_79,Gene_327
Gene_79,Gene_328
Gene_79,Gene_330
Gene_79,Gene_331
Gene_79,Gene_332
Gene_79,Gene_333
Gene_79,Gene_335
Gene_79,Gene_336
Gene_79,Gene_338
Gene_79,Gene_339
Gene_79,Gene_341
Gene_79,Gene_343
Gene_79,Gene_344
Gene_79,Gene_346
Gene_79,Gene_347
Gene_79,Gene_349
Gene_79,Gene_351
Gene_79,Gene_354
Gene_79,Gene_357
Gene_79,Gene_360
Gene_79,Gene_362
Gene_79,Gene_365
Gene_79,Gene_366
Gene_79,Gene_367
Gene_79,Gene_369
Gene_79,Gene_370
Gene_79,Gene_371
Gene_79,Gene_373
Gene_79,Gene_374
Gene_79,Gene_377
Gene_79,Gene_381
Gene_79,Gene_382
Gene_79,Gene_384
Gene_79,Gene_385
Gene_79,Gene_387
Gene_79,Gene_388
Gene_79,Gene_389
Gene_79,Gene_390
Gene_79,Gene_397
Gene_79,Gene_398
Gene_79,Gene_400
Gene_79,Gene_401
Gene_79,Gene_402
Gene_79,Gene_403
Gene_79,Gene_406
Gene_79,Gene_407
Gene_79,Gene_408
Gene_79,Gene_410
Gene_79,Gene_411
Gene_79,Gene_412
Gene_79,Gene_414
Gene_79,Gene_415
Gene_79,Gene_418
Gene_79,Gene_419
Gene_79,Gene_420
Gene_79,Gene_421
Gene_79,Gene_422
Gene_79,Gene_424
Gene_79,Gene_425
Gene_79,Gene_426
Gene_79,Gene_427
Gene_79,Gene_430
Gene_79,Gene_432
Gene_79,Gene_436
Gene_79,Gene_439
Gene_79,Gene_440
Gene_79,Gene_443
Gene_79,Gene_444
Gene_79,Gene_448
Gene_79,Gene_452
Gene_79,Gene_453
Gene_79,Gene_454
Gene_79,Gene_455
Gene_79,Gene_456
Gene_79,Gene_458
Gene_79,Gene_459
Gene_79,Gene_460
Gene_79,Gene_461
Gene_79,Gene_462
Gene_79,Gene_464
Gene_79,Gene_465
Gene_79,Gene_469
Gene_79,Gene_470
Gene_79,Gene_471
Gene_79,Gene_473
Gene_79,Gene_475
Gene_79,Gene_478
Gene_79,Gene_479
Gene_79,Gene_481
Gene_79,Gene_484
Gene_79,Gene_487
Gene_79,Gene_491
Gene_79,Gene_492
Gene_79,Gene_495
Gene_79,Gene_496
Gene_79,Gene_498
Gene_79,Gene_500
Gene_79,Gene_501
Gene_79,Gene_503
Gene_79,Gene_505
Gene_79,Gene_506
Gene_79,Gene_507
Gene_79,Gene_509
Gene_79,Gene_510
Gene_79,Gene_511
Gene_79,Gene_512
Gene_79,Gene_513
Gene_79,Gene_514
Gene_79,Gene_515
Gene_79,Gene_517
Gene_79,Gene_518
Gene_79,Gene_519
Gene_79,Gene_520
Gene_79,Gene_522
Gene_79,Gene_525
Gene_79,Gene_526
Gene_79,Gene_527
Gene_79,Gene_528
Gene_79,Gene_530
Gene_79,Gene_531
Gene_79,Gene_532
Gene_79,Gene_533
Gene_79,Gene_534
Gene_79,Gene_535
Gene_79,Gene_536
Gene_79,Gene_538
Gene_79,Gene_539
Gene_79,Gene_542
Gene_79,Gene_543
Gene_79,Gene_544
Gene_79,Gene_545
Gene_79,Gene_546
Gene_79,Gene_547
Gene_79,Gene_549
Gene_79,Gene_552
Gene_79,Gene_553
Gene_79,Gene_554
Gene_79,Gene_556
Gene_79,Gene_558
Gene_79,Gene_559
Gene_79,Gene_560
Gene_79,Gene_561
Gene_79,Gene_563
Gene_79,Gene_565
Gene_79,Gene_567
Gene_79,Gene_568
Gene_79,Gene_572
Gene_79,Gene_573
Gene_79,Gene_574
Gene_79,Gene_575
Gene_79,Gene_576
Gene_79,Gene_577
Gene_79,Gene_578
Gene_79,Gene_580
Gene_79,Gene_581
Gene_79,Gene_583
Gene_79,Gene_584
Gene_79,Gene_586
Gene_79,Gene_587
Gene_79,Gene_588
Gene_79,Gene_590
Gene_79,Gene_591
Gene_79,Gene_594
Gene_79,Gene_595
Gene_79,Gene_597
Gene_79,Gene_598
Gene_79,Gene_600
Gene_79,Gene_603
Gene_79,Gene_604
Gene_79,Gene_606
Gene_79,Gene_608
Gene_79,Gene_611
Gene_79,Gene_614
Gene_79,Gene_616
Gene_79,Gene_617
Gene_79,Gene_618
Gene_79,Gene_621
Gene_79,Gene_623
Gene_79,Gene_625
Gene_79,Gene_628
Gene_79,Gene_629
Gene_79,Gene_630
Gene_79,Gene_632
Gene_79,Gene_633
Gene_79,Gene_635
Gene_79,Gene_636
Gene_79,Gene_639
Gene_79,Gene_640
Gene_79,Gene_641
Gene_79,Gene_642
Gene_79,Gene_643
Gene_79,Gene_644
Gene_79,Gene_645
Gene_79,Gene_646
Gene_79,Gene_647
Gene_79,Gene_650
Gene_79,Gene_651
Gene_79,Gene_654
Gene_79,Gene_656
Gene_79,Gene_657
Gene_79,Gene_658
Gene_79,Gene_660
Gene_79,Gene_661
Gene_79,Gene_664
Gene_79,Gene_665
Gene_79,Gene_666
Gene_79,Gene_667
Gene_79,Gene_668
Gene_79,Gene_669
Gene_79,Gene_670
Gene_79,Gene_672
Gene_79,Gene_674
Gene_79,Gene_675
Gene_79,Gene_676
Gene_79,Gene_677
Gene_79,Gene_679
Gene_79,Gene_680
Gene_79,Gene_681
Gene_79,Gene_685
Gene_79,Gene_686
Gene_79,Gene_687
Gene_79,Gene_688
Gene_79,Gene_689
Gene_79,Gene_690
Gene_79,Gene_692
Gene_79,Gene_694
Gene_79,Gene_695
Gene_79,Gene_696
Gene_79,Gene_697
Gene_79,Gene_698
Gene_79,Gene_699
Gene_79,Gene_700
Gene_79,Gene_701
Gene_79,Gene_703
Gene_79,Gene_704
Gene_79,Gene_706
Gene_79,Gene_709
Gene_79,Gene_710
Gene_79,Gene_711
Gene_79,Gene_713
Gene_79,Gene_717
Gene_79,Gene_718
Gene_79,Gene_719
Gene_79,Gene_721
Gene_79,Gene_722
Gene_79,Gene_723
Gene_79,Gene_726
Gene_79,Gene_727
Gene_79,Gene_730
Gene_79,Gene_731
Gene_79,Gene_733
Gene_79,Gene_735
Gene_79,Gene_737
Gene_79,Gene_738
Gene_79,Gene_739
Gene_79,Gene_740
Gene_79,Gene_743
Gene_79,Gene_744
Gene_79,Gene_745
Gene_79,Gene_747
Gene_79,Gene_748
Gene_79,Gene_750
Gene_79,Gene_751
Gene_79,Gene_752
Gene_79,Gene_753
Gene_79,Gene_754
Gene_79,Gene_755
Gene_79,Gene_756
Gene_79,Gene_757
Gene_79,Gene_758
Gene_79,Gene_760
Gene_79,Gene_762
Gene_79,Gene_763
Gene_79,Gene_764
Gene_79,Gene_765
Gene_79,Gene_766
Gene_79,Gene_767
Gene_79,Gene_768
Gene_79,Gene_769
Gene_79,Gene_772
Gene_79,Gene_774
Gene_79,Gene_775
Gene_79,Gene_776
Gene_79,Gene_777
Gene_79,Gene_778
Gene_79,Gene_779
Gene_79,Gene_780
Gene_79,Gene_782
Gene_79,Gene_785
Gene_79,Gene_786
Gene_79,Gene_790
Gene_79,Gene_791
Gene_79,Gene_792
Gene_79,Gene_793
Gene_79,Gene_794
Gene_79,Gene_796
Gene_79,Gene_797
Gene_79,Gene_801
Gene_79,Gene_802
Gene_79,Gene_803
Gene_79,Gene_806
Gene_79,Gene_807
Gene_79,Gene_811
Gene_79,Gene_813
Gene_79,Gene_814
Gene_79,Gene_815
Gene_79,Gene_816
Gene_79,Gene_817
Gene_79,Gene_818
Gene_79,Gene_820
Gene_79,Gene_823
Gene_79,Gene_825
Gene_79,Gene_826
Gene_79,Gene_827
Gene_79,Gene_829
Gene_79,Gene_833
Gene_79,Gene_834
Gene_79,Gene_835
Gene_79,Gene_837
Gene_79,Gene_839
Gene_79,Gene_841
Gene_79,Gene_843
Gene_79,Gene_845
Gene_79,Gene_849
Gene_79,Gene_850
Gene_79,Gene_851
Gene_79,Gene_853
Gene_79,Gene_857
Gene_79,Gene_859
Gene_79,Gene_860
Gene_79,Gene_862
Gene_79,Gene_863
Gene_79,Gene_864
Gene_79,Gene_866
Gene_79,Gene_867
Gene_79,Gene_868
Gene_79,Gene_869
Gene_79,Gene_871
Gene_79,Gene_874
Gene_79,Gene_879
Gene_79,Gene_880
Gene_79,Gene_882
Gene_79,Gene_883
Gene_79,Gene_885
Gene_79,Gene_887
Gene_79,Gene_888
Gene_79,Gene_890
Gene_79,Gene_892
Gene_79,Gene_893
Gene_79,Gene_894
Gene_79,Gene_896
Gene_79,Gene_897
Gene_79,Gene_898
Gene_79,Gene_899
Gene_79,Gene_900
Gene_79,Gene_901
Gene_79,Gene_904
Gene_79,Gene_905
Gene_79,Gene_906
Gene_79,Gene_907
Gene_79,Gene_909
Gene_79,Gene_910
Gene_79,Gene_911
Gene_79,Gene_912
Gene_79,Gene_914
Gene_79,Gene_916
Gene_79,Gene_919
Gene_79,Gene_920
Gene_79,Gene_921
Gene_79,Gene_922
Gene_79,Gene_923
Gene_79,Gene_924
Gene_79,Gene_925
Gene_79,Gene_927
Gene_79,Gene_928
Gene_79,Gene_929
Gene_79,Gene_930
Gene_79,Gene_932
Gene_79,Gene_933
Gene_79,Gene_937
Gene_79,Gene_938
Gene_79,Gene_939
Gene_79,Gene_940
Gene_79,Gene_941
Gene_79,Gene_942
Gene_79,Gene_943
Gene_79,Gene_945
Gene_79,Gene_946
Gene_79,Gene_947
Gene_79,Gene_948
Gene_79,Gene_949
Gene_79,Gene_950
Gene_79,Gene_951
Gene_79,Gene_952
Gene_79,Gene_953
Gene_79,Gene_956
Gene_79,Gene_958
Gene_79,Gene_959
Gene_79,Gene_962
Gene_79,Gene_963
Gene_79,Gene_964
Gene_79,Gene_965
Gene_79,Gene_966
Gene_79,Gene_967
Gene_79,Gene_970
Gene_79,Gene_971
Gene_79,Gene_973
Gene_79,Gene_974
Gene_79,Gene_976
Gene_79,Gene_977
Gene_79,Gene_978
Gene_79,Gene_979
Gene_79,Gene_982
Gene_79,Gene_986
Gene_79,Gene_987
Gene_79,Gene_988
Gene_79,Gene_989
Gene_79,Gene_990
Gene_79,Gene_992
Gene_79,Gene_994
Gene_79,Gene_995
Gene_79,Gene_997
Gene_79,Gene_998
Gene_79,Gene_999
Gene_148,Gene_81
Gene_148,Gene_210
Gene_148,Gene_382
Gene_148,Gene_487
Gene_148,Gene_535
Gene_161,Gene_1
Gene_161,Gene_2
Gene_161,Gene_5
Gene_161,Gene_6
Gene_161,Gene_7
Gene_161,Gene_8
Gene_161,Gene_9
Gene_161,Gene_13
Gene_161,Gene_16
Gene_161,Gene_17
Gene_161,Gene_18
Gene_161,Gene_20
Gene_161,Gene_21
Gene_161,Gene_24
Gene_161,Gene_26
Gene_161,Gene_28
Gene_161,Gene_29
Gene_161,Gene_30
Gene_161,Gene_33
Gene_161,Gene_34
Gene_161,Gene_35
Gene_161,Gene_38
Gene_161,Gene_40
Gene_161,Gene_41
Gene_161,Gene_42
Gene_161,Gene_43
Gene_161,Gene_44
Gene_161,Gene_45
Gene_161,Gene_46
Gene_161,Gene_47
Gene_161,Gene_50
Gene_161,Gene_51
Gene_161,Gene_52
Gene_161,Gene_53
Gene_161,Gene_54
Gene_161,Gene_55
Gene_161,Gene_56
Gene_161,Gene_59
Gene_161,Gene_60
Gene_161,Gene_61
Gene_161,Gene_65
Gene_161,Gene_66
Gene_161,Gene_67
Gene_161,Gene_68
Gene_161,Gene_69
Gene_161,Gene_72
Gene_161,Gene_73
Gene_161,Gene_75
Gene_161,Gene_77
Gene_161,Gene_78
Gene_161,Gene_79
Gene_161,Gene_80
Gene_161,Gene_81
Gene_161,Gene_82
Gene_161,Gene_83
Gene_161,Gene_84
Gene_161,Gene_85
Gene_161,Gene_86
Gene_161,Gene_87
Gene_161,Gene_88
Gene_161,Gene_91
Gene_161,Gene_92
Gene_161,Gene_94
Gene_161,Gene_96
Gene_161,Gene_97
Gene_161,Gene_98
Gene_161,Gene_99
Gene_161,Gene_100
Gene_161,Gene_102
Gene_161,Gene_103
Gene_161,Gene_104
Gene_161,Gene_105
Gene_161,Gene_107
Gene_161,Gene_109
Gene_161,Gene_110
Gene_161,Gene_111
Gene_161,Gene_112
Gene_161,Gene_114
Gene_161,Gene_115
Gene_161,Gene_116
Gene_161,Gene_118
Gene_161,Gene_119
Gene_161,Gene_120
Gene_161,Gene_121
Gene_161,Gene_122
Gene_161,Gene_123
Gene_161,Gene_124
Gene_161,Gene_125
Gene_161,Gene_126
Gene_161,Gene_127
Gene_161,Gene_128
Gene_161,Gene_129
Gene_161,Gene_130
Gene_161,Gene_132
Gene_161,Gene_133
Gene_161,Gene_134
Gene_161,Gene_138
Gene_161,Gene_139
Gene_161,Gene_141
Gene_161,Gene_142
Gene_161,Gene_145
Gene_161,Gene_147
Gene_161,Gene_148
Gene_161,Gene_149
Gene_161,Gene_150
Gene_161,Gene_152
Gene_161,Gene_153
Gene_161,Gene_154
Gene_161,Gene_155
Gene_161,Gene_156
Gene_161,Gene_157
Gene_161,Gene_158
Gene_161,Gene_159
Gene_161,Gene_161
Gene_161,Gene_162
Gene_161,Gene_163
Gene_161,Gene_167
Gene_161,Gene_168
Gene_161,Gene_169
Gene_161,Gene_170
Gene_161,Gene_171
Gene_161,Gene_172
Gene_161,Gene_174
Gene_161,Gene_175
Gene_161,Gene_176
Gene_161,Gene_177
Gene_161,Gene_178
Gene_161,Gene_179
Gene_161,Gene_180
Gene_161,Gene_181
Gene_161,Gene_182
Gene_161,Gene_183
Gene_161,Gene_184
Gene_161,Gene_185
Gene_161,Gene_186
Gene_161,Gene_187
Gene_161,Gene_188
Gene_161,Gene_189
Gene_161,Gene_192
Gene_161,Gene_193
Gene_161,Gene_194
Gene_161,Gene_195
Gene_161,Gene_198
Gene_161,Gene_199
Gene_161,Gene_200
Gene_161,Gene_201
Gene_161,Gene_202
Gene_161,Gene_203
Gene_161,Gene_205
Gene_161,Gene_206
Gene_161,Gene_207
Gene_161,Gene_209
Gene_161,Gene_210
Gene_161,Gene_213
Gene_161,Gene_214
Gene_161,Gene_216
Gene_161,Gene_217
Gene_161,Gene_219
Gene_161,Gene_220
Gene_161,Gene_221
Gene_161,Gene_222
Gene_161,Gene_223
Gene_161,Gene_225
Gene_161,Gene_226
Gene_161,Gene_227
Gene_161,Gene_228
Gene_161,Gene_229
Gene_161,Gene_231
Gene_161,Gene_233
Gene_161,Gene_235
Gene_161,Gene_236
Gene_161,Gene_239
Gene_161,Gene_241
Gene_161,Gene_242
Gene_161,Gene_243
Gene_161,Gene_249
Gene_161,Gene_250
Gene_161,Gene_251
Gene_161,Gene_252
Gene_161,Gene_253
Gene_161,Gene_255
Gene_161,Gene_256
Gene_161,Gene_258
Gene_161,Gene_259
Gene_161,Gene_260
Gene_161,Gene_261
Gene_161,Gene_262
Gene_161,Gene_263
Gene_161,Gene_267
Gene_161,Gene_268
Gene_161,Gene_269
Gene_161,Gene_270
Gene_161,Gene_272
Gene_161,Gene_273
Gene_161,Gene_274
Gene_161,Gene_275
Gene_161,Gene_276
Gene_161,Gene_277
Gene_161,Gene_280
Gene_161,Gene_281
Gene_161,Gene_286
Gene_161,Gene_287
Gene_161,Gene_288
Gene_161,Gene_289
Gene_161,Gene_290
Gene_161,Gene_291
Gene_161,Gene_294
Gene_161,Gene_296
Gene_161,Gene_297
Gene_161,Gene_298
Gene_161,Gene_300
Gene_161,Gene_301
Gene_161,Gene_302
Gene_161,Gene_304
Gene_161,Gene_305
Gene_161,Gene_306
Gene_161,Gene_311
Gene_161,Gene_312
Gene_161,Gene_313
Gene_161,Gene_314
Gene_161,Gene_315
Gene_161,Gene_316
Gene_161,Gene_317
Gene_161,Gene_318
Gene_161,Gene_319
Gene_161,Gene_320
Gene_161,Gene_321
Gene_161,Gene_322
Gene_161,Gene_324
Gene_161,Gene_325
Gene_161,Gene_326
Gene_161,Gene_327
Gene_161,Gene_328
Gene_161,Gene_329
Gene_161,Gene_331
Gene_161,Gene_332
Gene_161,Gene_333
Gene_161,Gene_334
Gene_161,Gene_335
Gene_161,Gene_336
Gene_161,Gene_338
Gene_161,Gene_339
Gene_161,Gene_343
Gene_161,Gene_346
Gene_161,Gene_347
Gene_161,Gene_349
Gene_161,Gene_351
Gene_161,Gene_352
Gene_161,Gene_353
Gene_161,Gene_355
Gene_161,Gene_356
Gene_161,Gene_358
Gene_161,Gene_359
Gene_161,Gene_360
Gene_161,Gene_362
Gene_161,Gene_363
Gene_161,Gene_365
Gene_161,Gene_367
Gene_161,Gene_369
Gene_161,Gene_370
Gene_161,Gene_371
Gene_161,Gene_372
Gene_161,Gene_373
Gene_161,Gene_374
Gene_161,Gene_375
Gene_161,Gene_377
Gene_161,Gene_378
Gene_161,Gene_379
Gene_161,Gene_380
Gene_161,Gene_381
Gene_161,Gene_382
Gene_161,Gene_383
Gene_161,Gene_384
Gene_161,Gene_385
Gene_161,Gene_387
Gene_161,Gene_388
Gene_161,Gene_389
Gene_161,Gene_390
Gene_161,Gene_391
Gene_161,Gene_392
Gene_161,Gene_395
Gene_161,Gene_397
Gene_161,Gene_398
Gene_161,Gene_399
Gene_161,Gene_400
Gene_161,Gene_402
Gene_161,Gene_403
Gene_161,Gene_404
Gene_161,Gene_406
Gene_161,Gene_407
Gene_161,Gene_408
Gene_161,Gene_409
Gene_161,Gene_411
Gene_161,Gene_413
Gene_161,Gene_420
Gene_161,Gene_421
Gene_161,Gene_422
Gene_161,Gene_424
Gene_161,Gene_425
Gene_161,Gene_426
Gene_161,Gene_427
Gene_161,Gene_428
Gene_161,Gene_430
Gene_161,Gene_431
Gene_161,Gene_432
Gene_161,Gene_433
Gene_161,Gene_434
Gene_161,Gene_435
Gene_161,Gene_437
Gene_161,Gene_438
Gene_161,Gene_439
Gene_161,Gene_440
Gene_161,Gene_442
Gene_161,Gene_443
Gene_161,Gene_444
Gene_161,Gene_445
Gene_161,Gene_447
Gene_161,Gene_448
Gene_161,Gene_451
Gene_161,Gene_453
Gene_161,Gene_454
Gene_161,Gene_455
Gene_161,Gene_456
Gene_161,Gene_457
Gene_161,Gene_458
Gene_161,Gene_459
Gene_161,Gene_460
Gene_161,Gene_461
Gene_161,Gene_462
Gene_161,Gene_463
Gene_161,Gene_464
Gene_161,Gene_465
Gene_161,Gene_466
Gene_161,Gene_470
Gene_161,Gene_471
Gene_161,Gene_473
Gene_161,Gene_475
Gene_161,Gene_476
Gene_161,Gene_478
Gene_161,Gene_479
Gene_161,Gene_480
Gene_161,Gene_481
Gene_161,Gene_484
Gene_161,Gene_485
Gene_161,Gene_486
Gene_161,Gene_487
Gene_161,Gene_488
Gene_161,Gene_491
Gene_161,Gene_495
Gene_161,Gene_496
Gene_161,Gene_497
Gene_161,Gene_498
Gene_161,Gene_500
Gene_161,Gene_501
Gene_161,Gene_502
Gene_161,Gene_503
Gene_161,Gene_505
Gene_161,Gene_506
Gene_161,Gene_507
Gene_161,Gene_508
Gene_161,Gene_510
Gene_161,Gene_512
Gene_161,Gene_515
Gene_161,Gene_517
Gene_161,Gene_518
Gene_161,Gene_520
Gene_161,Gene_521
Gene_161,Gene_522
Gene_161,Gene_525
Gene_161,Gene_526
Gene_161,Gene_528
Gene_161,Gene_529
Gene_161,Gene_530
Gene_161,Gene_531
Gene_161,Gene_532
Gene_161,Gene_533
Gene_161,Gene_534
Gene_161,Gene_535
Gene_161,Gene_536
Gene_161,Gene_538
Gene_161,Gene_540
Gene_161,Gene_542
Gene_161,Gene_543
Gene_161,Gene_544
Gene_161,Gene_545
Gene_161,Gene_546
Gene_161,Gene_549
Gene_161,Gene_550
Gene_161,Gene_551
Gene_161,Gene_554
Gene_161,Gene_555
Gene_161,Gene_556
Gene_161,Gene_558
Gene_161,Gene_559
Gene_161,Gene_560
Gene_161,Gene_562
Gene_161,Gene_564
Gene_161,Gene_565
Gene_161,Gene_567
Gene_161,Gene_568
Gene_161,Gene_569
Gene_161,Gene_571
Gene_161,Gene_572
Gene_161,Gene_573
Gene_161,Gene_575
Gene_161,Gene_576
Gene_161,Gene_578
Gene_161,Gene_581
Gene_161,Gene_582
Gene_161,Gene_583
Gene_161,Gene_584
Gene_161,Gene_585
Gene_161,Gene_586
Gene_161,Gene_587
Gene_161,Gene_588
Gene_161,Gene_590
Gene_161,Gene_591
Gene_161,Gene_593
Gene_161,Gene_594
Gene_161,Gene_595
Gene_161,Gene_597
Gene_161,Gene_598
Gene_161,Gene_601
Gene_161,Gene_602
Gene_161,Gene_604
Gene_161,Gene_607
Gene_161,Gene_609
Gene_161,Gene_610
Gene_161,Gene_612
Gene_161,Gene_613
Gene_161,Gene_614
Gene_161,Gene_615
Gene_161,Gene_617
Gene_161,Gene_618
Gene_161,Gene_619
Gene_161,Gene_620
Gene_161,Gene_621
Gene_161,Gene_623
Gene_161,Gene_625
Gene_161,Gene_626
Gene_161,Gene_627
Gene_161,Gene_630
Gene_161,Gene_631
Gene_161,Gene_632
Gene_161,Gene_634
Gene_161,Gene_636
Gene_161,Gene_638
Gene_161,Gene_639
Gene_161,Gene_640
Gene_161,Gene_641
Gene_161,Gene_644
Gene_161,Gene_645
Gene_161,Gene_646
Gene_161,Gene_647
Gene_161,Gene_649
Gene_161,Gene_650
Gene_161,Gene_651
Gene_161,Gene_654
Gene_161,Gene_655
Gene_161,Gene_656
Gene_161,Gene_657
Gene_161,Gene_658
Gene_161,Gene_659
Gene_161,Gene_660
Gene_161,Gene_661
Gene_161,Gene_662
Gene_161,Gene_663
Gene_161,Gene_665
Gene_161,Gene_666
Gene_161,Gene_667
Gene_161,Gene_668
Gene_161,Gene_669
Gene_161,Gene_670
Gene_161,Gene_672
Gene_161,Gene_674
Gene_161,Gene_676
Gene_161,Gene_677
Gene_161,Gene_678
Gene_161,Gene_679
Gene_161,Gene_680
Gene_161,Gene_681
Gene_161,Gene_682
Gene_161,Gene_683
Gene_161,Gene_684
Gene_161,Gene_685
Gene_161,Gene_686
Gene_161,Gene_687
Gene_161,Gene_688
Gene_161,Gene_689
Gene_161,Gene_690
Gene_161,Gene_691
Gene_161,Gene_692
Gene_161,Gene_693
Gene_161,Gene_694
Gene_161,Gene_696
Gene_161,Gene_697
Gene_161,Gene_698
Gene_161,Gene_699
Gene_161,Gene_700
Gene_161,Gene_701
Gene_161,Gene_702
Gene_161,Gene_703
Gene_161,Gene_704
Gene_161,Gene_705
Gene_161,Gene_706
Gene_161,Gene_707
Gene_161,Gene_709
Gene_161,Gene_710
Gene_161,Gene_711
Gene_161,Gene_713
Gene_161,Gene_714
Gene_161,Gene_716
Gene_161,Gene_717
Gene_161,Gene_718
Gene_161,Gene_719
Gene_161,Gene_721
Gene_161,Gene_722
Gene_161,Gene_723
Gene_161,Gene_725
Gene_161,Gene_727
Gene_161,Gene_729
Gene_161,Gene_730
Gene_161,Gene_731
Gene_161,Gene_734
Gene_161,Gene_735
Gene_161,Gene_736
Gene_161,Gene_737
Gene_161,Gene_738
Gene_161,Gene_739
Gene_161,Gene_740
Gene_161,Gene_741
Gene_161,Gene_744
Gene_161,Gene_745
Gene_161,Gene_748
Gene_161,Gene_750
Gene_161,Gene_751
Gene_161,Gene_752
Gene_161,Gene_753
Gene_161,Gene_755
Gene_161,Gene_756
Gene_161,Gene_757
Gene_161,Gene_758
Gene_161,Gene_759
Gene_161,Gene_760
Gene_161,Gene_761
Gene_161,Gene_762
Gene_161,Gene_763
Gene_161,Gene_764
Gene_161,Gene_765
Gene_161,Gene_766
Gene_161,Gene_767
Gene_161,Gene_769
Gene_161,Gene_770
Gene_161,Gene_775
Gene_161,Gene_776
Gene_161,Gene_778
Gene_161,Gene_779
Gene_161,Gene_780
Gene_161,Gene_782
Gene_161,Gene_784
Gene_161,Gene_785
Gene_161,Gene_786
Gene_161,Gene_787
Gene_161,Gene_788
Gene_161,Gene_790
Gene_161,Gene_791
Gene_161,Gene_792
Gene_161,Gene_795
Gene_161,Gene_796
Gene_161,Gene_797
Gene_161,Gene_798
Gene_161,Gene_799
Gene_161,Gene_801
Gene_161,Gene_805
Gene_161,Gene_807
Gene_161,Gene_808
Gene_161,Gene_810
Gene_161,Gene_811
Gene_161,Gene_813
Gene_161,Gene_814
Gene_161,Gene_815
Gene_161,Gene_816
Gene_161,Gene_819
Gene_161,Gene_820
Gene_161,Gene_821
Gene_161,Gene_822
Gene_161,Gene_824
Gene_161,Gene_825
Gene_161,Gene_826
Gene_161,Gene_827
Gene_161,Gene_829
Gene_161,Gene_830
Gene_161,Gene_831
Gene_161,Gene_833
Gene_161,Gene_834
Gene_161,Gene_835
Gene_161,Gene_836
Gene_161,Gene_838
Gene_161,Gene_840
Gene_161,Gene_841
Gene_161,Gene_843
Gene_161,Gene_844
Gene_161,Gene_845
Gene_161,Gene_846
Gene_161,Gene_848
Gene_161,Gene_851
Gene_161,Gene_853
Gene_161,Gene_854
Gene_161,Gene_857
Gene_161,Gene_858
Gene_161,Gene_860
Gene_161,Gene_862
Gene_161,Gene_864
Gene_161,Gene_865
Gene_161,Gene_866
Gene_161,Gene_869
Gene_161,Gene_871
Gene_161,Gene_872
Gene_161,Gene_873
Gene_161,Gene_874
Gene_161,Gene_875
Gene_161,Gene_877
Gene_161,Gene_878
Gene_161,Gene_880
Gene_161,Gene_881
Gene_161,Gene_882
Gene_161,Gene_883
Gene_161,Gene_885
Gene_161,Gene_886
Gene_161,Gene_888
Gene_161,Gene_890
Gene_161,Gene_891
Gene_161,Gene_892
Gene_161,Gene_893
Gene_161,Gene_894
Gene_161,Gene_895
Gene_161,Gene_896
Gene_161,Gene_897
Gene_161,Gene_898
Gene_161,Gene_899
Gene_161,Gene_900
Gene_161,Gene_901
Gene_161,Gene_902
Gene_161,Gene_903
Gene_161,Gene_904
Gene_161,Gene_905
Gene_161,Gene_906
Gene_161,Gene_907
Gene_161,Gene_909
Gene_161,Gene_911
Gene_161,Gene_912
Gene_161,Gene_913
Gene_161,Gene_914
Gene_161,Gene_916
Gene_161,Gene_917
Gene_161,Gene_918
Gene_161,Gene_920
Gene_161,Gene_921
Gene_161,Gene_922
Gene_161,Gene_923
Gene_161,Gene_924
Gene_161,Gene_925
Gene_161,Gene_927
Gene_161,Gene_928
Gene_161,Gene_929
Gene_161,Gene_930
Gene_161,Gene_931
Gene_161,Gene_932
Gene_161,Gene_933
Gene_161,Gene_934
Gene_161,Gene_935
Gene_161,Gene_937
Gene_161,Gene_940
Gene_161,Gene_941
Gene_161,Gene_943
Gene_161,Gene_944
Gene_161,Gene_945
Gene_161,Gene_946
Gene_161,Gene_947
Gene_161,Gene_948
Gene_161,Gene_952
Gene_161,Gene_953
Gene_161,Gene_954
Gene_161,Gene_956
Gene_161,Gene_957
Gene_161,Gene_959
Gene_161,Gene_960
Gene_161,Gene_961
Gene_161,Gene_962
Gene_161,Gene_963
Gene_161,Gene_964
Gene_161,Gene_965
Gene_161,Gene_966
Gene_161,Gene_967
Gene_161,Gene_968
Gene_161,Gene_971
Gene_161,Gene_972
Gene_161,Gene_973
Gene_161,Gene_974
Gene_161,Gene_975
Gene_161,Gene_976
Gene_161,Gene_977
Gene_161,Gene_978
Gene_161,Gene_979
Gene_161,Gene_980
Gene_161,Gene_984
Gene_161,Gene_985
Gene_161,Gene_986
Gene_161,Gene_987
Gene_161,Gene_988
Gene_161,Gene_989
Gene_161,Gene_990
Gene_161,Gene_991
Gene_161,Gene_992
Gene_161,Gene_994
Gene_161,Gene_995
Gene_161,Gene_996
Gene_161,Gene_997
Gene_241,Gene_63
Gene_241,Gene_91
Gene_241,Gene_171
Gene_241,Gene_210
Gene_241,Gene_212
Gene_241,Gene_280
Gene_241,Gene_319
Gene_241,Gene_365
Gene_241,Gene_373
Gene_241,Gene_392
Gene_241,Gene_440
Gene_241,Gene_465
Gene_241,Gene_522
Gene_241,Gene_535
Gene_241,Gene_718
Gene_241,Gene_864
Gene_288,Gene_3
Gene_288,Gene_4
Gene_288,Gene_5
Gene_288,Gene_6
Gene_288,Gene_7
Gene_288,Gene_9
Gene_288,Gene_10
Gene_288,Gene_11
Gene_288,Gene_12
Gene_288,Gene_13
Gene_288,Gene_15
Gene_288,Gene_17
Gene_288,Gene_18
Gene_288,Gene_19
Gene_288,Gene_20
Gene_288,Gene_23
Gene_288,Gene_25
Gene_288,Gene_26
Gene_288,Gene_27
Gene_288,Gene_28
Gene_288,Gene_29
Gene_288,Gene_30
Gene_288,Gene_31
Gene_288,Gene_32
Gene_288,Gene_33
Gene_288,Gene_35
Gene_288,Gene_36
Gene_288,Gene_37
Gene_288,Gene_39
Gene_288,Gene_41
Gene_288,Gene_42
Gene_288,Gene_43
Gene_288,Gene_45
Gene_288,Gene_46
Gene_288,Gene_47
Gene_288,Gene_50
Gene_288,Gene_54
Gene_288,Gene_55
Gene_288,Gene_57
Gene_288,Gene_61
Gene_288,Gene_62
Gene_288,Gene_63
Gene_288,Gene_64
Gene_288,Gene_65
Gene_288,Gene_66
Gene_288,Gene_69
Gene_288,Gene_70
Gene_288,Gene_71
Gene_288,Gene_74
Gene_288,Gene_75
Gene_288,Gene_76
Gene_288,Gene_77
Gene_288,Gene_79
Gene_288,Gene_80
Gene_288,Gene_81
Gene_288,Gene_82
Gene_288,Gene_83
Gene_288,Gene_84
Gene_288,Gene_85
Gene_288,Gene_86
Gene_288,Gene_88
Gene_288,Gene_89
Gene_288,Gene_90
Gene_288,Gene_91
Gene_288,Gene_93
Gene_288,Gene_94
Gene_288,Gene_96
Gene_288,Gene_97
Gene_288,Gene_99
Gene_288,Gene_100
Gene_288,Gene_101
Gene_288,Gene_103
Gene_288,Gene_104
Gene_288,Gene_105
Gene_288,Gene_109
Gene_288,Gene_110
Gene_288,Gene_111
Gene_288,Gene_112
Gene_288,Gene_114
Gene_288,Gene_115
Gene_288,Gene_116
Gene_288,Gene_118
Gene_288,Gene_120
Gene_288,Gene_121
Gene_288,Gene_122
Gene_288,Gene_123
Gene_288,Gene_124
Gene_288,Gene_125
Gene_288,Gene_126
Gene_288,Gene_127
Gene_288,Gene_128
Gene_288,Gene_129
Gene_288,Gene_130
Gene_288,Gene_131
Gene_288,Gene_133
Gene_288,Gene_135
Gene_288,Gene_137
Gene_288,Gene_138
Gene_288,Gene_139
Gene_288,Gene_140
Gene_288,Gene_141
Gene_288,Gene_142
Gene_288,Gene_143
Gene_288,Gene_144
Gene_288,Gene_145
Gene_288,Gene_146
Gene_288,Gene_147
Gene_288,Gene_148
Gene_288,Gene_149
Gene_288,Gene_150
Gene_288,Gene_151
Gene_288,Gene_152
Gene_288,Gene_154
Gene_288,Gene_155
Gene_288,Gene_156
Gene_288,Gene_158
Gene_288,Gene_159
Gene_288,Gene_162
Gene_288,Gene_163
Gene_288,Gene_165
Gene_288,Gene_166
Gene_288,Gene_167
Gene_288,Gene_170
Gene_288,Gene_171
Gene_288,Gene_172
Gene_288,Gene_173
Gene_288,Gene_174
Gene_288,Gene_175
Gene_288,Gene_177
Gene_288,Gene_178
Gene_288,Gene_179
Gene_288,Gene_180
Gene_288,Gene_182
Gene_288,Gene_183
Gene_288,Gene_184
Gene_288,Gene_185
Gene_288,Gene_187
Gene_288,Gene_188
Gene_288,Gene_189
Gene_288,Gene_190
Gene_288,Gene_191
Gene_288,Gene_193
Gene_288,Gene_194
Gene_288,Gene_196
Gene_288,Gene_197
Gene_288,Gene_198
Gene_288,Gene_199
Gene_288,Gene_200
Gene_288,Gene_201
Gene_288,Gene_202
Gene_288,Gene_204
Gene_288,Gene_205
Gene_288,Gene_206
Gene_288,Gene_207
Gene_288,Gene_208
Gene_288,Gene_210
Gene_288,Gene_211
Gene_288,Gene_212
Gene_288,Gene_213
Gene_288,Gene_214
Gene_288,Gene_216
Gene_288,Gene_217
Gene_288,Gene_218
Gene_288,Gene_219
Gene_288,Gene_220
Gene_288,Gene_221
Gene_288,Gene_222
Gene_288,Gene_223
Gene_288,Gene_224
Gene_288,Gene_226
Gene_288,Gene_227
Gene_288,Gene_229
Gene_288,Gene_230
Gene_288,Gene_232
Gene_288,Gene_233
Gene_288,Gene_235
Gene_288,Gene_237
Gene_288,Gene_239
Gene_288,Gene_240
Gene_288,Gene_242
Gene_288,Gene_243
Gene_288,Gene_244
Gene_288,Gene_245
Gene_288,Gene_248
Gene_288,Gene_249
Gene_288,Gene_250
Gene_288,Gene_251
Gene_288,Gene_252
Gene_288,Gene_253
Gene_288,Gene_254
Gene_288,Gene_255
Gene_288,Gene_256
Gene_288,Gene_258
Gene_288,Gene_259
Gene_288,Gene_260
Gene_288,Gene_261
Gene_288,Gene_262
Gene_288,Gene_263
Gene_288,Gene_264
Gene_288,Gene_266
Gene_288,Gene_267
Gene_288,Gene_268
Gene_288,Gene_270
Gene_288,Gene_271
Gene_288,Gene_272
Gene_288,Gene_273
Gene_288,Gene_274
Gene_288,Gene_275
Gene_288,Gene_276
Gene_288,Gene_277
Gene_288,Gene_278
Gene_288,Gene_280
Gene_288,Gene_281
Gene_288,Gene_282
Gene_288,Gene_283
Gene_288,Gene_284
Gene_288,Gene_287
Gene_288,Gene_288
Gene_288,Gene_289
Gene_288,Gene_294
Gene_288,Gene_297
Gene_288,Gene_298
Gene_288,Gene_300
Gene_288,Gene_304
Gene_288,Gene_306
Gene_288,Gene_308
Gene_288,Gene_309
Gene_288,Gene_310
Gene_288,Gene_311
Gene_288,Gene_312
Gene_288,Gene_313
Gene_288,Gene_314
Gene_288,Gene_316
Gene_288,Gene_317
Gene_288,Gene_319
Gene_288,Gene_320
Gene_288,Gene_321
Gene_288,Gene_322
Gene_288,Gene_324
Gene_288,Gene_325
Gene_288,Gene_326
Gene_288,Gene_328
Gene_288,Gene_329
Gene_288,Gene_331
Gene_288,Gene_332
Gene_288,Gene_333
Gene_288,Gene_334
Gene_288,Gene_335
Gene_288,Gene_336
Gene_288,Gene_337
Gene_288,Gene_338
Gene_288,Gene_339
Gene_288,Gene_340
Gene_288,Gene_341
Gene_288,Gene_343
Gene_288,Gene_344
Gene_288,Gene_346
Gene_288,Gene_347
Gene_288,Gene_348
Gene_288,Gene_349
Gene_288,Gene_350
Gene_288,Gene_351
Gene_288,Gene_353
Gene_288,Gene_355
Gene_288,Gene_356
Gene_288,Gene_357
Gene_288,Gene_359
Gene_288,Gene_360
Gene_288,Gene_363
Gene_288,Gene_365
Gene_288,Gene_366
Gene_288,Gene_367
Gene_288,Gene_369
Gene_288,Gene_370
Gene_288,Gene_372
Gene_288,Gene_373
Gene_288,Gene_374
Gene_288,Gene_375
Gene_288,Gene_377
Gene_288,Gene_378
Gene_288,Gene_379
Gene_288,Gene_380
Gene_288,Gene_381
Gene_288,Gene_382
Gene_288,Gene_384
Gene_288,Gene_385
Gene_288,Gene_387
Gene_288,Gene_388
Gene_288,Gene_389
Gene_288,Gene_390
Gene_288,Gene_391
Gene_288,Gene_392
Gene_288,Gene_393
Gene_288,Gene_395
Gene_288,Gene_396
Gene_288,Gene_397
Gene_288,Gene_398
Gene_288,Gene_399
Gene_288,Gene_400
Gene_288,Gene_401
Gene_288,Gene_402
Gene_288,Gene_403
Gene_288,Gene_405
Gene_288,Gene_406
Gene_288,Gene_407
Gene_288,Gene_408
Gene_288,Gene_410
Gene_288,Gene_411
Gene_288,Gene_412
Gene_288,Gene_413
Gene_288,Gene_415
Gene_288,Gene_416
Gene_288,Gene_418
Gene_288,Gene_420
Gene_288,Gene_421
Gene_288,Gene_422
Gene_288,Gene_424
Gene_288,Gene_425
Gene_288,Gene_426
Gene_288,Gene_427
Gene_288,Gene_428
Gene_288,Gene_430
Gene_288,Gene_431
Gene_288,Gene_433
Gene_288,Gene_434
Gene_288,Gene_436
Gene_288,Gene_439
Gene_288,Gene_440
Gene_288,Gene_443
Gene_288,Gene_445
Gene_288,Gene_447
Gene_288,Gene_448
Gene_288,Gene_450
Gene_288,Gene_451
Gene_288,Gene_453
Gene_288,Gene_455
Gene_288,Gene_456
Gene_288,Gene_457
Gene_288,Gene_458
Gene_288,Gene_459
Gene_288,Gene_460
Gene_288,Gene_461
Gene_288,Gene_463
Gene_288,Gene_465
Gene_288,Gene_466
Gene_288,Gene_468
Gene_288,Gene_469
Gene_288,Gene_471
Gene_288,Gene_472
Gene_288,Gene_473
Gene_288,Gene_475
Gene_288,Gene_476
Gene_288,Gene_478
Gene_288,Gene_481
Gene_288,Gene_484
Gene_288,Gene_486
Gene_288,Gene_489
Gene_288,Gene_490
Gene_288,Gene_491
Gene_288,Gene_492
Gene_288,Gene_494
Gene_288,Gene_495
Gene_288,Gene_496
Gene_288,Gene_498
Gene_288,Gene_500
Gene_288,Gene_501
Gene_288,Gene_503
Gene_288,Gene_505
Gene_288,Gene_506
Gene_288,Gene_507
Gene_288,Gene_508
Gene_288,Gene_509
Gene_288,Gene_510
Gene_288,Gene_511
Gene_288,Gene_512
Gene_288,Gene_517
Gene_288,Gene_518
Gene_288,Gene_519
Gene_288,Gene_520
Gene_288,Gene_521
Gene_288,Gene_522
Gene_288,Gene_525
Gene_288,Gene_526
Gene_288,Gene_528
Gene_288,Gene_529
Gene_288,Gene_530
Gene_288,Gene_531
Gene_288,Gene_532
Gene_288,Gene_533
Gene_288,Gene_534
Gene_288,Gene_535
Gene_288,Gene_536
Gene_288,Gene_537
Gene_288,Gene_539
Gene_288,Gene_540
Gene_288,Gene_543
Gene_288,Gene_545
Gene_288,Gene_546
Gene_288,Gene_547
Gene_288,Gene_549
Gene_288,Gene_550
Gene_288,Gene_551
Gene_288,Gene_552
Gene_288,Gene_554
Gene_288,Gene_555
Gene_288,Gene_556
Gene_288,Gene_558
Gene_288,Gene_559
Gene_288,Gene_560
Gene_288,Gene_562
Gene_288,Gene_563
Gene_288,Gene_565
Gene_288,Gene_567
Gene_288,Gene_568
Gene_288,Gene_569
Gene_288,Gene_570
Gene_288,Gene_571
Gene_288,Gene_572
Gene_288,Gene_573
Gene_288,Gene_575
Gene_288,Gene_576
Gene_288,Gene_578
Gene_288,Gene_580
Gene_288,Gene_581
Gene_288,Gene_582
Gene_288,Gene_583
Gene_288,Gene_584
Gene_288,Gene_585
Gene_288,Gene_586
Gene_288,Gene_587
Gene_288,Gene_588
Gene_288,Gene_589
Gene_288,Gene_591
Gene_288,Gene_593
Gene_288,Gene_594
Gene_288,Gene_595
Gene_288,Gene_598
Gene_288,Gene_599
Gene_288,Gene_600
Gene_288,Gene_601
Gene_288,Gene_602
Gene_288,Gene_603
Gene_288,Gene_604
Gene_288,Gene_606
Gene_288,Gene_607
Gene_288,Gene_609
Gene_288,Gene_610
Gene_288,Gene_611
Gene_288,Gene_613
Gene_288,Gene_614
Gene_288,Gene_616
Gene_288,Gene_619
Gene_288,Gene_620
Gene_288,Gene_621
Gene_288,Gene_622
Gene_288,Gene_623
Gene_288,Gene_625
Gene_288,Gene_626
Gene_288,Gene_627
Gene_288,Gene_628
Gene_288,Gene_629
Gene_288,Gene_630
Gene_288,Gene_632
Gene_288,Gene_633
Gene_288,Gene_635
Gene_288,Gene_636
Gene_288,Gene_637
Gene_288,Gene_638
Gene_288,Gene_640
Gene_288,Gene_641
Gene_288,Gene_643
Gene_288,Gene_644
Gene_288,Gene_645
Gene_288,Gene_646
Gene_288,Gene_650
Gene_288,Gene_651
Gene_288,Gene_653
Gene_288,Gene_654
Gene_288,Gene_656
Gene_288,Gene_659
Gene_288,Gene_660
Gene_288,Gene_661
Gene_288,Gene_662
Gene_288,Gene_663
Gene_288,Gene_664
Gene_288,Gene_665
Gene_288,Gene_666
Gene_288,Gene_667
Gene_288,Gene_668
Gene_288,Gene_669
Gene_288,Gene_671
Gene_288,Gene_673
Gene_288,Gene_674
Gene_288,Gene_676
Gene_288,Gene_677
Gene_288,Gene_678
Gene_288,Gene_679
Gene_288,Gene_680
Gene_288,Gene_683
Gene_288,Gene_685
Gene_288,Gene_686
Gene_288,Gene_687
Gene_288,Gene_689
Gene_288,Gene_690
Gene_288,Gene_694
Gene_288,Gene_695
Gene_288,Gene_697
Gene_288,Gene_699
Gene_288,Gene_700
Gene_288,Gene_701
Gene_288,Gene_703
Gene_288,Gene_704
Gene_288,Gene_705
Gene_288,Gene_706
Gene_288,Gene_707
Gene_288,Gene_709
Gene_288,Gene_711
Gene_288,Gene_713
Gene_288,Gene_714
Gene_288,Gene_715
Gene_288,Gene_716
Gene_288,Gene_717
Gene_288,Gene_720
Gene_288,Gene_725
Gene_288,Gene_726
Gene_288,Gene_727
Gene_288,Gene_728
Gene_288,Gene_729
Gene_288,Gene_730
Gene_288,Gene_731
Gene_288,Gene_732
Gene_288,Gene_735
Gene_288,Gene_736
Gene_288,Gene_737
Gene_288,Gene_738
Gene_288,Gene_739
Gene_288,Gene_740
Gene_288,Gene_742
Gene_288,Gene_743
Gene_288,Gene_744
Gene_288,Gene_745
Gene_288,Gene_746
Gene_288,Gene_747
Gene_288,Gene_751
Gene_288,Gene_753
Gene_288,Gene_754
Gene_288,Gene_755
Gene_288,Gene_756
Gene_288,Gene_757
Gene_288,Gene_760
Gene_288,Gene_761
Gene_288,Gene_762
Gene_288,Gene_763
Gene_288,Gene_764
Gene_288,Gene_765
Gene_288,Gene_766
Gene_288,Gene_767
Gene_288,Gene_768
Gene_288,Gene_769
Gene_288,Gene_770
Gene_288,Gene_771
Gene_288,Gene_772
Gene_288,Gene_773
Gene_288,Gene_774
Gene_288,Gene_777
Gene_288,Gene_778
Gene_288,Gene_779
Gene_288,Gene_780
Gene_288,Gene_782
Gene_288,Gene_784
Gene_288,Gene_786
Gene_288,Gene_787
Gene_288,Gene_789
Gene_288,Gene_790
Gene_288,Gene_791
Gene_288,Gene_792
Gene_288,Gene_793
Gene_288,Gene_796
Gene_288,Gene_797
Gene_288,Gene_798
Gene_288,Gene_801
Gene_288,Gene_802
Gene_288,Gene_803
Gene_288,Gene_805
Gene_288,Gene_806
Gene_288,Gene_807
Gene_288,Gene_808
Gene_288,Gene_809
Gene_288,Gene_814
Gene_288,Gene_815
Gene_288,Gene_816
Gene_288,Gene_817
Gene_288,Gene_818
Gene_288,Gene_823
Gene_288,Gene_824
Gene_288,Gene_825
Gene_288,Gene_826
Gene_288,Gene_827
Gene_288,Gene_828
Gene_288,Gene_829
Gene_288,Gene_830
Gene_288,Gene_833
Gene_288,Gene_834
Gene_288,Gene_835
Gene_288,Gene_836
Gene_288,Gene_837
Gene_288,Gene_838
Gene_288,Gene_839
Gene_288,Gene_842
Gene_288,Gene_843
Gene_288,Gene_844
Gene_288,Gene_845
Gene_288,Gene_846
Gene_288,Gene_847
Gene_288,Gene_848
Gene_288,Gene_849
Gene_288,Gene_850
Gene_288,Gene_853
Gene_288,Gene_854
Gene_288,Gene_855
Gene_288,Gene_856
Gene_288,Gene_857
Gene_288,Gene_860
Gene_288,Gene_861
Gene_288,Gene_862
Gene_288,Gene_863
Gene_288,Gene_864
Gene_288,Gene_865
Gene_288,Gene_866
Gene_288,Gene_868
Gene_288,Gene_869
Gene_288,Gene_870
Gene_288,Gene_871
Gene_288,Gene_872
Gene_288,Gene_875
Gene_288,Gene_877
Gene_288,Gene_879
Gene_288,Gene_880
Gene_288,Gene_881
Gene_288,Gene_882
Gene_288,Gene_883
Gene_288,Gene_884
Gene_288,Gene_885
Gene_288,Gene_886
Gene_288,Gene_888
Gene_288,Gene_890
Gene_288,Gene_891
Gene_288,Gene_892
Gene_288,Gene_893
Gene_288,Gene_894
Gene_288,Gene_896
Gene_288,Gene_897
Gene_288,Gene_898
Gene_288,Gene_899
Gene_288,Gene_900
Gene_288,Gene_901
Gene_288,Gene_906
Gene_288,Gene_907
Gene_288,Gene_910
Gene_288,Gene_911
Gene_288,Gene_912
Gene_288,Gene_913
Gene_288,Gene_914
Gene_288,Gene_915
Gene_288,Gene_916
Gene_288,Gene_917
Gene_288,Gene_921
Gene_288,Gene_922
Gene_288,Gene_923
Gene_288,Gene_924
Gene_288,Gene_927
Gene_288,Gene_930
Gene_288,Gene_931
Gene_288,Gene_935
Gene_288,Gene_936
Gene_288,Gene_937
Gene_288,Gene_938
Gene_288,Gene_939
Gene_288,Gene_940
Gene_288,Gene_941
Gene_288,Gene_942
Gene_288,Gene_943
Gene_288,Gene_944
Gene_288,Gene_945
Gene_288,Gene_947
Gene_288,Gene_948
Gene_288,Gene_949
Gene_288,Gene_950
Gene_288,Gene_951
Gene_288,Gene_954
Gene_288,Gene_956
Gene_288,Gene_957
Gene_288,Gene_958
Gene_288,Gene_963
Gene_288,Gene_964
Gene_288,Gene_965
Gene_288,Gene_966
Gene_288,Gene_967
Gene_288,Gene_968
Gene_288,Gene_970
Gene_288,Gene_971
Gene_288,Gene_973
Gene_288,Gene_974
Gene_288,Gene_976
Gene_288,Gene_977
Gene_288,Gene_978
Gene_288,Gene_979
Gene_288,Gene_980
Gene_288,Gene_982
Gene_288,Gene_983
Gene_288,Gene_985
Gene_288,Gene_987
Gene_288,Gene_988
Gene_288,Gene_989
Gene_288,Gene_991
Gene_288,Gene_992
Gene_288,Gene_993
Gene_288,Gene_994
Gene_288,Gene_995
Gene_288,Gene_996
Gene_288,Gene_997
Gene_288,Gene_998
Gene_322,Gene_0
Gene_322,Gene_2
Gene_322,Gene_6
Gene_322,Gene_7
Gene_322,Gene_8
Gene_322,Gene_10
Gene_322,Gene_13
Gene_322,Gene_15
Gene_322,Gene_16
Gene_322,Gene_17
Gene_322,Gene_18
Gene_322,Gene_22
Gene_322,Gene_23
Gene_322,Gene_24
Gene_322,Gene_25
Gene_322,Gene_27
Gene_322,Gene_28
Gene_322,Gene_29
Gene_322,Gene_30
Gene_322,Gene_32
Gene_322,Gene_33
Gene_322,Gene_35
Gene_322,Gene_36
Gene_322,Gene_37
Gene_322,Gene_39
Gene_322,Gene_40
Gene_322,Gene_41
Gene_322,Gene_43
Gene_322,Gene_45
Gene_322,Gene_46
Gene_322,Gene_52
Gene_322,Gene_53
Gene_322,Gene_55
Gene_322,Gene_56
Gene_322,Gene_57
Gene_322,Gene_58
Gene_322,Gene_59
Gene_322,Gene_60
Gene_322,Gene_61
Gene_322,Gene_64
Gene_322,Gene_65
Gene_322,Gene_66
Gene_322,Gene_67
Gene_322,Gene_68
Gene_322,Gene_71
Gene_322,Gene_72
Gene_322,Gene_74
Gene_322,Gene_75
Gene_322,Gene_76
Gene_322,Gene_77
Gene_322,Gene_78
Gene_322,Gene_79
Gene_322,Gene_80
Gene_322,Gene_81
Gene_322,Gene_82
Gene_322,Gene_83
Gene_322,Gene_84
Gene_322,Gene_85
Gene_322,Gene_86
Gene_322,Gene_87
Gene_322,Gene_88
Gene_322,Gene_89
Gene_322,Gene_90
Gene_322,Gene_91
Gene_322,Gene_92
Gene_322,Gene_93
Gene_322,Gene_94
Gene_322,Gene_95
Gene_322,Gene_97
Gene_322,Gene_98
Gene_322,Gene_99
Gene_322,Gene_100
Gene_322,Gene_101
Gene_322,Gene_102
Gene_322,Gene_103
Gene_322,Gene_104
Gene_322,Gene_105
Gene_322,Gene_109
Gene_322,Gene_110
Gene_322,Gene_111
Gene_322,Gene_112
Gene_322,Gene_113
Gene_322,Gene_114
Gene_322,Gene_115
Gene_322,Gene_116
Gene_322,Gene_118
Gene_322,Gene_120
Gene_322,Gene_121
Gene_322,Gene_122
Gene_322,Gene_123
Gene_322,Gene_124
Gene_322,Gene_125
Gene_322,Gene_126
Gene_322,Gene_127
Gene_322,Gene_128
Gene_322,Gene_129
Gene_322,Gene_130
Gene_322,Gene_131
Gene_322,Gene_132
Gene_322,Gene_133
Gene_322,Gene_134
Gene_322,Gene_135
Gene_322,Gene_138
Gene_322,Gene_139
Gene_322,Gene_140
Gene_322,Gene_141
Gene_322,Gene_142
Gene_322,Gene_143
Gene_322,Gene_145
Gene_322,Gene_147
Gene_322,Gene_148
Gene_322,Gene_149
Gene_322,Gene_151
Gene_322,Gene_152
Gene_322,Gene_153
Gene_322,Gene_154
Gene_322,Gene_156
Gene_322,Gene_157
Gene_322,Gene_159
Gene_322,Gene_161
Gene_322,Gene_162
Gene_322,Gene_163
Gene_322,Gene_164
Gene_322,Gene_166
Gene_322,Gene_167
Gene_322,Gene_169
Gene_322,Gene_170
Gene_322,Gene_171
Gene_322,Gene_173
Gene_322,Gene_174
Gene_322,Gene_175
Gene_322,Gene_176
Gene_322,Gene_177
Gene_322,Gene_178
Gene_322,Gene_180
Gene_322,Gene_182
Gene_322,Gene_183
Gene_322,Gene_184
Gene_322,Gene_187
Gene_322,Gene_189
Gene_322,Gene_193
Gene_322,Gene_194
Gene_322,Gene_195
Gene_322,Gene_196
Gene_322,Gene_199
Gene_322,Gene_200
Gene_322,Gene_201
Gene_322,Gene_202
Gene_322,Gene_203
Gene_322,Gene_205
Gene_322,Gene_206
Gene_322,Gene_207
Gene_322,Gene_208
Gene_322,Gene_209
Gene_322,Gene_211
Gene_322,Gene_212
Gene_322,Gene_213
Gene_322,Gene_214
Gene_322,Gene_217
Gene_322,Gene_218
Gene_322,Gene_219
Gene_322,Gene_220
Gene_322,Gene_221
Gene_322,Gene_222
Gene_322,Gene_223
Gene_322,Gene_224
Gene_322,Gene_225
Gene_322,Gene_226
Gene_322,Gene_228
Gene_322,Gene_229
Gene_322,Gene_230
Gene_322,Gene_232
Gene_322,Gene_233
Gene_322,Gene_235
Gene_322,Gene_237
Gene_322,Gene_239
Gene_322,Gene_241
Gene_322,Gene_242
Gene_322,Gene_243
Gene_322,Gene_244
Gene_322,Gene_245
Gene_322,Gene_248
Gene_322,Gene_249
Gene_322,Gene_251
Gene_322,Gene_252
Gene_322,Gene_253
Gene_322,Gene_254
Gene_322,Gene_255
Gene_322,Gene_257
Gene_322,Gene_260
Gene_322,Gene_261
Gene_322,Gene_262
Gene_322,Gene_264
Gene_322,Gene_266
Gene_322,Gene_267
Gene_322,Gene_268
Gene_322,Gene_269
Gene_322,Gene_270
Gene_322,Gene_271
Gene_322,Gene_272
Gene_322,Gene_273
Gene_322,Gene_274
Gene_322,Gene_275
Gene_322,Gene_276
Gene_322,Gene_277
Gene_322,Gene_278
Gene_322,Gene_279
Gene_322,Gene_280
Gene_322,Gene_281
Gene_322,Gene_282
Gene_322,Gene_284
Gene_322,Gene_286
Gene_322,Gene_287
Gene_322,Gene_288
Gene_322,Gene_289
Gene_322,Gene_290
Gene_322,Gene_294
Gene_322,Gene_295
Gene_322,Gene_296
Gene_322,Gene_297
Gene_322,Gene_298
Gene_322,Gene_300
Gene_322,Gene_301
Gene_322,Gene_302
Gene_322,Gene_303
Gene_322,Gene_304
Gene_322,Gene_309
Gene_322,Gene_311
Gene_322,Gene_312
Gene_322,Gene_313
Gene_322,Gene_315
Gene_322,Gene_316
Gene_322,Gene_317
Gene_322,Gene_318
Gene_322,Gene_319
Gene_322,Gene_321
Gene_322,Gene_322
Gene_322,Gene_324
Gene_322,Gene_325
Gene_322,Gene_326
Gene_322,Gene_328
Gene_322,Gene_329
Gene_322,Gene_330
Gene_322,Gene_332
Gene_322,Gene_333
Gene_322,Gene_334
Gene_322,Gene_335
Gene_322,Gene_336
Gene_322,Gene_337
Gene_322,Gene_338
Gene_322,Gene_339
Gene_322,Gene_340
Gene_322,Gene_341
Gene_322,Gene_343
Gene_322,Gene_344
Gene_322,Gene_346
Gene_322,Gene_347
Gene_322,Gene_348
Gene_322,Gene_349
Gene_322,Gene_352
Gene_322,Gene_353
Gene_322,Gene_354
Gene_322,Gene_355
Gene_322,Gene_356
Gene_322,Gene_357
Gene_322,Gene_358
Gene_322,Gene_359
Gene_322,Gene_360
Gene_322,Gene_361
Gene_322,Gene_362
Gene_322,Gene_363
Gene_322,Gene_365
Gene_322,Gene_366
Gene_322,Gene_368
Gene_322,Gene_369
Gene_322,Gene_370
Gene_322,Gene_372
Gene_322,Gene_373
Gene_322,Gene_374
Gene_322,Gene_375
Gene_322,Gene_377
Gene_322,Gene_378
Gene_322,Gene_381
Gene_322,Gene_382
Gene_322,Gene_384
Gene_322,Gene_386
Gene_322,Gene_387
Gene_322,Gene_388
Gene_322,Gene_389
Gene_322,Gene_390
Gene_322,Gene_391
Gene_322,Gene_392
Gene_322,Gene_393
Gene_322,Gene_395
Gene_322,Gene_396
Gene_322,Gene_397
Gene_322,Gene_399
Gene_322,Gene_400
Gene_322,Gene_402
Gene_322,Gene_403
Gene_322,Gene_404
Gene_322,Gene_405
Gene_322,Gene_406
Gene_322,Gene_407
Gene_322,Gene_410
Gene_322,Gene_411
Gene_322,Gene_412
Gene_322,Gene_413
Gene_322,Gene_414
Gene_322,Gene_415
Gene_322,Gene_416
Gene_322,Gene_417
Gene_322,Gene_418
Gene_322,Gene_419
Gene_322,Gene_420
Gene_322,Gene_421
Gene_322,Gene_424
Gene_322,Gene_425
Gene_322,Gene_426
Gene_322,Gene_427
Gene_322,Gene_431
Gene_322,Gene_432
Gene_322,Gene_434
Gene_322,Gene_435
Gene_322,Gene_436
Gene_322,Gene_437
Gene_322,Gene_439
Gene_322,Gene_440
Gene_322,Gene_443
Gene_322,Gene_444
Gene_322,Gene_445
Gene_322,Gene_447
Gene_322,Gene_451
Gene_322,Gene_453
Gene_322,Gene_454
Gene_322,Gene_455
Gene_322,Gene_456
Gene_322,Gene_457
Gene_322,Gene_460
Gene_322,Gene_461
Gene_322,Gene_462
Gene_322,Gene_463
Gene_322,Gene_464
Gene_322,Gene_465
Gene_322,Gene_466
Gene_322,Gene_469
Gene_322,Gene_470
Gene_322,Gene_471
Gene_322,Gene_472
Gene_322,Gene_473
Gene_322,Gene_476
Gene_322,Gene_477
Gene_322,Gene_478
Gene_322,Gene_479
Gene_322,Gene_480
Gene_322,Gene_481
Gene_322,Gene_484
Gene_322,Gene_485
Gene_322,Gene_486
Gene_322,Gene_487
Gene_322,Gene_489
Gene_322,Gene_491
Gene_322,Gene_492
Gene_322,Gene_495
Gene_322,Gene_496
Gene_322,Gene_500
Gene_322,Gene_502
Gene_322,Gene_503
Gene_322,Gene_505
Gene_322,Gene_508
Gene_322,Gene_509
Gene_322,Gene_510
Gene_322,Gene_512
Gene_322,Gene_514
Gene_322,Gene_515
Gene_322,Gene_517
Gene_322,Gene_518
Gene_322,Gene_519
Gene_322,Gene_520
Gene_322,Gene_521
Gene_322,Gene_522
Gene_322,Gene_525
Gene_322,Gene_526
Gene_322,Gene_527
Gene_322,Gene_528
Gene_322,Gene_529
Gene_322,Gene_530
Gene_322,Gene_531
Gene_322,Gene_532
Gene_322,Gene_533
Gene_322,Gene_534
Gene_322,Gene_536
Gene_322,Gene_537
Gene_322,Gene_538
Gene_322,Gene_543
Gene_322,Gene_544
Gene_322,Gene_550
Gene_322,Gene_551
Gene_322,Gene_552
Gene_322,Gene_553
Gene_322,Gene_554
Gene_322,Gene_555
Gene_322,Gene_556
Gene_322,Gene_558
Gene_322,Gene_560
Gene_322,Gene_561
Gene_322,Gene_563
Gene_322,Gene_565
Gene_322,Gene_567
Gene_322,Gene_569
Gene_322,Gene_570
Gene_322,Gene_571
Gene_322,Gene_572
Gene_322,Gene_574
Gene_322,Gene_576
Gene_322,Gene_577
Gene_322,Gene_578
Gene_322,Gene_579
Gene_322,Gene_580
Gene_322,Gene_581
Gene_322,Gene_582
Gene_322,Gene_584
Gene_322,Gene_585
Gene_322,Gene_586
Gene_322,Gene_587
Gene_322,Gene_588
Gene_322,Gene_590
Gene_322,Gene_591
Gene_322,Gene_594
Gene_322,Gene_596
Gene_322,Gene_599
Gene_322,Gene_602
Gene_322,Gene_603
Gene_322,Gene_604
Gene_322,Gene_606
Gene_322,Gene_608
Gene_322,Gene_609
Gene_322,Gene_610
Gene_322,Gene_611
Gene_322,Gene_612
Gene_322,Gene_613
Gene_322,Gene_614
Gene_322,Gene_615
Gene_322,Gene_616
Gene_322,Gene_617
Gene_322,Gene_618
Gene_322,Gene_620
Gene_322,Gene_621
Gene_322,Gene_622
Gene_322,Gene_625
Gene_322,Gene_628
Gene_322,Gene_629
Gene_322,Gene_631
Gene_322,Gene_633
Gene_322,Gene_635
Gene_322,Gene_636
Gene_322,Gene_638
Gene_322,Gene_640
Gene_322,Gene_641
Gene_322,Gene_642
Gene_322,Gene_643
Gene_322,Gene_644
Gene_322,Gene_645
Gene_322,Gene_646
Gene_322,Gene_651
Gene_322,Gene_652
Gene_322,Gene_653
Gene_322,Gene_654
Gene_322,Gene_656
Gene_322,Gene_657
Gene_322,Gene_659
Gene_322,Gene_661
Gene_322,Gene_662
Gene_322,Gene_663
Gene_322,Gene_664
Gene_322,Gene_665
Gene_322,Gene_666
Gene_322,Gene_667
Gene_322,Gene_668
Gene_322,Gene_669
Gene_322,Gene_670
Gene_322,Gene_672
Gene_322,Gene_674
Gene_322,Gene_675
Gene_322,Gene_677
Gene_322,Gene_678
Gene_322,Gene_679
Gene_322,Gene_680
Gene_322,Gene_681
Gene_322,Gene_682
Gene_322,Gene_683
Gene_322,Gene_685
Gene_322,Gene_686
Gene_322,Gene_687
Gene_322,Gene_688
Gene_322,Gene_689
Gene_322,Gene_690
Gene_322,Gene_691
Gene_322,Gene_692
Gene_322,Gene_693
Gene_322,Gene_694
Gene_322,Gene_696
Gene_322,Gene_697
Gene_322,Gene_698
Gene_322,Gene_699
Gene_322,Gene_700
Gene_322,Gene_701
Gene_322,Gene_702
Gene_322,Gene_704
Gene_322,Gene_705
Gene_322,Gene_706
Gene_322,Gene_709
Gene_322,Gene_710
Gene_322,Gene_711
Gene_322,Gene_712
Gene_322,Gene_713
Gene_322,Gene_714
Gene_322,Gene_715
Gene_322,Gene_716
Gene_322,Gene_719
Gene_322,Gene_720
Gene_322,Gene_722
Gene_322,Gene_725
Gene_322,Gene_726
Gene_322,Gene_727
Gene_322,Gene_728
Gene_322,Gene_729
Gene_322,Gene_730
Gene_322,Gene_731
Gene_322,Gene_733
Gene_322,Gene_734
Gene_322,Gene_735
Gene_322,Gene_736
Gene_322,Gene_741
Gene_322,Gene_742
Gene_322,Gene_743
Gene_322,Gene_745
Gene_322,Gene_747
Gene_322,Gene_750
Gene_322,Gene_752
Gene_322,Gene_753
Gene_322,Gene_754
Gene_322,Gene_755
Gene_322,Gene_757
Gene_322,Gene_759
Gene_322,Gene_760
Gene_322,Gene_761
Gene_322,Gene_762
Gene_322,Gene_763
Gene_322,Gene_765
Gene_322,Gene_768
Gene_322,Gene_769
Gene_322,Gene_772
Gene_322,Gene_773
Gene_322,Gene_774
Gene_322,Gene_775
Gene_322,Gene_777
Gene_322,Gene_778
Gene_322,Gene_779
Gene_322,Gene_780
Gene_322,Gene_782
Gene_322,Gene_784
Gene_322,Gene_785
Gene_322,Gene_786
Gene_322,Gene_787
Gene_322,Gene_788
Gene_322,Gene_789
Gene_322,Gene_790
Gene_322,Gene_791
Gene_322,Gene_792
Gene_322,Gene_793
Gene_322,Gene_794
Gene_322,Gene_795
Gene_322,Gene_796
Gene_322,Gene_797
Gene_322,Gene_798
Gene_322,Gene_802
Gene_322,Gene_803
Gene_322,Gene_805
Gene_322,Gene_806
Gene_322,Gene_807
Gene_322,Gene_808
Gene_322,Gene_809
Gene_322,Gene_810
Gene_322,Gene_811
Gene_322,Gene_813
Gene_322,Gene_814
Gene_322,Gene_815
Gene_322,Gene_816
Gene_322,Gene_817
Gene_322,Gene_818
Gene_322,Gene_820
Gene_322,Gene_823
Gene_322,Gene_825
Gene_322,Gene_826
Gene_322,Gene_828
Gene_322,Gene_829
Gene_322,Gene_830
Gene_322,Gene_831
Gene_322,Gene_833
Gene_322,Gene_834
Gene_322,Gene_835
Gene_322,Gene_836
Gene_322,Gene_837
Gene_322,Gene_838
Gene_322,Gene_839
Gene_322,Gene_840
Gene_322,Gene_841
Gene_322,Gene_844
Gene_322,Gene_845
Gene_322,Gene_846
Gene_322,Gene_847
Gene_322,Gene_848
Gene_322,Gene_849
Gene_322,Gene_851
Gene_322,Gene_854
Gene_322,Gene_855
Gene_322,Gene_856
Gene_322,Gene_857
Gene_322,Gene_858
Gene_322,Gene_859
Gene_322,Gene_860
Gene_322,Gene_861
Gene_322,Gene_862
Gene_322,Gene_863
Gene_322,Gene_864
Gene_322,Gene_865
Gene_322,Gene_866
Gene_322,Gene_867
Gene_322,Gene_868
Gene_322,Gene_870
Gene_322,Gene_871
Gene_322,Gene_872
Gene_322,Gene_873
Gene_322,Gene_875
Gene_322,Gene_876
Gene_322,Gene_877
Gene_322,Gene_878
Gene_322,Gene_879
Gene_322,Gene_881
Gene_322,Gene_882
Gene_322,Gene_883
Gene_322,Gene_884
Gene_322,Gene_885
Gene_322,Gene_887
Gene_322,Gene_888
Gene_322,Gene_891
Gene_322,Gene_893
Gene_322,Gene_894
Gene_322,Gene_895
Gene_322,Gene_896
Gene_322,Gene_897
Gene_322,Gene_899
Gene_322,Gene_900
Gene_322,Gene_901
Gene_322,Gene_902
Gene_322,Gene_904
Gene_322,Gene_905
Gene_322,Gene_907
Gene_322,Gene_908
Gene_322,Gene_909
Gene_322,Gene_910
Gene_322,Gene_911
Gene_322,Gene_912
Gene_322,Gene_913
Gene_322,Gene_914
Gene_322,Gene_915
Gene_322,Gene_917
Gene_322,Gene_918
Gene_322,Gene_920
Gene_322,Gene_921
Gene_322,Gene_922
Gene_322,Gene_924
Gene_322,Gene_925
Gene_322,Gene_927
Gene_322,Gene_928
Gene_322,Gene_929
Gene_322,Gene_930
Gene_322,Gene_933
Gene_322,Gene_935
Gene_322,Gene_937
Gene_322,Gene_938
Gene_322,Gene_941
Gene_322,Gene_942
Gene_322,Gene_945
Gene_322,Gene_948
Gene_322,Gene_949
Gene_322,Gene_950
Gene_322,Gene_953
Gene_322,Gene_954
Gene_322,Gene_956
Gene_322,Gene_958
Gene_322,Gene_959
Gene_322,Gene_960
Gene_322,Gene_962
Gene_322,Gene_965
Gene_322,Gene_968
Gene_322,Gene_970
Gene_322,Gene_971
Gene_322,Gene_972
Gene_322,Gene_974
Gene_322,Gene_976
Gene_322,Gene_977
Gene_322,Gene_978
Gene_322,Gene_979
Gene_322,Gene_980
Gene_322,Gene_982
Gene_322,Gene_983
Gene_322,Gene_984
Gene_322,Gene_986
Gene_322,Gene_987
Gene_322,Gene_989
Gene_322,Gene_990
Gene_322,Gene_991
Gene_322,Gene_992
Gene_322,Gene_993
Gene_322,Gene_994
Gene_322,Gene_995
Gene_322,Gene_996
Gene_322,Gene_997
Gene_322,Gene_999
Gene_475,Gene_2
Gene_475,Gene_6
Gene_475,Gene_8
Gene_475,Gene_9
Gene_475,Gene_10
Gene_475,Gene_11
Gene_475,Gene_12
Gene_475,Gene_17
Gene_475,Gene_18
Gene_475,Gene_27
Gene_475,Gene_33
Gene_475,Gene_39
Gene_475,Gene_46
Gene_475,Gene_47
Gene_475,Gene_50
Gene_475,Gene_52
Gene_475,Gene_53
Gene_475,Gene_54
Gene_475,Gene_55
Gene_475,Gene_58
Gene_475,Gene_65
Gene_475,Gene_66
Gene_475,Gene_79
Gene_475,Gene_82
Gene_475,Gene_85
Gene_475,Gene_87
Gene_475,Gene_92
Gene_475,Gene_100
Gene_475,Gene_104
Gene_475,Gene_105
Gene_475,Gene_109
Gene_475,Gene_110
Gene_475,Gene_113
Gene_475,Gene_116
Gene_475,Gene_118
Gene_475,Gene_119
Gene_475,Gene_120
Gene_475,Gene_121
Gene_475,Gene_123
Gene_475,Gene_124
Gene_475,Gene_125
Gene_475,Gene_129
Gene_475,Gene_130
Gene_475,Gene_133
Gene_475,Gene_137
Gene_475,Gene_138
Gene_475,Gene_139
Gene_475,Gene_142
Gene_475,Gene_150
Gene_475,Gene_152
Gene_475,Gene_158
Gene_475,Gene_159
Gene_475,Gene_171
Gene_475,Gene_172
Gene_475,Gene_175
Gene_475,Gene_178
Gene_475,Gene_180
Gene_475,Gene_182
Gene_475,Gene_183
Gene_475,Gene_184
Gene_475,Gene_188
Gene_475,Gene_189
Gene_475,Gene_190
Gene_475,Gene_193
Gene_475,Gene_206
Gene_475,Gene_212
Gene_475,Gene_217
Gene_475,Gene_220
Gene_475,Gene_221
Gene_475,Gene_223
Gene_475,Gene_225
Gene_475,Gene_228
Gene_475,Gene_232
Gene_475,Gene_235
Gene_475,Gene_242
Gene_475,Gene_246
Gene_475,Gene_248
Gene_475,Gene_250
Gene_475,Gene_254
Gene_475,Gene_260
Gene_475,Gene_263
Gene_475,Gene_266
Gene_475,Gene_270
Gene_475,Gene_272
Gene_475,Gene_274
Gene_475,Gene_275
Gene_475,Gene_276
Gene_475,Gene_277
Gene_475,Gene_279
Gene_475,Gene_281
Gene_475,Gene_282
Gene_475,Gene_284
Gene_475,Gene_288
Gene_475,Gene_289
Gene_475,Gene_290
Gene_475,Gene_296
Gene_475,Gene_298
Gene_475,Gene_302
Gene_475,Gene_303
Gene_475,Gene_308
Gene_475,Gene_309
Gene_475,Gene_313
Gene_475,Gene_315
Gene_475,Gene_317
Gene_475,Gene_318
Gene_475,Gene_319
Gene_475,Gene_322
Gene_475,Gene_330
Gene_475,Gene_331
Gene_475,Gene_334
Gene_475,Gene_335
Gene_475,Gene_337
Gene_475,Gene_340
Gene_475,Gene_342
Gene_475,Gene_344
Gene_475,Gene_351
Gene_475,Gene_361
Gene_475,Gene_366
Gene_475,Gene_369
Gene_475,Gene_377
Gene_475,Gene_379
Gene_475,Gene_382
Gene_475,Gene_384
Gene_475,Gene_385
Gene_475,Gene_388
Gene_475,Gene_391
Gene_475,Gene_398
Gene_475,Gene_403
Gene_475,Gene_404
Gene_475,Gene_406
Gene_475,Gene_407
Gene_475,Gene_408
Gene_475,Gene_412
Gene_475,Gene_419
Gene_475,Gene_420
Gene_475,Gene_426
Gene_475,Gene_430
Gene_475,Gene_432
Gene_475,Gene_437
Gene_475,Gene_440
Gene_475,Gene_441
Gene_475,Gene_447
Gene_475,Gene_453
Gene_475,Gene_460
Gene_475,Gene_465
Gene_475,Gene_468
Gene_475,Gene_469
Gene_475,Gene_470
Gene_475,Gene_473
Gene_475,Gene_475
Gene_475,Gene_484
Gene_475,Gene_487
Gene_475,Gene_489
Gene_475,Gene_490
Gene_475,Gene_495
Gene_475,Gene_496
Gene_475,Gene_500
Gene_475,Gene_501
Gene_475,Gene_506
Gene_475,Gene_510
Gene_475,Gene_525
Gene_475,Gene_529
Gene_475,Gene_530
Gene_475,Gene_531
Gene_475,Gene_533
Gene_475,Gene_535
Gene_475,Gene_542
Gene_475,Gene_544
Gene_475,Gene_545
Gene_475,Gene_546
Gene_475,Gene_547
Gene_475,Gene_553
Gene_475,Gene_554
Gene_475,Gene_558
Gene_475,Gene_561
Gene_475,Gene_567
Gene_475,Gene_568
Gene_475,Gene_574
Gene_475,Gene_577
Gene_475,Gene_578
Gene_475,Gene_582
Gene_475,Gene_586
Gene_475,Gene_588
Gene_475,Gene_593
Gene_475,Gene_595
Gene_475,Gene_597
Gene_475,Gene_598
Gene_475,Gene_599
Gene_475,Gene_602
Gene_475,Gene_604
Gene_475,Gene_606
Gene_475,Gene_608
Gene_475,Gene_611
Gene_475,Gene_615
Gene_475,Gene_616
Gene_475,Gene_620
Gene_475,Gene_621
Gene_475,Gene_622
Gene_475,Gene_623
Gene_475,Gene_625
Gene_475,Gene_633
Gene_475,Gene_634
Gene_475,Gene_638
Gene_475,Gene_642
Gene_475,Gene_647
Gene_475,Gene_650
Gene_475,Gene_651
Gene_475,Gene_656
Gene_475,Gene_657
Gene_475,Gene_659
Gene_475,Gene_661
Gene_475,Gene_666
Gene_475,Gene_667
Gene_475,Gene_676
Gene_475,Gene_677
Gene_475,Gene_678
Gene_475,Gene_679
Gene_475,Gene_680
Gene_475,Gene_688
Gene_475,Gene_692
Gene_475,Gene_699
Gene_475,Gene_701
Gene_475,Gene_703
Gene_475,Gene_706
Gene_475,Gene_707
Gene_475,Gene_711
Gene_475,Gene_713
Gene_475,Gene_715
Gene_475,Gene_719
Gene_475,Gene_723
Gene_475,Gene_728
Gene_475,Gene_732
Gene_475,Gene_733
Gene_475,Gene_735
Gene_475,Gene_737
Gene_475,Gene_738
Gene_475,Gene_740
Gene_475,Gene_745
Gene_475,Gene_747
Gene_475,Gene_748
Gene_475,Gene_750
Gene_475,Gene_755
Gene_475,Gene_756
Gene_475,Gene_757
Gene_475,Gene_761
Gene_475,Gene_762
Gene_475,Gene_765
Gene_475,Gene_769
Gene_475,Gene_774
Gene_475,Gene_775
Gene_475,Gene_779
Gene_475,Gene_782
Gene_475,Gene_784
Gene_475,Gene_785
Gene_475,Gene_786
Gene_475,Gene_787
Gene_475,Gene_790
Gene_475,Gene_791
Gene_475,Gene_796
Gene_475,Gene_802
Gene_475,Gene_803
Gene_475,Gene_806
Gene_475,Gene_814
Gene_475,Gene_825
Gene_475,Gene_827
Gene_475,Gene_829
Gene_475,Gene_830
Gene_475,Gene_833
Gene_475,Gene_837
Gene_475,Gene_839
Gene_475,Gene_844
Gene_475,Gene_847
Gene_475,Gene_853
Gene_475,Gene_864
Gene_475,Gene_868
Gene_475,Gene_871
Gene_475,Gene_872
Gene_475,Gene_873
Gene_475,Gene_874
Gene_475,Gene_877
Gene_475,Gene_879
Gene_475,Gene_881
Gene_475,Gene_886
Gene_475,Gene_891
Gene_475,Gene_895
Gene_475,Gene_906
Gene_475,Gene_908
Gene_475,Gene_909
Gene_475,Gene_910
Gene_475,Gene_914
Gene_475,Gene_916
Gene_475,Gene_919
Gene_475,Gene_920
Gene_475,Gene_921
Gene_475,Gene_925
Gene_475,Gene_929
Gene_475,Gene_930
Gene_475,Gene_940
Gene_475,Gene_943
Gene_475,Gene_944
Gene_475,Gene_946
Gene_475,Gene_948
Gene_475,Gene_950
Gene_475,Gene_954
Gene_475,Gene_957
Gene_475,Gene_958
Gene_475,Gene_962
Gene_475,Gene_965
Gene_475,Gene_969
Gene_475,Gene_970
Gene_475,Gene_976
Gene_475,Gene_981
Gene_475,Gene_987
Gene_475,Gene_988
Gene_475,Gene_989
Gene_475,Gene_993
Gene_475,Gene_995
Gene_475,Gene_996
Gene_475,Gene_999
Gene_513,Gene_288
Gene_513,Gene_884
Gene_540,Gene_0
Gene_540,Gene_1
Gene_540,Gene_3
Gene_540,Gene_6
Gene_540,Gene_8
Gene_540,Gene_9
Gene_540,Gene_10
Gene_540,Gene_11
Gene_540,Gene_12
Gene_540,Gene_18
Gene_540,Gene_20
Gene_540,Gene_21
Gene_540,Gene_22
Gene_540,Gene_24
Gene_540,Gene_25
Gene_540,Gene_26
Gene_540,Gene_27
Gene_540,Gene_28
Gene_540,Gene_32
Gene_540,Gene_37
Gene_540,Gene_41
Gene_540,Gene_43
Gene_540,Gene_44
Gene_540,Gene_45
Gene_540,Gene_47
Gene_540,Gene_50
Gene_540,Gene_53
Gene_540,Gene_54
Gene_540,Gene_55
Gene_540,Gene_56
Gene_540,Gene_57
Gene_540,Gene_58
Gene_540,Gene_64
Gene_540,Gene_66
Gene_540,Gene_68
Gene_540,Gene_69
Gene_540,Gene_71
Gene_540,Gene_72
Gene_540,Gene_75
Gene_540,Gene_76
Gene_540,Gene_78
Gene_540,Gene_79
Gene_540,Gene_81
Gene_540,Gene_82
Gene_540,Gene_85
Gene_540,Gene_87
Gene_540,Gene_88
Gene_540,Gene_91
Gene_540,Gene_92
Gene_540,Gene_94
Gene_540,Gene_95
Gene_540,Gene_96
Gene_540,Gene_97
Gene_540,Gene_99
Gene_540,Gene_100
Gene_540,Gene_101
Gene_540,Gene_103
Gene_540,Gene_104
Gene_540,Gene_105
Gene_540,Gene_107
Gene_540,Gene_110
Gene_540,Gene_111
Gene_540,Gene_113
Gene_540,Gene_115
Gene_540,Gene_118
Gene_540,Gene_119
Gene_540,Gene_120
Gene_540,Gene_121
Gene_540,Gene_123
Gene_540,Gene_125
Gene_540,Gene_127
Gene_540,Gene_129
Gene_540,Gene_131
Gene_540,Gene_132
Gene_540,Gene_134
Gene_540,Gene_135
Gene_540,Gene_140
Gene_540,Gene_141
Gene_540,Gene_142
Gene_540,Gene_143
Gene_540,Gene_145
Gene_540,Gene_148
Gene_540,Gene_149
Gene_540,Gene_150
Gene_540,Gene_152
Gene_540,Gene_153
Gene_540,Gene_154
Gene_540,Gene_156
Gene_540,Gene_157
Gene_540,Gene_158
Gene_540,Gene_159
Gene_540,Gene_163
Gene_540,Gene_165
Gene_540,Gene_167
Gene_540,Gene_168
Gene_540,Gene_170
Gene_540,Gene_174
Gene_540,Gene_175
Gene_540,Gene_176
Gene_540,Gene_178
Gene_540,Gene_180
Gene_540,Gene_182
Gene_540,Gene_183
Gene_540,Gene_186
Gene_540,Gene_189
Gene_540,Gene_192
Gene_540,Gene_193
Gene_540,Gene_198
Gene_540,Gene_199
Gene_540,Gene_202
Gene_540,Gene_203
Gene_540,Gene_206
Gene_540,Gene_207
Gene_540,Gene_208
Gene_540,Gene_210
Gene_540,Gene_212
Gene_540,Gene_216
Gene_540,Gene_217
Gene_540,Gene_218
Gene_540,Gene_220
Gene_540,Gene_221
Gene_540,Gene_224
Gene_540,Gene_225
Gene_540,Gene_226
Gene_540,Gene_227
Gene_540,Gene_228
Gene_540,Gene_230
Gene_540,Gene_232
Gene_540,Gene_235
Gene_540,Gene_236
Gene_540,Gene_239
Gene_540,Gene_242
Gene_540,Gene_243
Gene_540,Gene_245
Gene_540,Gene_246
Gene_540,Gene_248
Gene_540,Gene_249
Gene_540,Gene_253
Gene_540,Gene_254
Gene_540,Gene_256
Gene_540,Gene_257
Gene_540,Gene_258
Gene_540,Gene_260
Gene_540,Gene_261
Gene_540,Gene_263
Gene_540,Gene_266
Gene_540,Gene_271
Gene_540,Gene_276
Gene_540,Gene_277
Gene_540,Gene_279
Gene_540,Gene_281
Gene_540,Gene_282
Gene_540,Gene_283
Gene_540,Gene_284
Gene_540,Gene_285
Gene_540,Gene_286
Gene_540,Gene_288
Gene_540,Gene_289
Gene_540,Gene_290
Gene_540,Gene_301
Gene_540,Gene_302
Gene_540,Gene_304
Gene_540,Gene_311
Gene_540,Gene_312
Gene_540,Gene_313
Gene_540,Gene_314
Gene_540,Gene_316
Gene_540,Gene_320
Gene_540,Gene_321
Gene_540,Gene_322
Gene_540,Gene_325
Gene_540,Gene_326
Gene_540,Gene_328
Gene_540,Gene_329
Gene_540,Gene_330
Gene_540,Gene_332
Gene_540,Gene_333
Gene_540,Gene_334
Gene_540,Gene_335
Gene_540,Gene_336
Gene_540,Gene_338
Gene_540,Gene_339
Gene_540,Gene_341
Gene_540,Gene_343
Gene_540,Gene_344
Gene_540,Gene_346
Gene_540,Gene_349
Gene_540,Gene_351
Gene_540,Gene_352
Gene_540,Gene_354
Gene_540,Gene_355
Gene_540,Gene_356
Gene_540,Gene_357
Gene_540,Gene_365
Gene_540,Gene_366
Gene_540,Gene_369
Gene_540,Gene_371
Gene_540,Gene_372
Gene_540,Gene_374
Gene_540,Gene_375
Gene_540,Gene_377
Gene_540,Gene_380
Gene_540,Gene_381
Gene_540,Gene_385
Gene_540,Gene_387
Gene_540,Gene_389
Gene_540,Gene_390
Gene_540,Gene_395
Gene_540,Gene_396
Gene_540,Gene_397
Gene_540,Gene_399
Gene_540,Gene_400
Gene_540,Gene_402
Gene_540,Gene_403
Gene_540,Gene_404
Gene_540,Gene_405
Gene_540,Gene_407
Gene_540,Gene_409
Gene_540,Gene_410
Gene_540,Gene_412
Gene_540,Gene_413
Gene_540,Gene_416
Gene_540,Gene_419
Gene_540,Gene_421
Gene_540,Gene_422
Gene_540,Gene_424
Gene_540,Gene_426
Gene_540,Gene_427
Gene_540,Gene_430
Gene_540,Gene_436
Gene_540,Gene_437
Gene_540,Gene_439
Gene_540,Gene_440
Gene_540,Gene_442
Gene_540,Gene_443
Gene_540,Gene_447
Gene_540,Gene_452
Gene_540,Gene_457
Gene_540,Gene_458
Gene_540,Gene_460
Gene_540,Gene_462
Gene_540,Gene_465
Gene_540,Gene_468
Gene_540,Gene_469
Gene_540,Gene_470
Gene_540,Gene_471
Gene_540,Gene_476
Gene_540,Gene_484
Gene_540,Gene_485
Gene_540,Gene_487
Gene_540,Gene_488
Gene_540,Gene_491
Gene_540,Gene_492
Gene_540,Gene_496
Gene_540,Gene_498
Gene_540,Gene_501
Gene_540,Gene_503
Gene_540,Gene_506
Gene_540,Gene_507
Gene_540,Gene_508
Gene_540,Gene_509
Gene_540,Gene_515
Gene_540,Gene_518
Gene_540,Gene_519
Gene_540,Gene_521
Gene_540,Gene_525
Gene_540,Gene_526
Gene_540,Gene_527
Gene_540,Gene_528
Gene_540,Gene_530
Gene_540,Gene_533
Gene_540,Gene_534
Gene_540,Gene_535
Gene_540,Gene_536
Gene_540,Gene_538
Gene_540,Gene_539
Gene_540,Gene_540
Gene_540,Gene_544
Gene_540,Gene_545
Gene_540,Gene_546
Gene_540,Gene_547
Gene_540,Gene_550
Gene_540,Gene_551
Gene_540,Gene_552
Gene_540,Gene_553
Gene_540,Gene_558
Gene_540,Gene_559
Gene_540,Gene_563
Gene_540,Gene_565
Gene_540,Gene_567
Gene_540,Gene_569
Gene_540,Gene_571
Gene_540,Gene_572
Gene_540,Gene_575
Gene_540,Gene_576
Gene_540,Gene_577
Gene_540,Gene_578
Gene_540,Gene_580
Gene_540,Gene_581
Gene_540,Gene_584
Gene_540,Gene_586
Gene_540,Gene_593
Gene_540,Gene_596
Gene_540,Gene_598
Gene_540,Gene_599
Gene_540,Gene_602
Gene_540,Gene_604
Gene_540,Gene_606
Gene_540,Gene_614
Gene_540,Gene_615
Gene_540,Gene_620
Gene_540,Gene_621
Gene_540,Gene_622
Gene_540,Gene_623
Gene_540,Gene_628
Gene_540,Gene_629
Gene_540,Gene_630
Gene_540,Gene_632
Gene_540,Gene_634
Gene_540,Gene_636
Gene_540,Gene_638
Gene_540,Gene_639
Gene_540,Gene_641
Gene_540,Gene_645
Gene_540,Gene_646
Gene_540,Gene_647
Gene_540,Gene_649
Gene_540,Gene_651
Gene_540,Gene_654
Gene_540,Gene_655
Gene_540,Gene_656
Gene_540,Gene_657
Gene_540,Gene_658
Gene_540,Gene_659
Gene_540,Gene_660
Gene_540,Gene_661
Gene_540,Gene_664
Gene_540,Gene_665
Gene_540,Gene_667
Gene_540,Gene_669
Gene_540,Gene_670
Gene_540,Gene_677
Gene_540,Gene_678
Gene_540,Gene_679
Gene_540,Gene_680
Gene_540,Gene_683
Gene_540,Gene_688
Gene_540,Gene_689
Gene_540,Gene_690
Gene_540,Gene_692
Gene_540,Gene_695
Gene_540,Gene_697
Gene_540,Gene_698
Gene_540,Gene_699
Gene_540,Gene_700
Gene_540,Gene_701
Gene_540,Gene_703
Gene_540,Gene_704
Gene_540,Gene_705
Gene_540,Gene_706
Gene_540,Gene_707
Gene_540,Gene_713
Gene_540,Gene_714
Gene_540,Gene_715
Gene_540,Gene_717
Gene_540,Gene_719
Gene_540,Gene_720
Gene_540,Gene_723
Gene_540,Gene_725
Gene_540,Gene_726
Gene_540,Gene_728
Gene_540,Gene_730
Gene_540,Gene_731
Gene_540,Gene_733
Gene_540,Gene_734
Gene_540,Gene_735
Gene_540,Gene_738
Gene_540,Gene_739
Gene_540,Gene_740
Gene_540,Gene_741
Gene_540,Gene_743
Gene_540,Gene_744
Gene_540,Gene_745
Gene_540,Gene_748
Gene_540,Gene_751
Gene_540,Gene_752
Gene_540,Gene_754
Gene_540,Gene_755
Gene_540,Gene_756
Gene_540,Gene_757
Gene_540,Gene_759
Gene_540,Gene_760
Gene_540,Gene_761
Gene_540,Gene_762
Gene_540,Gene_764
Gene_540,Gene_765
Gene_540,Gene_766
Gene_540,Gene_769
Gene_540,Gene_772
Gene_540,Gene_775
Gene_540,Gene_776
Gene_540,Gene_777
Gene_540,Gene_782
Gene_540,Gene_784
Gene_540,Gene_785
Gene_540,Gene_786
Gene_540,Gene_790
Gene_540,Gene_793
Gene_540,Gene_794
Gene_540,Gene_801
Gene_540,Gene_802
Gene_540,Gene_803
Gene_540,Gene_806
Gene_540,Gene_807
Gene_540,Gene_809
Gene_540,Gene_811
Gene_540,Gene_815
Gene_540,Gene_817
Gene_540,Gene_818
Gene_540,Gene_822
Gene_540,Gene_827
Gene_540,Gene_829
Gene_540,Gene_830
Gene_540,Gene_831
Gene_540,Gene_833
Gene_540,Gene_834
Gene_540,Gene_835
Gene_540,Gene_836
Gene_540,Gene_837
Gene_540,Gene_839
Gene_540,Gene_841
Gene_540,Gene_845
Gene_540,Gene_848
Gene_540,Gene_849
Gene_540,Gene_850
Gene_540,Gene_851
Gene_540,Gene_853
Gene_540,Gene_857
Gene_540,Gene_858
Gene_540,Gene_860
Gene_540,Gene_862
Gene_540,Gene_863
Gene_540,Gene_864
Gene_540,Gene_868
Gene_540,Gene_869
Gene_540,Gene_871
Gene_540,Gene_873
Gene_540,Gene_875
Gene_540,Gene_877
Gene_540,Gene_878
Gene_540,Gene_879
Gene_540,Gene_882
Gene_540,Gene_884
Gene_540,Gene_885
Gene_540,Gene_886
Gene_540,Gene_887
Gene_540,Gene_888
Gene_540,Gene_890
Gene_540,Gene_893
Gene_540,Gene_899
Gene_540,Gene_900
Gene_540,Gene_901
Gene_540,Gene_902
Gene_540,Gene_904
Gene_540,Gene_905
Gene_540,Gene_907
Gene_540,Gene_908
Gene_540,Gene_910
Gene_540,Gene_912
Gene_540,Gene_915
Gene_540,Gene_916
Gene_540,Gene_918
Gene_540,Gene_919
Gene_540,Gene_920
Gene_540,Gene_921
Gene_540,Gene_923
Gene_540,Gene_924
Gene_540,Gene_925
Gene_540,Gene_928
Gene_540,Gene_929
Gene_540,Gene_930
Gene_540,Gene_931
Gene_540,Gene_932
Gene_540,Gene_937
Gene_540,Gene_942
Gene_540,Gene_943
Gene_540,Gene_945
Gene_540,Gene_946
Gene_540,Gene_947
Gene_540,Gene_950
Gene_540,Gene_952
Gene_540,Gene_954
Gene_540,Gene_957
Gene_540,Gene_958
Gene_540,Gene_959
Gene_540,Gene_960
Gene_540,Gene_962
Gene_540,Gene_965
Gene_540,Gene_967
Gene_540,Gene_970
Gene_540,Gene_971
Gene_540,Gene_973
Gene_540,Gene_976
Gene_540,Gene_977
Gene_540,Gene_979
Gene_540,Gene_980
Gene_540,Gene_981
Gene_540,Gene_983
Gene_540,Gene_984
Gene_540,Gene_987
Gene_540,Gene_989
Gene_540,Gene_990
Gene_540,Gene_991
Gene_540,Gene_992
Gene_540,Gene_998
Gene_540,Gene_999
Gene_593,Gene_0
Gene_593,Gene_3
Gene_593,Gene_6
Gene_593,Gene_8
Gene_593,Gene_13
Gene_593,Gene_24
Gene_593,Gene_31
Gene_593,Gene_54
Gene_593,Gene_57
Gene_593,Gene_59
Gene_593,Gene_61
Gene_593,Gene_75
Gene_593,Gene_90
Gene_593,Gene_93
Gene_593,Gene_101
Gene_593,Gene_104
Gene_593,Gene_108
Gene_593,Gene_111
Gene_593,Gene_112
Gene_593,Gene_120
Gene_593,Gene_121
Gene_593,Gene_123
Gene_593,Gene_125
Gene_593,Gene_135
Gene_593,Gene_143
Gene_593,Gene_147
Gene_593,Gene_161
Gene_593,Gene_163
Gene_593,Gene_165
Gene_593,Gene_172
Gene_593,Gene_175
Gene_593,Gene_176
Gene_593,Gene_177
Gene_593,Gene_178
Gene_593,Gene_183
Gene_593,Gene_184
Gene_593,Gene_200
Gene_593,Gene_203
Gene_593,Gene_216
Gene_593,Gene_218
Gene_593,Gene_221
Gene_593,Gene_225
Gene_593,Gene_229
Gene_593,Gene_230
Gene_593,Gene_243
Gene_593,Gene_244
Gene_593,Gene_245
Gene_593,Gene_254
Gene_593,Gene_255
Gene_593,Gene_260
Gene_593,Gene_269
Gene_593,Gene_272
Gene_593,Gene_275
Gene_593,Gene_280
Gene_593,Gene_281
Gene_593,Gene_284
Gene_593,Gene_290
Gene_593,Gene_294
Gene_593,Gene_309
Gene_593,Gene_317
Gene_593,Gene_318
Gene_593,Gene_322
Gene_593,Gene_326
Gene_593,Gene_330
Gene_593,Gene_337
Gene_593,Gene_347
Gene_593,Gene_361
Gene_593,Gene_365
Gene_593,Gene_367
Gene_593,Gene_380
Gene_593,Gene_420
Gene_593,Gene_422
Gene_593,Gene_439
Gene_593,Gene_443
Gene_593,Gene_465
Gene_593,Gene_476
Gene_593,Gene_477
Gene_593,Gene_479
Gene_593,Gene_480
Gene_593,Gene_481
Gene_593,Gene_491
Gene_593,Gene_496
Gene_593,Gene_498
Gene_593,Gene_503
Gene_593,Gene_513
Gene_593,Gene_518
Gene_593,Gene_519
Gene_593,Gene_530
Gene_593,Gene_543
Gene_593,Gene_551
Gene_593,Gene_558
Gene_593,Gene_573
Gene_593,Gene_575
Gene_593,Gene_586
Gene_593,Gene_587
Gene_593,Gene_588
Gene_593,Gene_601
Gene_593,Gene_602
Gene_593,Gene_627
Gene_593,Gene_629
Gene_593,Gene_634
Gene_593,Gene_640
Gene_593,Gene_650
Gene_593,Gene_653
Gene_593,Gene_658
Gene_593,Gene_663
Gene_593,Gene_666
Gene_593,Gene_676
Gene_593,Gene_680
Gene_593,Gene_683
Gene_593,Gene_689
Gene_593,Gene_693
Gene_593,Gene_694
Gene_593,Gene_699
Gene_593,Gene_700
Gene_593,Gene_705
Gene_593,Gene_707
Gene_593,Gene_715
Gene_593,Gene_719
Gene_593,Gene_725
Gene_593,Gene_726
Gene_593,Gene_727
Gene_593,Gene_730
Gene_593,Gene_731
Gene_593,Gene_736
Gene_593,Gene_754
Gene_593,Gene_767
Gene_593,Gene_768
Gene_593,Gene_772
Gene_593,Gene_779
Gene_593,Gene_782
Gene_593,Gene_786
Gene_593,Gene_807
Gene_593,Gene_808
Gene_593,Gene_834
Gene_593,Gene_835
Gene_593,Gene_840
Gene_593,Gene_841
Gene_593,Gene_856
Gene_593,Gene_868
Gene_593,Gene_875
Gene_593,Gene_877
Gene_593,Gene_887
Gene_593,Gene_890
Gene_593,Gene_894
Gene_593,Gene_919
Gene_593,Gene_920
Gene_593,Gene_922
Gene_593,Gene_940
Gene_593,Gene_941
Gene_593,Gene_943
Gene_593,Gene_945
Gene_593,Gene_948
Gene_593,Gene_949
Gene_593,Gene_952
Gene_593,Gene_974
Gene_593,Gene_975
Gene_593,Gene_976
Gene_593,Gene_981
Gene_593,Gene_989
Gene_593,Gene_990
Gene_593,Gene_992
Gene_593,Gene_995
Gene_593,Gene_998
Gene_633,Gene_6
Gene_633,Gene_104
Gene_633,Gene_118
Gene_633,Gene_156
Gene_633,Gene_325
Gene_633,Gene_365
Gene_633,Gene_382
Gene_633,Gene_440
Gene_633,Gene_535
Gene_633,Gene_653
Gene_633,Gene_752
Gene_633,Gene_984
Gene_634,Gene_3
Gene_634,Gene_4
Gene_634,Gene_7
Gene_634,Gene_8
Gene_634,Gene_9
Gene_634,Gene_10
Gene_634,Gene_11
Gene_634,Gene_17
Gene_634,Gene_18
Gene_634,Gene_20
Gene_634,Gene_22
Gene_634,Gene_27
Gene_634,Gene_30
Gene_634,Gene_31
Gene_634,Gene_34
Gene_634,Gene_36
Gene_634,Gene_37
Gene_634,Gene_41
Gene_634,Gene_44
Gene_634,Gene_45
Gene_634,Gene_55
Gene_634,Gene_56
Gene_634,Gene_58
Gene_634,Gene_60
Gene_634,Gene_61
Gene_634,Gene_63
Gene_634,Gene_67
Gene_634,Gene_69
Gene_634,Gene_71
Gene_634,Gene_74
Gene_634,Gene_80
Gene_634,Gene_85
Gene_634,Gene_86
Gene_634,Gene_87
Gene_634,Gene_91
Gene_634,Gene_92
Gene_634,Gene_93
Gene_634,Gene_94
Gene_634,Gene_95
Gene_634,Gene_96
Gene_634,Gene_98
Gene_634,Gene_100
Gene_634,Gene_101
Gene_634,Gene_102
Gene_634,Gene_104
Gene_634,Gene_105
Gene_634,Gene_110
Gene_634,Gene_112
Gene_634,Gene_115
Gene_634,Gene_116
Gene_634,Gene_119
Gene_634,Gene_120
Gene_634,Gene_121
Gene_634,Gene_122
Gene_634,Gene_124
Gene_634,Gene_125
Gene_634,Gene_126
Gene_634,Gene_128
Gene_634,Gene_130
Gene_634,Gene_131
Gene_634,Gene_133
Gene_634,Gene_135
Gene_634,Gene_137
Gene_634,Gene_138
Gene_634,Gene_143
Gene_634,Gene_144
Gene_634,Gene_145
Gene_634,Gene_146
Gene_634,Gene_147
Gene_634,Gene_148
Gene_634,Gene_149
Gene_634,Gene_150
Gene_634,Gene_151
Gene_634,Gene_152
Gene_634,Gene_153
Gene_634,Gene_154
Gene_634,Gene_155
Gene_634,Gene_157
Gene_634,Gene_158
Gene_634,Gene_162
Gene_634,Gene_167
Gene_634,Gene_173
Gene_634,Gene_174
Gene_634,Gene_177
Gene_634,Gene_178
Gene_634,Gene_179
Gene_634,Gene_180
Gene_634,Gene_184
Gene_634,Gene_185
Gene_634,Gene_186
Gene_634,Gene_187
Gene_634,Gene_189
Gene_634,Gene_190
Gene_634,Gene_192
Gene_634,Gene_193
Gene_634,Gene_194
Gene_634,Gene_196
Gene_634,Gene_198
Gene_634,Gene_199
Gene_634,Gene_200
Gene_634,Gene_201
Gene_634,Gene_203
Gene_634,Gene_205
Gene_634,Gene_206
Gene_634,Gene_210
Gene_634,Gene_212
Gene_634,Gene_217
Gene_634,Gene_218
Gene_634,Gene_219
Gene_634,Gene_221
Gene_634,Gene_223
Gene_634,Gene_224
Gene_634,Gene_225
Gene_634,Gene_229
Gene_634,Gene_235
Gene_634,Gene_239
Gene_634,Gene_241
Gene_634,Gene_245
Gene_634,Gene_246
Gene_634,Gene_249
Gene_634,Gene_250
Gene_634,Gene_256
Gene_634,Gene_257
Gene_634,Gene_258
Gene_634,Gene_260
Gene_634,Gene_261
Gene_634,Gene_263
Gene_634,Gene_264
Gene_634,Gene_267
Gene_634,Gene_268
Gene_634,Gene_269
Gene_634,Gene_270
Gene_634,Gene_272
Gene_634,Gene_274
Gene_634,Gene_276
Gene_634,Gene_282
Gene_634,Gene_283
Gene_634,Gene_284
Gene_634,Gene_286
Gene_634,Gene_288
Gene_634,Gene_290
Gene_634,Gene_291
Gene_634,Gene_294
Gene_634,Gene_296
Gene_634,Gene_298
Gene_634,Gene_300
Gene_634,Gene_302
Gene_634,Gene_304
Gene_634,Gene_306
Gene_634,Gene_311
Gene_634,Gene_315
Gene_634,Gene_316
Gene_634,Gene_318
Gene_634,Gene_319
Gene_634,Gene_320
Gene_634,Gene_321
Gene_634,Gene_324
Gene_634,Gene_326
Gene_634,Gene_328
Gene_634,Gene_329
Gene_634,Gene_330
Gene_634,Gene_331
Gene_634,Gene_332
Gene_634,Gene_333
Gene_634,Gene_335
Gene_634,Gene_336
Gene_634,Gene_338
Gene_634,Gene_339
Gene_634,Gene_341
Gene_634,Gene_343
Gene_634,Gene_344
Gene_634,Gene_346
Gene_634,Gene_352
Gene_634,Gene_353
Gene_634,Gene_355
Gene_634,Gene_356
Gene_634,Gene_357
Gene_634,Gene_359
Gene_634,Gene_361
Gene_634,Gene_362
Gene_634,Gene_363
Gene_634,Gene_365
Gene_634,Gene_366
Gene_634,Gene_370
Gene_634,Gene_378
Gene_634,Gene_379
Gene_634,Gene_381
Gene_634,Gene_382
Gene_634,Gene_384
Gene_634,Gene_385
Gene_634,Gene_387
Gene_634,Gene_388
Gene_634,Gene_391
Gene_634,Gene_396
Gene_634,Gene_397
Gene_634,Gene_399
Gene_634,Gene_400
Gene_634,Gene_404
Gene_634,Gene_407
Gene_634,Gene_410
Gene_634,Gene_412
Gene_634,Gene_414
Gene_634,Gene_416
Gene_634,Gene_418
Gene_634,Gene_421
Gene_634,Gene_430
Gene_634,Gene_431
Gene_634,Gene_432
Gene_634,Gene_433
Gene_634,Gene_437
Gene_634,Gene_439
Gene_634,Gene_442
Gene_634,Gene_443
Gene_634,Gene_448
Gene_634,Gene_450
Gene_634,Gene_452
Gene_634,Gene_453
Gene_634,Gene_455
Gene_634,Gene_456
Gene_634,Gene_457
Gene_634,Gene_460
Gene_634,Gene_461
Gene_634,Gene_463
Gene_634,Gene_464
Gene_634,Gene_465
Gene_634,Gene_469
Gene_634,Gene_470
Gene_634,Gene_473
Gene_634,Gene_478
Gene_634,Gene_479
Gene_634,Gene_484
Gene_634,Gene_485
Gene_634,Gene_488
Gene_634,Gene_491
Gene_634,Gene_492
Gene_634,Gene_494
Gene_634,Gene_495
Gene_634,Gene_496
Gene_634,Gene_500
Gene_634,Gene_501
Gene_634,Gene_506
Gene_634,Gene_507
Gene_634,Gene_509
Gene_634,Gene_512
Gene_634,Gene_514
Gene_634,Gene_517
Gene_634,Gene_518
Gene_634,Gene_526
Gene_634,Gene_527
Gene_634,Gene_529
Gene_634,Gene_531
Gene_634,Gene_534
Gene_634,Gene_535
Gene_634,Gene_536
Gene_634,Gene_538
Gene_634,Gene_539
Gene_634,Gene_543
Gene_634,Gene_545
Gene_634,Gene_551
Gene_634,Gene_552
Gene_634,Gene_553
Gene_634,Gene_554
Gene_634,Gene_555
Gene_634,Gene_556
Gene_634,Gene_558
Gene_634,Gene_559
Gene_634,Gene_560
Gene_634,Gene_561
Gene_634,Gene_562
Gene_634,Gene_564
Gene_634,Gene_565
Gene_634,Gene_566
Gene_634,Gene_567
Gene_634,Gene_568
Gene_634,Gene_569
Gene_634,Gene_570
Gene_634,Gene_572
Gene_634,Gene_573
Gene_634,Gene_575
Gene_634,Gene_576
Gene_634,Gene_577
Gene_634,Gene_581
Gene_634,Gene_582
Gene_634,Gene_587
Gene_634,Gene_588
Gene_634,Gene_594
Gene_634,Gene_595
Gene_634,Gene_597
Gene_634,Gene_598
Gene_634,Gene_602
Gene_634,Gene_604
Gene_634,Gene_605
Gene_634,Gene_606
Gene_634,Gene_608
Gene_634,Gene_611
Gene_634,Gene_613
Gene_634,Gene_614
Gene_634,Gene_615
Gene_634,Gene_620
Gene_634,Gene_626
Gene_634,Gene_628
Gene_634,Gene_629
Gene_634,Gene_630
Gene_634,Gene_632
Gene_634,Gene_634
Gene_634,Gene_635
Gene_634,Gene_636
Gene_634,Gene_643
Gene_634,Gene_645
Gene_634,Gene_647
Gene_634,Gene_651
Gene_634,Gene_652
Gene_634,Gene_653
Gene_634,Gene_655
Gene_634,Gene_658
Gene_634,Gene_659
Gene_634,Gene_661
Gene_634,Gene_662
Gene_634,Gene_665
Gene_634,Gene_666
Gene_634,Gene_667
Gene_634,Gene_668
Gene_634,Gene_669
Gene_634,Gene_670
Gene_634,Gene_673
Gene_634,Gene_674
Gene_634,Gene_676
Gene_634,Gene_677
Gene_634,Gene_678
Gene_634,Gene_679
Gene_634,Gene_680
Gene_634,Gene_682
Gene_634,Gene_683
Gene_634,Gene_685
Gene_634,Gene_690
Gene_634,Gene_695
Gene_634,Gene_697
Gene_634,Gene_699
Gene_634,Gene_700
Gene_634,Gene_701
Gene_634,Gene_703
Gene_634,Gene_704
Gene_634,Gene_706
Gene_634,Gene_709
Gene_634,Gene_711
Gene_634,Gene_712
Gene_634,Gene_713
Gene_634,Gene_714
Gene_634,Gene_715
Gene_634,Gene_717
Gene_634,Gene_719
Gene_634,Gene_726
Gene_634,Gene_727
Gene_634,Gene_730
Gene_634,Gene_738
Gene_634,Gene_740
Gene_634,Gene_741
Gene_634,Gene_745
Gene_634,Gene_752
Gene_634,Gene_759
Gene_634,Gene_760
Gene_634,Gene_762
Gene_634,Gene_764
Gene_634,Gene_765
Gene_634,Gene_767
Gene_634,Gene_768
Gene_634,Gene_769
Gene_634,Gene_770
Gene_634,Gene_771
Gene_634,Gene_772
Gene_634,Gene_774
Gene_634,Gene_776
Gene_634,Gene_777
Gene_634,Gene_778
Gene_634,Gene_779
Gene_634,Gene_783
Gene_634,Gene_786
Gene_634,Gene_787
Gene_634,Gene_789
Gene_634,Gene_791
Gene_634,Gene_792
Gene_634,Gene_793
Gene_634,Gene_797
Gene_634,Gene_799
Gene_634,Gene_802
Gene_634,Gene_808
Gene_634,Gene_809
Gene_634,Gene_811
Gene_634,Gene_814
Gene_634,Gene_815
Gene_634,Gene_818
Gene_634,Gene_819
Gene_634,Gene_820
Gene_634,Gene_823
Gene_634,Gene_824
Gene_634,Gene_825
Gene_634,Gene_828
Gene_634,Gene_829
Gene_634,Gene_830
Gene_634,Gene_831
Gene_634,Gene_839
Gene_634,Gene_840
Gene_634,Gene_844
Gene_634,Gene_845
Gene_634,Gene_847
Gene_634,Gene_848
Gene_634,Gene_850
Gene_634,Gene_851
Gene_634,Gene_853
Gene_634,Gene_855
Gene_634,Gene_859
Gene_634,Gene_862
Gene_634,Gene_863
Gene_634,Gene_864
Gene_634,Gene_867
Gene_634,Gene_872
Gene_634,Gene_873
Gene_634,Gene_875
Gene_634,Gene_876
Gene_634,Gene_877
Gene_634,Gene_881
Gene_634,Gene_883
Gene_634,Gene_885
Gene_634,Gene_888
Gene_634,Gene_890
Gene_634,Gene_895
Gene_634,Gene_900
Gene_634,Gene_902
Gene_634,Gene_904
Gene_634,Gene_907
Gene_634,Gene_909
Gene_634,Gene_910
Gene_634,Gene_913
Gene_634,Gene_914
Gene_634,Gene_915
Gene_634,Gene_916
Gene_634,Gene_917
Gene_634,Gene_919
Gene_634,Gene_920
Gene_634,Gene_924
Gene_634,Gene_926
Gene_634,Gene_927
Gene_634,Gene_932
Gene_634,Gene_938
Gene_634,Gene_939
Gene_634,Gene_942
Gene_634,Gene_945
Gene_634,Gene_946
Gene_634,Gene_950
Gene_634,Gene_951
Gene_634,Gene_953
Gene_634,Gene_957
Gene_634,Gene_962
Gene_634,Gene_963
Gene_634,Gene_964
Gene_634,Gene_966
Gene_634,Gene_968
Gene_634,Gene_970
Gene_634,Gene_971
Gene_634,Gene_974
Gene_634,Gene_977
Gene_634,Gene_978
Gene_634,Gene_979
Gene_634,Gene_980
Gene_634,Gene_981
Gene_634,Gene_982
Gene_634,Gene_984
Gene_634,Gene_986
Gene_634,Gene_987
Gene_634,Gene_989
Gene_634,Gene_990
Gene_634,Gene_991
Gene_634,Gene_993
Gene_634,Gene_994
Gene_634,Gene_995
Gene_634,Gene_996
Gene_634,Gene_997
Gene_926,Gene_0
Gene_926,Gene_2
Gene_926,Gene_5
Gene_926,Gene_6
Gene_926,Gene_7
Gene_926,Gene_8
Gene_926,Gene_9
Gene_926,Gene_10
Gene_926,Gene_12
Gene_926,Gene_13
Gene_926,Gene_16
Gene_926,Gene_18
Gene_926,Gene_19
Gene_926,Gene_20
Gene_926,Gene_22
Gene_926,Gene_24
Gene_926,Gene_26
Gene_926,Gene_27
Gene_926,Gene_28
Gene_926,Gene_29
Gene_926,Gene_30
Gene_926,Gene_31
Gene_926,Gene_32
Gene_926,Gene_34
Gene_926,Gene_35
Gene_926,Gene_36
Gene_926,Gene_37
Gene_926,Gene_39
Gene_926,Gene_40
Gene_926,Gene_41
Gene_926,Gene_43
Gene_926,Gene_46
Gene_926,Gene_47
Gene_926,Gene_48
Gene_926,Gene_49
Gene_926,Gene_50
Gene_926,Gene_51
Gene_926,Gene_52
Gene_926,Gene_53
Gene_926,Gene_54
Gene_926,Gene_56
Gene_926,Gene_57
Gene_926,Gene_58
Gene_926,Gene_61
Gene_926,Gene_63
Gene_926,Gene_64
Gene_926,Gene_65
Gene_926,Gene_66
Gene_926,Gene_70
Gene_926,Gene_74
Gene_926,Gene_76
Gene_926,Gene_77
Gene_926,Gene_78
Gene_926,Gene_80
Gene_926,Gene_81
Gene_926,Gene_82
Gene_926,Gene_83
Gene_926,Gene_86
Gene_926,Gene_87
Gene_926,Gene_90
Gene_926,Gene_91
Gene_926,Gene_92
Gene_926,Gene_93
Gene_926,Gene_94
Gene_926,Gene_96
Gene_926,Gene_97
Gene_926,Gene_99
Gene_926,Gene_100
Gene_926,Gene_101
Gene_926,Gene_103
Gene_926,Gene_105
Gene_926,Gene_106
Gene_926,Gene_107
Gene_926,Gene_109
Gene_926,Gene_110
Gene_926,Gene_112
Gene_926,Gene_113
Gene_926,Gene_114
Gene_926,Gene_115
Gene_926,Gene_116
Gene_926,Gene_118
Gene_926,Gene_120
Gene_926,Gene_121
Gene_926,Gene_122
Gene_926,Gene_123
Gene_926,Gene_124
Gene_926,Gene_125
Gene_926,Gene_126
Gene_926,Gene_128
Gene_926,Gene_129
Gene_926,Gene_130
Gene_926,Gene_131
Gene_926,Gene_132
Gene_926,Gene_134
Gene_926,Gene_137
Gene_926,Gene_139
Gene_926,Gene_140
Gene_926,Gene_141
Gene_926,Gene_144
Gene_926,Gene_145
Gene_926,Gene_146
Gene_926,Gene_147
Gene_926,Gene_148
Gene_926,Gene_149
Gene_926,Gene_150
Gene_926,Gene_151
Gene_926,Gene_152
Gene_926,Gene_154
Gene_926,Gene_156
Gene_926,Gene_157
Gene_926,Gene_158
Gene_926,Gene_159
Gene_926,Gene_161
Gene_926,Gene_164
Gene_926,Gene_165
Gene_926,Gene_169
Gene_926,Gene_170
Gene_926,Gene_171
Gene_926,Gene_172
Gene_926,Gene_173
Gene_926,Gene_174
Gene_926,Gene_177
Gene_926,Gene_178
Gene_926,Gene_179
Gene_926,Gene_180
Gene_926,Gene_182
Gene_926,Gene_183
Gene_926,Gene_184
Gene_926,Gene_186
Gene_926,Gene_187
Gene_926,Gene_188
Gene_926,Gene_189
Gene_926,Gene_191
Gene_926,Gene_192
Gene_926,Gene_194
Gene_926,Gene_196
Gene_926,Gene_197
Gene_926,Gene_198
Gene_926,Gene_199
Gene_926,Gene_200
Gene_926,Gene_201
Gene_926,Gene_202
Gene_926,Gene_203
Gene_926,Gene_205
Gene_926,Gene_206
Gene_926,Gene_207
Gene_926,Gene_208
Gene_926,Gene_210
Gene_926,Gene_211
Gene_926,Gene_212
Gene_926,Gene_216
Gene_926,Gene_219
Gene_926,Gene_220
Gene_926,Gene_221
Gene_926,Gene_222
Gene_926,Gene_225
Gene_926,Gene_226
Gene_926,Gene_227
Gene_926,Gene_229
Gene_926,Gene_232
Gene_926,Gene_235
Gene_926,Gene_236
Gene_926,Gene_237
Gene_926,Gene_239
Gene_926,Gene_241
Gene_926,Gene_242
Gene_926,Gene_243
Gene_926,Gene_245
Gene_926,Gene_246
Gene_926,Gene_248
Gene_926,Gene_250
Gene_926,Gene_252
Gene_926,Gene_253
Gene_926,Gene_255
Gene_926,Gene_258
Gene_926,Gene_259
Gene_926,Gene_261
Gene_926,Gene_262
Gene_926,Gene_263
Gene_926,Gene_264
Gene_926,Gene_269
Gene_926,Gene_270
Gene_926,Gene_272
Gene_926,Gene_273
Gene_926,Gene_276
Gene_926,Gene_279
Gene_926,Gene_282
Gene_926,Gene_285
Gene_926,Gene_286
Gene_926,Gene_287
Gene_926,Gene_288
Gene_926,Gene_289
Gene_926,Gene_291
Gene_926,Gene_292
Gene_926,Gene_293
Gene_926,Gene_295
Gene_926,Gene_300
Gene_926,Gene_301
Gene_926,Gene_302
Gene_926,Gene_309
Gene_926,Gene_312
Gene_926,Gene_313
Gene_926,Gene_314
Gene_926,Gene_315
Gene_926,Gene_316
Gene_926,Gene_317
Gene_926,Gene_318
Gene_926,Gene_320
Gene_926,Gene_321
Gene_926,Gene_324
Gene_926,Gene_325
Gene_926,Gene_326
Gene_926,Gene_330
Gene_926,Gene_331
Gene_926,Gene_332
Gene_926,Gene_338
Gene_926,Gene_340
Gene_926,Gene_341
Gene_926,Gene_342
Gene_926,Gene_343
Gene_926,Gene_346
Gene_926,Gene_348
Gene_926,Gene_349
Gene_926,Gene_350
Gene_926,Gene_352
Gene_926,Gene_353
Gene_926,Gene_355
Gene_926,Gene_356
Gene_926,Gene_357
Gene_926,Gene_358
Gene_926,Gene_359
Gene_926,Gene_361
Gene_926,Gene_365
Gene_926,Gene_366
Gene_926,Gene_372
Gene_926,Gene_373
Gene_926,Gene_374
Gene_926,Gene_375
Gene_926,Gene_378
Gene_926,Gene_381
Gene_926,Gene_383
Gene_926,Gene_384
Gene_926,Gene_385
Gene_926,Gene_386
Gene_926,Gene_387
Gene_926,Gene_388
Gene_926,Gene_390
Gene_926,Gene_392
Gene_926,Gene_397
Gene_926,Gene_398
Gene_926,Gene_400
Gene_926,Gene_401
Gene_926,Gene_402
Gene_926,Gene_403
Gene_926,Gene_404
Gene_926,Gene_406
Gene_926,Gene_407
Gene_926,Gene_408
Gene_926,Gene_409
Gene_926,Gene_410
Gene_926,Gene_411
Gene_926,Gene_413
Gene_926,Gene_414
Gene_926,Gene_415
Gene_926,Gene_416
Gene_926,Gene_417
Gene_926,Gene_419
Gene_926,Gene_421
Gene_926,Gene_424
Gene_926,Gene_426
Gene_926,Gene_427
Gene_926,Gene_429
Gene_926,Gene_430
Gene_926,Gene_431
Gene_926,Gene_432
Gene_926,Gene_433
Gene_926,Gene_434
Gene_926,Gene_435
Gene_926,Gene_437
Gene_926,Gene_438
Gene_926,Gene_439
Gene_926,Gene_440
Gene_926,Gene_441
Gene_926,Gene_443
Gene_926,Gene_444
Gene_926,Gene_447
Gene_926,Gene_450
Gene_926,Gene_451
Gene_926,Gene_452
Gene_926,Gene_454
Gene_926,Gene_455
Gene_926,Gene_456
Gene_926,Gene_457
Gene_926,Gene_458
Gene_926,Gene_459
Gene_926,Gene_461
Gene_926,Gene_462
Gene_926,Gene_465
Gene_926,Gene_466
Gene_926,Gene_467
Gene_926,Gene_468
Gene_926,Gene_469
Gene_926,Gene_470
Gene_926,Gene_471
Gene_926,Gene_473
Gene_926,Gene_475
Gene_926,Gene_476
Gene_926,Gene_477
Gene_926,Gene_479
Gene_926,Gene_480
Gene_926,Gene_481
Gene_926,Gene_484
Gene_926,Gene_485
Gene_926,Gene_487
Gene_926,Gene_488
Gene_926,Gene_490
Gene_926,Gene_491
Gene_926,Gene_492
Gene_926,Gene_495
Gene_926,Gene_496
Gene_926,Gene_497
Gene_926,Gene_498
Gene_926,Gene_500
Gene_926,Gene_501
Gene_926,Gene_502
Gene_926,Gene_503
Gene_926,Gene_505
Gene_926,Gene_506
Gene_926,Gene_507
Gene_926,Gene_508
Gene_926,Gene_509
Gene_926,Gene_511
Gene_926,Gene_514
Gene_926,Gene_515
Gene_926,Gene_517
Gene_926,Gene_518
Gene_926,Gene_520
Gene_926,Gene_522
Gene_926,Gene_526
Gene_926,Gene_529
Gene_926,Gene_530
Gene_926,Gene_531
Gene_926,Gene_532
Gene_926,Gene_533
Gene_926,Gene_536
Gene_926,Gene_537
Gene_926,Gene_538
Gene_926,Gene_539
Gene_926,Gene_542
Gene_926,Gene_543
Gene_926,Gene_545
Gene_926,Gene_546
Gene_926,Gene_547
Gene_926,Gene_549
Gene_926,Gene_550
Gene_926,Gene_551
Gene_926,Gene_552
Gene_926,Gene_554
Gene_926,Gene_555
Gene_926,Gene_556
Gene_926,Gene_557
Gene_926,Gene_558
Gene_926,Gene_561
Gene_926,Gene_563
Gene_926,Gene_564
Gene_926,Gene_565
Gene_926,Gene_566
Gene_926,Gene_568
Gene_926,Gene_569
Gene_926,Gene_570
Gene_926,Gene_571
Gene_926,Gene_575
Gene_926,Gene_576
Gene_926,Gene_577
Gene_926,Gene_578
Gene_926,Gene_580
Gene_926,Gene_581
Gene_926,Gene_582
Gene_926,Gene_584
Gene_926,Gene_585
Gene_926,Gene_586
Gene_926,Gene_587
Gene_926,Gene_588
Gene_926,Gene_590
Gene_926,Gene_591
Gene_926,Gene_593
Gene_926,Gene_596
Gene_926,Gene_597
Gene_926,Gene_598
Gene_926,Gene_599
Gene_926,Gene_602
Gene_926,Gene_604
Gene_926,Gene_606
Gene_926,Gene_607
Gene_926,Gene_611
Gene_926,Gene_612
Gene_926,Gene_613
Gene_926,Gene_614
Gene_926,Gene_615
Gene_926,Gene_616
Gene_926,Gene_618
Gene_926,Gene_619
Gene_926,Gene_620
Gene_926,Gene_622
Gene_926,Gene_623
Gene_926,Gene_625
Gene_926,Gene_626
Gene_926,Gene_628
Gene_926,Gene_630
Gene_926,Gene_631
Gene_926,Gene_632
Gene_926,Gene_633
Gene_926,Gene_634
Gene_926,Gene_636
Gene_926,Gene_638
Gene_926,Gene_639
Gene_926,Gene_643
Gene_926,Gene_645
Gene_926,Gene_646
Gene_926,Gene_649
Gene_926,Gene_650
Gene_926,Gene_651
Gene_926,Gene_655
Gene_926,Gene_656
Gene_926,Gene_657
Gene_926,Gene_658
Gene_926,Gene_659
Gene_926,Gene_660
Gene_926,Gene_661
Gene_926,Gene_662
Gene_926,Gene_664
Gene_926,Gene_665
Gene_926,Gene_666
Gene_926,Gene_667
Gene_926,Gene_671
Gene_926,Gene_673
Gene_926,Gene_674
Gene_926,Gene_675
Gene_926,Gene_676
Gene_926,Gene_677
Gene_926,Gene_679
Gene_926,Gene_683
Gene_926,Gene_686
Gene_926,Gene_688
Gene_926,Gene_689
Gene_926,Gene_690
Gene_926,Gene_692
Gene_926,Gene_694
Gene_926,Gene_696
Gene_926,Gene_697
Gene_926,Gene_700
Gene_926,Gene_701
Gene_926,Gene_702
Gene_926,Gene_703
Gene_926,Gene_704
Gene_926,Gene_705
Gene_926,Gene_706
Gene_926,Gene_707
Gene_926,Gene_710
Gene_926,Gene_711
Gene_926,Gene_712
Gene_926,Gene_715
Gene_926,Gene_716
Gene_926,Gene_717
Gene_926,Gene_719
Gene_926,Gene_720
Gene_926,Gene_723
Gene_926,Gene_725
Gene_926,Gene_726
Gene_926,Gene_727
Gene_926,Gene_729
Gene_926,Gene_730
Gene_926,Gene_731
Gene_926,Gene_733
Gene_926,Gene_734
Gene_926,Gene_735
Gene_926,Gene_739
Gene_926,Gene_740
Gene_926,Gene_741
Gene_926,Gene_742
Gene_926,Gene_743
Gene_926,Gene_744
Gene_926,Gene_746
Gene_926,Gene_747
Gene_926,Gene_748
Gene_926,Gene_749
Gene_926,Gene_752
Gene_926,Gene_753
Gene_926,Gene_754
Gene_926,Gene_755
Gene_926,Gene_756
Gene_926,Gene_757
Gene_926,Gene_759
Gene_926,Gene_760
Gene_926,Gene_761
Gene_926,Gene_763
Gene_926,Gene_764
Gene_926,Gene_765
Gene_926,Gene_766
Gene_926,Gene_767
Gene_926,Gene_768
Gene_926,Gene_771
Gene_926,Gene_772
Gene_926,Gene_775
Gene_926,Gene_776
Gene_926,Gene_778
Gene_926,Gene_779
Gene_926,Gene_780
Gene_926,Gene_782
Gene_926,Gene_783
Gene_926,Gene_784
Gene_926,Gene_786
Gene_926,Gene_787
Gene_926,Gene_790
Gene_926,Gene_791
Gene_926,Gene_793
Gene_926,Gene_794
Gene_926,Gene_795
Gene_926,Gene_796
Gene_926,Gene_797
Gene_926,Gene_798
Gene_926,Gene_801
Gene_926,Gene_802
Gene_926,Gene_803
Gene_926,Gene_804
Gene_926,Gene_806
Gene_926,Gene_808
Gene_926,Gene_809
Gene_926,Gene_811
Gene_926,Gene_814
Gene_926,Gene_817
Gene_926,Gene_820
Gene_926,Gene_821
Gene_926,Gene_823
Gene_926,Gene_824
Gene_926,Gene_825
Gene_926,Gene_827
Gene_926,Gene_830
Gene_926,Gene_831
Gene_926,Gene_833
Gene_926,Gene_835
Gene_926,Gene_839
Gene_926,Gene_840
Gene_926,Gene_841
Gene_926,Gene_842
Gene_926,Gene_844
Gene_926,Gene_845
Gene_926,Gene_847
Gene_926,Gene_849
Gene_926,Gene_850
Gene_926,Gene_851
Gene_926,Gene_852
Gene_926,Gene_853
Gene_926,Gene_854
Gene_926,Gene_857
Gene_926,Gene_860
Gene_926,Gene_862
Gene_926,Gene_863
Gene_926,Gene_864
Gene_926,Gene_868
Gene_926,Gene_871
Gene_926,Gene_872
Gene_926,Gene_873
Gene_926,Gene_876
Gene_926,Gene_877
Gene_926,Gene_878
Gene_926,Gene_880
Gene_926,Gene_881
Gene_926,Gene_882
Gene_926,Gene_883
Gene_926,Gene_884
Gene_926,Gene_885
Gene_926,Gene_886
Gene_926,Gene_887
Gene_926,Gene_888
Gene_926,Gene_893
Gene_926,Gene_895
Gene_926,Gene_898
Gene_926,Gene_899
Gene_926,Gene_900
Gene_926,Gene_901
Gene_926,Gene_903
Gene_926,Gene_904
Gene_926,Gene_905
Gene_926,Gene_907
Gene_926,Gene_908
Gene_926,Gene_910
Gene_926,Gene_911
Gene_926,Gene_912
Gene_926,Gene_914
Gene_926,Gene_915
Gene_926,Gene_916
Gene_926,Gene_917
Gene_926,Gene_919
Gene_926,Gene_920
Gene_926,Gene_921
Gene_926,Gene_922
Gene_926,Gene_925
Gene_926,Gene_932
Gene_926,Gene_934
Gene_926,Gene_938
Gene_926,Gene_941
Gene_926,Gene_943
Gene_926,Gene_945
Gene_926,Gene_946
Gene_926,Gene_947
Gene_926,Gene_948
Gene_926,Gene_949
Gene_926,Gene_957
Gene_926,Gene_958
Gene_926,Gene_959
Gene_926,Gene_960
Gene_926,Gene_962
Gene_926,Gene_965
Gene_926,Gene_971
Gene_926,Gene_972
Gene_926,Gene_973
Gene_926,Gene_974
Gene_926,Gene_976
Gene_926,Gene_977
Gene_926,Gene_979
Gene_926,Gene_980
Gene_926,Gene_981
Gene_926,Gene_984
Gene_926,Gene_989
Gene_926,Gene_990
Gene_926,Gene_991
Gene_926,Gene_993
Gene_926,Gene_994
Gene_926,Gene_995
Gene_926,Gene_996
Gene_926,Gene_997
