Gene1,Gene2
Gene_0,Gene_0
Gene_0,Gene_2
Gene_0,Gene_3
Gene_0,Gene_5
Gene_0,Gene_6
Gene_0,Gene_8
Gene_0,Gene_10
Gene_0,Gene_11
Gene_0,Gene_13
Gene_0,Gene_14
Gene_0,Gene_15
Gene_0,Gene_17
Gene_0,Gene_18
Gene_0,Gene_19
Gene_0,Gene_20
Gene_0,Gene_21
Gene_0,Gene_22
Gene_0,Gene_23
Gene_0,Gene_24
Gene_0,Gene_25
Gene_0,Gene_26
Gene_0,Gene_27
Gene_0,Gene_28
Gene_0,Gene_29
Gene_0,Gene_31
Gene_0,Gene_32
Gene_0,Gene_33
Gene_0,Gene_34
Gene_0,Gene_35
Gene_0,Gene_36
Gene_0,Gene_37
Gene_0,Gene_38
Gene_0,Gene_39
Gene_0,Gene_41
Gene_0,Gene_43
Gene_0,Gene_44
Gene_0,Gene_45
Gene_0,Gene_46
Gene_0,Gene_47
Gene_0,Gene_48
Gene_0,Gene_49
Gene_0,Gene_50
Gene_0,Gene_51
Gene_0,Gene_52
Gene_0,Gene_53
Gene_0,Gene_54
Gene_0,Gene_55
Gene_0,Gene_57
Gene_0,Gene_58
Gene_0,Gene_59
Gene_0,Gene_60
Gene_0,Gene_61
Gene_0,Gene_63
Gene_0,Gene_64
Gene_0,Gene_65
Gene_0,Gene_66
Gene_0,Gene_67
Gene_0,Gene_69
Gene_0,Gene_71
Gene_0,Gene_72
Gene_0,Gene_73
Gene_0,Gene_74
Gene_0,Gene_75
Gene_0,Gene_76
Gene_0,Gene_77
Gene_0,Gene_78
Gene_0,Gene_79
Gene_0,Gene_80
Gene_0,Gene_81
Gene_0,Gene_82
Gene_0,Gene_83
Gene_0,Gene_85
Gene_0,Gene_86
Gene_0,Gene_89
Gene_0,Gene_90
Gene_0,Gene_91
Gene_0,Gene_92
Gene_0,Gene_94
Gene_0,Gene_95
Gene_0,Gene_96
Gene_0,Gene_97
Gene_0,Gene_98
Gene_0,Gene_99
Gene_0,Gene_100
Gene_0,Gene_101
Gene_0,Gene_102
Gene_0,Gene_103
Gene_0,Gene_105
Gene_0,Gene_107
Gene_0,Gene_108
Gene_0,Gene_109
Gene_0,Gene_110
Gene_0,Gene_111
Gene_0,Gene_112
Gene_0,Gene_114
Gene_0,Gene_115
Gene_0,Gene_116
Gene_0,Gene_117
Gene_0,Gene_118
Gene_0,Gene_119
Gene_0,Gene_121
Gene_0,Gene_122
Gene_0,Gene_124
Gene_0,Gene_125
Gene_0,Gene_126
Gene_0,Gene_127
Gene_0,Gene_128
Gene_0,Gene_129
Gene_0,Gene_130
Gene_0,Gene_131
Gene_0,Gene_132
Gene_0,Gene_133
Gene_0,Gene_134
Gene_0,Gene_135
Gene_0,Gene_136
Gene_0,Gene_137
Gene_0,Gene_140
Gene_0,Gene_141
Gene_0,Gene_142
Gene_0,Gene_143
Gene_0,Gene_144
Gene_0,Gene_145
Gene_0,Gene_146
Gene_0,Gene_147
Gene_0,Gene_148
Gene_0,Gene_149
Gene_0,Gene_150
Gene_0,Gene_152
Gene_0,Gene_154
Gene_0,Gene_155
Gene_0,Gene_156
Gene_0,Gene_157
Gene_0,Gene_159
Gene_0,Gene_161
Gene_0,Gene_163
Gene_0,Gene_164
Gene_0,Gene_166
Gene_0,Gene_167
Gene_0,Gene_168
Gene_0,Gene_169
Gene_0,Gene_171
Gene_0,Gene_172
Gene_0,Gene_173
Gene_0,Gene_174
Gene_0,Gene_175
Gene_0,Gene_176
Gene_0,Gene_178
Gene_0,Gene_180
Gene_0,Gene_181
Gene_0,Gene_182
Gene_0,Gene_183
Gene_0,Gene_185
Gene_0,Gene_186
Gene_0,Gene_187
Gene_0,Gene_189
Gene_0,Gene_190
Gene_0,Gene_191
Gene_0,Gene_193
Gene_0,Gene_194
Gene_0,Gene_195
Gene_0,Gene_197
Gene_0,Gene_199
Gene_0,Gene_200
Gene_1,Gene_0
Gene_1,Gene_1
Gene_1,Gene_2
Gene_1,Gene_3
Gene_1,Gene_4
Gene_1,Gene_6
Gene_1,Gene_7
Gene_1,Gene_9
Gene_1,Gene_10
Gene_1,Gene_12
Gene_1,Gene_13
Gene_1,Gene_14
Gene_1,Gene_15
Gene_1,Gene_16
Gene_1,Gene_17
Gene_1,Gene_19
Gene_1,Gene_20
Gene_1,Gene_21
Gene_1,Gene_22
Gene_1,Gene_23
Gene_1,Gene_24
Gene_1,Gene_25
Gene_1,Gene_26
Gene_1,Gene_27
Gene_1,Gene_29
Gene_1,Gene_30
Gene_1,Gene_31
Gene_1,Gene_33
Gene_1,Gene_34
Gene_1,Gene_35
Gene_1,Gene_36
Gene_1,Gene_38
Gene_1,Gene_39
Gene_1,Gene_40
Gene_1,Gene_41
Gene_1,Gene_42
Gene_1,Gene_43
Gene_1,Gene_44
Gene_1,Gene_45
Gene_1,Gene_46
Gene_1,Gene_47
Gene_1,Gene_48
Gene_1,Gene_49
Gene_1,Gene_50
Gene_1,Gene_51
Gene_1,Gene_52
Gene_1,Gene_53
Gene_1,Gene_54
Gene_1,Gene_55
Gene_1,Gene_56
Gene_1,Gene_57
Gene_1,Gene_58
Gene_1,Gene_59
Gene_1,Gene_60
Gene_1,Gene_61
Gene_1,Gene_62
Gene_1,Gene_64
Gene_1,Gene_65
Gene_1,Gene_66
Gene_1,Gene_67
Gene_1,Gene_68
Gene_1,Gene_69
Gene_1,Gene_70
Gene_1,Gene_71
Gene_1,Gene_73
Gene_1,Gene_74
Gene_1,Gene_76
Gene_1,Gene_77
Gene_1,Gene_78
Gene_1,Gene_79
Gene_1,Gene_81
Gene_1,Gene_82
Gene_1,Gene_83
Gene_1,Gene_84
Gene_1,Gene_85
Gene_1,Gene_86
Gene_1,Gene_88
Gene_1,Gene_89
Gene_1,Gene_90
Gene_1,Gene_91
Gene_1,Gene_92
Gene_1,Gene_93
Gene_1,Gene_95
Gene_1,Gene_96
Gene_1,Gene_99
Gene_1,Gene_100
Gene_1,Gene_101
Gene_1,Gene_102
Gene_1,Gene_103
Gene_1,Gene_104
Gene_1,Gene_105
Gene_1,Gene_106
Gene_1,Gene_109
Gene_1,Gene_110
Gene_1,Gene_111
Gene_1,Gene_112
Gene_1,Gene_113
Gene_1,Gene_114
Gene_1,Gene_115
Gene_1,Gene_116
Gene_1,Gene_117
Gene_1,Gene_118
Gene_1,Gene_119
Gene_1,Gene_121
Gene_1,Gene_122
Gene_1,Gene_123
Gene_1,Gene_124
Gene_1,Gene_125
Gene_1,Gene_126
Gene_1,Gene_127
Gene_1,Gene_129
Gene_1,Gene_130
Gene_1,Gene_131
Gene_1,Gene_132
Gene_1,Gene_133
Gene_1,Gene_134
Gene_1,Gene_135
Gene_1,Gene_137
Gene_1,Gene_139
Gene_1,Gene_141
Gene_1,Gene_142
Gene_1,Gene_144
Gene_1,Gene_145
Gene_1,Gene_148
Gene_1,Gene_149
Gene_1,Gene_150
Gene_1,Gene_151
Gene_1,Gene_152
Gene_1,Gene_153
Gene_1,Gene_156
Gene_1,Gene_157
Gene_1,Gene_159
Gene_1,Gene_163
Gene_1,Gene_164
Gene_1,Gene_165
Gene_1,Gene_166
Gene_1,Gene_167
Gene_1,Gene_168
Gene_1,Gene_169
Gene_1,Gene_170
Gene_1,Gene_171
Gene_1,Gene_173
Gene_1,Gene_174
Gene_1,Gene_175
Gene_1,Gene_176
Gene_1,Gene_177
Gene_1,Gene_178
Gene_1,Gene_180
Gene_1,Gene_181
Gene_1,Gene_182
Gene_1,Gene_183
Gene_1,Gene_186
Gene_1,Gene_187
Gene_1,Gene_188
Gene_1,Gene_189
Gene_1,Gene_191
Gene_1,Gene_192
Gene_1,Gene_193
Gene_1,Gene_194
Gene_1,Gene_196
Gene_1,Gene_197
Gene_1,Gene_200
Gene_2,Gene_0
Gene_2,Gene_1
Gene_2,Gene_2
Gene_2,Gene_3
Gene_2,Gene_4
Gene_2,Gene_5
Gene_2,Gene_6
Gene_2,Gene_7
Gene_2,Gene_8
Gene_2,Gene_9
Gene_2,Gene_10
Gene_2,Gene_11
Gene_2,Gene_12
Gene_2,Gene_13
Gene_2,Gene_15
Gene_2,Gene_16
Gene_2,Gene_17
Gene_2,Gene_19
Gene_2,Gene_20
Gene_2,Gene_21
Gene_2,Gene_22
Gene_2,Gene_23
Gene_2,Gene_25
Gene_2,Gene_26
Gene_2,Gene_28
Gene_2,Gene_29
Gene_2,Gene_30
Gene_2,Gene_32
Gene_2,Gene_33
Gene_2,Gene_34
Gene_2,Gene_35
Gene_2,Gene_36
Gene_2,Gene_37
Gene_2,Gene_39
Gene_2,Gene_40
Gene_2,Gene_41
Gene_2,Gene_42
Gene_2,Gene_43
Gene_2,Gene_44
Gene_2,Gene_46
Gene_2,Gene_47
Gene_2,Gene_48
Gene_2,Gene_49
Gene_2,Gene_50
Gene_2,Gene_51
Gene_2,Gene_53
Gene_2,Gene_54
Gene_2,Gene_55
Gene_2,Gene_56
Gene_2,Gene_58
Gene_2,Gene_59
Gene_2,Gene_60
Gene_2,Gene_61
Gene_2,Gene_62
Gene_2,Gene_63
Gene_2,Gene_64
Gene_2,Gene_65
Gene_2,Gene_66
Gene_2,Gene_68
Gene_2,Gene_70
Gene_2,Gene_71
Gene_2,Gene_72
Gene_2,Gene_73
Gene_2,Gene_74
Gene_2,Gene_75
Gene_2,Gene_76
Gene_2,Gene_77
Gene_2,Gene_78
Gene_2,Gene_79
Gene_2,Gene_80
Gene_2,Gene_83
Gene_2,Gene_84
Gene_2,Gene_85
Gene_2,Gene_89
Gene_2,Gene_90
Gene_2,Gene_91
Gene_2,Gene_93
Gene_2,Gene_95
Gene_2,Gene_97
Gene_2,Gene_98
Gene_2,Gene_99
Gene_2,Gene_101
Gene_2,Gene_105
Gene_2,Gene_106
Gene_2,Gene_108
Gene_2,Gene_109
Gene_2,Gene_111
Gene_2,Gene_112
Gene_2,Gene_114
Gene_2,Gene_115
Gene_2,Gene_117
Gene_2,Gene_120
Gene_2,Gene_121
Gene_2,Gene_122
Gene_2,Gene_123
Gene_2,Gene_125
Gene_2,Gene_126
Gene_2,Gene_127
Gene_2,Gene_128
Gene_2,Gene_130
Gene_2,Gene_131
Gene_2,Gene_132
Gene_2,Gene_134
Gene_2,Gene_135
Gene_2,Gene_136
Gene_2,Gene_138
Gene_2,Gene_139
Gene_2,Gene_140
Gene_2,Gene_141
Gene_2,Gene_142
Gene_2,Gene_143
Gene_2,Gene_144
Gene_2,Gene_145
Gene_2,Gene_146
Gene_2,Gene_147
Gene_2,Gene_148
Gene_2,Gene_149
Gene_2,Gene_151
Gene_2,Gene_152
Gene_2,Gene_153
Gene_2,Gene_154
Gene_2,Gene_155
Gene_2,Gene_156
Gene_2,Gene_158
Gene_2,Gene_160
Gene_2,Gene_161
Gene_2,Gene_162
Gene_2,Gene_164
Gene_2,Gene_165
Gene_2,Gene_167
Gene_2,Gene_168
Gene_2,Gene_169
Gene_2,Gene_170
Gene_2,Gene_174
Gene_2,Gene_175
Gene_2,Gene_177
Gene_2,Gene_178
Gene_2,Gene_179
Gene_2,Gene_180
Gene_2,Gene_181
Gene_2,Gene_182
Gene_2,Gene_183
Gene_2,Gene_184
Gene_2,Gene_185
Gene_2,Gene_186
Gene_2,Gene_187
Gene_2,Gene_188
Gene_2,Gene_189
Gene_2,Gene_191
Gene_2,Gene_192
Gene_2,Gene_193
Gene_2,Gene_194
Gene_2,Gene_196
Gene_2,Gene_197
Gene_2,Gene_199
Gene_2,Gene_200
Gene_3,Gene_0
Gene_3,Gene_1
Gene_3,Gene_2
Gene_3,Gene_3
Gene_3,Gene_4
Gene_3,Gene_5
Gene_3,Gene_6
Gene_3,Gene_7
Gene_3,Gene_9
Gene_3,Gene_10
Gene_3,Gene_13
Gene_3,Gene_14
Gene_3,Gene_15
Gene_3,Gene_16
Gene_3,Gene_18
Gene_3,Gene_19
Gene_3,Gene_20
Gene_3,Gene_22
Gene_3,Gene_23
Gene_3,Gene_25
Gene_3,Gene_26
Gene_3,Gene_27
Gene_3,Gene_28
Gene_3,Gene_29
Gene_3,Gene_30
Gene_3,Gene_31
Gene_3,Gene_33
Gene_3,Gene_34
Gene_3,Gene_36
Gene_3,Gene_38
Gene_3,Gene_39
Gene_3,Gene_40
Gene_3,Gene_41
Gene_3,Gene_42
Gene_3,Gene_45
Gene_3,Gene_47
Gene_3,Gene_48
Gene_3,Gene_49
Gene_3,Gene_50
Gene_3,Gene_51
Gene_3,Gene_53
Gene_3,Gene_55
Gene_3,Gene_57
Gene_3,Gene_58
Gene_3,Gene_61
Gene_3,Gene_62
Gene_3,Gene_64
Gene_3,Gene_65
Gene_3,Gene_66
Gene_3,Gene_67
Gene_3,Gene_68
Gene_3,Gene_69
Gene_3,Gene_71
Gene_3,Gene_72
Gene_3,Gene_73
Gene_3,Gene_74
Gene_3,Gene_75
Gene_3,Gene_76
Gene_3,Gene_77
Gene_3,Gene_78
Gene_3,Gene_79
Gene_3,Gene_81
Gene_3,Gene_82
Gene_3,Gene_84
Gene_3,Gene_85
Gene_3,Gene_86
Gene_3,Gene_87
Gene_3,Gene_88
Gene_3,Gene_89
Gene_3,Gene_91
Gene_3,Gene_93
Gene_3,Gene_94
Gene_3,Gene_95
Gene_3,Gene_96
Gene_3,Gene_97
Gene_3,Gene_98
Gene_3,Gene_99
Gene_3,Gene_100
Gene_3,Gene_101
Gene_3,Gene_103
Gene_3,Gene_104
Gene_3,Gene_105
Gene_3,Gene_106
Gene_3,Gene_107
Gene_3,Gene_108
Gene_3,Gene_110
Gene_3,Gene_111
Gene_3,Gene_113
Gene_3,Gene_114
Gene_3,Gene_115
Gene_3,Gene_116
Gene_3,Gene_118
Gene_3,Gene_119
Gene_3,Gene_121
Gene_3,Gene_122
Gene_3,Gene_123
Gene_3,Gene_124
Gene_3,Gene_125
Gene_3,Gene_127
Gene_3,Gene_128
Gene_3,Gene_130
Gene_3,Gene_131
Gene_3,Gene_132
Gene_3,Gene_133
Gene_3,Gene_134
Gene_3,Gene_135
Gene_3,Gene_136
Gene_3,Gene_137
Gene_3,Gene_139
Gene_3,Gene_140
Gene_3,Gene_141
Gene_3,Gene_142
Gene_3,Gene_143
Gene_3,Gene_144
Gene_3,Gene_146
Gene_3,Gene_147
Gene_3,Gene_148
Gene_3,Gene_149
Gene_3,Gene_150
Gene_3,Gene_151
Gene_3,Gene_152
Gene_3,Gene_154
Gene_3,Gene_155
Gene_3,Gene_156
Gene_3,Gene_159
Gene_3,Gene_161
Gene_3,Gene_163
Gene_3,Gene_164
Gene_3,Gene_165
Gene_3,Gene_166
Gene_3,Gene_169
Gene_3,Gene_170
Gene_3,Gene_171
Gene_3,Gene_172
Gene_3,Gene_174
Gene_3,Gene_175
Gene_3,Gene_176
Gene_3,Gene_177
Gene_3,Gene_178
Gene_3,Gene_179
Gene_3,Gene_181
Gene_3,Gene_184
Gene_3,Gene_185
Gene_3,Gene_186
Gene_3,Gene_187
Gene_3,Gene_188
Gene_3,Gene_189
Gene_3,Gene_190
Gene_3,Gene_191
Gene_3,Gene_192
Gene_3,Gene_193
Gene_3,Gene_198
Gene_3,Gene_199
Gene_3,Gene_200
Gene_4,Gene_0
Gene_4,Gene_1
Gene_4,Gene_2
Gene_4,Gene_3
Gene_4,Gene_4
Gene_4,Gene_5
Gene_4,Gene_6
Gene_4,Gene_7
Gene_4,Gene_8
Gene_4,Gene_9
Gene_4,Gene_10
Gene_4,Gene_11
Gene_4,Gene_14
Gene_4,Gene_15
Gene_4,Gene_17
Gene_4,Gene_19
Gene_4,Gene_20
Gene_4,Gene_22
Gene_4,Gene_23
Gene_4,Gene_25
Gene_4,Gene_26
Gene_4,Gene_27
Gene_4,Gene_28
Gene_4,Gene_30
Gene_4,Gene_31
Gene_4,Gene_32
Gene_4,Gene_33
Gene_4,Gene_34
Gene_4,Gene_36
Gene_4,Gene_37
Gene_4,Gene_38
Gene_4,Gene_39
Gene_4,Gene_40
Gene_4,Gene_41
Gene_4,Gene_42
Gene_4,Gene_43
Gene_4,Gene_44
Gene_4,Gene_45
Gene_4,Gene_47
Gene_4,Gene_48
Gene_4,Gene_50
Gene_4,Gene_51
Gene_4,Gene_52
Gene_4,Gene_53
Gene_4,Gene_54
Gene_4,Gene_57
Gene_4,Gene_61
Gene_4,Gene_62
Gene_4,Gene_63
Gene_4,Gene_64
Gene_4,Gene_65
Gene_4,Gene_66
Gene_4,Gene_68
Gene_4,Gene_69
Gene_4,Gene_70
Gene_4,Gene_71
Gene_4,Gene_72
Gene_4,Gene_73
Gene_4,Gene_74
Gene_4,Gene_76
Gene_4,Gene_77
Gene_4,Gene_79
Gene_4,Gene_81
Gene_4,Gene_82
Gene_4,Gene_83
Gene_4,Gene_84
Gene_4,Gene_85
Gene_4,Gene_88
Gene_4,Gene_89
Gene_4,Gene_90
Gene_4,Gene_91
Gene_4,Gene_92
Gene_4,Gene_93
Gene_4,Gene_94
Gene_4,Gene_95
Gene_4,Gene_96
Gene_4,Gene_97
Gene_4,Gene_98
Gene_4,Gene_99
Gene_4,Gene_100
Gene_4,Gene_101
Gene_4,Gene_102
Gene_4,Gene_103
Gene_4,Gene_104
Gene_4,Gene_106
Gene_4,Gene_107
Gene_4,Gene_108
Gene_4,Gene_109
Gene_4,Gene_111
Gene_4,Gene_112
Gene_4,Gene_113
Gene_4,Gene_114
Gene_4,Gene_115
Gene_4,Gene_117
Gene_4,Gene_118
Gene_4,Gene_119
Gene_4,Gene_121
Gene_4,Gene_122
Gene_4,Gene_123
Gene_4,Gene_124
Gene_4,Gene_125
Gene_4,Gene_126
Gene_4,Gene_127
Gene_4,Gene_128
Gene_4,Gene_129
Gene_4,Gene_130
Gene_4,Gene_131
Gene_4,Gene_132
Gene_4,Gene_133
Gene_4,Gene_134
Gene_4,Gene_136
Gene_4,Gene_137
Gene_4,Gene_138
Gene_4,Gene_139
Gene_4,Gene_140
Gene_4,Gene_141
Gene_4,Gene_142
Gene_4,Gene_143
Gene_4,Gene_144
Gene_4,Gene_145
Gene_4,Gene_146
Gene_4,Gene_148
Gene_4,Gene_150
Gene_4,Gene_151
Gene_4,Gene_152
Gene_4,Gene_153
Gene_4,Gene_154
Gene_4,Gene_155
Gene_4,Gene_156
Gene_4,Gene_157
Gene_4,Gene_158
Gene_4,Gene_159
Gene_4,Gene_160
Gene_4,Gene_161
Gene_4,Gene_162
Gene_4,Gene_164
Gene_4,Gene_167
Gene_4,Gene_168
Gene_4,Gene_171
Gene_4,Gene_172
Gene_4,Gene_173
Gene_4,Gene_175
Gene_4,Gene_176
Gene_4,Gene_177
Gene_4,Gene_178
Gene_4,Gene_183
Gene_4,Gene_184
Gene_4,Gene_186
Gene_4,Gene_187
Gene_4,Gene_188
Gene_4,Gene_189
Gene_4,Gene_190
Gene_4,Gene_191
Gene_4,Gene_192
Gene_4,Gene_193
Gene_4,Gene_194
Gene_4,Gene_196
Gene_4,Gene_197
Gene_4,Gene_198
Gene_4,Gene_199
Gene_4,Gene_200
Gene_5,Gene_0
Gene_5,Gene_1
Gene_5,Gene_2
Gene_5,Gene_3
Gene_5,Gene_4
Gene_5,Gene_5
Gene_5,Gene_8
Gene_5,Gene_9
Gene_5,Gene_12
Gene_5,Gene_13
Gene_5,Gene_14
Gene_5,Gene_15
Gene_5,Gene_16
Gene_5,Gene_17
Gene_5,Gene_18
Gene_5,Gene_19
Gene_5,Gene_20
Gene_5,Gene_21
Gene_5,Gene_23
Gene_5,Gene_25
Gene_5,Gene_26
Gene_5,Gene_27
Gene_5,Gene_28
Gene_5,Gene_29
Gene_5,Gene_31
Gene_5,Gene_32
Gene_5,Gene_33
Gene_5,Gene_34
Gene_5,Gene_36
Gene_5,Gene_37
Gene_5,Gene_38
Gene_5,Gene_40
Gene_5,Gene_42
Gene_5,Gene_43
Gene_5,Gene_44
Gene_5,Gene_46
Gene_5,Gene_47
Gene_5,Gene_48
Gene_5,Gene_49
Gene_5,Gene_50
Gene_5,Gene_52
Gene_5,Gene_53
Gene_5,Gene_54
Gene_5,Gene_56
Gene_5,Gene_57
Gene_5,Gene_58
Gene_5,Gene_60
Gene_5,Gene_61
Gene_5,Gene_62
Gene_5,Gene_63
Gene_5,Gene_64
Gene_5,Gene_65
Gene_5,Gene_66
Gene_5,Gene_67
Gene_5,Gene_68
Gene_5,Gene_70
Gene_5,Gene_71
Gene_5,Gene_72
Gene_5,Gene_73
Gene_5,Gene_74
Gene_5,Gene_75
Gene_5,Gene_76
Gene_5,Gene_77
Gene_5,Gene_78
Gene_5,Gene_79
Gene_5,Gene_80
Gene_5,Gene_81
Gene_5,Gene_82
Gene_5,Gene_83
Gene_5,Gene_84
Gene_5,Gene_86
Gene_5,Gene_87
Gene_5,Gene_88
Gene_5,Gene_89
Gene_5,Gene_91
Gene_5,Gene_93
Gene_5,Gene_94
Gene_5,Gene_95
Gene_5,Gene_97
Gene_5,Gene_98
Gene_5,Gene_99
Gene_5,Gene_100
Gene_5,Gene_101
Gene_5,Gene_102
Gene_5,Gene_103
Gene_5,Gene_104
Gene_5,Gene_106
Gene_5,Gene_107
Gene_5,Gene_108
Gene_5,Gene_109
Gene_5,Gene_111
Gene_5,Gene_112
Gene_5,Gene_113
Gene_5,Gene_114
Gene_5,Gene_115
Gene_5,Gene_116
Gene_5,Gene_117
Gene_5,Gene_118
Gene_5,Gene_119
Gene_5,Gene_120
Gene_5,Gene_121
Gene_5,Gene_122
Gene_5,Gene_123
Gene_5,Gene_124
Gene_5,Gene_125
Gene_5,Gene_126
Gene_5,Gene_127
Gene_5,Gene_129
Gene_5,Gene_131
Gene_5,Gene_133
Gene_5,Gene_134
Gene_5,Gene_135
Gene_5,Gene_136
Gene_5,Gene_138
Gene_5,Gene_139
Gene_5,Gene_140
Gene_5,Gene_141
Gene_5,Gene_142
Gene_5,Gene_143
Gene_5,Gene_145
Gene_5,Gene_146
Gene_5,Gene_147
Gene_5,Gene_148
Gene_5,Gene_149
Gene_5,Gene_153
Gene_5,Gene_154
Gene_5,Gene_155
Gene_5,Gene_156
Gene_5,Gene_157
Gene_5,Gene_158
Gene_5,Gene_159
Gene_5,Gene_160
Gene_5,Gene_162
Gene_5,Gene_163
Gene_5,Gene_164
Gene_5,Gene_166
Gene_5,Gene_167
Gene_5,Gene_168
Gene_5,Gene_169
Gene_5,Gene_170
Gene_5,Gene_171
Gene_5,Gene_172
Gene_5,Gene_174
Gene_5,Gene_176
Gene_5,Gene_178
Gene_5,Gene_180
Gene_5,Gene_181
Gene_5,Gene_183
Gene_5,Gene_185
Gene_5,Gene_187
Gene_5,Gene_188
Gene_5,Gene_189
Gene_5,Gene_190
Gene_5,Gene_191
Gene_5,Gene_192
Gene_5,Gene_193
Gene_5,Gene_195
Gene_5,Gene_196
Gene_5,Gene_198
Gene_5,Gene_199
Gene_5,Gene_200
Gene_6,Gene_0
Gene_6,Gene_1
Gene_6,Gene_2
Gene_6,Gene_3
Gene_6,Gene_4
Gene_6,Gene_5
Gene_6,Gene_6
Gene_6,Gene_7
Gene_6,Gene_10
Gene_6,Gene_12
Gene_6,Gene_13
Gene_6,Gene_14
Gene_6,Gene_15
Gene_6,Gene_16
Gene_6,Gene_17
Gene_6,Gene_18
Gene_6,Gene_20
Gene_6,Gene_22
Gene_6,Gene_23
Gene_6,Gene_24
Gene_6,Gene_25
Gene_6,Gene_26
Gene_6,Gene_29
Gene_6,Gene_30
Gene_6,Gene_32
Gene_6,Gene_33
Gene_6,Gene_35
Gene_6,Gene_36
Gene_6,Gene_37
Gene_6,Gene_39
Gene_6,Gene_41
Gene_6,Gene_42
Gene_6,Gene_43
Gene_6,Gene_44
Gene_6,Gene_46
Gene_6,Gene_47
Gene_6,Gene_48
Gene_6,Gene_49
Gene_6,Gene_50
Gene_6,Gene_51
Gene_6,Gene_53
Gene_6,Gene_54
Gene_6,Gene_55
Gene_6,Gene_57
Gene_6,Gene_60
Gene_6,Gene_64
Gene_6,Gene_65
Gene_6,Gene_67
Gene_6,Gene_69
Gene_6,Gene_70
Gene_6,Gene_71
Gene_6,Gene_73
Gene_6,Gene_74
Gene_6,Gene_75
Gene_6,Gene_77
Gene_6,Gene_78
Gene_6,Gene_79
Gene_6,Gene_80
Gene_6,Gene_81
Gene_6,Gene_82
Gene_6,Gene_83
Gene_6,Gene_84
Gene_6,Gene_87
Gene_6,Gene_88
Gene_6,Gene_89
Gene_6,Gene_90
Gene_6,Gene_92
Gene_6,Gene_93
Gene_6,Gene_96
Gene_6,Gene_97
Gene_6,Gene_98
Gene_6,Gene_101
Gene_6,Gene_102
Gene_6,Gene_104
Gene_6,Gene_105
Gene_6,Gene_106
Gene_6,Gene_107
Gene_6,Gene_108
Gene_6,Gene_109
Gene_6,Gene_110
Gene_6,Gene_112
Gene_6,Gene_113
Gene_6,Gene_114
Gene_6,Gene_115
Gene_6,Gene_116
Gene_6,Gene_117
Gene_6,Gene_119
Gene_6,Gene_120
Gene_6,Gene_122
Gene_6,Gene_123
Gene_6,Gene_124
Gene_6,Gene_125
Gene_6,Gene_126
Gene_6,Gene_127
Gene_6,Gene_129
Gene_6,Gene_130
Gene_6,Gene_131
Gene_6,Gene_132
Gene_6,Gene_133
Gene_6,Gene_137
Gene_6,Gene_142
Gene_6,Gene_143
Gene_6,Gene_144
Gene_6,Gene_146
Gene_6,Gene_147
Gene_6,Gene_148
Gene_6,Gene_149
Gene_6,Gene_150
Gene_6,Gene_152
Gene_6,Gene_153
Gene_6,Gene_155
Gene_6,Gene_156
Gene_6,Gene_157
Gene_6,Gene_158
Gene_6,Gene_160
Gene_6,Gene_162
Gene_6,Gene_163
Gene_6,Gene_165
Gene_6,Gene_167
Gene_6,Gene_168
Gene_6,Gene_169
Gene_6,Gene_170
Gene_6,Gene_171
Gene_6,Gene_173
Gene_6,Gene_174
Gene_6,Gene_175
Gene_6,Gene_176
Gene_6,Gene_177
Gene_6,Gene_178
Gene_6,Gene_180
Gene_6,Gene_181
Gene_6,Gene_182
Gene_6,Gene_183
Gene_6,Gene_184
Gene_6,Gene_185
Gene_6,Gene_186
Gene_6,Gene_188
Gene_6,Gene_189
Gene_6,Gene_191
Gene_6,Gene_192
Gene_6,Gene_194
Gene_6,Gene_195
Gene_6,Gene_196
Gene_6,Gene_198
Gene_6,Gene_199
Gene_7,Gene_34
Gene_7,Gene_120
Gene_7,Gene_135
Gene_7,Gene_142
Gene_7,Gene_172
Gene_7,Gene_184
Gene_7,Gene_195
Gene_8,Gene_0
Gene_8,Gene_1
Gene_8,Gene_2
Gene_8,Gene_3
Gene_8,Gene_4
Gene_8,Gene_5
Gene_8,Gene_6
Gene_8,Gene_7
Gene_8,Gene_10
Gene_8,Gene_11
Gene_8,Gene_12
Gene_8,Gene_14
Gene_8,Gene_15
Gene_8,Gene_17
Gene_8,Gene_18
Gene_8,Gene_19
Gene_8,Gene_20
Gene_8,Gene_21
Gene_8,Gene_22
Gene_8,Gene_23
Gene_8,Gene_24
Gene_8,Gene_25
Gene_8,Gene_26
Gene_8,Gene_28
Gene_8,Gene_29
Gene_8,Gene_30
Gene_8,Gene_31
Gene_8,Gene_32
Gene_8,Gene_35
Gene_8,Gene_36
Gene_8,Gene_37
Gene_8,Gene_38
Gene_8,Gene_39
Gene_8,Gene_40
Gene_8,Gene_41
Gene_8,Gene_42
Gene_8,Gene_43
Gene_8,Gene_45
Gene_8,Gene_46
Gene_8,Gene_47
Gene_8,Gene_49
Gene_8,Gene_50
Gene_8,Gene_51
Gene_8,Gene_52
Gene_8,Gene_53
Gene_8,Gene_54
Gene_8,Gene_55
Gene_8,Gene_56
Gene_8,Gene_57
Gene_8,Gene_58
Gene_8,Gene_63
Gene_8,Gene_64
Gene_8,Gene_66
Gene_8,Gene_67
Gene_8,Gene_68
Gene_8,Gene_69
Gene_8,Gene_70
Gene_8,Gene_71
Gene_8,Gene_72
Gene_8,Gene_74
Gene_8,Gene_75
Gene_8,Gene_76
Gene_8,Gene_77
Gene_8,Gene_78
Gene_8,Gene_79
Gene_8,Gene_80
Gene_8,Gene_81
Gene_8,Gene_82
Gene_8,Gene_83
Gene_8,Gene_85
Gene_8,Gene_86
Gene_8,Gene_87
Gene_8,Gene_88
Gene_8,Gene_90
Gene_8,Gene_92
Gene_8,Gene_93
Gene_8,Gene_94
Gene_8,Gene_95
Gene_8,Gene_96
Gene_8,Gene_97
Gene_8,Gene_99
Gene_8,Gene_101
Gene_8,Gene_102
Gene_8,Gene_104
Gene_8,Gene_105
Gene_8,Gene_106
Gene_8,Gene_107
Gene_8,Gene_108
Gene_8,Gene_109
Gene_8,Gene_110
Gene_8,Gene_111
Gene_8,Gene_112
Gene_8,Gene_113
Gene_8,Gene_115
Gene_8,Gene_116
Gene_8,Gene_117
Gene_8,Gene_119
Gene_8,Gene_120
Gene_8,Gene_121
Gene_8,Gene_122
Gene_8,Gene_123
Gene_8,Gene_125
Gene_8,Gene_126
Gene_8,Gene_127
Gene_8,Gene_128
Gene_8,Gene_129
Gene_8,Gene_130
Gene_8,Gene_131
Gene_8,Gene_132
Gene_8,Gene_133
Gene_8,Gene_136
Gene_8,Gene_137
Gene_8,Gene_138
Gene_8,Gene_139
Gene_8,Gene_140
Gene_8,Gene_141
Gene_8,Gene_142
Gene_8,Gene_143
Gene_8,Gene_144
Gene_8,Gene_145
Gene_8,Gene_146
Gene_8,Gene_147
Gene_8,Gene_149
Gene_8,Gene_150
Gene_8,Gene_151
Gene_8,Gene_152
Gene_8,Gene_153
Gene_8,Gene_154
Gene_8,Gene_155
Gene_8,Gene_156
Gene_8,Gene_158
Gene_8,Gene_159
Gene_8,Gene_160
Gene_8,Gene_166
Gene_8,Gene_167
Gene_8,Gene_169
Gene_8,Gene_170
Gene_8,Gene_173
Gene_8,Gene_174
Gene_8,Gene_176
Gene_8,Gene_177
Gene_8,Gene_178
Gene_8,Gene_179
Gene_8,Gene_180
Gene_8,Gene_181
Gene_8,Gene_183
Gene_8,Gene_184
Gene_8,Gene_187
Gene_8,Gene_190
Gene_8,Gene_191
Gene_8,Gene_193
Gene_8,Gene_195
Gene_8,Gene_196
Gene_8,Gene_197
Gene_8,Gene_198
Gene_8,Gene_200
Gene_9,Gene_2
Gene_9,Gene_3
Gene_9,Gene_4
Gene_9,Gene_5
Gene_9,Gene_6
Gene_9,Gene_8
Gene_9,Gene_9
Gene_9,Gene_10
Gene_9,Gene_12
Gene_9,Gene_13
Gene_9,Gene_14
Gene_9,Gene_15
Gene_9,Gene_16
Gene_9,Gene_17
Gene_9,Gene_19
Gene_9,Gene_20
Gene_9,Gene_22
Gene_9,Gene_23
Gene_9,Gene_24
Gene_9,Gene_26
Gene_9,Gene_28
Gene_9,Gene_29
Gene_9,Gene_30
Gene_9,Gene_31
Gene_9,Gene_32
Gene_9,Gene_33
Gene_9,Gene_34
Gene_9,Gene_35
Gene_9,Gene_36
Gene_9,Gene_37
Gene_9,Gene_38
Gene_9,Gene_39
Gene_9,Gene_41
Gene_9,Gene_42
Gene_9,Gene_43
Gene_9,Gene_44
Gene_9,Gene_45
Gene_9,Gene_46
Gene_9,Gene_48
Gene_9,Gene_49
Gene_9,Gene_50
Gene_9,Gene_51
Gene_9,Gene_52
Gene_9,Gene_53
Gene_9,Gene_55
Gene_9,Gene_57
Gene_9,Gene_58
Gene_9,Gene_59
Gene_9,Gene_60
Gene_9,Gene_61
Gene_9,Gene_62
Gene_9,Gene_63
Gene_9,Gene_64
Gene_9,Gene_65
Gene_9,Gene_66
Gene_9,Gene_69
Gene_9,Gene_70
Gene_9,Gene_71
Gene_9,Gene_72
Gene_9,Gene_73
Gene_9,Gene_74
Gene_9,Gene_77
Gene_9,Gene_78
Gene_9,Gene_79
Gene_9,Gene_80
Gene_9,Gene_81
Gene_9,Gene_82
Gene_9,Gene_84
Gene_9,Gene_85
Gene_9,Gene_86
Gene_9,Gene_87
Gene_9,Gene_88
Gene_9,Gene_90
Gene_9,Gene_91
Gene_9,Gene_92
Gene_9,Gene_93
Gene_9,Gene_94
Gene_9,Gene_95
Gene_9,Gene_96
Gene_9,Gene_97
Gene_9,Gene_98
Gene_9,Gene_99
Gene_9,Gene_101
Gene_9,Gene_102
Gene_9,Gene_103
Gene_9,Gene_106
Gene_9,Gene_107
Gene_9,Gene_109
Gene_9,Gene_110
Gene_9,Gene_111
Gene_9,Gene_113
Gene_9,Gene_114
Gene_9,Gene_115
Gene_9,Gene_116
Gene_9,Gene_118
Gene_9,Gene_119
Gene_9,Gene_120
Gene_9,Gene_121
Gene_9,Gene_122
Gene_9,Gene_123
Gene_9,Gene_124
Gene_9,Gene_125
Gene_9,Gene_126
Gene_9,Gene_128
Gene_9,Gene_129
Gene_9,Gene_130
Gene_9,Gene_132
Gene_9,Gene_133
Gene_9,Gene_134
Gene_9,Gene_135
Gene_9,Gene_137
Gene_9,Gene_138
Gene_9,Gene_139
Gene_9,Gene_140
Gene_9,Gene_141
Gene_9,Gene_142
Gene_9,Gene_143
Gene_9,Gene_144
Gene_9,Gene_145
Gene_9,Gene_146
Gene_9,Gene_147
Gene_9,Gene_148
Gene_9,Gene_149
Gene_9,Gene_150
Gene_9,Gene_153
Gene_9,Gene_154
Gene_9,Gene_156
Gene_9,Gene_157
Gene_9,Gene_159
Gene_9,Gene_160
Gene_9,Gene_161
Gene_9,Gene_163
Gene_9,Gene_164
Gene_9,Gene_165
Gene_9,Gene_166
Gene_9,Gene_167
Gene_9,Gene_168
Gene_9,Gene_169
Gene_9,Gene_170
Gene_9,Gene_171
Gene_9,Gene_172
Gene_9,Gene_173
Gene_9,Gene_174
Gene_9,Gene_175
Gene_9,Gene_177
Gene_9,Gene_178
Gene_9,Gene_180
Gene_9,Gene_181
Gene_9,Gene_182
Gene_9,Gene_183
Gene_9,Gene_184
Gene_9,Gene_185
Gene_9,Gene_186
Gene_9,Gene_187
Gene_9,Gene_188
Gene_9,Gene_189
Gene_9,Gene_190
Gene_9,Gene_191
Gene_9,Gene_192
Gene_9,Gene_193
Gene_9,Gene_194
Gene_9,Gene_195
Gene_9,Gene_196
Gene_9,Gene_197
Gene_9,Gene_199
Gene_9,Gene_200
Gene_10,Gene_0
Gene_10,Gene_1
Gene_10,Gene_2
Gene_10,Gene_3
Gene_10,Gene_5
Gene_10,Gene_6
Gene_10,Gene_8
Gene_10,Gene_9
Gene_10,Gene_10
Gene_10,Gene_11
Gene_10,Gene_12
Gene_10,Gene_13
Gene_10,Gene_14
Gene_10,Gene_17
Gene_10,Gene_18
Gene_10,Gene_19
Gene_10,Gene_20
Gene_10,Gene_21
Gene_10,Gene_22
Gene_10,Gene_23
Gene_10,Gene_24
Gene_10,Gene_25
Gene_10,Gene_26
Gene_10,Gene_27
Gene_10,Gene_28
Gene_10,Gene_29
Gene_10,Gene_30
Gene_10,Gene_31
Gene_10,Gene_32
Gene_10,Gene_33
Gene_10,Gene_35
Gene_10,Gene_36
Gene_10,Gene_37
Gene_10,Gene_38
Gene_10,Gene_39
Gene_10,Gene_40
Gene_10,Gene_41
Gene_10,Gene_43
Gene_10,Gene_45
Gene_10,Gene_47
Gene_10,Gene_48
Gene_10,Gene_49
Gene_10,Gene_50
Gene_10,Gene_51
Gene_10,Gene_52
Gene_10,Gene_53
Gene_10,Gene_54
Gene_10,Gene_55
Gene_10,Gene_56
Gene_10,Gene_57
Gene_10,Gene_59
Gene_10,Gene_60
Gene_10,Gene_61
Gene_10,Gene_63
Gene_10,Gene_64
Gene_10,Gene_67
Gene_10,Gene_68
Gene_10,Gene_71
Gene_10,Gene_72
Gene_10,Gene_73
Gene_10,Gene_75
Gene_10,Gene_76
Gene_10,Gene_78
Gene_10,Gene_80
Gene_10,Gene_81
Gene_10,Gene_82
Gene_10,Gene_83
Gene_10,Gene_84
Gene_10,Gene_85
Gene_10,Gene_86
Gene_10,Gene_87
Gene_10,Gene_88
Gene_10,Gene_89
Gene_10,Gene_90
Gene_10,Gene_92
Gene_10,Gene_94
Gene_10,Gene_95
Gene_10,Gene_96
Gene_10,Gene_97
Gene_10,Gene_98
Gene_10,Gene_99
Gene_10,Gene_100
Gene_10,Gene_102
Gene_10,Gene_103
Gene_10,Gene_104
Gene_10,Gene_105
Gene_10,Gene_106
Gene_10,Gene_107
Gene_10,Gene_108
Gene_10,Gene_109
Gene_10,Gene_110
Gene_10,Gene_111
Gene_10,Gene_112
Gene_10,Gene_113
Gene_10,Gene_114
Gene_10,Gene_115
Gene_10,Gene_116
Gene_10,Gene_117
Gene_10,Gene_118
Gene_10,Gene_119
Gene_10,Gene_120
Gene_10,Gene_121
Gene_10,Gene_122
Gene_10,Gene_123
Gene_10,Gene_125
Gene_10,Gene_126
Gene_10,Gene_127
Gene_10,Gene_128
Gene_10,Gene_129
Gene_10,Gene_130
Gene_10,Gene_131
Gene_10,Gene_132
Gene_10,Gene_134
Gene_10,Gene_135
Gene_10,Gene_136
Gene_10,Gene_137
Gene_10,Gene_139
Gene_10,Gene_140
Gene_10,Gene_141
Gene_10,Gene_142
Gene_10,Gene_143
Gene_10,Gene_144
Gene_10,Gene_145
Gene_10,Gene_147
Gene_10,Gene_149
Gene_10,Gene_152
Gene_10,Gene_153
Gene_10,Gene_154
Gene_10,Gene_155
Gene_10,Gene_156
Gene_10,Gene_157
Gene_10,Gene_158
Gene_10,Gene_159
Gene_10,Gene_160
Gene_10,Gene_162
Gene_10,Gene_163
Gene_10,Gene_164
Gene_10,Gene_166
Gene_10,Gene_167
Gene_10,Gene_168
Gene_10,Gene_169
Gene_10,Gene_170
Gene_10,Gene_171
Gene_10,Gene_172
Gene_10,Gene_174
Gene_10,Gene_175
Gene_10,Gene_176
Gene_10,Gene_177
Gene_10,Gene_178
Gene_10,Gene_179
Gene_10,Gene_180
Gene_10,Gene_182
Gene_10,Gene_183
Gene_10,Gene_185
Gene_10,Gene_186
Gene_10,Gene_187
Gene_10,Gene_188
Gene_10,Gene_189
Gene_10,Gene_190
Gene_10,Gene_192
Gene_10,Gene_193
Gene_10,Gene_194
Gene_10,Gene_196
Gene_10,Gene_197
Gene_10,Gene_198
Gene_10,Gene_199
Gene_10,Gene_200
Gene_11,Gene_0
Gene_11,Gene_1
Gene_11,Gene_2
Gene_11,Gene_3
Gene_11,Gene_4
Gene_11,Gene_5
Gene_11,Gene_6
Gene_11,Gene_7
Gene_11,Gene_9
Gene_11,Gene_10
Gene_11,Gene_11
Gene_11,Gene_12
Gene_11,Gene_13
Gene_11,Gene_14
Gene_11,Gene_15
Gene_11,Gene_16
Gene_11,Gene_17
Gene_11,Gene_18
Gene_11,Gene_19
Gene_11,Gene_20
Gene_11,Gene_21
Gene_11,Gene_24
Gene_11,Gene_25
Gene_11,Gene_26
Gene_11,Gene_27
Gene_11,Gene_28
Gene_11,Gene_29
Gene_11,Gene_31
Gene_11,Gene_32
Gene_11,Gene_33
Gene_11,Gene_34
Gene_11,Gene_35
Gene_11,Gene_37
Gene_11,Gene_39
Gene_11,Gene_40
Gene_11,Gene_41
Gene_11,Gene_42
Gene_11,Gene_44
Gene_11,Gene_45
Gene_11,Gene_46
Gene_11,Gene_47
Gene_11,Gene_48
Gene_11,Gene_49
Gene_11,Gene_50
Gene_11,Gene_52
Gene_11,Gene_54
Gene_11,Gene_55
Gene_11,Gene_56
Gene_11,Gene_57
Gene_11,Gene_58
Gene_11,Gene_59
Gene_11,Gene_60
Gene_11,Gene_61
Gene_11,Gene_62
Gene_11,Gene_63
Gene_11,Gene_64
Gene_11,Gene_65
Gene_11,Gene_66
Gene_11,Gene_67
Gene_11,Gene_68
Gene_11,Gene_70
Gene_11,Gene_71
Gene_11,Gene_72
Gene_11,Gene_73
Gene_11,Gene_75
Gene_11,Gene_76
Gene_11,Gene_77
Gene_11,Gene_78
Gene_11,Gene_79
Gene_11,Gene_80
Gene_11,Gene_81
Gene_11,Gene_82
Gene_11,Gene_83
Gene_11,Gene_84
Gene_11,Gene_87
Gene_11,Gene_88
Gene_11,Gene_89
Gene_11,Gene_90
Gene_11,Gene_91
Gene_11,Gene_92
Gene_11,Gene_95
Gene_11,Gene_96
Gene_11,Gene_97
Gene_11,Gene_99
Gene_11,Gene_101
Gene_11,Gene_102
Gene_11,Gene_103
Gene_11,Gene_104
Gene_11,Gene_105
Gene_11,Gene_108
Gene_11,Gene_109
Gene_11,Gene_110
Gene_11,Gene_111
Gene_11,Gene_112
Gene_11,Gene_113
Gene_11,Gene_114
Gene_11,Gene_116
Gene_11,Gene_118
Gene_11,Gene_121
Gene_11,Gene_122
Gene_11,Gene_123
Gene_11,Gene_124
Gene_11,Gene_125
Gene_11,Gene_126
Gene_11,Gene_127
Gene_11,Gene_129
Gene_11,Gene_130
Gene_11,Gene_131
Gene_11,Gene_132
Gene_11,Gene_133
Gene_11,Gene_134
Gene_11,Gene_136
Gene_11,Gene_138
Gene_11,Gene_139
Gene_11,Gene_140
Gene_11,Gene_143
Gene_11,Gene_144
Gene_11,Gene_145
Gene_11,Gene_146
Gene_11,Gene_151
Gene_11,Gene_152
Gene_11,Gene_153
Gene_11,Gene_154
Gene_11,Gene_156
Gene_11,Gene_157
Gene_11,Gene_158
Gene_11,Gene_159
Gene_11,Gene_160
Gene_11,Gene_161
Gene_11,Gene_162
Gene_11,Gene_163
Gene_11,Gene_164
Gene_11,Gene_166
Gene_11,Gene_168
Gene_11,Gene_169
Gene_11,Gene_170
Gene_11,Gene_171
Gene_11,Gene_172
Gene_11,Gene_173
Gene_11,Gene_174
Gene_11,Gene_175
Gene_11,Gene_176
Gene_11,Gene_178
Gene_11,Gene_179
Gene_11,Gene_180
Gene_11,Gene_181
Gene_11,Gene_182
Gene_11,Gene_184
Gene_11,Gene_185
Gene_11,Gene_186
Gene_11,Gene_187
Gene_11,Gene_189
Gene_11,Gene_190
Gene_11,Gene_192
Gene_11,Gene_193
Gene_11,Gene_194
Gene_11,Gene_195
Gene_11,Gene_196
Gene_11,Gene_197
Gene_11,Gene_198
Gene_11,Gene_199
Gene_11,Gene_200
Gene_12,Gene_0
Gene_12,Gene_1
Gene_12,Gene_2
Gene_12,Gene_3
Gene_12,Gene_4
Gene_12,Gene_5
Gene_12,Gene_6
Gene_12,Gene_7
Gene_12,Gene_8
Gene_12,Gene_11
Gene_12,Gene_12
Gene_12,Gene_13
Gene_12,Gene_14
Gene_12,Gene_15
Gene_12,Gene_16
Gene_12,Gene_18
Gene_12,Gene_19
Gene_12,Gene_21
Gene_12,Gene_22
Gene_12,Gene_23
Gene_12,Gene_24
Gene_12,Gene_26
Gene_12,Gene_27
Gene_12,Gene_28
Gene_12,Gene_29
Gene_12,Gene_30
Gene_12,Gene_31
Gene_12,Gene_32
Gene_12,Gene_33
Gene_12,Gene_35
Gene_12,Gene_36
Gene_12,Gene_38
Gene_12,Gene_39
Gene_12,Gene_41
Gene_12,Gene_42
Gene_12,Gene_43
Gene_12,Gene_45
Gene_12,Gene_46
Gene_12,Gene_47
Gene_12,Gene_48
Gene_12,Gene_49
Gene_12,Gene_50
Gene_12,Gene_51
Gene_12,Gene_52
Gene_12,Gene_53
Gene_12,Gene_54
Gene_12,Gene_55
Gene_12,Gene_56
Gene_12,Gene_58
Gene_12,Gene_59
Gene_12,Gene_60
Gene_12,Gene_61
Gene_12,Gene_62
Gene_12,Gene_63
Gene_12,Gene_64
Gene_12,Gene_67
Gene_12,Gene_68
Gene_12,Gene_69
Gene_12,Gene_70
Gene_12,Gene_71
Gene_12,Gene_72
Gene_12,Gene_73
Gene_12,Gene_75
Gene_12,Gene_76
Gene_12,Gene_78
Gene_12,Gene_79
Gene_12,Gene_80
Gene_12,Gene_82
Gene_12,Gene_83
Gene_12,Gene_84
Gene_12,Gene_85
Gene_12,Gene_86
Gene_12,Gene_87
Gene_12,Gene_88
Gene_12,Gene_89
Gene_12,Gene_90
Gene_12,Gene_91
Gene_12,Gene_93
Gene_12,Gene_94
Gene_12,Gene_96
Gene_12,Gene_97
Gene_12,Gene_98
Gene_12,Gene_99
Gene_12,Gene_100
Gene_12,Gene_101
Gene_12,Gene_102
Gene_12,Gene_103
Gene_12,Gene_104
Gene_12,Gene_105
Gene_12,Gene_106
Gene_12,Gene_107
Gene_12,Gene_108
Gene_12,Gene_109
Gene_12,Gene_110
Gene_12,Gene_111
Gene_12,Gene_112
Gene_12,Gene_113
Gene_12,Gene_115
Gene_12,Gene_116
Gene_12,Gene_117
Gene_12,Gene_118
Gene_12,Gene_120
Gene_12,Gene_121
Gene_12,Gene_123
Gene_12,Gene_124
Gene_12,Gene_125
Gene_12,Gene_126
Gene_12,Gene_127
Gene_12,Gene_128
Gene_12,Gene_129
Gene_12,Gene_131
Gene_12,Gene_132
Gene_12,Gene_133
Gene_12,Gene_134
Gene_12,Gene_135
Gene_12,Gene_136
Gene_12,Gene_137
Gene_12,Gene_139
Gene_12,Gene_140
Gene_12,Gene_141
Gene_12,Gene_142
Gene_12,Gene_143
Gene_12,Gene_144
Gene_12,Gene_146
Gene_12,Gene_147
Gene_12,Gene_149
Gene_12,Gene_150
Gene_12,Gene_151
Gene_12,Gene_152
Gene_12,Gene_153
Gene_12,Gene_154
Gene_12,Gene_155
Gene_12,Gene_156
Gene_12,Gene_157
Gene_12,Gene_159
Gene_12,Gene_160
Gene_12,Gene_161
Gene_12,Gene_162
Gene_12,Gene_164
Gene_12,Gene_165
Gene_12,Gene_166
Gene_12,Gene_167
Gene_12,Gene_168
Gene_12,Gene_169
Gene_12,Gene_171
Gene_12,Gene_172
Gene_12,Gene_173
Gene_12,Gene_174
Gene_12,Gene_175
Gene_12,Gene_176
Gene_12,Gene_178
Gene_12,Gene_179
Gene_12,Gene_180
Gene_12,Gene_182
Gene_12,Gene_183
Gene_12,Gene_184
Gene_12,Gene_186
Gene_12,Gene_187
Gene_12,Gene_188
Gene_12,Gene_189
Gene_12,Gene_190
Gene_12,Gene_191
Gene_12,Gene_192
Gene_12,Gene_195
Gene_12,Gene_196
Gene_12,Gene_197
Gene_12,Gene_198
Gene_12,Gene_200
Gene_13,Gene_0
Gene_13,Gene_2
Gene_13,Gene_3
Gene_13,Gene_4
Gene_13,Gene_5
Gene_13,Gene_7
Gene_13,Gene_8
Gene_13,Gene_9
Gene_13,Gene_10
Gene_13,Gene_11
Gene_13,Gene_12
Gene_13,Gene_13
Gene_13,Gene_14
Gene_13,Gene_15
Gene_13,Gene_16
Gene_13,Gene_17
Gene_13,Gene_18
Gene_13,Gene_20
Gene_13,Gene_21
Gene_13,Gene_22
Gene_13,Gene_24
Gene_13,Gene_25
Gene_13,Gene_26
Gene_13,Gene_27
Gene_13,Gene_29
Gene_13,Gene_30
Gene_13,Gene_31
Gene_13,Gene_32
Gene_13,Gene_33
Gene_13,Gene_34
Gene_13,Gene_35
Gene_13,Gene_36
Gene_13,Gene_37
Gene_13,Gene_38
Gene_13,Gene_39
Gene_13,Gene_40
Gene_13,Gene_41
Gene_13,Gene_42
Gene_13,Gene_43
Gene_13,Gene_46
Gene_13,Gene_47
Gene_13,Gene_48
Gene_13,Gene_49
Gene_13,Gene_50
Gene_13,Gene_51
Gene_13,Gene_52
Gene_13,Gene_53
Gene_13,Gene_54
Gene_13,Gene_55
Gene_13,Gene_56
Gene_13,Gene_57
Gene_13,Gene_58
Gene_13,Gene_59
Gene_13,Gene_60
Gene_13,Gene_61
Gene_13,Gene_62
Gene_13,Gene_65
Gene_13,Gene_66
Gene_13,Gene_69
Gene_13,Gene_70
Gene_13,Gene_71
Gene_13,Gene_72
Gene_13,Gene_73
Gene_13,Gene_74
Gene_13,Gene_76
Gene_13,Gene_77
Gene_13,Gene_78
Gene_13,Gene_80
Gene_13,Gene_81
Gene_13,Gene_82
Gene_13,Gene_85
Gene_13,Gene_88
Gene_13,Gene_90
Gene_13,Gene_91
Gene_13,Gene_92
Gene_13,Gene_93
Gene_13,Gene_94
Gene_13,Gene_99
Gene_13,Gene_100
Gene_13,Gene_101
Gene_13,Gene_102
Gene_13,Gene_103
Gene_13,Gene_104
Gene_13,Gene_105
Gene_13,Gene_106
Gene_13,Gene_107
Gene_13,Gene_108
Gene_13,Gene_110
Gene_13,Gene_112
Gene_13,Gene_113
Gene_13,Gene_114
Gene_13,Gene_115
Gene_13,Gene_116
Gene_13,Gene_117
Gene_13,Gene_119
Gene_13,Gene_120
Gene_13,Gene_121
Gene_13,Gene_122
Gene_13,Gene_125
Gene_13,Gene_126
Gene_13,Gene_127
Gene_13,Gene_129
Gene_13,Gene_130
Gene_13,Gene_131
Gene_13,Gene_132
Gene_13,Gene_133
Gene_13,Gene_134
Gene_13,Gene_135
Gene_13,Gene_138
Gene_13,Gene_139
Gene_13,Gene_140
Gene_13,Gene_141
Gene_13,Gene_142
Gene_13,Gene_143
Gene_13,Gene_144
Gene_13,Gene_146
Gene_13,Gene_147
Gene_13,Gene_149
Gene_13,Gene_150
Gene_13,Gene_151
Gene_13,Gene_152
Gene_13,Gene_153
Gene_13,Gene_154
Gene_13,Gene_155
Gene_13,Gene_157
Gene_13,Gene_158
Gene_13,Gene_159
Gene_13,Gene_160
Gene_13,Gene_161
Gene_13,Gene_162
Gene_13,Gene_163
Gene_13,Gene_165
Gene_13,Gene_166
Gene_13,Gene_168
Gene_13,Gene_169
Gene_13,Gene_170
Gene_13,Gene_171
Gene_13,Gene_172
Gene_13,Gene_174
Gene_13,Gene_175
Gene_13,Gene_176
Gene_13,Gene_177
Gene_13,Gene_178
Gene_13,Gene_179
Gene_13,Gene_180
Gene_13,Gene_181
Gene_13,Gene_182
Gene_13,Gene_184
Gene_13,Gene_185
Gene_13,Gene_186
Gene_13,Gene_187
Gene_13,Gene_188
Gene_13,Gene_189
Gene_13,Gene_190
Gene_13,Gene_191
Gene_13,Gene_192
Gene_13,Gene_193
Gene_13,Gene_196
Gene_13,Gene_197
Gene_13,Gene_198
Gene_13,Gene_199
Gene_13,Gene_200
Gene_14,Gene_9
Gene_14,Gene_23
Gene_14,Gene_30
Gene_14,Gene_34
Gene_14,Gene_35
Gene_14,Gene_43
Gene_14,Gene_49
Gene_14,Gene_51
Gene_14,Gene_103
Gene_14,Gene_110
Gene_14,Gene_118
Gene_14,Gene_126
Gene_14,Gene_129
Gene_14,Gene_146
Gene_14,Gene_164
Gene_14,Gene_172
Gene_14,Gene_175
Gene_14,Gene_181
Gene_14,Gene_195
Gene_14,Gene_198
Gene_14,Gene_199
Gene_14,Gene_200
Gene_15,Gene_1
Gene_15,Gene_2
Gene_15,Gene_3
Gene_15,Gene_4
Gene_15,Gene_5
Gene_15,Gene_6
Gene_15,Gene_8
Gene_15,Gene_9
Gene_15,Gene_11
Gene_15,Gene_12
Gene_15,Gene_13
Gene_15,Gene_14
Gene_15,Gene_15
Gene_15,Gene_16
Gene_15,Gene_17
Gene_15,Gene_19
Gene_15,Gene_20
Gene_15,Gene_21
Gene_15,Gene_22
Gene_15,Gene_23
Gene_15,Gene_24
Gene_15,Gene_25
Gene_15,Gene_28
Gene_15,Gene_30
Gene_15,Gene_32
Gene_15,Gene_33
Gene_15,Gene_34
Gene_15,Gene_35
Gene_15,Gene_36
Gene_15,Gene_37
Gene_15,Gene_38
Gene_15,Gene_39
Gene_15,Gene_40
Gene_15,Gene_41
Gene_15,Gene_42
Gene_15,Gene_44
Gene_15,Gene_45
Gene_15,Gene_46
Gene_15,Gene_47
Gene_15,Gene_49
Gene_15,Gene_51
Gene_15,Gene_52
Gene_15,Gene_54
Gene_15,Gene_55
Gene_15,Gene_56
Gene_15,Gene_57
Gene_15,Gene_59
Gene_15,Gene_60
Gene_15,Gene_61
Gene_15,Gene_62
Gene_15,Gene_63
Gene_15,Gene_65
Gene_15,Gene_66
Gene_15,Gene_67
Gene_15,Gene_68
Gene_15,Gene_70
Gene_15,Gene_71
Gene_15,Gene_72
Gene_15,Gene_73
Gene_15,Gene_74
Gene_15,Gene_75
Gene_15,Gene_76
Gene_15,Gene_77
Gene_15,Gene_79
Gene_15,Gene_80
Gene_15,Gene_81
Gene_15,Gene_83
Gene_15,Gene_84
Gene_15,Gene_86
Gene_15,Gene_87
Gene_15,Gene_88
Gene_15,Gene_89
Gene_15,Gene_90
Gene_15,Gene_91
Gene_15,Gene_92
Gene_15,Gene_93
Gene_15,Gene_94
Gene_15,Gene_95
Gene_15,Gene_98
Gene_15,Gene_99
Gene_15,Gene_100
Gene_15,Gene_101
Gene_15,Gene_102
Gene_15,Gene_103
Gene_15,Gene_104
Gene_15,Gene_105
Gene_15,Gene_106
Gene_15,Gene_107
Gene_15,Gene_108
Gene_15,Gene_109
Gene_15,Gene_110
Gene_15,Gene_111
Gene_15,Gene_112
Gene_15,Gene_113
Gene_15,Gene_115
Gene_15,Gene_116
Gene_15,Gene_118
Gene_15,Gene_121
Gene_15,Gene_122
Gene_15,Gene_124
Gene_15,Gene_125
Gene_15,Gene_126
Gene_15,Gene_127
Gene_15,Gene_128
Gene_15,Gene_130
Gene_15,Gene_132
Gene_15,Gene_133
Gene_15,Gene_134
Gene_15,Gene_135
Gene_15,Gene_136
Gene_15,Gene_137
Gene_15,Gene_139
Gene_15,Gene_141
Gene_15,Gene_142
Gene_15,Gene_143
Gene_15,Gene_144
Gene_15,Gene_146
Gene_15,Gene_147
Gene_15,Gene_148
Gene_15,Gene_149
Gene_15,Gene_150
Gene_15,Gene_151
Gene_15,Gene_152
Gene_15,Gene_153
Gene_15,Gene_155
Gene_15,Gene_158
Gene_15,Gene_159
Gene_15,Gene_160
Gene_15,Gene_162
Gene_15,Gene_163
Gene_15,Gene_164
Gene_15,Gene_166
Gene_15,Gene_167
Gene_15,Gene_168
Gene_15,Gene_169
Gene_15,Gene_172
Gene_15,Gene_173
Gene_15,Gene_174
Gene_15,Gene_175
Gene_15,Gene_176
Gene_15,Gene_177
Gene_15,Gene_178
Gene_15,Gene_179
Gene_15,Gene_180
Gene_15,Gene_181
Gene_15,Gene_182
Gene_15,Gene_183
Gene_15,Gene_184
Gene_15,Gene_186
Gene_15,Gene_187
Gene_15,Gene_188
Gene_15,Gene_189
Gene_15,Gene_190
Gene_15,Gene_191
Gene_15,Gene_192
Gene_15,Gene_193
Gene_15,Gene_194
Gene_15,Gene_195
Gene_15,Gene_196
Gene_15,Gene_197
Gene_15,Gene_198
Gene_15,Gene_199
Gene_15,Gene_200
Gene_16,Gene_0
Gene_16,Gene_1
Gene_16,Gene_2
Gene_16,Gene_3
Gene_16,Gene_4
Gene_16,Gene_5
Gene_16,Gene_6
Gene_16,Gene_7
Gene_16,Gene_9
Gene_16,Gene_10
Gene_16,Gene_11
Gene_16,Gene_12
Gene_16,Gene_13
Gene_16,Gene_14
Gene_16,Gene_15
Gene_16,Gene_16
Gene_16,Gene_18
Gene_16,Gene_22
Gene_16,Gene_23
Gene_16,Gene_24
Gene_16,Gene_25
Gene_16,Gene_26
Gene_16,Gene_27
Gene_16,Gene_28
Gene_16,Gene_29
Gene_16,Gene_30
Gene_16,Gene_31
Gene_16,Gene_32
Gene_16,Gene_33
Gene_16,Gene_34
Gene_16,Gene_35
Gene_16,Gene_36
Gene_16,Gene_37
Gene_16,Gene_38
Gene_16,Gene_40
Gene_16,Gene_41
Gene_16,Gene_42
Gene_16,Gene_43
Gene_16,Gene_44
Gene_16,Gene_45
Gene_16,Gene_46
Gene_16,Gene_47
Gene_16,Gene_48
Gene_16,Gene_49
Gene_16,Gene_51
Gene_16,Gene_52
Gene_16,Gene_53
Gene_16,Gene_54
Gene_16,Gene_55
Gene_16,Gene_56
Gene_16,Gene_57
Gene_16,Gene_59
Gene_16,Gene_60
Gene_16,Gene_61
Gene_16,Gene_63
Gene_16,Gene_64
Gene_16,Gene_65
Gene_16,Gene_66
Gene_16,Gene_67
Gene_16,Gene_68
Gene_16,Gene_69
Gene_16,Gene_70
Gene_16,Gene_71
Gene_16,Gene_73
Gene_16,Gene_74
Gene_16,Gene_76
Gene_16,Gene_78
Gene_16,Gene_79
Gene_16,Gene_80
Gene_16,Gene_81
Gene_16,Gene_82
Gene_16,Gene_83
Gene_16,Gene_84
Gene_16,Gene_85
Gene_16,Gene_86
Gene_16,Gene_88
Gene_16,Gene_89
Gene_16,Gene_90
Gene_16,Gene_92
Gene_16,Gene_93
Gene_16,Gene_94
Gene_16,Gene_95
Gene_16,Gene_96
Gene_16,Gene_97
Gene_16,Gene_98
Gene_16,Gene_99
Gene_16,Gene_100
Gene_16,Gene_102
Gene_16,Gene_103
Gene_16,Gene_104
Gene_16,Gene_107
Gene_16,Gene_108
Gene_16,Gene_109
Gene_16,Gene_110
Gene_16,Gene_111
Gene_16,Gene_112
Gene_16,Gene_113
Gene_16,Gene_114
Gene_16,Gene_115
Gene_16,Gene_116
Gene_16,Gene_117
Gene_16,Gene_118
Gene_16,Gene_119
Gene_16,Gene_120
Gene_16,Gene_121
Gene_16,Gene_122
Gene_16,Gene_123
Gene_16,Gene_124
Gene_16,Gene_125
Gene_16,Gene_126
Gene_16,Gene_128
Gene_16,Gene_129
Gene_16,Gene_130
Gene_16,Gene_131
Gene_16,Gene_132
Gene_16,Gene_133
Gene_16,Gene_134
Gene_16,Gene_135
Gene_16,Gene_136
Gene_16,Gene_139
Gene_16,Gene_140
Gene_16,Gene_141
Gene_16,Gene_142
Gene_16,Gene_143
Gene_16,Gene_144
Gene_16,Gene_145
Gene_16,Gene_146
Gene_16,Gene_147
Gene_16,Gene_148
Gene_16,Gene_149
Gene_16,Gene_151
Gene_16,Gene_152
Gene_16,Gene_153
Gene_16,Gene_154
Gene_16,Gene_155
Gene_16,Gene_156
Gene_16,Gene_157
Gene_16,Gene_158
Gene_16,Gene_159
Gene_16,Gene_160
Gene_16,Gene_162
Gene_16,Gene_163
Gene_16,Gene_164
Gene_16,Gene_165
Gene_16,Gene_166
Gene_16,Gene_167
Gene_16,Gene_168
Gene_16,Gene_169
Gene_16,Gene_170
Gene_16,Gene_171
Gene_16,Gene_172
Gene_16,Gene_173
Gene_16,Gene_174
Gene_16,Gene_176
Gene_16,Gene_177
Gene_16,Gene_178
Gene_16,Gene_179
Gene_16,Gene_180
Gene_16,Gene_181
Gene_16,Gene_182
Gene_16,Gene_183
Gene_16,Gene_184
Gene_16,Gene_185
Gene_16,Gene_186
Gene_16,Gene_188
Gene_16,Gene_189
Gene_16,Gene_190
Gene_16,Gene_192
Gene_16,Gene_193
Gene_16,Gene_195
Gene_16,Gene_198
Gene_16,Gene_200
Gene_17,Gene_0
Gene_17,Gene_1
Gene_17,Gene_2
Gene_17,Gene_3
Gene_17,Gene_4
Gene_17,Gene_5
Gene_17,Gene_6
Gene_17,Gene_7
Gene_17,Gene_8
Gene_17,Gene_9
Gene_17,Gene_10
Gene_17,Gene_11
Gene_17,Gene_13
Gene_17,Gene_14
Gene_17,Gene_15
Gene_17,Gene_17
Gene_17,Gene_19
Gene_17,Gene_20
Gene_17,Gene_21
Gene_17,Gene_22
Gene_17,Gene_24
Gene_17,Gene_25
Gene_17,Gene_26
Gene_17,Gene_30
Gene_17,Gene_31
Gene_17,Gene_32
Gene_17,Gene_33
Gene_17,Gene_34
Gene_17,Gene_35
Gene_17,Gene_38
Gene_17,Gene_39
Gene_17,Gene_40
Gene_17,Gene_41
Gene_17,Gene_42
Gene_17,Gene_44
Gene_17,Gene_45
Gene_17,Gene_46
Gene_17,Gene_47
Gene_17,Gene_48
Gene_17,Gene_49
Gene_17,Gene_51
Gene_17,Gene_52
Gene_17,Gene_53
Gene_17,Gene_54
Gene_17,Gene_55
Gene_17,Gene_56
Gene_17,Gene_57
Gene_17,Gene_58
Gene_17,Gene_59
Gene_17,Gene_60
Gene_17,Gene_61
Gene_17,Gene_62
Gene_17,Gene_63
Gene_17,Gene_65
Gene_17,Gene_66
Gene_17,Gene_67
Gene_17,Gene_68
Gene_17,Gene_70
Gene_17,Gene_71
Gene_17,Gene_76
Gene_17,Gene_78
Gene_17,Gene_79
Gene_17,Gene_80
Gene_17,Gene_81
Gene_17,Gene_82
Gene_17,Gene_83
Gene_17,Gene_84
Gene_17,Gene_87
Gene_17,Gene_88
Gene_17,Gene_89
Gene_17,Gene_91
Gene_17,Gene_92
Gene_17,Gene_94
Gene_17,Gene_95
Gene_17,Gene_98
Gene_17,Gene_99
Gene_17,Gene_100
Gene_17,Gene_101
Gene_17,Gene_102
Gene_17,Gene_103
Gene_17,Gene_104
Gene_17,Gene_105
Gene_17,Gene_106
Gene_17,Gene_107
Gene_17,Gene_108
Gene_17,Gene_109
Gene_17,Gene_110
Gene_17,Gene_111
Gene_17,Gene_112
Gene_17,Gene_113
Gene_17,Gene_114
Gene_17,Gene_115
Gene_17,Gene_116
Gene_17,Gene_117
Gene_17,Gene_119
Gene_17,Gene_120
Gene_17,Gene_121
Gene_17,Gene_122
Gene_17,Gene_123
Gene_17,Gene_124
Gene_17,Gene_125
Gene_17,Gene_126
Gene_17,Gene_127
Gene_17,Gene_128
Gene_17,Gene_131
Gene_17,Gene_133
Gene_17,Gene_134
Gene_17,Gene_135
Gene_17,Gene_137
Gene_17,Gene_138
Gene_17,Gene_139
Gene_17,Gene_140
Gene_17,Gene_142
Gene_17,Gene_143
Gene_17,Gene_145
Gene_17,Gene_146
Gene_17,Gene_147
Gene_17,Gene_148
Gene_17,Gene_149
Gene_17,Gene_150
Gene_17,Gene_151
Gene_17,Gene_153
Gene_17,Gene_154
Gene_17,Gene_155
Gene_17,Gene_156
Gene_17,Gene_160
Gene_17,Gene_161
Gene_17,Gene_162
Gene_17,Gene_163
Gene_17,Gene_164
Gene_17,Gene_165
Gene_17,Gene_166
Gene_17,Gene_168
Gene_17,Gene_170
Gene_17,Gene_172
Gene_17,Gene_173
Gene_17,Gene_174
Gene_17,Gene_176
Gene_17,Gene_177
Gene_17,Gene_178
Gene_17,Gene_179
Gene_17,Gene_180
Gene_17,Gene_181
Gene_17,Gene_183
Gene_17,Gene_184
Gene_17,Gene_185
Gene_17,Gene_188
Gene_17,Gene_189
Gene_17,Gene_190
Gene_17,Gene_191
Gene_17,Gene_192
Gene_17,Gene_194
Gene_17,Gene_196
Gene_17,Gene_197
Gene_17,Gene_198
Gene_17,Gene_199
Gene_17,Gene_200
Gene_18,Gene_0
Gene_18,Gene_2
Gene_18,Gene_4
Gene_18,Gene_5
Gene_18,Gene_6
Gene_18,Gene_7
Gene_18,Gene_9
Gene_18,Gene_11
Gene_18,Gene_12
Gene_18,Gene_14
Gene_18,Gene_15
Gene_18,Gene_16
Gene_18,Gene_17
Gene_18,Gene_18
Gene_18,Gene_19
Gene_18,Gene_20
Gene_18,Gene_21
Gene_18,Gene_22
Gene_18,Gene_23
Gene_18,Gene_25
Gene_18,Gene_26
Gene_18,Gene_27
Gene_18,Gene_28
Gene_18,Gene_31
Gene_18,Gene_32
Gene_18,Gene_33
Gene_18,Gene_34
Gene_18,Gene_35
Gene_18,Gene_36
Gene_18,Gene_37
Gene_18,Gene_38
Gene_18,Gene_39
Gene_18,Gene_40
Gene_18,Gene_42
Gene_18,Gene_43
Gene_18,Gene_44
Gene_18,Gene_47
Gene_18,Gene_49
Gene_18,Gene_50
Gene_18,Gene_51
Gene_18,Gene_52
Gene_18,Gene_53
Gene_18,Gene_55
Gene_18,Gene_56
Gene_18,Gene_57
Gene_18,Gene_58
Gene_18,Gene_60
Gene_18,Gene_61
Gene_18,Gene_62
Gene_18,Gene_63
Gene_18,Gene_64
Gene_18,Gene_65
Gene_18,Gene_66
Gene_18,Gene_67
Gene_18,Gene_68
Gene_18,Gene_69
Gene_18,Gene_70
Gene_18,Gene_72
Gene_18,Gene_73
Gene_18,Gene_74
Gene_18,Gene_75
Gene_18,Gene_77
Gene_18,Gene_80
Gene_18,Gene_81
Gene_18,Gene_82
Gene_18,Gene_83
Gene_18,Gene_84
Gene_18,Gene_87
Gene_18,Gene_88
Gene_18,Gene_90
Gene_18,Gene_92
Gene_18,Gene_94
Gene_18,Gene_95
Gene_18,Gene_97
Gene_18,Gene_98
Gene_18,Gene_99
Gene_18,Gene_100
Gene_18,Gene_101
Gene_18,Gene_102
Gene_18,Gene_103
Gene_18,Gene_105
Gene_18,Gene_106
Gene_18,Gene_107
Gene_18,Gene_109
Gene_18,Gene_110
Gene_18,Gene_111
Gene_18,Gene_113
Gene_18,Gene_114
Gene_18,Gene_116
Gene_18,Gene_117
Gene_18,Gene_118
Gene_18,Gene_119
Gene_18,Gene_120
Gene_18,Gene_121
Gene_18,Gene_122
Gene_18,Gene_123
Gene_18,Gene_124
Gene_18,Gene_126
Gene_18,Gene_127
Gene_18,Gene_128
Gene_18,Gene_129
Gene_18,Gene_130
Gene_18,Gene_131
Gene_18,Gene_132
Gene_18,Gene_133
Gene_18,Gene_134
Gene_18,Gene_135
Gene_18,Gene_136
Gene_18,Gene_137
Gene_18,Gene_138
Gene_18,Gene_139
Gene_18,Gene_140
Gene_18,Gene_141
Gene_18,Gene_142
Gene_18,Gene_143
Gene_18,Gene_144
Gene_18,Gene_145
Gene_18,Gene_146
Gene_18,Gene_147
Gene_18,Gene_149
Gene_18,Gene_150
Gene_18,Gene_151
Gene_18,Gene_153
Gene_18,Gene_154
Gene_18,Gene_155
Gene_18,Gene_156
Gene_18,Gene_157
Gene_18,Gene_158
Gene_18,Gene_159
Gene_18,Gene_160
Gene_18,Gene_161
Gene_18,Gene_162
Gene_18,Gene_163
Gene_18,Gene_164
Gene_18,Gene_165
Gene_18,Gene_166
Gene_18,Gene_167
Gene_18,Gene_168
Gene_18,Gene_170
Gene_18,Gene_172
Gene_18,Gene_173
Gene_18,Gene_174
Gene_18,Gene_175
Gene_18,Gene_176
Gene_18,Gene_177
Gene_18,Gene_178
Gene_18,Gene_179
Gene_18,Gene_180
Gene_18,Gene_181
Gene_18,Gene_183
Gene_18,Gene_185
Gene_18,Gene_186
Gene_18,Gene_187
Gene_18,Gene_188
Gene_18,Gene_189
Gene_18,Gene_190
Gene_18,Gene_191
Gene_18,Gene_192
Gene_18,Gene_193
Gene_18,Gene_194
Gene_18,Gene_195
Gene_18,Gene_196
Gene_18,Gene_197
Gene_18,Gene_198
Gene_18,Gene_199
Gene_18,Gene_200
Gene_19,Gene_1
Gene_19,Gene_2
Gene_19,Gene_4
Gene_19,Gene_5
Gene_19,Gene_6
Gene_19,Gene_7
Gene_19,Gene_8
Gene_19,Gene_9
Gene_19,Gene_11
Gene_19,Gene_13
Gene_19,Gene_14
Gene_19,Gene_15
Gene_19,Gene_16
Gene_19,Gene_17
Gene_19,Gene_18
Gene_19,Gene_19
Gene_19,Gene_20
Gene_19,Gene_22
Gene_19,Gene_23
Gene_19,Gene_24
Gene_19,Gene_25
Gene_19,Gene_26
Gene_19,Gene_27
Gene_19,Gene_29
Gene_19,Gene_30
Gene_19,Gene_31
Gene_19,Gene_33
Gene_19,Gene_34
Gene_19,Gene_35
Gene_19,Gene_37
Gene_19,Gene_38
Gene_19,Gene_39
Gene_19,Gene_40
Gene_19,Gene_41
Gene_19,Gene_42
Gene_19,Gene_44
Gene_19,Gene_45
Gene_19,Gene_46
Gene_19,Gene_47
Gene_19,Gene_49
Gene_19,Gene_50
Gene_19,Gene_51
Gene_19,Gene_54
Gene_19,Gene_55
Gene_19,Gene_56
Gene_19,Gene_57
Gene_19,Gene_59
Gene_19,Gene_60
Gene_19,Gene_61
Gene_19,Gene_62
Gene_19,Gene_63
Gene_19,Gene_64
Gene_19,Gene_65
Gene_19,Gene_66
Gene_19,Gene_67
Gene_19,Gene_69
Gene_19,Gene_70
Gene_19,Gene_71
Gene_19,Gene_72
Gene_19,Gene_73
Gene_19,Gene_74
Gene_19,Gene_75
Gene_19,Gene_76
Gene_19,Gene_77
Gene_19,Gene_79
Gene_19,Gene_80
Gene_19,Gene_82
Gene_19,Gene_83
Gene_19,Gene_84
Gene_19,Gene_85
Gene_19,Gene_86
Gene_19,Gene_87
Gene_19,Gene_89
Gene_19,Gene_90
Gene_19,Gene_91
Gene_19,Gene_92
Gene_19,Gene_93
Gene_19,Gene_94
Gene_19,Gene_95
Gene_19,Gene_96
Gene_19,Gene_97
Gene_19,Gene_98
Gene_19,Gene_99
Gene_19,Gene_100
Gene_19,Gene_101
Gene_19,Gene_102
Gene_19,Gene_103
Gene_19,Gene_104
Gene_19,Gene_105
Gene_19,Gene_106
Gene_19,Gene_107
Gene_19,Gene_108
Gene_19,Gene_109
Gene_19,Gene_110
Gene_19,Gene_111
Gene_19,Gene_112
Gene_19,Gene_113
Gene_19,Gene_114
Gene_19,Gene_115
Gene_19,Gene_116
Gene_19,Gene_117
Gene_19,Gene_118
Gene_19,Gene_119
Gene_19,Gene_120
Gene_19,Gene_121
Gene_19,Gene_122
Gene_19,Gene_124
Gene_19,Gene_125
Gene_19,Gene_126
Gene_19,Gene_127
Gene_19,Gene_128
Gene_19,Gene_129
Gene_19,Gene_133
Gene_19,Gene_134
Gene_19,Gene_136
Gene_19,Gene_138
Gene_19,Gene_139
Gene_19,Gene_140
Gene_19,Gene_141
Gene_19,Gene_142
Gene_19,Gene_143
Gene_19,Gene_144
Gene_19,Gene_145
Gene_19,Gene_146
Gene_19,Gene_147
Gene_19,Gene_148
Gene_19,Gene_149
Gene_19,Gene_150
Gene_19,Gene_152
Gene_19,Gene_154
Gene_19,Gene_155
Gene_19,Gene_156
Gene_19,Gene_157
Gene_19,Gene_158
Gene_19,Gene_159
Gene_19,Gene_160
Gene_19,Gene_161
Gene_19,Gene_162
Gene_19,Gene_163
Gene_19,Gene_164
Gene_19,Gene_165
Gene_19,Gene_166
Gene_19,Gene_167
Gene_19,Gene_168
Gene_19,Gene_169
Gene_19,Gene_170
Gene_19,Gene_171
Gene_19,Gene_173
Gene_19,Gene_176
Gene_19,Gene_177
Gene_19,Gene_178
Gene_19,Gene_179
Gene_19,Gene_180
Gene_19,Gene_181
Gene_19,Gene_184
Gene_19,Gene_185
Gene_19,Gene_186
Gene_19,Gene_187
Gene_19,Gene_188
Gene_19,Gene_189
Gene_19,Gene_190
Gene_19,Gene_192
Gene_19,Gene_193
Gene_19,Gene_195
Gene_19,Gene_196
Gene_19,Gene_197
Gene_19,Gene_198
Gene_19,Gene_199
Gene_19,Gene_200
Gene_20,Gene_0
Gene_20,Gene_1
Gene_20,Gene_4
Gene_20,Gene_5
Gene_20,Gene_8
Gene_20,Gene_9
Gene_20,Gene_11
Gene_20,Gene_12
Gene_20,Gene_14
Gene_20,Gene_15
Gene_20,Gene_17
Gene_20,Gene_18
Gene_20,Gene_22
Gene_20,Gene_23
Gene_20,Gene_24
Gene_20,Gene_26
Gene_20,Gene_27
Gene_20,Gene_29
Gene_20,Gene_30
Gene_20,Gene_31
Gene_20,Gene_32
Gene_20,Gene_33
Gene_20,Gene_35
Gene_20,Gene_36
Gene_20,Gene_37
Gene_20,Gene_38
Gene_20,Gene_39
Gene_20,Gene_40
Gene_20,Gene_41
Gene_20,Gene_42
Gene_20,Gene_44
Gene_20,Gene_45
Gene_20,Gene_46
Gene_20,Gene_47
Gene_20,Gene_48
Gene_20,Gene_49
Gene_20,Gene_50
Gene_20,Gene_51
Gene_20,Gene_53
Gene_20,Gene_54
Gene_20,Gene_55
Gene_20,Gene_56
Gene_20,Gene_57
Gene_20,Gene_59
Gene_20,Gene_60
Gene_20,Gene_61
Gene_20,Gene_63
Gene_20,Gene_65
Gene_20,Gene_66
Gene_20,Gene_67
Gene_20,Gene_69
Gene_20,Gene_70
Gene_20,Gene_71
Gene_20,Gene_72
Gene_20,Gene_73
Gene_20,Gene_74
Gene_20,Gene_76
Gene_20,Gene_77
Gene_20,Gene_78
Gene_20,Gene_79
Gene_20,Gene_82
Gene_20,Gene_83
Gene_20,Gene_87
Gene_20,Gene_88
Gene_20,Gene_89
Gene_20,Gene_90
Gene_20,Gene_91
Gene_20,Gene_92
Gene_20,Gene_93
Gene_20,Gene_95
Gene_20,Gene_96
Gene_20,Gene_97
Gene_20,Gene_98
Gene_20,Gene_99
Gene_20,Gene_100
Gene_20,Gene_101
Gene_20,Gene_103
Gene_20,Gene_104
Gene_20,Gene_105
Gene_20,Gene_107
Gene_20,Gene_110
Gene_20,Gene_111
Gene_20,Gene_112
Gene_20,Gene_113
Gene_20,Gene_114
Gene_20,Gene_116
Gene_20,Gene_117
Gene_20,Gene_118
Gene_20,Gene_121
Gene_20,Gene_122
Gene_20,Gene_123
Gene_20,Gene_124
Gene_20,Gene_125
Gene_20,Gene_126
Gene_20,Gene_127
Gene_20,Gene_128
Gene_20,Gene_129
Gene_20,Gene_130
Gene_20,Gene_131
Gene_20,Gene_132
Gene_20,Gene_133
Gene_20,Gene_134
Gene_20,Gene_135
Gene_20,Gene_136
Gene_20,Gene_137
Gene_20,Gene_138
Gene_20,Gene_139
Gene_20,Gene_140
Gene_20,Gene_141
Gene_20,Gene_142
Gene_20,Gene_143
Gene_20,Gene_145
Gene_20,Gene_146
Gene_20,Gene_147
Gene_20,Gene_148
Gene_20,Gene_149
Gene_20,Gene_150
Gene_20,Gene_151
Gene_20,Gene_153
Gene_20,Gene_154
Gene_20,Gene_155
Gene_20,Gene_157
Gene_20,Gene_158
Gene_20,Gene_159
Gene_20,Gene_160
Gene_20,Gene_161
Gene_20,Gene_162
Gene_20,Gene_164
Gene_20,Gene_165
Gene_20,Gene_166
Gene_20,Gene_167
Gene_20,Gene_168
Gene_20,Gene_169
Gene_20,Gene_170
Gene_20,Gene_171
Gene_20,Gene_173
Gene_20,Gene_174
Gene_20,Gene_175
Gene_20,Gene_176
Gene_20,Gene_177
Gene_20,Gene_178
Gene_20,Gene_180
Gene_20,Gene_182
Gene_20,Gene_183
Gene_20,Gene_185
Gene_20,Gene_186
Gene_20,Gene_187
Gene_20,Gene_189
Gene_20,Gene_191
Gene_20,Gene_192
Gene_20,Gene_193
Gene_20,Gene_194
Gene_20,Gene_195
Gene_20,Gene_196
Gene_20,Gene_197
Gene_20,Gene_198
Gene_20,Gene_199
Gene_20,Gene_200
Gene_21,Gene_2
Gene_21,Gene_3
Gene_21,Gene_4
Gene_21,Gene_5
Gene_21,Gene_6
Gene_21,Gene_7
Gene_21,Gene_8
Gene_21,Gene_9
Gene_21,Gene_12
Gene_21,Gene_13
Gene_21,Gene_15
Gene_21,Gene_16
Gene_21,Gene_17
Gene_21,Gene_19
Gene_21,Gene_21
Gene_21,Gene_22
Gene_21,Gene_23
Gene_21,Gene_24
Gene_21,Gene_25
Gene_21,Gene_26
Gene_21,Gene_27
Gene_21,Gene_28
Gene_21,Gene_29
Gene_21,Gene_30
Gene_21,Gene_31
Gene_21,Gene_32
Gene_21,Gene_33
Gene_21,Gene_34
Gene_21,Gene_35
Gene_21,Gene_36
Gene_21,Gene_37
Gene_21,Gene_38
Gene_21,Gene_39
Gene_21,Gene_40
Gene_21,Gene_41
Gene_21,Gene_42
Gene_21,Gene_43
Gene_21,Gene_45
Gene_21,Gene_47
Gene_21,Gene_48
Gene_21,Gene_49
Gene_21,Gene_50
Gene_21,Gene_51
Gene_21,Gene_52
Gene_21,Gene_53
Gene_21,Gene_54
Gene_21,Gene_55
Gene_21,Gene_56
Gene_21,Gene_57
Gene_21,Gene_58
Gene_21,Gene_59
Gene_21,Gene_60
Gene_21,Gene_61
Gene_21,Gene_62
Gene_21,Gene_63
Gene_21,Gene_65
Gene_21,Gene_66
Gene_21,Gene_67
Gene_21,Gene_68
Gene_21,Gene_69
Gene_21,Gene_70
Gene_21,Gene_71
Gene_21,Gene_72
Gene_21,Gene_73
Gene_21,Gene_74
Gene_21,Gene_75
Gene_21,Gene_77
Gene_21,Gene_79
Gene_21,Gene_80
Gene_21,Gene_81
Gene_21,Gene_82
Gene_21,Gene_83
Gene_21,Gene_84
Gene_21,Gene_85
Gene_21,Gene_86
Gene_21,Gene_87
Gene_21,Gene_88
Gene_21,Gene_91
Gene_21,Gene_93
Gene_21,Gene_94
Gene_21,Gene_95
Gene_21,Gene_96
Gene_21,Gene_97
Gene_21,Gene_98
Gene_21,Gene_99
Gene_21,Gene_100
Gene_21,Gene_101
Gene_21,Gene_102
Gene_21,Gene_103
Gene_21,Gene_104
Gene_21,Gene_105
Gene_21,Gene_108
Gene_21,Gene_109
Gene_21,Gene_110
Gene_21,Gene_111
Gene_21,Gene_112
Gene_21,Gene_113
Gene_21,Gene_114
Gene_21,Gene_115
Gene_21,Gene_116
Gene_21,Gene_117
Gene_21,Gene_118
Gene_21,Gene_119
Gene_21,Gene_121
Gene_21,Gene_123
Gene_21,Gene_126
Gene_21,Gene_127
Gene_21,Gene_131
Gene_21,Gene_132
Gene_21,Gene_135
Gene_21,Gene_139
Gene_21,Gene_140
Gene_21,Gene_141
Gene_21,Gene_142
Gene_21,Gene_143
Gene_21,Gene_144
Gene_21,Gene_145
Gene_21,Gene_147
Gene_21,Gene_148
Gene_21,Gene_149
Gene_21,Gene_151
Gene_21,Gene_154
Gene_21,Gene_155
Gene_21,Gene_156
Gene_21,Gene_157
Gene_21,Gene_158
Gene_21,Gene_159
Gene_21,Gene_161
Gene_21,Gene_163
Gene_21,Gene_164
Gene_21,Gene_165
Gene_21,Gene_166
Gene_21,Gene_167
Gene_21,Gene_170
Gene_21,Gene_171
Gene_21,Gene_172
Gene_21,Gene_174
Gene_21,Gene_175
Gene_21,Gene_177
Gene_21,Gene_178
Gene_21,Gene_179
Gene_21,Gene_182
Gene_21,Gene_183
Gene_21,Gene_184
Gene_21,Gene_185
Gene_21,Gene_186
Gene_21,Gene_187
Gene_21,Gene_188
Gene_21,Gene_189
Gene_21,Gene_190
Gene_21,Gene_192
Gene_21,Gene_193
Gene_21,Gene_194
Gene_21,Gene_196
Gene_21,Gene_197
Gene_21,Gene_198
Gene_21,Gene_199
Gene_21,Gene_200
Gene_22,Gene_0
Gene_22,Gene_2
Gene_22,Gene_3
Gene_22,Gene_4
Gene_22,Gene_5
Gene_22,Gene_6
Gene_22,Gene_7
Gene_22,Gene_8
Gene_22,Gene_9
Gene_22,Gene_10
Gene_22,Gene_11
Gene_22,Gene_12
Gene_22,Gene_13
Gene_22,Gene_14
Gene_22,Gene_15
Gene_22,Gene_16
Gene_22,Gene_17
Gene_22,Gene_18
Gene_22,Gene_19
Gene_22,Gene_20
Gene_22,Gene_24
Gene_22,Gene_26
Gene_22,Gene_27
Gene_22,Gene_28
Gene_22,Gene_29
Gene_22,Gene_30
Gene_22,Gene_31
Gene_22,Gene_32
Gene_22,Gene_34
Gene_22,Gene_36
Gene_22,Gene_37
Gene_22,Gene_38
Gene_22,Gene_39
Gene_22,Gene_40
Gene_22,Gene_41
Gene_22,Gene_42
Gene_22,Gene_44
Gene_22,Gene_45
Gene_22,Gene_47
Gene_22,Gene_48
Gene_22,Gene_49
Gene_22,Gene_50
Gene_22,Gene_51
Gene_22,Gene_52
Gene_22,Gene_53
Gene_22,Gene_54
Gene_22,Gene_55
Gene_22,Gene_56
Gene_22,Gene_58
Gene_22,Gene_59
Gene_22,Gene_61
Gene_22,Gene_62
Gene_22,Gene_63
Gene_22,Gene_64
Gene_22,Gene_65
Gene_22,Gene_66
Gene_22,Gene_67
Gene_22,Gene_68
Gene_22,Gene_69
Gene_22,Gene_70
Gene_22,Gene_71
Gene_22,Gene_72
Gene_22,Gene_73
Gene_22,Gene_74
Gene_22,Gene_75
Gene_22,Gene_76
Gene_22,Gene_77
Gene_22,Gene_80
Gene_22,Gene_81
Gene_22,Gene_83
Gene_22,Gene_84
Gene_22,Gene_87
Gene_22,Gene_88
Gene_22,Gene_89
Gene_22,Gene_92
Gene_22,Gene_93
Gene_22,Gene_95
Gene_22,Gene_97
Gene_22,Gene_100
Gene_22,Gene_102
Gene_22,Gene_103
Gene_22,Gene_104
Gene_22,Gene_105
Gene_22,Gene_106
Gene_22,Gene_108
Gene_22,Gene_109
Gene_22,Gene_110
Gene_22,Gene_113
Gene_22,Gene_114
Gene_22,Gene_115
Gene_22,Gene_117
Gene_22,Gene_118
Gene_22,Gene_119
Gene_22,Gene_121
Gene_22,Gene_122
Gene_22,Gene_125
Gene_22,Gene_126
Gene_22,Gene_127
Gene_22,Gene_128
Gene_22,Gene_129
Gene_22,Gene_130
Gene_22,Gene_131
Gene_22,Gene_132
Gene_22,Gene_133
Gene_22,Gene_134
Gene_22,Gene_135
Gene_22,Gene_136
Gene_22,Gene_137
Gene_22,Gene_138
Gene_22,Gene_140
Gene_22,Gene_141
Gene_22,Gene_142
Gene_22,Gene_143
Gene_22,Gene_144
Gene_22,Gene_145
Gene_22,Gene_146
Gene_22,Gene_147
Gene_22,Gene_148
Gene_22,Gene_149
Gene_22,Gene_150
Gene_22,Gene_151
Gene_22,Gene_153
Gene_22,Gene_154
Gene_22,Gene_156
Gene_22,Gene_157
Gene_22,Gene_158
Gene_22,Gene_160
Gene_22,Gene_162
Gene_22,Gene_163
Gene_22,Gene_164
Gene_22,Gene_165
Gene_22,Gene_166
Gene_22,Gene_168
Gene_22,Gene_169
Gene_22,Gene_170
Gene_22,Gene_172
Gene_22,Gene_173
Gene_22,Gene_174
Gene_22,Gene_175
Gene_22,Gene_176
Gene_22,Gene_177
Gene_22,Gene_178
Gene_22,Gene_179
Gene_22,Gene_180
Gene_22,Gene_182
Gene_22,Gene_183
Gene_22,Gene_184
Gene_22,Gene_185
Gene_22,Gene_186
Gene_22,Gene_187
Gene_22,Gene_189
Gene_22,Gene_190
Gene_22,Gene_191
Gene_22,Gene_192
Gene_22,Gene_194
Gene_22,Gene_195
Gene_22,Gene_196
Gene_22,Gene_197
Gene_22,Gene_198
Gene_22,Gene_199
Gene_22,Gene_200
Gene_23,Gene_0
Gene_23,Gene_1
Gene_23,Gene_3
Gene_23,Gene_4
Gene_23,Gene_5
Gene_23,Gene_6
Gene_23,Gene_7
Gene_23,Gene_8
Gene_23,Gene_9
Gene_23,Gene_12
Gene_23,Gene_13
Gene_23,Gene_14
Gene_23,Gene_15
Gene_23,Gene_16
Gene_23,Gene_17
Gene_23,Gene_18
Gene_23,Gene_19
Gene_23,Gene_20
Gene_23,Gene_23
Gene_23,Gene_24
Gene_23,Gene_26
Gene_23,Gene_27
Gene_23,Gene_28
Gene_23,Gene_29
Gene_23,Gene_30
Gene_23,Gene_31
Gene_23,Gene_32
Gene_23,Gene_33
Gene_23,Gene_34
Gene_23,Gene_35
Gene_23,Gene_36
Gene_23,Gene_37
Gene_23,Gene_38
Gene_23,Gene_39
Gene_23,Gene_41
Gene_23,Gene_44
Gene_23,Gene_45
Gene_23,Gene_47
Gene_23,Gene_48
Gene_23,Gene_49
Gene_23,Gene_50
Gene_23,Gene_51
Gene_23,Gene_52
Gene_23,Gene_53
Gene_23,Gene_54
Gene_23,Gene_55
Gene_23,Gene_57
Gene_23,Gene_58
Gene_23,Gene_59
Gene_23,Gene_60
Gene_23,Gene_61
Gene_23,Gene_62
Gene_23,Gene_63
Gene_23,Gene_64
Gene_23,Gene_65
Gene_23,Gene_66
Gene_23,Gene_67
Gene_23,Gene_68
Gene_23,Gene_69
Gene_23,Gene_71
Gene_23,Gene_72
Gene_23,Gene_74
Gene_23,Gene_75
Gene_23,Gene_76
Gene_23,Gene_77
Gene_23,Gene_78
Gene_23,Gene_79
Gene_23,Gene_80
Gene_23,Gene_81
Gene_23,Gene_84
Gene_23,Gene_85
Gene_23,Gene_86
Gene_23,Gene_89
Gene_23,Gene_90
Gene_23,Gene_91
Gene_23,Gene_92
Gene_23,Gene_94
Gene_23,Gene_95
Gene_23,Gene_96
Gene_23,Gene_97
Gene_23,Gene_98
Gene_23,Gene_99
Gene_23,Gene_100
Gene_23,Gene_101
Gene_23,Gene_103
Gene_23,Gene_104
Gene_23,Gene_105
Gene_23,Gene_106
Gene_23,Gene_107
Gene_23,Gene_108
Gene_23,Gene_109
Gene_23,Gene_110
Gene_23,Gene_112
Gene_23,Gene_115
Gene_23,Gene_116
Gene_23,Gene_118
Gene_23,Gene_119
Gene_23,Gene_121
Gene_23,Gene_122
Gene_23,Gene_123
Gene_23,Gene_124
Gene_23,Gene_125
Gene_23,Gene_126
Gene_23,Gene_127
Gene_23,Gene_128
Gene_23,Gene_129
Gene_23,Gene_130
Gene_23,Gene_131
Gene_23,Gene_133
Gene_23,Gene_134
Gene_23,Gene_135
Gene_23,Gene_136
Gene_23,Gene_137
Gene_23,Gene_138
Gene_23,Gene_139
Gene_23,Gene_141
Gene_23,Gene_142
Gene_23,Gene_143
Gene_23,Gene_144
Gene_23,Gene_145
Gene_23,Gene_146
Gene_23,Gene_147
Gene_23,Gene_148
Gene_23,Gene_149
Gene_23,Gene_150
Gene_23,Gene_151
Gene_23,Gene_153
Gene_23,Gene_154
Gene_23,Gene_155
Gene_23,Gene_156
Gene_23,Gene_157
Gene_23,Gene_159
Gene_23,Gene_160
Gene_23,Gene_161
Gene_23,Gene_162
Gene_23,Gene_163
Gene_23,Gene_164
Gene_23,Gene_166
Gene_23,Gene_167
Gene_23,Gene_169
Gene_23,Gene_170
Gene_23,Gene_171
Gene_23,Gene_172
Gene_23,Gene_174
Gene_23,Gene_175
Gene_23,Gene_176
Gene_23,Gene_178
Gene_23,Gene_179
Gene_23,Gene_180
Gene_23,Gene_181
Gene_23,Gene_182
Gene_23,Gene_183
Gene_23,Gene_184
Gene_23,Gene_185
Gene_23,Gene_186
Gene_23,Gene_188
Gene_23,Gene_189
Gene_23,Gene_190
Gene_23,Gene_191
Gene_23,Gene_192
Gene_23,Gene_193
Gene_23,Gene_194
Gene_23,Gene_196
Gene_23,Gene_197
Gene_23,Gene_198
Gene_23,Gene_199
Gene_23,Gene_200
Gene_24,Gene_0
Gene_24,Gene_2
Gene_24,Gene_3
Gene_24,Gene_4
Gene_24,Gene_6
Gene_24,Gene_7
Gene_24,Gene_8
Gene_24,Gene_9
Gene_24,Gene_10
Gene_24,Gene_11
Gene_24,Gene_12
Gene_24,Gene_13
Gene_24,Gene_14
Gene_24,Gene_17
Gene_24,Gene_18
Gene_24,Gene_19
Gene_24,Gene_20
Gene_24,Gene_21
Gene_24,Gene_22
Gene_24,Gene_23
Gene_24,Gene_24
Gene_24,Gene_25
Gene_24,Gene_26
Gene_24,Gene_27
Gene_24,Gene_28
Gene_24,Gene_29
Gene_24,Gene_30
Gene_24,Gene_31
Gene_24,Gene_32
Gene_24,Gene_33
Gene_24,Gene_36
Gene_24,Gene_37
Gene_24,Gene_38
Gene_24,Gene_39
Gene_24,Gene_40
Gene_24,Gene_42
Gene_24,Gene_43
Gene_24,Gene_44
Gene_24,Gene_45
Gene_24,Gene_47
Gene_24,Gene_48
Gene_24,Gene_49
Gene_24,Gene_50
Gene_24,Gene_52
Gene_24,Gene_53
Gene_24,Gene_54
Gene_24,Gene_55
Gene_24,Gene_56
Gene_24,Gene_57
Gene_24,Gene_58
Gene_24,Gene_59
Gene_24,Gene_61
Gene_24,Gene_62
Gene_24,Gene_66
Gene_24,Gene_67
Gene_24,Gene_68
Gene_24,Gene_69
Gene_24,Gene_71
Gene_24,Gene_72
Gene_24,Gene_73
Gene_24,Gene_74
Gene_24,Gene_75
Gene_24,Gene_76
Gene_24,Gene_77
Gene_24,Gene_78
Gene_24,Gene_79
Gene_24,Gene_80
Gene_24,Gene_81
Gene_24,Gene_84
Gene_24,Gene_85
Gene_24,Gene_87
Gene_24,Gene_89
Gene_24,Gene_90
Gene_24,Gene_91
Gene_24,Gene_92
Gene_24,Gene_93
Gene_24,Gene_94
Gene_24,Gene_95
Gene_24,Gene_96
Gene_24,Gene_97
Gene_24,Gene_98
Gene_24,Gene_99
Gene_24,Gene_100
Gene_24,Gene_101
Gene_24,Gene_102
Gene_24,Gene_103
Gene_24,Gene_104
Gene_24,Gene_105
Gene_24,Gene_106
Gene_24,Gene_107
Gene_24,Gene_109
Gene_24,Gene_111
Gene_24,Gene_112
Gene_24,Gene_114
Gene_24,Gene_115
Gene_24,Gene_116
Gene_24,Gene_118
Gene_24,Gene_119
Gene_24,Gene_120
Gene_24,Gene_122
Gene_24,Gene_123
Gene_24,Gene_124
Gene_24,Gene_126
Gene_24,Gene_127
Gene_24,Gene_128
Gene_24,Gene_130
Gene_24,Gene_131
Gene_24,Gene_132
Gene_24,Gene_133
Gene_24,Gene_134
Gene_24,Gene_135
Gene_24,Gene_137
Gene_24,Gene_138
Gene_24,Gene_139
Gene_24,Gene_140
Gene_24,Gene_142
Gene_24,Gene_144
Gene_24,Gene_145
Gene_24,Gene_147
Gene_24,Gene_148
Gene_24,Gene_151
Gene_24,Gene_152
Gene_24,Gene_153
Gene_24,Gene_155
Gene_24,Gene_156
Gene_24,Gene_157
Gene_24,Gene_158
Gene_24,Gene_159
Gene_24,Gene_160
Gene_24,Gene_161
Gene_24,Gene_162
Gene_24,Gene_163
Gene_24,Gene_164
Gene_24,Gene_165
Gene_24,Gene_166
Gene_24,Gene_167
Gene_24,Gene_168
Gene_24,Gene_169
Gene_24,Gene_171
Gene_24,Gene_172
Gene_24,Gene_173
Gene_24,Gene_174
Gene_24,Gene_175
Gene_24,Gene_176
Gene_24,Gene_178
Gene_24,Gene_179
Gene_24,Gene_180
Gene_24,Gene_181
Gene_24,Gene_183
Gene_24,Gene_184
Gene_24,Gene_185
Gene_24,Gene_186
Gene_24,Gene_187
Gene_24,Gene_188
Gene_24,Gene_189
Gene_24,Gene_190
Gene_24,Gene_191
Gene_24,Gene_193
Gene_24,Gene_194
Gene_24,Gene_195
Gene_24,Gene_198
Gene_25,Gene_0
Gene_25,Gene_1
Gene_25,Gene_2
Gene_25,Gene_6
Gene_25,Gene_7
Gene_25,Gene_8
Gene_25,Gene_9
Gene_25,Gene_12
Gene_25,Gene_13
Gene_25,Gene_14
Gene_25,Gene_15
Gene_25,Gene_16
Gene_25,Gene_17
Gene_25,Gene_18
Gene_25,Gene_20
Gene_25,Gene_21
Gene_25,Gene_22
Gene_25,Gene_23
Gene_25,Gene_24
Gene_25,Gene_26
Gene_25,Gene_28
Gene_25,Gene_29
Gene_25,Gene_30
Gene_25,Gene_31
Gene_25,Gene_32
Gene_25,Gene_33
Gene_25,Gene_34
Gene_25,Gene_35
Gene_25,Gene_36
Gene_25,Gene_38
Gene_25,Gene_39
Gene_25,Gene_40
Gene_25,Gene_41
Gene_25,Gene_43
Gene_25,Gene_45
Gene_25,Gene_46
Gene_25,Gene_47
Gene_25,Gene_48
Gene_25,Gene_49
Gene_25,Gene_50
Gene_25,Gene_51
Gene_25,Gene_52
Gene_25,Gene_55
Gene_25,Gene_56
Gene_25,Gene_57
Gene_25,Gene_58
Gene_25,Gene_60
Gene_25,Gene_61
Gene_25,Gene_62
Gene_25,Gene_63
Gene_25,Gene_64
Gene_25,Gene_66
Gene_25,Gene_67
Gene_25,Gene_68
Gene_25,Gene_69
Gene_25,Gene_71
Gene_25,Gene_72
Gene_25,Gene_73
Gene_25,Gene_74
Gene_25,Gene_76
Gene_25,Gene_79
Gene_25,Gene_82
Gene_25,Gene_83
Gene_25,Gene_84
Gene_25,Gene_85
Gene_25,Gene_86
Gene_25,Gene_87
Gene_25,Gene_88
Gene_25,Gene_89
Gene_25,Gene_90
Gene_25,Gene_92
Gene_25,Gene_93
Gene_25,Gene_94
Gene_25,Gene_95
Gene_25,Gene_96
Gene_25,Gene_97
Gene_25,Gene_98
Gene_25,Gene_99
Gene_25,Gene_100
Gene_25,Gene_101
Gene_25,Gene_102
Gene_25,Gene_105
Gene_25,Gene_106
Gene_25,Gene_107
Gene_25,Gene_109
Gene_25,Gene_110
Gene_25,Gene_111
Gene_25,Gene_112
Gene_25,Gene_113
Gene_25,Gene_114
Gene_25,Gene_116
Gene_25,Gene_117
Gene_25,Gene_118
Gene_25,Gene_119
Gene_25,Gene_120
Gene_25,Gene_121
Gene_25,Gene_122
Gene_25,Gene_123
Gene_25,Gene_125
Gene_25,Gene_126
Gene_25,Gene_127
Gene_25,Gene_128
Gene_25,Gene_129
Gene_25,Gene_134
Gene_25,Gene_135
Gene_25,Gene_138
Gene_25,Gene_139
Gene_25,Gene_141
Gene_25,Gene_143
Gene_25,Gene_144
Gene_25,Gene_145
Gene_25,Gene_146
Gene_25,Gene_147
Gene_25,Gene_148
Gene_25,Gene_149
Gene_25,Gene_150
Gene_25,Gene_151
Gene_25,Gene_153
Gene_25,Gene_154
Gene_25,Gene_155
Gene_25,Gene_156
Gene_25,Gene_157
Gene_25,Gene_158
Gene_25,Gene_160
Gene_25,Gene_161
Gene_25,Gene_162
Gene_25,Gene_163
Gene_25,Gene_164
Gene_25,Gene_165
Gene_25,Gene_166
Gene_25,Gene_167
Gene_25,Gene_168
Gene_25,Gene_169
Gene_25,Gene_171
Gene_25,Gene_172
Gene_25,Gene_173
Gene_25,Gene_174
Gene_25,Gene_175
Gene_25,Gene_176
Gene_25,Gene_177
Gene_25,Gene_178
Gene_25,Gene_179
Gene_25,Gene_180
Gene_25,Gene_181
Gene_25,Gene_182
Gene_25,Gene_184
Gene_25,Gene_185
Gene_25,Gene_186
Gene_25,Gene_187
Gene_25,Gene_188
Gene_25,Gene_189
Gene_25,Gene_190
Gene_25,Gene_191
Gene_25,Gene_192
Gene_25,Gene_193
Gene_25,Gene_195
Gene_25,Gene_196
Gene_25,Gene_197
Gene_25,Gene_198
Gene_25,Gene_199
Gene_25,Gene_200
Gene_26,Gene_0
Gene_26,Gene_1
Gene_26,Gene_2
Gene_26,Gene_3
Gene_26,Gene_4
Gene_26,Gene_5
Gene_26,Gene_6
Gene_26,Gene_7
Gene_26,Gene_9
Gene_26,Gene_10
Gene_26,Gene_11
Gene_26,Gene_12
Gene_26,Gene_13
Gene_26,Gene_14
Gene_26,Gene_15
Gene_26,Gene_16
Gene_26,Gene_18
Gene_26,Gene_19
Gene_26,Gene_20
Gene_26,Gene_21
Gene_26,Gene_23
Gene_26,Gene_24
Gene_26,Gene_25
Gene_26,Gene_27
Gene_26,Gene_29
Gene_26,Gene_31
Gene_26,Gene_32
Gene_26,Gene_33
Gene_26,Gene_34
Gene_26,Gene_35
Gene_26,Gene_36
Gene_26,Gene_37
Gene_26,Gene_38
Gene_26,Gene_40
Gene_26,Gene_41
Gene_26,Gene_43
Gene_26,Gene_45
Gene_26,Gene_46
Gene_26,Gene_47
Gene_26,Gene_48
Gene_26,Gene_49
Gene_26,Gene_50
Gene_26,Gene_51
Gene_26,Gene_52
Gene_26,Gene_55
Gene_26,Gene_56
Gene_26,Gene_61
Gene_26,Gene_63
Gene_26,Gene_64
Gene_26,Gene_65
Gene_26,Gene_66
Gene_26,Gene_67
Gene_26,Gene_68
Gene_26,Gene_69
Gene_26,Gene_70
Gene_26,Gene_72
Gene_26,Gene_73
Gene_26,Gene_74
Gene_26,Gene_75
Gene_26,Gene_76
Gene_26,Gene_77
Gene_26,Gene_78
Gene_26,Gene_79
Gene_26,Gene_80
Gene_26,Gene_81
Gene_26,Gene_85
Gene_26,Gene_87
Gene_26,Gene_88
Gene_26,Gene_89
Gene_26,Gene_90
Gene_26,Gene_91
Gene_26,Gene_92
Gene_26,Gene_93
Gene_26,Gene_95
Gene_26,Gene_96
Gene_26,Gene_97
Gene_26,Gene_98
Gene_26,Gene_99
Gene_26,Gene_101
Gene_26,Gene_102
Gene_26,Gene_103
Gene_26,Gene_104
Gene_26,Gene_105
Gene_26,Gene_106
Gene_26,Gene_107
Gene_26,Gene_108
Gene_26,Gene_109
Gene_26,Gene_110
Gene_26,Gene_111
Gene_26,Gene_112
Gene_26,Gene_113
Gene_26,Gene_114
Gene_26,Gene_115
Gene_26,Gene_116
Gene_26,Gene_117
Gene_26,Gene_119
Gene_26,Gene_120
Gene_26,Gene_122
Gene_26,Gene_123
Gene_26,Gene_124
Gene_26,Gene_125
Gene_26,Gene_127
Gene_26,Gene_128
Gene_26,Gene_129
Gene_26,Gene_130
Gene_26,Gene_131
Gene_26,Gene_132
Gene_26,Gene_134
Gene_26,Gene_135
Gene_26,Gene_136
Gene_26,Gene_137
Gene_26,Gene_138
Gene_26,Gene_140
Gene_26,Gene_141
Gene_26,Gene_142
Gene_26,Gene_143
Gene_26,Gene_144
Gene_26,Gene_146
Gene_26,Gene_147
Gene_26,Gene_148
Gene_26,Gene_149
Gene_26,Gene_150
Gene_26,Gene_152
Gene_26,Gene_155
Gene_26,Gene_158
Gene_26,Gene_159
Gene_26,Gene_160
Gene_26,Gene_161
Gene_26,Gene_162
Gene_26,Gene_163
Gene_26,Gene_165
Gene_26,Gene_166
Gene_26,Gene_169
Gene_26,Gene_170
Gene_26,Gene_171
Gene_26,Gene_173
Gene_26,Gene_174
Gene_26,Gene_175
Gene_26,Gene_176
Gene_26,Gene_177
Gene_26,Gene_178
Gene_26,Gene_179
Gene_26,Gene_181
Gene_26,Gene_182
Gene_26,Gene_183
Gene_26,Gene_184
Gene_26,Gene_186
Gene_26,Gene_187
Gene_26,Gene_188
Gene_26,Gene_189
Gene_26,Gene_190
Gene_26,Gene_193
Gene_26,Gene_194
Gene_26,Gene_196
Gene_26,Gene_197
Gene_26,Gene_198
Gene_26,Gene_200
Gene_27,Gene_0
Gene_27,Gene_1
Gene_27,Gene_2
Gene_27,Gene_3
Gene_27,Gene_4
Gene_27,Gene_6
Gene_27,Gene_8
Gene_27,Gene_10
Gene_27,Gene_12
Gene_27,Gene_13
Gene_27,Gene_14
Gene_27,Gene_15
Gene_27,Gene_16
Gene_27,Gene_17
Gene_27,Gene_18
Gene_27,Gene_19
Gene_27,Gene_20
Gene_27,Gene_22
Gene_27,Gene_23
Gene_27,Gene_24
Gene_27,Gene_25
Gene_27,Gene_26
Gene_27,Gene_27
Gene_27,Gene_29
Gene_27,Gene_30
Gene_27,Gene_31
Gene_27,Gene_32
Gene_27,Gene_33
Gene_27,Gene_34
Gene_27,Gene_35
Gene_27,Gene_36
Gene_27,Gene_37
Gene_27,Gene_38
Gene_27,Gene_39
Gene_27,Gene_40
Gene_27,Gene_42
Gene_27,Gene_43
Gene_27,Gene_45
Gene_27,Gene_46
Gene_27,Gene_47
Gene_27,Gene_48
Gene_27,Gene_51
Gene_27,Gene_52
Gene_27,Gene_53
Gene_27,Gene_54
Gene_27,Gene_57
Gene_27,Gene_58
Gene_27,Gene_59
Gene_27,Gene_60
Gene_27,Gene_61
Gene_27,Gene_62
Gene_27,Gene_63
Gene_27,Gene_64
Gene_27,Gene_67
Gene_27,Gene_68
Gene_27,Gene_69
Gene_27,Gene_73
Gene_27,Gene_74
Gene_27,Gene_75
Gene_27,Gene_76
Gene_27,Gene_77
Gene_27,Gene_78
Gene_27,Gene_79
Gene_27,Gene_81
Gene_27,Gene_82
Gene_27,Gene_83
Gene_27,Gene_84
Gene_27,Gene_86
Gene_27,Gene_88
Gene_27,Gene_89
Gene_27,Gene_90
Gene_27,Gene_91
Gene_27,Gene_92
Gene_27,Gene_94
Gene_27,Gene_95
Gene_27,Gene_96
Gene_27,Gene_97
Gene_27,Gene_98
Gene_27,Gene_99
Gene_27,Gene_100
Gene_27,Gene_101
Gene_27,Gene_102
Gene_27,Gene_103
Gene_27,Gene_104
Gene_27,Gene_105
Gene_27,Gene_106
Gene_27,Gene_107
Gene_27,Gene_108
Gene_27,Gene_109
Gene_27,Gene_110
Gene_27,Gene_111
Gene_27,Gene_112
Gene_27,Gene_113
Gene_27,Gene_114
Gene_27,Gene_115
Gene_27,Gene_116
Gene_27,Gene_117
Gene_27,Gene_118
Gene_27,Gene_121
Gene_27,Gene_124
Gene_27,Gene_125
Gene_27,Gene_126
Gene_27,Gene_127
Gene_27,Gene_128
Gene_27,Gene_130
Gene_27,Gene_132
Gene_27,Gene_133
Gene_27,Gene_134
Gene_27,Gene_135
Gene_27,Gene_136
Gene_27,Gene_137
Gene_27,Gene_138
Gene_27,Gene_139
Gene_27,Gene_140
Gene_27,Gene_141
Gene_27,Gene_142
Gene_27,Gene_143
Gene_27,Gene_144
Gene_27,Gene_145
Gene_27,Gene_146
Gene_27,Gene_147
Gene_27,Gene_148
Gene_27,Gene_149
Gene_27,Gene_150
Gene_27,Gene_151
Gene_27,Gene_152
Gene_27,Gene_153
Gene_27,Gene_155
Gene_27,Gene_156
Gene_27,Gene_157
Gene_27,Gene_158
Gene_27,Gene_159
Gene_27,Gene_160
Gene_27,Gene_161
Gene_27,Gene_162
Gene_27,Gene_163
Gene_27,Gene_164
Gene_27,Gene_165
Gene_27,Gene_166
Gene_27,Gene_167
Gene_27,Gene_168
Gene_27,Gene_169
Gene_27,Gene_170
Gene_27,Gene_171
Gene_27,Gene_172
Gene_27,Gene_173
Gene_27,Gene_174
Gene_27,Gene_176
Gene_27,Gene_177
Gene_27,Gene_178
Gene_27,Gene_180
Gene_27,Gene_181
Gene_27,Gene_183
Gene_27,Gene_184
Gene_27,Gene_185
Gene_27,Gene_186
Gene_27,Gene_187
Gene_27,Gene_188
Gene_27,Gene_189
Gene_27,Gene_191
Gene_27,Gene_192
Gene_27,Gene_193
Gene_27,Gene_194
Gene_27,Gene_195
Gene_27,Gene_196
Gene_27,Gene_198
Gene_27,Gene_200
Gene_28,Gene_0
Gene_28,Gene_2
Gene_28,Gene_3
Gene_28,Gene_4
Gene_28,Gene_5
Gene_28,Gene_6
Gene_28,Gene_7
Gene_28,Gene_8
Gene_28,Gene_9
Gene_28,Gene_11
Gene_28,Gene_12
Gene_28,Gene_13
Gene_28,Gene_14
Gene_28,Gene_15
Gene_28,Gene_16
Gene_28,Gene_18
Gene_28,Gene_20
Gene_28,Gene_21
Gene_28,Gene_22
Gene_28,Gene_23
Gene_28,Gene_24
Gene_28,Gene_25
Gene_28,Gene_26
Gene_28,Gene_27
Gene_28,Gene_28
Gene_28,Gene_29
Gene_28,Gene_31
Gene_28,Gene_32
Gene_28,Gene_34
Gene_28,Gene_36
Gene_28,Gene_37
Gene_28,Gene_38
Gene_28,Gene_39
Gene_28,Gene_40
Gene_28,Gene_41
Gene_28,Gene_42
Gene_28,Gene_43
Gene_28,Gene_44
Gene_28,Gene_45
Gene_28,Gene_46
Gene_28,Gene_47
Gene_28,Gene_48
Gene_28,Gene_49
Gene_28,Gene_50
Gene_28,Gene_51
Gene_28,Gene_52
Gene_28,Gene_54
Gene_28,Gene_55
Gene_28,Gene_56
Gene_28,Gene_57
Gene_28,Gene_58
Gene_28,Gene_59
Gene_28,Gene_60
Gene_28,Gene_61
Gene_28,Gene_63
Gene_28,Gene_64
Gene_28,Gene_65
Gene_28,Gene_66
Gene_28,Gene_67
Gene_28,Gene_68
Gene_28,Gene_69
Gene_28,Gene_70
Gene_28,Gene_71
Gene_28,Gene_73
Gene_28,Gene_74
Gene_28,Gene_75
Gene_28,Gene_76
Gene_28,Gene_77
Gene_28,Gene_78
Gene_28,Gene_80
Gene_28,Gene_83
Gene_28,Gene_84
Gene_28,Gene_85
Gene_28,Gene_87
Gene_28,Gene_88
Gene_28,Gene_90
Gene_28,Gene_91
Gene_28,Gene_92
Gene_28,Gene_93
Gene_28,Gene_95
Gene_28,Gene_96
Gene_28,Gene_97
Gene_28,Gene_98
Gene_28,Gene_99
Gene_28,Gene_101
Gene_28,Gene_104
Gene_28,Gene_105
Gene_28,Gene_107
Gene_28,Gene_108
Gene_28,Gene_109
Gene_28,Gene_110
Gene_28,Gene_111
Gene_28,Gene_112
Gene_28,Gene_113
Gene_28,Gene_118
Gene_28,Gene_120
Gene_28,Gene_121
Gene_28,Gene_124
Gene_28,Gene_125
Gene_28,Gene_126
Gene_28,Gene_127
Gene_28,Gene_129
Gene_28,Gene_130
Gene_28,Gene_132
Gene_28,Gene_133
Gene_28,Gene_134
Gene_28,Gene_135
Gene_28,Gene_136
Gene_28,Gene_137
Gene_28,Gene_139
Gene_28,Gene_140
Gene_28,Gene_141
Gene_28,Gene_142
Gene_28,Gene_143
Gene_28,Gene_144
Gene_28,Gene_146
Gene_28,Gene_149
Gene_28,Gene_150
Gene_28,Gene_151
Gene_28,Gene_152
Gene_28,Gene_153
Gene_28,Gene_154
Gene_28,Gene_155
Gene_28,Gene_157
Gene_28,Gene_158
Gene_28,Gene_159
Gene_28,Gene_160
Gene_28,Gene_161
Gene_28,Gene_162
Gene_28,Gene_163
Gene_28,Gene_164
Gene_28,Gene_165
Gene_28,Gene_166
Gene_28,Gene_168
Gene_28,Gene_172
Gene_28,Gene_173
Gene_28,Gene_174
Gene_28,Gene_175
Gene_28,Gene_177
Gene_28,Gene_178
Gene_28,Gene_180
Gene_28,Gene_181
Gene_28,Gene_182
Gene_28,Gene_183
Gene_28,Gene_185
Gene_28,Gene_186
Gene_28,Gene_187
Gene_28,Gene_188
Gene_28,Gene_189
Gene_28,Gene_190
Gene_28,Gene_191
Gene_28,Gene_192
Gene_28,Gene_194
Gene_28,Gene_195
Gene_28,Gene_196
Gene_28,Gene_197
Gene_28,Gene_198
Gene_28,Gene_200
Gene_29,Gene_0
Gene_29,Gene_1
Gene_29,Gene_2
Gene_29,Gene_3
Gene_29,Gene_4
Gene_29,Gene_5
Gene_29,Gene_7
Gene_29,Gene_8
Gene_29,Gene_9
Gene_29,Gene_10
Gene_29,Gene_11
Gene_29,Gene_13
Gene_29,Gene_14
Gene_29,Gene_15
Gene_29,Gene_16
Gene_29,Gene_17
Gene_29,Gene_19
Gene_29,Gene_20
Gene_29,Gene_21
Gene_29,Gene_22
Gene_29,Gene_23
Gene_29,Gene_24
Gene_29,Gene_25
Gene_29,Gene_27
Gene_29,Gene_28
Gene_29,Gene_30
Gene_29,Gene_31
Gene_29,Gene_32
Gene_29,Gene_33
Gene_29,Gene_34
Gene_29,Gene_35
Gene_29,Gene_36
Gene_29,Gene_37
Gene_29,Gene_38
Gene_29,Gene_39
Gene_29,Gene_40
Gene_29,Gene_42
Gene_29,Gene_43
Gene_29,Gene_44
Gene_29,Gene_46
Gene_29,Gene_47
Gene_29,Gene_48
Gene_29,Gene_49
Gene_29,Gene_50
Gene_29,Gene_52
Gene_29,Gene_54
Gene_29,Gene_55
Gene_29,Gene_56
Gene_29,Gene_57
Gene_29,Gene_58
Gene_29,Gene_59
Gene_29,Gene_60
Gene_29,Gene_61
Gene_29,Gene_62
Gene_29,Gene_63
Gene_29,Gene_64
Gene_29,Gene_65
Gene_29,Gene_66
Gene_29,Gene_67
Gene_29,Gene_68
Gene_29,Gene_69
Gene_29,Gene_71
Gene_29,Gene_73
Gene_29,Gene_74
Gene_29,Gene_75
Gene_29,Gene_76
Gene_29,Gene_79
Gene_29,Gene_80
Gene_29,Gene_81
Gene_29,Gene_82
Gene_29,Gene_83
Gene_29,Gene_84
Gene_29,Gene_85
Gene_29,Gene_86
Gene_29,Gene_88
Gene_29,Gene_89
Gene_29,Gene_91
Gene_29,Gene_92
Gene_29,Gene_93
Gene_29,Gene_96
Gene_29,Gene_97
Gene_29,Gene_98
Gene_29,Gene_99
Gene_29,Gene_100
Gene_29,Gene_101
Gene_29,Gene_102
Gene_29,Gene_103
Gene_29,Gene_106
Gene_29,Gene_107
Gene_29,Gene_108
Gene_29,Gene_109
Gene_29,Gene_110
Gene_29,Gene_111
Gene_29,Gene_112
Gene_29,Gene_114
Gene_29,Gene_115
Gene_29,Gene_116
Gene_29,Gene_118
Gene_29,Gene_119
Gene_29,Gene_120
Gene_29,Gene_121
Gene_29,Gene_123
Gene_29,Gene_124
Gene_29,Gene_125
Gene_29,Gene_126
Gene_29,Gene_127
Gene_29,Gene_128
Gene_29,Gene_129
Gene_29,Gene_130
Gene_29,Gene_131
Gene_29,Gene_133
Gene_29,Gene_134
Gene_29,Gene_135
Gene_29,Gene_136
Gene_29,Gene_137
Gene_29,Gene_138
Gene_29,Gene_140
Gene_29,Gene_141
Gene_29,Gene_143
Gene_29,Gene_144
Gene_29,Gene_145
Gene_29,Gene_146
Gene_29,Gene_147
Gene_29,Gene_148
Gene_29,Gene_149
Gene_29,Gene_150
Gene_29,Gene_152
Gene_29,Gene_153
Gene_29,Gene_154
Gene_29,Gene_156
Gene_29,Gene_157
Gene_29,Gene_159
Gene_29,Gene_160
Gene_29,Gene_161
Gene_29,Gene_163
Gene_29,Gene_165
Gene_29,Gene_168
Gene_29,Gene_169
Gene_29,Gene_170
Gene_29,Gene_172
Gene_29,Gene_173
Gene_29,Gene_174
Gene_29,Gene_175
Gene_29,Gene_176
Gene_29,Gene_177
Gene_29,Gene_178
Gene_29,Gene_180
Gene_29,Gene_181
Gene_29,Gene_182
Gene_29,Gene_183
Gene_29,Gene_184
Gene_29,Gene_185
Gene_29,Gene_186
Gene_29,Gene_187
Gene_29,Gene_188
Gene_29,Gene_189
Gene_29,Gene_190
Gene_29,Gene_191
Gene_29,Gene_192
Gene_29,Gene_193
Gene_29,Gene_195
Gene_29,Gene_196
Gene_29,Gene_197
Gene_29,Gene_198
Gene_29,Gene_199
Gene_29,Gene_200
Gene_30,Gene_0
Gene_30,Gene_1
Gene_30,Gene_2
Gene_30,Gene_3
Gene_30,Gene_5
Gene_30,Gene_6
Gene_30,Gene_8
Gene_30,Gene_9
Gene_30,Gene_10
Gene_30,Gene_13
Gene_30,Gene_14
Gene_30,Gene_16
Gene_30,Gene_17
Gene_30,Gene_20
Gene_30,Gene_21
Gene_30,Gene_22
Gene_30,Gene_23
Gene_30,Gene_24
Gene_30,Gene_25
Gene_30,Gene_26
Gene_30,Gene_27
Gene_30,Gene_29
Gene_30,Gene_30
Gene_30,Gene_31
Gene_30,Gene_33
Gene_30,Gene_34
Gene_30,Gene_35
Gene_30,Gene_36
Gene_30,Gene_37
Gene_30,Gene_38
Gene_30,Gene_40
Gene_30,Gene_41
Gene_30,Gene_42
Gene_30,Gene_43
Gene_30,Gene_44
Gene_30,Gene_45
Gene_30,Gene_46
Gene_30,Gene_48
Gene_30,Gene_49
Gene_30,Gene_50
Gene_30,Gene_51
Gene_30,Gene_52
Gene_30,Gene_54
Gene_30,Gene_55
Gene_30,Gene_57
Gene_30,Gene_58
Gene_30,Gene_59
Gene_30,Gene_60
Gene_30,Gene_61
Gene_30,Gene_62
Gene_30,Gene_63
Gene_30,Gene_64
Gene_30,Gene_65
Gene_30,Gene_66
Gene_30,Gene_67
Gene_30,Gene_68
Gene_30,Gene_69
Gene_30,Gene_70
Gene_30,Gene_72
Gene_30,Gene_73
Gene_30,Gene_75
Gene_30,Gene_76
Gene_30,Gene_77
Gene_30,Gene_78
Gene_30,Gene_79
Gene_30,Gene_81
Gene_30,Gene_82
Gene_30,Gene_83
Gene_30,Gene_84
Gene_30,Gene_85
Gene_30,Gene_86
Gene_30,Gene_88
Gene_30,Gene_89
Gene_30,Gene_90
Gene_30,Gene_91
Gene_30,Gene_92
Gene_30,Gene_93
Gene_30,Gene_94
Gene_30,Gene_95
Gene_30,Gene_97
Gene_30,Gene_98
Gene_30,Gene_99
Gene_30,Gene_100
Gene_30,Gene_101
Gene_30,Gene_102
Gene_30,Gene_103
Gene_30,Gene_106
Gene_30,Gene_108
Gene_30,Gene_109
Gene_30,Gene_110
Gene_30,Gene_111
Gene_30,Gene_112
Gene_30,Gene_113
Gene_30,Gene_114
Gene_30,Gene_115
Gene_30,Gene_116
Gene_30,Gene_117
Gene_30,Gene_118
Gene_30,Gene_119
Gene_30,Gene_120
Gene_30,Gene_121
Gene_30,Gene_123
Gene_30,Gene_124
Gene_30,Gene_125
Gene_30,Gene_126
Gene_30,Gene_128
Gene_30,Gene_130
Gene_30,Gene_131
Gene_30,Gene_132
Gene_30,Gene_134
Gene_30,Gene_135
Gene_30,Gene_136
Gene_30,Gene_138
Gene_30,Gene_140
Gene_30,Gene_141
Gene_30,Gene_142
Gene_30,Gene_143
Gene_30,Gene_144
Gene_30,Gene_145
Gene_30,Gene_146
Gene_30,Gene_147
Gene_30,Gene_148
Gene_30,Gene_149
Gene_30,Gene_150
Gene_30,Gene_151
Gene_30,Gene_152
Gene_30,Gene_153
Gene_30,Gene_154
Gene_30,Gene_155
Gene_30,Gene_156
Gene_30,Gene_157
Gene_30,Gene_158
Gene_30,Gene_159
Gene_30,Gene_160
Gene_30,Gene_161
Gene_30,Gene_162
Gene_30,Gene_163
Gene_30,Gene_164
Gene_30,Gene_165
Gene_30,Gene_170
Gene_30,Gene_171
Gene_30,Gene_172
Gene_30,Gene_173
Gene_30,Gene_174
Gene_30,Gene_175
Gene_30,Gene_176
Gene_30,Gene_177
Gene_30,Gene_180
Gene_30,Gene_181
Gene_30,Gene_182
Gene_30,Gene_183
Gene_30,Gene_184
Gene_30,Gene_185
Gene_30,Gene_186
Gene_30,Gene_187
Gene_30,Gene_188
Gene_30,Gene_189
Gene_30,Gene_190
Gene_30,Gene_191
Gene_30,Gene_192
Gene_30,Gene_193
Gene_30,Gene_194
Gene_30,Gene_195
Gene_30,Gene_196
Gene_30,Gene_200
Gene_31,Gene_2
Gene_31,Gene_3
Gene_31,Gene_4
Gene_31,Gene_6
Gene_31,Gene_7
Gene_31,Gene_8
Gene_31,Gene_9
Gene_31,Gene_10
Gene_31,Gene_11
Gene_31,Gene_12
Gene_31,Gene_13
Gene_31,Gene_14
Gene_31,Gene_15
Gene_31,Gene_16
Gene_31,Gene_17
Gene_31,Gene_18
Gene_31,Gene_19
Gene_31,Gene_20
Gene_31,Gene_21
Gene_31,Gene_22
Gene_31,Gene_24
Gene_31,Gene_25
Gene_31,Gene_26
Gene_31,Gene_27
Gene_31,Gene_28
Gene_31,Gene_32
Gene_31,Gene_33
Gene_31,Gene_34
Gene_31,Gene_37
Gene_31,Gene_38
Gene_31,Gene_40
Gene_31,Gene_41
Gene_31,Gene_42
Gene_31,Gene_43
Gene_31,Gene_46
Gene_31,Gene_48
Gene_31,Gene_49
Gene_31,Gene_51
Gene_31,Gene_52
Gene_31,Gene_53
Gene_31,Gene_54
Gene_31,Gene_56
Gene_31,Gene_57
Gene_31,Gene_58
Gene_31,Gene_59
Gene_31,Gene_60
Gene_31,Gene_61
Gene_31,Gene_62
Gene_31,Gene_63
Gene_31,Gene_64
Gene_31,Gene_65
Gene_31,Gene_66
Gene_31,Gene_67
Gene_31,Gene_69
Gene_31,Gene_70
Gene_31,Gene_71
Gene_31,Gene_72
Gene_31,Gene_74
Gene_31,Gene_75
Gene_31,Gene_76
Gene_31,Gene_77
Gene_31,Gene_78
Gene_31,Gene_79
Gene_31,Gene_80
Gene_31,Gene_81
Gene_31,Gene_82
Gene_31,Gene_83
Gene_31,Gene_84
Gene_31,Gene_87
Gene_31,Gene_88
Gene_31,Gene_89
Gene_31,Gene_90
Gene_31,Gene_91
Gene_31,Gene_94
Gene_31,Gene_96
Gene_31,Gene_98
Gene_31,Gene_99
Gene_31,Gene_100
Gene_31,Gene_102
Gene_31,Gene_103
Gene_31,Gene_104
Gene_31,Gene_106
Gene_31,Gene_107
Gene_31,Gene_108
Gene_31,Gene_111
Gene_31,Gene_112
Gene_31,Gene_113
Gene_31,Gene_114
Gene_31,Gene_115
Gene_31,Gene_116
Gene_31,Gene_117
Gene_31,Gene_118
Gene_31,Gene_119
Gene_31,Gene_120
Gene_31,Gene_122
Gene_31,Gene_123
Gene_31,Gene_124
Gene_31,Gene_125
Gene_31,Gene_126
Gene_31,Gene_129
Gene_31,Gene_130
Gene_31,Gene_131
Gene_31,Gene_132
Gene_31,Gene_133
Gene_31,Gene_134
Gene_31,Gene_135
Gene_31,Gene_136
Gene_31,Gene_137
Gene_31,Gene_138
Gene_31,Gene_139
Gene_31,Gene_141
Gene_31,Gene_142
Gene_31,Gene_145
Gene_31,Gene_147
Gene_31,Gene_148
Gene_31,Gene_149
Gene_31,Gene_150
Gene_31,Gene_152
Gene_31,Gene_153
Gene_31,Gene_154
Gene_31,Gene_155
Gene_31,Gene_156
Gene_31,Gene_157
Gene_31,Gene_158
Gene_31,Gene_159
Gene_31,Gene_160
Gene_31,Gene_162
Gene_31,Gene_163
Gene_31,Gene_164
Gene_31,Gene_165
Gene_31,Gene_166
Gene_31,Gene_167
Gene_31,Gene_168
Gene_31,Gene_170
Gene_31,Gene_171
Gene_31,Gene_173
Gene_31,Gene_174
Gene_31,Gene_176
Gene_31,Gene_177
Gene_31,Gene_179
Gene_31,Gene_180
Gene_31,Gene_182
Gene_31,Gene_183
Gene_31,Gene_184
Gene_31,Gene_185
Gene_31,Gene_186
Gene_31,Gene_187
Gene_31,Gene_188
Gene_31,Gene_189
Gene_31,Gene_190
Gene_31,Gene_191
Gene_31,Gene_194
Gene_31,Gene_195
Gene_31,Gene_196
Gene_31,Gene_197
Gene_31,Gene_200
Gene_32,Gene_0
Gene_32,Gene_1
Gene_32,Gene_2
Gene_32,Gene_3
Gene_32,Gene_4
Gene_32,Gene_5
Gene_32,Gene_6
Gene_32,Gene_7
Gene_32,Gene_8
Gene_32,Gene_10
Gene_32,Gene_11
Gene_32,Gene_12
Gene_32,Gene_13
Gene_32,Gene_14
Gene_32,Gene_15
Gene_32,Gene_16
Gene_32,Gene_17
Gene_32,Gene_18
Gene_32,Gene_19
Gene_32,Gene_21
Gene_32,Gene_22
Gene_32,Gene_24
Gene_32,Gene_25
Gene_32,Gene_26
Gene_32,Gene_27
Gene_32,Gene_29
Gene_32,Gene_31
Gene_32,Gene_33
Gene_32,Gene_34
Gene_32,Gene_35
Gene_32,Gene_37
Gene_32,Gene_38
Gene_32,Gene_39
Gene_32,Gene_40
Gene_32,Gene_41
Gene_32,Gene_42
Gene_32,Gene_43
Gene_32,Gene_44
Gene_32,Gene_45
Gene_32,Gene_46
Gene_32,Gene_47
Gene_32,Gene_48
Gene_32,Gene_49
Gene_32,Gene_51
Gene_32,Gene_52
Gene_32,Gene_53
Gene_32,Gene_54
Gene_32,Gene_55
Gene_32,Gene_57
Gene_32,Gene_58
Gene_32,Gene_59
Gene_32,Gene_60
Gene_32,Gene_61
Gene_32,Gene_62
Gene_32,Gene_63
Gene_32,Gene_65
Gene_32,Gene_66
Gene_32,Gene_67
Gene_32,Gene_68
Gene_32,Gene_69
Gene_32,Gene_70
Gene_32,Gene_71
Gene_32,Gene_73
Gene_32,Gene_74
Gene_32,Gene_75
Gene_32,Gene_76
Gene_32,Gene_77
Gene_32,Gene_78
Gene_32,Gene_80
Gene_32,Gene_83
Gene_32,Gene_84
Gene_32,Gene_85
Gene_32,Gene_86
Gene_32,Gene_87
Gene_32,Gene_90
Gene_32,Gene_92
Gene_32,Gene_95
Gene_32,Gene_97
Gene_32,Gene_98
Gene_32,Gene_99
Gene_32,Gene_100
Gene_32,Gene_101
Gene_32,Gene_102
Gene_32,Gene_103
Gene_32,Gene_104
Gene_32,Gene_105
Gene_32,Gene_106
Gene_32,Gene_107
Gene_32,Gene_108
Gene_32,Gene_109
Gene_32,Gene_110
Gene_32,Gene_111
Gene_32,Gene_112
Gene_32,Gene_113
Gene_32,Gene_114
Gene_32,Gene_115
Gene_32,Gene_116
Gene_32,Gene_117
Gene_32,Gene_119
Gene_32,Gene_120
Gene_32,Gene_121
Gene_32,Gene_122
Gene_32,Gene_123
Gene_32,Gene_124
Gene_32,Gene_125
Gene_32,Gene_127
Gene_32,Gene_128
Gene_32,Gene_129
Gene_32,Gene_130
Gene_32,Gene_131
Gene_32,Gene_132
Gene_32,Gene_133
Gene_32,Gene_134
Gene_32,Gene_135
Gene_32,Gene_136
Gene_32,Gene_137
Gene_32,Gene_138
Gene_32,Gene_139
Gene_32,Gene_140
Gene_32,Gene_141
Gene_32,Gene_142
Gene_32,Gene_143
Gene_32,Gene_144
Gene_32,Gene_146
Gene_32,Gene_147
Gene_32,Gene_148
Gene_32,Gene_150
Gene_32,Gene_152
Gene_32,Gene_154
Gene_32,Gene_157
Gene_32,Gene_158
Gene_32,Gene_159
Gene_32,Gene_160
Gene_32,Gene_161
Gene_32,Gene_162
Gene_32,Gene_163
Gene_32,Gene_164
Gene_32,Gene_165
Gene_32,Gene_168
Gene_32,Gene_169
Gene_32,Gene_170
Gene_32,Gene_171
Gene_32,Gene_172
Gene_32,Gene_173
Gene_32,Gene_174
Gene_32,Gene_176
Gene_32,Gene_177
Gene_32,Gene_179
Gene_32,Gene_180
Gene_32,Gene_182
Gene_32,Gene_183
Gene_32,Gene_184
Gene_32,Gene_185
Gene_32,Gene_186
Gene_32,Gene_187
Gene_32,Gene_188
Gene_32,Gene_189
Gene_32,Gene_190
Gene_32,Gene_191
Gene_32,Gene_193
Gene_32,Gene_195
Gene_32,Gene_196
Gene_32,Gene_197
Gene_32,Gene_198
Gene_32,Gene_199
Gene_32,Gene_200
Gene_33,Gene_1
Gene_33,Gene_2
Gene_33,Gene_3
Gene_33,Gene_5
Gene_33,Gene_6
Gene_33,Gene_7
Gene_33,Gene_8
Gene_33,Gene_9
Gene_33,Gene_11
Gene_33,Gene_12
Gene_33,Gene_13
Gene_33,Gene_14
Gene_33,Gene_15
Gene_33,Gene_17
Gene_33,Gene_18
Gene_33,Gene_19
Gene_33,Gene_20
Gene_33,Gene_22
Gene_33,Gene_23
Gene_33,Gene_24
Gene_33,Gene_25
Gene_33,Gene_26
Gene_33,Gene_27
Gene_33,Gene_28
Gene_33,Gene_29
Gene_33,Gene_31
Gene_33,Gene_32
Gene_33,Gene_33
Gene_33,Gene_36
Gene_33,Gene_37
Gene_33,Gene_38
Gene_33,Gene_39
Gene_33,Gene_40
Gene_33,Gene_41
Gene_33,Gene_42
Gene_33,Gene_43
Gene_33,Gene_44
Gene_33,Gene_45
Gene_33,Gene_46
Gene_33,Gene_47
Gene_33,Gene_48
Gene_33,Gene_50
Gene_33,Gene_51
Gene_33,Gene_52
Gene_33,Gene_53
Gene_33,Gene_54
Gene_33,Gene_55
Gene_33,Gene_58
Gene_33,Gene_63
Gene_33,Gene_65
Gene_33,Gene_66
Gene_33,Gene_67
Gene_33,Gene_68
Gene_33,Gene_69
Gene_33,Gene_70
Gene_33,Gene_72
Gene_33,Gene_73
Gene_33,Gene_74
Gene_33,Gene_79
Gene_33,Gene_80
Gene_33,Gene_83
Gene_33,Gene_84
Gene_33,Gene_86
Gene_33,Gene_88
Gene_33,Gene_89
Gene_33,Gene_90
Gene_33,Gene_91
Gene_33,Gene_92
Gene_33,Gene_94
Gene_33,Gene_95
Gene_33,Gene_96
Gene_33,Gene_97
Gene_33,Gene_99
Gene_33,Gene_100
Gene_33,Gene_101
Gene_33,Gene_103
Gene_33,Gene_104
Gene_33,Gene_105
Gene_33,Gene_106
Gene_33,Gene_108
Gene_33,Gene_109
Gene_33,Gene_110
Gene_33,Gene_111
Gene_33,Gene_112
Gene_33,Gene_114
Gene_33,Gene_115
Gene_33,Gene_116
Gene_33,Gene_121
Gene_33,Gene_122
Gene_33,Gene_123
Gene_33,Gene_124
Gene_33,Gene_125
Gene_33,Gene_126
Gene_33,Gene_127
Gene_33,Gene_128
Gene_33,Gene_129
Gene_33,Gene_130
Gene_33,Gene_132
Gene_33,Gene_133
Gene_33,Gene_135
Gene_33,Gene_138
Gene_33,Gene_139
Gene_33,Gene_140
Gene_33,Gene_141
Gene_33,Gene_142
Gene_33,Gene_143
Gene_33,Gene_144
Gene_33,Gene_145
Gene_33,Gene_146
Gene_33,Gene_147
Gene_33,Gene_148
Gene_33,Gene_149
Gene_33,Gene_150
Gene_33,Gene_151
Gene_33,Gene_152
Gene_33,Gene_153
Gene_33,Gene_154
Gene_33,Gene_155
Gene_33,Gene_156
Gene_33,Gene_157
Gene_33,Gene_158
Gene_33,Gene_159
Gene_33,Gene_160
Gene_33,Gene_162
Gene_33,Gene_163
Gene_33,Gene_164
Gene_33,Gene_166
Gene_33,Gene_167
Gene_33,Gene_169
Gene_33,Gene_171
Gene_33,Gene_172
Gene_33,Gene_173
Gene_33,Gene_174
Gene_33,Gene_176
Gene_33,Gene_178
Gene_33,Gene_179
Gene_33,Gene_180
Gene_33,Gene_181
Gene_33,Gene_182
Gene_33,Gene_184
Gene_33,Gene_185
Gene_33,Gene_186
Gene_33,Gene_187
Gene_33,Gene_188
Gene_33,Gene_189
Gene_33,Gene_190
Gene_33,Gene_191
Gene_33,Gene_192
Gene_33,Gene_193
Gene_33,Gene_194
Gene_33,Gene_195
Gene_33,Gene_199
Gene_33,Gene_200
Gene_34,Gene_0
Gene_34,Gene_1
Gene_34,Gene_2
Gene_34,Gene_3
Gene_34,Gene_4
Gene_34,Gene_7
Gene_34,Gene_10
Gene_34,Gene_11
Gene_34,Gene_12
Gene_34,Gene_13
Gene_34,Gene_14
Gene_34,Gene_15
Gene_34,Gene_16
Gene_34,Gene_17
Gene_34,Gene_18
Gene_34,Gene_20
Gene_34,Gene_21
Gene_34,Gene_22
Gene_34,Gene_24
Gene_34,Gene_25
Gene_34,Gene_26
Gene_34,Gene_27
Gene_34,Gene_28
Gene_34,Gene_29
Gene_34,Gene_30
Gene_34,Gene_32
Gene_34,Gene_34
Gene_34,Gene_35
Gene_34,Gene_36
Gene_34,Gene_37
Gene_34,Gene_38
Gene_34,Gene_39
Gene_34,Gene_40
Gene_34,Gene_41
Gene_34,Gene_42
Gene_34,Gene_43
Gene_34,Gene_44
Gene_34,Gene_45
Gene_34,Gene_47
Gene_34,Gene_48
Gene_34,Gene_49
Gene_34,Gene_50
Gene_34,Gene_51
Gene_34,Gene_52
Gene_34,Gene_53
Gene_34,Gene_54
Gene_34,Gene_55
Gene_34,Gene_56
Gene_34,Gene_57
Gene_34,Gene_58
Gene_34,Gene_59
Gene_34,Gene_60
Gene_34,Gene_61
Gene_34,Gene_62
Gene_34,Gene_63
Gene_34,Gene_65
Gene_34,Gene_66
Gene_34,Gene_67
Gene_34,Gene_69
Gene_34,Gene_70
Gene_34,Gene_71
Gene_34,Gene_72
Gene_34,Gene_73
Gene_34,Gene_74
Gene_34,Gene_75
Gene_34,Gene_78
Gene_34,Gene_79
Gene_34,Gene_80
Gene_34,Gene_81
Gene_34,Gene_83
Gene_34,Gene_86
Gene_34,Gene_87
Gene_34,Gene_88
Gene_34,Gene_89
Gene_34,Gene_90
Gene_34,Gene_92
Gene_34,Gene_93
Gene_34,Gene_94
Gene_34,Gene_96
Gene_34,Gene_97
Gene_34,Gene_98
Gene_34,Gene_99
Gene_34,Gene_100
Gene_34,Gene_101
Gene_34,Gene_102
Gene_34,Gene_104
Gene_34,Gene_105
Gene_34,Gene_106
Gene_34,Gene_107
Gene_34,Gene_109
Gene_34,Gene_110
Gene_34,Gene_111
Gene_34,Gene_112
Gene_34,Gene_113
Gene_34,Gene_116
Gene_34,Gene_118
Gene_34,Gene_119
Gene_34,Gene_120
Gene_34,Gene_123
Gene_34,Gene_125
Gene_34,Gene_126
Gene_34,Gene_127
Gene_34,Gene_129
Gene_34,Gene_130
Gene_34,Gene_132
Gene_34,Gene_133
Gene_34,Gene_134
Gene_34,Gene_136
Gene_34,Gene_137
Gene_34,Gene_138
Gene_34,Gene_140
Gene_34,Gene_141
Gene_34,Gene_142
Gene_34,Gene_144
Gene_34,Gene_145
Gene_34,Gene_146
Gene_34,Gene_147
Gene_34,Gene_148
Gene_34,Gene_150
Gene_34,Gene_151
Gene_34,Gene_152
Gene_34,Gene_153
Gene_34,Gene_154
Gene_34,Gene_155
Gene_34,Gene_157
Gene_34,Gene_160
Gene_34,Gene_161
Gene_34,Gene_162
Gene_34,Gene_164
Gene_34,Gene_165
Gene_34,Gene_166
Gene_34,Gene_168
Gene_34,Gene_170
Gene_34,Gene_171
Gene_34,Gene_173
Gene_34,Gene_174
Gene_34,Gene_175
Gene_34,Gene_176
Gene_34,Gene_177
Gene_34,Gene_178
Gene_34,Gene_179
Gene_34,Gene_180
Gene_34,Gene_181
Gene_34,Gene_182
Gene_34,Gene_183
Gene_34,Gene_184
Gene_34,Gene_185
Gene_34,Gene_186
Gene_34,Gene_187
Gene_34,Gene_188
Gene_34,Gene_189
Gene_34,Gene_190
Gene_34,Gene_191
Gene_34,Gene_192
Gene_34,Gene_193
Gene_34,Gene_195
Gene_34,Gene_196
Gene_34,Gene_198
Gene_34,Gene_199
Gene_34,Gene_200
Gene_35,Gene_1
Gene_35,Gene_2
Gene_35,Gene_3
Gene_35,Gene_4
Gene_35,Gene_6
Gene_35,Gene_7
Gene_35,Gene_8
Gene_35,Gene_9
Gene_35,Gene_10
Gene_35,Gene_12
Gene_35,Gene_13
Gene_35,Gene_15
Gene_35,Gene_16
Gene_35,Gene_17
Gene_35,Gene_18
Gene_35,Gene_19
Gene_35,Gene_20
Gene_35,Gene_21
Gene_35,Gene_22
Gene_35,Gene_23
Gene_35,Gene_24
Gene_35,Gene_25
Gene_35,Gene_26
Gene_35,Gene_28
Gene_35,Gene_29
Gene_35,Gene_31
Gene_35,Gene_32
Gene_35,Gene_33
Gene_35,Gene_34
Gene_35,Gene_35
Gene_35,Gene_37
Gene_35,Gene_38
Gene_35,Gene_39
Gene_35,Gene_40
Gene_35,Gene_42
Gene_35,Gene_43
Gene_35,Gene_44
Gene_35,Gene_45
Gene_35,Gene_46
Gene_35,Gene_47
Gene_35,Gene_48
Gene_35,Gene_49
Gene_35,Gene_50
Gene_35,Gene_51
Gene_35,Gene_52
Gene_35,Gene_53
Gene_35,Gene_54
Gene_35,Gene_56
Gene_35,Gene_58
Gene_35,Gene_59
Gene_35,Gene_60
Gene_35,Gene_61
Gene_35,Gene_62
Gene_35,Gene_63
Gene_35,Gene_64
Gene_35,Gene_67
Gene_35,Gene_68
Gene_35,Gene_69
Gene_35,Gene_72
Gene_35,Gene_73
Gene_35,Gene_75
Gene_35,Gene_77
Gene_35,Gene_78
Gene_35,Gene_79
Gene_35,Gene_80
Gene_35,Gene_81
Gene_35,Gene_82
Gene_35,Gene_84
Gene_35,Gene_85
Gene_35,Gene_86
Gene_35,Gene_88
Gene_35,Gene_89
Gene_35,Gene_90
Gene_35,Gene_91
Gene_35,Gene_92
Gene_35,Gene_93
Gene_35,Gene_94
Gene_35,Gene_95
Gene_35,Gene_96
Gene_35,Gene_99
Gene_35,Gene_101
Gene_35,Gene_102
Gene_35,Gene_103
Gene_35,Gene_107
Gene_35,Gene_108
Gene_35,Gene_109
Gene_35,Gene_110
Gene_35,Gene_111
Gene_35,Gene_112
Gene_35,Gene_113
Gene_35,Gene_114
Gene_35,Gene_115
Gene_35,Gene_117
Gene_35,Gene_118
Gene_35,Gene_119
Gene_35,Gene_120
Gene_35,Gene_121
Gene_35,Gene_122
Gene_35,Gene_123
Gene_35,Gene_124
Gene_35,Gene_125
Gene_35,Gene_126
Gene_35,Gene_128
Gene_35,Gene_129
Gene_35,Gene_131
Gene_35,Gene_132
Gene_35,Gene_133
Gene_35,Gene_134
Gene_35,Gene_135
Gene_35,Gene_137
Gene_35,Gene_138
Gene_35,Gene_140
Gene_35,Gene_141
Gene_35,Gene_143
Gene_35,Gene_144
Gene_35,Gene_145
Gene_35,Gene_146
Gene_35,Gene_147
Gene_35,Gene_152
Gene_35,Gene_153
Gene_35,Gene_154
Gene_35,Gene_156
Gene_35,Gene_157
Gene_35,Gene_158
Gene_35,Gene_159
Gene_35,Gene_160
Gene_35,Gene_161
Gene_35,Gene_162
Gene_35,Gene_163
Gene_35,Gene_164
Gene_35,Gene_165
Gene_35,Gene_166
Gene_35,Gene_167
Gene_35,Gene_168
Gene_35,Gene_169
Gene_35,Gene_170
Gene_35,Gene_171
Gene_35,Gene_172
Gene_35,Gene_173
Gene_35,Gene_174
Gene_35,Gene_175
Gene_35,Gene_176
Gene_35,Gene_178
Gene_35,Gene_179
Gene_35,Gene_181
Gene_35,Gene_182
Gene_35,Gene_183
Gene_35,Gene_184
Gene_35,Gene_185
Gene_35,Gene_186
Gene_35,Gene_189
Gene_35,Gene_190
Gene_35,Gene_191
Gene_35,Gene_193
Gene_35,Gene_194
Gene_35,Gene_197
Gene_35,Gene_198
Gene_35,Gene_199
Gene_35,Gene_200
Gene_36,Gene_0
Gene_36,Gene_2
Gene_36,Gene_3
Gene_36,Gene_4
Gene_36,Gene_5
Gene_36,Gene_6
Gene_36,Gene_7
Gene_36,Gene_8
Gene_36,Gene_9
Gene_36,Gene_10
Gene_36,Gene_13
Gene_36,Gene_15
Gene_36,Gene_16
Gene_36,Gene_17
Gene_36,Gene_18
Gene_36,Gene_19
Gene_36,Gene_20
Gene_36,Gene_21
Gene_36,Gene_23
Gene_36,Gene_25
Gene_36,Gene_26
Gene_36,Gene_27
Gene_36,Gene_28
Gene_36,Gene_29
Gene_36,Gene_30
Gene_36,Gene_31
Gene_36,Gene_33
Gene_36,Gene_34
Gene_36,Gene_35
Gene_36,Gene_36
Gene_36,Gene_37
Gene_36,Gene_38
Gene_36,Gene_39
Gene_36,Gene_40
Gene_36,Gene_41
Gene_36,Gene_42
Gene_36,Gene_43
Gene_36,Gene_45
Gene_36,Gene_46
Gene_36,Gene_47
Gene_36,Gene_49
Gene_36,Gene_50
Gene_36,Gene_51
Gene_36,Gene_52
Gene_36,Gene_53
Gene_36,Gene_54
Gene_36,Gene_56
Gene_36,Gene_57
Gene_36,Gene_58
Gene_36,Gene_59
Gene_36,Gene_60
Gene_36,Gene_61
Gene_36,Gene_62
Gene_36,Gene_63
Gene_36,Gene_64
Gene_36,Gene_65
Gene_36,Gene_66
Gene_36,Gene_68
Gene_36,Gene_69
Gene_36,Gene_71
Gene_36,Gene_72
Gene_36,Gene_73
Gene_36,Gene_74
Gene_36,Gene_75
Gene_36,Gene_76
Gene_36,Gene_77
Gene_36,Gene_78
Gene_36,Gene_82
Gene_36,Gene_84
Gene_36,Gene_86
Gene_36,Gene_87
Gene_36,Gene_88
Gene_36,Gene_89
Gene_36,Gene_90
Gene_36,Gene_92
Gene_36,Gene_93
Gene_36,Gene_95
Gene_36,Gene_96
Gene_36,Gene_97
Gene_36,Gene_98
Gene_36,Gene_99
Gene_36,Gene_100
Gene_36,Gene_102
Gene_36,Gene_104
Gene_36,Gene_105
Gene_36,Gene_107
Gene_36,Gene_108
Gene_36,Gene_109
Gene_36,Gene_112
Gene_36,Gene_113
Gene_36,Gene_114
Gene_36,Gene_115
Gene_36,Gene_117
Gene_36,Gene_118
Gene_36,Gene_119
Gene_36,Gene_121
Gene_36,Gene_122
Gene_36,Gene_124
Gene_36,Gene_125
Gene_36,Gene_126
Gene_36,Gene_127
Gene_36,Gene_128
Gene_36,Gene_129
Gene_36,Gene_130
Gene_36,Gene_131
Gene_36,Gene_133
Gene_36,Gene_134
Gene_36,Gene_135
Gene_36,Gene_137
Gene_36,Gene_138
Gene_36,Gene_139
Gene_36,Gene_140
Gene_36,Gene_141
Gene_36,Gene_142
Gene_36,Gene_143
Gene_36,Gene_144
Gene_36,Gene_145
Gene_36,Gene_146
Gene_36,Gene_147
Gene_36,Gene_148
Gene_36,Gene_149
Gene_36,Gene_150
Gene_36,Gene_151
Gene_36,Gene_152
Gene_36,Gene_153
Gene_36,Gene_154
Gene_36,Gene_155
Gene_36,Gene_158
Gene_36,Gene_161
Gene_36,Gene_162
Gene_36,Gene_163
Gene_36,Gene_164
Gene_36,Gene_165
Gene_36,Gene_166
Gene_36,Gene_167
Gene_36,Gene_168
Gene_36,Gene_169
Gene_36,Gene_170
Gene_36,Gene_171
Gene_36,Gene_173
Gene_36,Gene_174
Gene_36,Gene_175
Gene_36,Gene_176
Gene_36,Gene_177
Gene_36,Gene_178
Gene_36,Gene_179
Gene_36,Gene_180
Gene_36,Gene_181
Gene_36,Gene_182
Gene_36,Gene_183
Gene_36,Gene_184
Gene_36,Gene_185
Gene_36,Gene_187
Gene_36,Gene_189
Gene_36,Gene_190
Gene_36,Gene_191
Gene_36,Gene_192
Gene_36,Gene_193
Gene_36,Gene_194
Gene_36,Gene_195
Gene_36,Gene_196
Gene_36,Gene_197
Gene_36,Gene_198
Gene_36,Gene_199
Gene_36,Gene_200
Gene_37,Gene_1
Gene_37,Gene_2
Gene_37,Gene_3
Gene_37,Gene_4
Gene_37,Gene_5
Gene_37,Gene_6
Gene_37,Gene_8
Gene_37,Gene_9
Gene_37,Gene_10
Gene_37,Gene_11
Gene_37,Gene_12
Gene_37,Gene_13
Gene_37,Gene_14
Gene_37,Gene_15
Gene_37,Gene_17
Gene_37,Gene_18
Gene_37,Gene_19
Gene_37,Gene_20
Gene_37,Gene_22
Gene_37,Gene_23
Gene_37,Gene_24
Gene_37,Gene_25
Gene_37,Gene_26
Gene_37,Gene_27
Gene_37,Gene_28
Gene_37,Gene_29
Gene_37,Gene_30
Gene_37,Gene_31
Gene_37,Gene_32
Gene_37,Gene_33
Gene_37,Gene_34
Gene_37,Gene_35
Gene_37,Gene_36
Gene_37,Gene_37
Gene_37,Gene_39
Gene_37,Gene_40
Gene_37,Gene_41
Gene_37,Gene_42
Gene_37,Gene_43
Gene_37,Gene_44
Gene_37,Gene_45
Gene_37,Gene_47
Gene_37,Gene_48
Gene_37,Gene_49
Gene_37,Gene_50
Gene_37,Gene_51
Gene_37,Gene_52
Gene_37,Gene_53
Gene_37,Gene_54
Gene_37,Gene_55
Gene_37,Gene_56
Gene_37,Gene_58
Gene_37,Gene_59
Gene_37,Gene_60
Gene_37,Gene_61
Gene_37,Gene_62
Gene_37,Gene_63
Gene_37,Gene_64
Gene_37,Gene_65
Gene_37,Gene_67
Gene_37,Gene_68
Gene_37,Gene_69
Gene_37,Gene_70
Gene_37,Gene_71
Gene_37,Gene_72
Gene_37,Gene_73
Gene_37,Gene_74
Gene_37,Gene_75
Gene_37,Gene_76
Gene_37,Gene_77
Gene_37,Gene_79
Gene_37,Gene_80
Gene_37,Gene_81
Gene_37,Gene_82
Gene_37,Gene_83
Gene_37,Gene_84
Gene_37,Gene_86
Gene_37,Gene_87
Gene_37,Gene_88
Gene_37,Gene_89
Gene_37,Gene_92
Gene_37,Gene_93
Gene_37,Gene_95
Gene_37,Gene_96
Gene_37,Gene_97
Gene_37,Gene_98
Gene_37,Gene_99
Gene_37,Gene_100
Gene_37,Gene_101
Gene_37,Gene_103
Gene_37,Gene_105
Gene_37,Gene_106
Gene_37,Gene_107
Gene_37,Gene_108
Gene_37,Gene_109
Gene_37,Gene_110
Gene_37,Gene_111
Gene_37,Gene_112
Gene_37,Gene_113
Gene_37,Gene_115
Gene_37,Gene_117
Gene_37,Gene_118
Gene_37,Gene_119
Gene_37,Gene_120
Gene_37,Gene_121
Gene_37,Gene_122
Gene_37,Gene_123
Gene_37,Gene_124
Gene_37,Gene_125
Gene_37,Gene_126
Gene_37,Gene_128
Gene_37,Gene_129
Gene_37,Gene_130
Gene_37,Gene_131
Gene_37,Gene_132
Gene_37,Gene_133
Gene_37,Gene_134
Gene_37,Gene_135
Gene_37,Gene_136
Gene_37,Gene_137
Gene_37,Gene_138
Gene_37,Gene_139
Gene_37,Gene_141
Gene_37,Gene_142
Gene_37,Gene_143
Gene_37,Gene_144
Gene_37,Gene_145
Gene_37,Gene_147
Gene_37,Gene_148
Gene_37,Gene_149
Gene_37,Gene_150
Gene_37,Gene_151
Gene_37,Gene_152
Gene_37,Gene_153
Gene_37,Gene_154
Gene_37,Gene_155
Gene_37,Gene_156
Gene_37,Gene_157
Gene_37,Gene_158
Gene_37,Gene_159
Gene_37,Gene_160
Gene_37,Gene_161
Gene_37,Gene_162
Gene_37,Gene_164
Gene_37,Gene_165
Gene_37,Gene_166
Gene_37,Gene_169
Gene_37,Gene_170
Gene_37,Gene_173
Gene_37,Gene_174
Gene_37,Gene_175
Gene_37,Gene_177
Gene_37,Gene_178
Gene_37,Gene_179
Gene_37,Gene_180
Gene_37,Gene_181
Gene_37,Gene_183
Gene_37,Gene_184
Gene_37,Gene_185
Gene_37,Gene_188
Gene_37,Gene_189
Gene_37,Gene_190
Gene_37,Gene_191
Gene_37,Gene_192
Gene_37,Gene_193
Gene_37,Gene_196
Gene_37,Gene_197
Gene_37,Gene_198
Gene_37,Gene_199
Gene_37,Gene_200
Gene_38,Gene_1
Gene_38,Gene_2
Gene_38,Gene_3
Gene_38,Gene_4
Gene_38,Gene_5
Gene_38,Gene_6
Gene_38,Gene_7
Gene_38,Gene_9
Gene_38,Gene_10
Gene_38,Gene_11
Gene_38,Gene_14
Gene_38,Gene_15
Gene_38,Gene_16
Gene_38,Gene_17
Gene_38,Gene_18
Gene_38,Gene_20
Gene_38,Gene_21
Gene_38,Gene_22
Gene_38,Gene_23
Gene_38,Gene_25
Gene_38,Gene_26
Gene_38,Gene_27
Gene_38,Gene_28
Gene_38,Gene_29
Gene_38,Gene_30
Gene_38,Gene_31
Gene_38,Gene_32
Gene_38,Gene_33
Gene_38,Gene_34
Gene_38,Gene_36
Gene_38,Gene_37
Gene_38,Gene_38
Gene_38,Gene_39
Gene_38,Gene_40
Gene_38,Gene_42
Gene_38,Gene_43
Gene_38,Gene_44
Gene_38,Gene_45
Gene_38,Gene_46
Gene_38,Gene_47
Gene_38,Gene_48
Gene_38,Gene_49
Gene_38,Gene_50
Gene_38,Gene_51
Gene_38,Gene_52
Gene_38,Gene_54
Gene_38,Gene_55
Gene_38,Gene_57
Gene_38,Gene_60
Gene_38,Gene_61
Gene_38,Gene_62
Gene_38,Gene_63
Gene_38,Gene_64
Gene_38,Gene_65
Gene_38,Gene_67
Gene_38,Gene_68
Gene_38,Gene_69
Gene_38,Gene_70
Gene_38,Gene_71
Gene_38,Gene_72
Gene_38,Gene_73
Gene_38,Gene_74
Gene_38,Gene_75
Gene_38,Gene_76
Gene_38,Gene_77
Gene_38,Gene_78
Gene_38,Gene_80
Gene_38,Gene_83
Gene_38,Gene_84
Gene_38,Gene_86
Gene_38,Gene_87
Gene_38,Gene_88
Gene_38,Gene_89
Gene_38,Gene_92
Gene_38,Gene_93
Gene_38,Gene_94
Gene_38,Gene_96
Gene_38,Gene_97
Gene_38,Gene_98
Gene_38,Gene_100
Gene_38,Gene_102
Gene_38,Gene_103
Gene_38,Gene_104
Gene_38,Gene_105
Gene_38,Gene_106
Gene_38,Gene_108
Gene_38,Gene_109
Gene_38,Gene_110
Gene_38,Gene_111
Gene_38,Gene_112
Gene_38,Gene_113
Gene_38,Gene_117
Gene_38,Gene_118
Gene_38,Gene_119
Gene_38,Gene_120
Gene_38,Gene_121
Gene_38,Gene_122
Gene_38,Gene_123
Gene_38,Gene_124
Gene_38,Gene_125
Gene_38,Gene_126
Gene_38,Gene_127
Gene_38,Gene_128
Gene_38,Gene_129
Gene_38,Gene_130
Gene_38,Gene_131
Gene_38,Gene_132
Gene_38,Gene_133
Gene_38,Gene_134
Gene_38,Gene_135
Gene_38,Gene_136
Gene_38,Gene_137
Gene_38,Gene_139
Gene_38,Gene_141
Gene_38,Gene_142
Gene_38,Gene_145
Gene_38,Gene_146
Gene_38,Gene_147
Gene_38,Gene_148
Gene_38,Gene_149
Gene_38,Gene_150
Gene_38,Gene_153
Gene_38,Gene_154
Gene_38,Gene_156
Gene_38,Gene_157
Gene_38,Gene_158
Gene_38,Gene_159
Gene_38,Gene_162
Gene_38,Gene_163
Gene_38,Gene_164
Gene_38,Gene_165
Gene_38,Gene_166
Gene_38,Gene_167
Gene_38,Gene_168
Gene_38,Gene_169
Gene_38,Gene_172
Gene_38,Gene_173
Gene_38,Gene_175
Gene_38,Gene_176
Gene_38,Gene_177
Gene_38,Gene_178
Gene_38,Gene_179
Gene_38,Gene_180
Gene_38,Gene_181
Gene_38,Gene_182
Gene_38,Gene_183
Gene_38,Gene_184
Gene_38,Gene_185
Gene_38,Gene_186
Gene_38,Gene_188
Gene_38,Gene_189
Gene_38,Gene_191
Gene_38,Gene_192
Gene_38,Gene_193
Gene_38,Gene_194
Gene_38,Gene_195
Gene_38,Gene_196
Gene_38,Gene_197
Gene_38,Gene_198
Gene_38,Gene_200
Gene_39,Gene_0
Gene_39,Gene_1
Gene_39,Gene_2
Gene_39,Gene_4
Gene_39,Gene_5
Gene_39,Gene_6
Gene_39,Gene_7
Gene_39,Gene_8
Gene_39,Gene_9
Gene_39,Gene_10
Gene_39,Gene_12
Gene_39,Gene_13
Gene_39,Gene_14
Gene_39,Gene_16
Gene_39,Gene_17
Gene_39,Gene_18
Gene_39,Gene_19
Gene_39,Gene_20
Gene_39,Gene_21
Gene_39,Gene_22
Gene_39,Gene_23
Gene_39,Gene_24
Gene_39,Gene_25
Gene_39,Gene_26
Gene_39,Gene_27
Gene_39,Gene_28
Gene_39,Gene_29
Gene_39,Gene_30
Gene_39,Gene_32
Gene_39,Gene_34
Gene_39,Gene_37
Gene_39,Gene_39
Gene_39,Gene_41
Gene_39,Gene_43
Gene_39,Gene_44
Gene_39,Gene_45
Gene_39,Gene_46
Gene_39,Gene_47
Gene_39,Gene_49
Gene_39,Gene_50
Gene_39,Gene_51
Gene_39,Gene_52
Gene_39,Gene_53
Gene_39,Gene_55
Gene_39,Gene_56
Gene_39,Gene_57
Gene_39,Gene_58
Gene_39,Gene_59
Gene_39,Gene_60
Gene_39,Gene_61
Gene_39,Gene_63
Gene_39,Gene_64
Gene_39,Gene_65
Gene_39,Gene_69
Gene_39,Gene_70
Gene_39,Gene_71
Gene_39,Gene_72
Gene_39,Gene_76
Gene_39,Gene_77
Gene_39,Gene_78
Gene_39,Gene_80
Gene_39,Gene_81
Gene_39,Gene_82
Gene_39,Gene_83
Gene_39,Gene_84
Gene_39,Gene_85
Gene_39,Gene_86
Gene_39,Gene_87
Gene_39,Gene_88
Gene_39,Gene_89
Gene_39,Gene_90
Gene_39,Gene_91
Gene_39,Gene_93
Gene_39,Gene_94
Gene_39,Gene_95
Gene_39,Gene_97
Gene_39,Gene_98
Gene_39,Gene_99
Gene_39,Gene_100
Gene_39,Gene_101
Gene_39,Gene_102
Gene_39,Gene_103
Gene_39,Gene_104
Gene_39,Gene_105
Gene_39,Gene_106
Gene_39,Gene_107
Gene_39,Gene_109
Gene_39,Gene_110
Gene_39,Gene_111
Gene_39,Gene_112
Gene_39,Gene_114
Gene_39,Gene_115
Gene_39,Gene_116
Gene_39,Gene_118
Gene_39,Gene_119
Gene_39,Gene_121
Gene_39,Gene_122
Gene_39,Gene_123
Gene_39,Gene_124
Gene_39,Gene_125
Gene_39,Gene_127
Gene_39,Gene_128
Gene_39,Gene_129
Gene_39,Gene_130
Gene_39,Gene_131
Gene_39,Gene_134
Gene_39,Gene_135
Gene_39,Gene_136
Gene_39,Gene_137
Gene_39,Gene_138
Gene_39,Gene_139
Gene_39,Gene_140
Gene_39,Gene_141
Gene_39,Gene_142
Gene_39,Gene_143
Gene_39,Gene_144
Gene_39,Gene_145
Gene_39,Gene_146
Gene_39,Gene_147
Gene_39,Gene_148
Gene_39,Gene_149
Gene_39,Gene_150
Gene_39,Gene_152
Gene_39,Gene_153
Gene_39,Gene_154
Gene_39,Gene_155
Gene_39,Gene_156
Gene_39,Gene_157
Gene_39,Gene_158
Gene_39,Gene_159
Gene_39,Gene_160
Gene_39,Gene_162
Gene_39,Gene_163
Gene_39,Gene_164
Gene_39,Gene_165
Gene_39,Gene_166
Gene_39,Gene_167
Gene_39,Gene_168
Gene_39,Gene_169
Gene_39,Gene_171
Gene_39,Gene_172
Gene_39,Gene_174
Gene_39,Gene_175
Gene_39,Gene_176
Gene_39,Gene_177
Gene_39,Gene_178
Gene_39,Gene_180
Gene_39,Gene_181
Gene_39,Gene_182
Gene_39,Gene_183
Gene_39,Gene_184
Gene_39,Gene_185
Gene_39,Gene_186
Gene_39,Gene_187
Gene_39,Gene_188
Gene_39,Gene_189
Gene_39,Gene_191
Gene_39,Gene_192
Gene_39,Gene_193
Gene_39,Gene_195
Gene_39,Gene_196
Gene_39,Gene_197
Gene_39,Gene_198
Gene_39,Gene_199
Gene_39,Gene_200
Gene_40,Gene_0
Gene_40,Gene_1
Gene_40,Gene_2
Gene_40,Gene_3
Gene_40,Gene_4
Gene_40,Gene_5
Gene_40,Gene_6
Gene_40,Gene_7
Gene_40,Gene_8
Gene_40,Gene_9
Gene_40,Gene_10
Gene_40,Gene_11
Gene_40,Gene_12
Gene_40,Gene_14
Gene_40,Gene_15
Gene_40,Gene_16
Gene_40,Gene_18
Gene_40,Gene_19
Gene_40,Gene_20
Gene_40,Gene_21
Gene_40,Gene_22
Gene_40,Gene_23
Gene_40,Gene_24
Gene_40,Gene_25
Gene_40,Gene_26
Gene_40,Gene_27
Gene_40,Gene_28
Gene_40,Gene_29
Gene_40,Gene_31
Gene_40,Gene_32
Gene_40,Gene_33
Gene_40,Gene_35
Gene_40,Gene_36
Gene_40,Gene_37
Gene_40,Gene_38
Gene_40,Gene_40
Gene_40,Gene_41
Gene_40,Gene_43
Gene_40,Gene_44
Gene_40,Gene_45
Gene_40,Gene_47
Gene_40,Gene_49
Gene_40,Gene_52
Gene_40,Gene_53
Gene_40,Gene_54
Gene_40,Gene_55
Gene_40,Gene_56
Gene_40,Gene_57
Gene_40,Gene_58
Gene_40,Gene_59
Gene_40,Gene_60
Gene_40,Gene_61
Gene_40,Gene_64
Gene_40,Gene_65
Gene_40,Gene_66
Gene_40,Gene_67
Gene_40,Gene_68
Gene_40,Gene_69
Gene_40,Gene_70
Gene_40,Gene_71
Gene_40,Gene_73
Gene_40,Gene_74
Gene_40,Gene_75
Gene_40,Gene_77
Gene_40,Gene_78
Gene_40,Gene_79
Gene_40,Gene_81
Gene_40,Gene_84
Gene_40,Gene_85
Gene_40,Gene_86
Gene_40,Gene_87
Gene_40,Gene_88
Gene_40,Gene_89
Gene_40,Gene_90
Gene_40,Gene_91
Gene_40,Gene_93
Gene_40,Gene_96
Gene_40,Gene_97
Gene_40,Gene_98
Gene_40,Gene_100
Gene_40,Gene_102
Gene_40,Gene_104
Gene_40,Gene_105
Gene_40,Gene_106
Gene_40,Gene_108
Gene_40,Gene_109
Gene_40,Gene_110
Gene_40,Gene_111
Gene_40,Gene_112
Gene_40,Gene_113
Gene_40,Gene_114
Gene_40,Gene_115
Gene_40,Gene_116
Gene_40,Gene_117
Gene_40,Gene_119
Gene_40,Gene_120
Gene_40,Gene_121
Gene_40,Gene_122
Gene_40,Gene_123
Gene_40,Gene_125
Gene_40,Gene_126
Gene_40,Gene_127
Gene_40,Gene_129
Gene_40,Gene_130
Gene_40,Gene_131
Gene_40,Gene_132
Gene_40,Gene_134
Gene_40,Gene_135
Gene_40,Gene_136
Gene_40,Gene_137
Gene_40,Gene_138
Gene_40,Gene_139
Gene_40,Gene_140
Gene_40,Gene_141
Gene_40,Gene_142
Gene_40,Gene_143
Gene_40,Gene_144
Gene_40,Gene_145
Gene_40,Gene_148
Gene_40,Gene_149
Gene_40,Gene_152
Gene_40,Gene_153
Gene_40,Gene_154
Gene_40,Gene_155
Gene_40,Gene_157
Gene_40,Gene_158
Gene_40,Gene_159
Gene_40,Gene_161
Gene_40,Gene_162
Gene_40,Gene_163
Gene_40,Gene_164
Gene_40,Gene_167
Gene_40,Gene_168
Gene_40,Gene_169
Gene_40,Gene_170
Gene_40,Gene_171
Gene_40,Gene_172
Gene_40,Gene_173
Gene_40,Gene_174
Gene_40,Gene_176
Gene_40,Gene_177
Gene_40,Gene_180
Gene_40,Gene_181
Gene_40,Gene_182
Gene_40,Gene_183
Gene_40,Gene_184
Gene_40,Gene_185
Gene_40,Gene_187
Gene_40,Gene_188
Gene_40,Gene_189
Gene_40,Gene_190
Gene_40,Gene_191
Gene_40,Gene_192
Gene_40,Gene_193
Gene_40,Gene_195
Gene_40,Gene_196
Gene_40,Gene_197
Gene_40,Gene_198
Gene_40,Gene_199
Gene_40,Gene_200
Gene_41,Gene_0
Gene_41,Gene_1
Gene_41,Gene_2
Gene_41,Gene_5
Gene_41,Gene_6
Gene_41,Gene_7
Gene_41,Gene_8
Gene_41,Gene_9
Gene_41,Gene_10
Gene_41,Gene_11
Gene_41,Gene_12
Gene_41,Gene_13
Gene_41,Gene_14
Gene_41,Gene_15
Gene_41,Gene_18
Gene_41,Gene_20
Gene_41,Gene_22
Gene_41,Gene_23
Gene_41,Gene_24
Gene_41,Gene_25
Gene_41,Gene_26
Gene_41,Gene_27
Gene_41,Gene_29
Gene_41,Gene_30
Gene_41,Gene_31
Gene_41,Gene_32
Gene_41,Gene_33
Gene_41,Gene_34
Gene_41,Gene_37
Gene_41,Gene_40
Gene_41,Gene_41
Gene_41,Gene_42
Gene_41,Gene_43
Gene_41,Gene_44
Gene_41,Gene_45
Gene_41,Gene_46
Gene_41,Gene_47
Gene_41,Gene_50
Gene_41,Gene_51
Gene_41,Gene_52
Gene_41,Gene_54
Gene_41,Gene_55
Gene_41,Gene_56
Gene_41,Gene_57
Gene_41,Gene_58
Gene_41,Gene_59
Gene_41,Gene_60
Gene_41,Gene_61
Gene_41,Gene_63
Gene_41,Gene_65
Gene_41,Gene_66
Gene_41,Gene_67
Gene_41,Gene_68
Gene_41,Gene_69
Gene_41,Gene_70
Gene_41,Gene_71
Gene_41,Gene_72
Gene_41,Gene_73
Gene_41,Gene_74
Gene_41,Gene_75
Gene_41,Gene_76
Gene_41,Gene_77
Gene_41,Gene_79
Gene_41,Gene_81
Gene_41,Gene_83
Gene_41,Gene_84
Gene_41,Gene_85
Gene_41,Gene_86
Gene_41,Gene_88
Gene_41,Gene_89
Gene_41,Gene_91
Gene_41,Gene_92
Gene_41,Gene_94
Gene_41,Gene_96
Gene_41,Gene_97
Gene_41,Gene_99
Gene_41,Gene_100
Gene_41,Gene_101
Gene_41,Gene_102
Gene_41,Gene_103
Gene_41,Gene_104
Gene_41,Gene_105
Gene_41,Gene_106
Gene_41,Gene_107
Gene_41,Gene_109
Gene_41,Gene_110
Gene_41,Gene_111
Gene_41,Gene_112
Gene_41,Gene_113
Gene_41,Gene_117
Gene_41,Gene_119
Gene_41,Gene_120
Gene_41,Gene_121
Gene_41,Gene_122
Gene_41,Gene_123
Gene_41,Gene_124
Gene_41,Gene_125
Gene_41,Gene_126
Gene_41,Gene_129
Gene_41,Gene_130
Gene_41,Gene_131
Gene_41,Gene_133
Gene_41,Gene_134
Gene_41,Gene_135
Gene_41,Gene_136
Gene_41,Gene_137
Gene_41,Gene_138
Gene_41,Gene_139
Gene_41,Gene_140
Gene_41,Gene_141
Gene_41,Gene_142
Gene_41,Gene_143
Gene_41,Gene_144
Gene_41,Gene_145
Gene_41,Gene_146
Gene_41,Gene_147
Gene_41,Gene_148
Gene_41,Gene_150
Gene_41,Gene_151
Gene_41,Gene_152
Gene_41,Gene_153
Gene_41,Gene_154
Gene_41,Gene_155
Gene_41,Gene_156
Gene_41,Gene_157
Gene_41,Gene_158
Gene_41,Gene_159
Gene_41,Gene_160
Gene_41,Gene_162
Gene_41,Gene_164
Gene_41,Gene_165
Gene_41,Gene_166
Gene_41,Gene_167
Gene_41,Gene_168
Gene_41,Gene_169
Gene_41,Gene_170
Gene_41,Gene_171
Gene_41,Gene_172
Gene_41,Gene_173
Gene_41,Gene_174
Gene_41,Gene_175
Gene_41,Gene_176
Gene_41,Gene_177
Gene_41,Gene_179
Gene_41,Gene_180
Gene_41,Gene_182
Gene_41,Gene_183
Gene_41,Gene_186
Gene_41,Gene_187
Gene_41,Gene_188
Gene_41,Gene_190
Gene_41,Gene_191
Gene_41,Gene_192
Gene_41,Gene_193
Gene_41,Gene_194
Gene_41,Gene_195
Gene_41,Gene_197
Gene_41,Gene_198
Gene_41,Gene_199
Gene_41,Gene_200
Gene_42,Gene_0
Gene_42,Gene_1
Gene_42,Gene_2
Gene_42,Gene_4
Gene_42,Gene_5
Gene_42,Gene_6
Gene_42,Gene_8
Gene_42,Gene_10
Gene_42,Gene_12
Gene_42,Gene_14
Gene_42,Gene_15
Gene_42,Gene_16
Gene_42,Gene_17
Gene_42,Gene_18
Gene_42,Gene_19
Gene_42,Gene_20
Gene_42,Gene_21
Gene_42,Gene_22
Gene_42,Gene_23
Gene_42,Gene_24
Gene_42,Gene_27
Gene_42,Gene_28
Gene_42,Gene_31
Gene_42,Gene_33
Gene_42,Gene_34
Gene_42,Gene_36
Gene_42,Gene_37
Gene_42,Gene_38
Gene_42,Gene_39
Gene_42,Gene_40
Gene_42,Gene_41
Gene_42,Gene_42
Gene_42,Gene_43
Gene_42,Gene_44
Gene_42,Gene_46
Gene_42,Gene_47
Gene_42,Gene_48
Gene_42,Gene_49
Gene_42,Gene_50
Gene_42,Gene_51
Gene_42,Gene_52
Gene_42,Gene_53
Gene_42,Gene_54
Gene_42,Gene_55
Gene_42,Gene_56
Gene_42,Gene_57
Gene_42,Gene_59
Gene_42,Gene_60
Gene_42,Gene_62
Gene_42,Gene_63
Gene_42,Gene_64
Gene_42,Gene_65
Gene_42,Gene_66
Gene_42,Gene_67
Gene_42,Gene_68
Gene_42,Gene_69
Gene_42,Gene_70
Gene_42,Gene_71
Gene_42,Gene_72
Gene_42,Gene_73
Gene_42,Gene_74
Gene_42,Gene_75
Gene_42,Gene_76
Gene_42,Gene_77
Gene_42,Gene_78
Gene_42,Gene_79
Gene_42,Gene_80
Gene_42,Gene_81
Gene_42,Gene_82
Gene_42,Gene_83
Gene_42,Gene_87
Gene_42,Gene_88
Gene_42,Gene_91
Gene_42,Gene_92
Gene_42,Gene_93
Gene_42,Gene_94
Gene_42,Gene_95
Gene_42,Gene_96
Gene_42,Gene_98
Gene_42,Gene_99
Gene_42,Gene_101
Gene_42,Gene_102
Gene_42,Gene_103
Gene_42,Gene_104
Gene_42,Gene_105
Gene_42,Gene_106
Gene_42,Gene_107
Gene_42,Gene_108
Gene_42,Gene_109
Gene_42,Gene_110
Gene_42,Gene_111
Gene_42,Gene_113
Gene_42,Gene_114
Gene_42,Gene_115
Gene_42,Gene_116
Gene_42,Gene_117
Gene_42,Gene_118
Gene_42,Gene_119
Gene_42,Gene_122
Gene_42,Gene_123
Gene_42,Gene_124
Gene_42,Gene_125
Gene_42,Gene_126
Gene_42,Gene_127
Gene_42,Gene_128
Gene_42,Gene_129
Gene_42,Gene_130
Gene_42,Gene_131
Gene_42,Gene_133
Gene_42,Gene_134
Gene_42,Gene_135
Gene_42,Gene_136
Gene_42,Gene_137
Gene_42,Gene_139
Gene_42,Gene_140
Gene_42,Gene_141
Gene_42,Gene_143
Gene_42,Gene_144
Gene_42,Gene_145
Gene_42,Gene_146
Gene_42,Gene_147
Gene_42,Gene_148
Gene_42,Gene_149
Gene_42,Gene_150
Gene_42,Gene_151
Gene_42,Gene_152
Gene_42,Gene_153
Gene_42,Gene_154
Gene_42,Gene_155
Gene_42,Gene_156
Gene_42,Gene_157
Gene_42,Gene_159
Gene_42,Gene_160
Gene_42,Gene_161
Gene_42,Gene_162
Gene_42,Gene_163
Gene_42,Gene_164
Gene_42,Gene_166
Gene_42,Gene_167
Gene_42,Gene_168
Gene_42,Gene_169
Gene_42,Gene_171
Gene_42,Gene_172
Gene_42,Gene_173
Gene_42,Gene_174
Gene_42,Gene_175
Gene_42,Gene_176
Gene_42,Gene_177
Gene_42,Gene_178
Gene_42,Gene_179
Gene_42,Gene_180
Gene_42,Gene_181
Gene_42,Gene_182
Gene_42,Gene_183
Gene_42,Gene_184
Gene_42,Gene_186
Gene_42,Gene_187
Gene_42,Gene_188
Gene_42,Gene_189
Gene_42,Gene_191
Gene_42,Gene_192
Gene_42,Gene_193
Gene_42,Gene_194
Gene_42,Gene_195
Gene_42,Gene_196
Gene_42,Gene_197
Gene_42,Gene_198
Gene_42,Gene_200
Gene_43,Gene_0
Gene_43,Gene_1
Gene_43,Gene_2
Gene_43,Gene_4
Gene_43,Gene_6
Gene_43,Gene_7
Gene_43,Gene_8
Gene_43,Gene_10
Gene_43,Gene_12
Gene_43,Gene_13
Gene_43,Gene_14
Gene_43,Gene_15
Gene_43,Gene_16
Gene_43,Gene_18
Gene_43,Gene_19
Gene_43,Gene_20
Gene_43,Gene_21
Gene_43,Gene_22
Gene_43,Gene_23
Gene_43,Gene_24
Gene_43,Gene_25
Gene_43,Gene_26
Gene_43,Gene_27
Gene_43,Gene_28
Gene_43,Gene_29
Gene_43,Gene_30
Gene_43,Gene_31
Gene_43,Gene_32
Gene_43,Gene_33
Gene_43,Gene_35
Gene_43,Gene_36
Gene_43,Gene_37
Gene_43,Gene_39
Gene_43,Gene_40
Gene_43,Gene_41
Gene_43,Gene_44
Gene_43,Gene_45
Gene_43,Gene_46
Gene_43,Gene_47
Gene_43,Gene_49
Gene_43,Gene_51
Gene_43,Gene_52
Gene_43,Gene_54
Gene_43,Gene_55
Gene_43,Gene_56
Gene_43,Gene_57
Gene_43,Gene_58
Gene_43,Gene_59
Gene_43,Gene_61
Gene_43,Gene_62
Gene_43,Gene_63
Gene_43,Gene_64
Gene_43,Gene_65
Gene_43,Gene_66
Gene_43,Gene_67
Gene_43,Gene_69
Gene_43,Gene_70
Gene_43,Gene_72
Gene_43,Gene_73
Gene_43,Gene_74
Gene_43,Gene_76
Gene_43,Gene_77
Gene_43,Gene_78
Gene_43,Gene_79
Gene_43,Gene_80
Gene_43,Gene_81
Gene_43,Gene_82
Gene_43,Gene_83
Gene_43,Gene_84
Gene_43,Gene_85
Gene_43,Gene_86
Gene_43,Gene_87
Gene_43,Gene_88
Gene_43,Gene_89
Gene_43,Gene_90
Gene_43,Gene_92
Gene_43,Gene_93
Gene_43,Gene_94
Gene_43,Gene_97
Gene_43,Gene_98
Gene_43,Gene_99
Gene_43,Gene_100
Gene_43,Gene_101
Gene_43,Gene_102
Gene_43,Gene_103
Gene_43,Gene_104
Gene_43,Gene_105
Gene_43,Gene_106
Gene_43,Gene_108
Gene_43,Gene_109
Gene_43,Gene_110
Gene_43,Gene_112
Gene_43,Gene_114
Gene_43,Gene_115
Gene_43,Gene_117
Gene_43,Gene_118
Gene_43,Gene_119
Gene_43,Gene_120
Gene_43,Gene_121
Gene_43,Gene_123
Gene_43,Gene_124
Gene_43,Gene_125
Gene_43,Gene_126
Gene_43,Gene_128
Gene_43,Gene_129
Gene_43,Gene_130
Gene_43,Gene_131
Gene_43,Gene_132
Gene_43,Gene_133
Gene_43,Gene_134
Gene_43,Gene_136
Gene_43,Gene_137
Gene_43,Gene_140
Gene_43,Gene_142
Gene_43,Gene_143
Gene_43,Gene_146
Gene_43,Gene_147
Gene_43,Gene_149
Gene_43,Gene_150
Gene_43,Gene_151
Gene_43,Gene_152
Gene_43,Gene_153
Gene_43,Gene_154
Gene_43,Gene_155
Gene_43,Gene_156
Gene_43,Gene_158
Gene_43,Gene_159
Gene_43,Gene_160
Gene_43,Gene_161
Gene_43,Gene_162
Gene_43,Gene_163
Gene_43,Gene_164
Gene_43,Gene_165
Gene_43,Gene_166
Gene_43,Gene_167
Gene_43,Gene_168
Gene_43,Gene_169
Gene_43,Gene_170
Gene_43,Gene_172
Gene_43,Gene_173
Gene_43,Gene_174
Gene_43,Gene_175
Gene_43,Gene_178
Gene_43,Gene_179
Gene_43,Gene_180
Gene_43,Gene_181
Gene_43,Gene_182
Gene_43,Gene_183
Gene_43,Gene_184
Gene_43,Gene_187
Gene_43,Gene_188
Gene_43,Gene_189
Gene_43,Gene_190
Gene_43,Gene_191
Gene_43,Gene_192
Gene_43,Gene_193
Gene_43,Gene_194
Gene_43,Gene_196
Gene_43,Gene_197
Gene_43,Gene_198
Gene_43,Gene_199
Gene_43,Gene_200
Gene_44,Gene_0
Gene_44,Gene_1
Gene_44,Gene_3
Gene_44,Gene_5
Gene_44,Gene_9
Gene_44,Gene_10
Gene_44,Gene_12
Gene_44,Gene_13
Gene_44,Gene_14
Gene_44,Gene_15
Gene_44,Gene_16
Gene_44,Gene_17
Gene_44,Gene_19
Gene_44,Gene_20
Gene_44,Gene_21
Gene_44,Gene_22
Gene_44,Gene_23
Gene_44,Gene_24
Gene_44,Gene_25
Gene_44,Gene_28
Gene_44,Gene_29
Gene_44,Gene_31
Gene_44,Gene_32
Gene_44,Gene_33
Gene_44,Gene_34
Gene_44,Gene_37
Gene_44,Gene_39
Gene_44,Gene_40
Gene_44,Gene_41
Gene_44,Gene_43
Gene_44,Gene_44
Gene_44,Gene_45
Gene_44,Gene_46
Gene_44,Gene_47
Gene_44,Gene_48
Gene_44,Gene_49
Gene_44,Gene_51
Gene_44,Gene_52
Gene_44,Gene_53
Gene_44,Gene_54
Gene_44,Gene_55
Gene_44,Gene_56
Gene_44,Gene_57
Gene_44,Gene_58
Gene_44,Gene_59
Gene_44,Gene_61
Gene_44,Gene_62
Gene_44,Gene_64
Gene_44,Gene_65
Gene_44,Gene_67
Gene_44,Gene_68
Gene_44,Gene_69
Gene_44,Gene_70
Gene_44,Gene_71
Gene_44,Gene_72
Gene_44,Gene_74
Gene_44,Gene_75
Gene_44,Gene_77
Gene_44,Gene_78
Gene_44,Gene_80
Gene_44,Gene_81
Gene_44,Gene_82
Gene_44,Gene_83
Gene_44,Gene_84
Gene_44,Gene_86
Gene_44,Gene_88
Gene_44,Gene_89
Gene_44,Gene_91
Gene_44,Gene_92
Gene_44,Gene_93
Gene_44,Gene_94
Gene_44,Gene_95
Gene_44,Gene_96
Gene_44,Gene_97
Gene_44,Gene_98
Gene_44,Gene_99
Gene_44,Gene_100
Gene_44,Gene_101
Gene_44,Gene_102
Gene_44,Gene_103
Gene_44,Gene_104
Gene_44,Gene_105
Gene_44,Gene_106
Gene_44,Gene_108
Gene_44,Gene_110
Gene_44,Gene_111
Gene_44,Gene_112
Gene_44,Gene_113
Gene_44,Gene_114
Gene_44,Gene_115
Gene_44,Gene_117
Gene_44,Gene_118
Gene_44,Gene_119
Gene_44,Gene_120
Gene_44,Gene_122
Gene_44,Gene_123
Gene_44,Gene_124
Gene_44,Gene_125
Gene_44,Gene_128
Gene_44,Gene_129
Gene_44,Gene_130
Gene_44,Gene_131
Gene_44,Gene_132
Gene_44,Gene_133
Gene_44,Gene_134
Gene_44,Gene_135
Gene_44,Gene_136
Gene_44,Gene_137
Gene_44,Gene_138
Gene_44,Gene_139
Gene_44,Gene_140
Gene_44,Gene_141
Gene_44,Gene_142
Gene_44,Gene_146
Gene_44,Gene_147
Gene_44,Gene_148
Gene_44,Gene_149
Gene_44,Gene_152
Gene_44,Gene_153
Gene_44,Gene_154
Gene_44,Gene_156
Gene_44,Gene_158
Gene_44,Gene_160
Gene_44,Gene_161
Gene_44,Gene_162
Gene_44,Gene_164
Gene_44,Gene_165
Gene_44,Gene_166
Gene_44,Gene_167
Gene_44,Gene_169
Gene_44,Gene_170
Gene_44,Gene_171
Gene_44,Gene_172
Gene_44,Gene_173
Gene_44,Gene_174
Gene_44,Gene_175
Gene_44,Gene_176
Gene_44,Gene_177
Gene_44,Gene_179
Gene_44,Gene_180
Gene_44,Gene_181
Gene_44,Gene_183
Gene_44,Gene_184
Gene_44,Gene_185
Gene_44,Gene_186
Gene_44,Gene_187
Gene_44,Gene_188
Gene_44,Gene_189
Gene_44,Gene_190
Gene_44,Gene_191
Gene_44,Gene_192
Gene_44,Gene_193
Gene_44,Gene_194
Gene_44,Gene_195
Gene_44,Gene_196
Gene_44,Gene_197
Gene_44,Gene_198
Gene_44,Gene_199
Gene_44,Gene_200
Gene_45,Gene_0
Gene_45,Gene_1
Gene_45,Gene_3
Gene_45,Gene_4
Gene_45,Gene_5
Gene_45,Gene_6
Gene_45,Gene_7
Gene_45,Gene_8
Gene_45,Gene_9
Gene_45,Gene_10
Gene_45,Gene_11
Gene_45,Gene_12
Gene_45,Gene_13
Gene_45,Gene_14
Gene_45,Gene_15
Gene_45,Gene_16
Gene_45,Gene_17
Gene_45,Gene_18
Gene_45,Gene_19
Gene_45,Gene_21
Gene_45,Gene_22
Gene_45,Gene_23
Gene_45,Gene_25
Gene_45,Gene_26
Gene_45,Gene_27
Gene_45,Gene_28
Gene_45,Gene_29
Gene_45,Gene_30
Gene_45,Gene_31
Gene_45,Gene_32
Gene_45,Gene_34
Gene_45,Gene_36
Gene_45,Gene_37
Gene_45,Gene_38
Gene_45,Gene_39
Gene_45,Gene_40
Gene_45,Gene_41
Gene_45,Gene_42
Gene_45,Gene_43
Gene_45,Gene_44
Gene_45,Gene_45
Gene_45,Gene_46
Gene_45,Gene_47
Gene_45,Gene_48
Gene_45,Gene_50
Gene_45,Gene_51
Gene_45,Gene_53
Gene_45,Gene_56
Gene_45,Gene_57
Gene_45,Gene_58
Gene_45,Gene_59
Gene_45,Gene_60
Gene_45,Gene_61
Gene_45,Gene_63
Gene_45,Gene_64
Gene_45,Gene_65
Gene_45,Gene_66
Gene_45,Gene_67
Gene_45,Gene_68
Gene_45,Gene_69
Gene_45,Gene_70
Gene_45,Gene_72
Gene_45,Gene_73
Gene_45,Gene_74
Gene_45,Gene_75
Gene_45,Gene_76
Gene_45,Gene_78
Gene_45,Gene_79
Gene_45,Gene_80
Gene_45,Gene_81
Gene_45,Gene_82
Gene_45,Gene_83
Gene_45,Gene_84
Gene_45,Gene_85
Gene_45,Gene_88
Gene_45,Gene_89
Gene_45,Gene_90
Gene_45,Gene_91
Gene_45,Gene_92
Gene_45,Gene_93
Gene_45,Gene_94
Gene_45,Gene_96
Gene_45,Gene_97
Gene_45,Gene_98
Gene_45,Gene_99
Gene_45,Gene_100
Gene_45,Gene_101
Gene_45,Gene_103
Gene_45,Gene_105
Gene_45,Gene_106
Gene_45,Gene_107
Gene_45,Gene_108
Gene_45,Gene_110
Gene_45,Gene_111
Gene_45,Gene_112
Gene_45,Gene_113
Gene_45,Gene_114
Gene_45,Gene_115
Gene_45,Gene_116
Gene_45,Gene_117
Gene_45,Gene_119
Gene_45,Gene_120
Gene_45,Gene_121
Gene_45,Gene_123
Gene_45,Gene_125
Gene_45,Gene_126
Gene_45,Gene_127
Gene_45,Gene_128
Gene_45,Gene_129
Gene_45,Gene_132
Gene_45,Gene_136
Gene_45,Gene_137
Gene_45,Gene_138
Gene_45,Gene_139
Gene_45,Gene_140
Gene_45,Gene_142
Gene_45,Gene_144
Gene_45,Gene_146
Gene_45,Gene_147
Gene_45,Gene_148
Gene_45,Gene_149
Gene_45,Gene_150
Gene_45,Gene_152
Gene_45,Gene_153
Gene_45,Gene_155
Gene_45,Gene_158
Gene_45,Gene_159
Gene_45,Gene_160
Gene_45,Gene_161
Gene_45,Gene_162
Gene_45,Gene_163
Gene_45,Gene_164
Gene_45,Gene_165
Gene_45,Gene_166
Gene_45,Gene_167
Gene_45,Gene_168
Gene_45,Gene_169
Gene_45,Gene_170
Gene_45,Gene_172
Gene_45,Gene_173
Gene_45,Gene_174
Gene_45,Gene_175
Gene_45,Gene_176
Gene_45,Gene_177
Gene_45,Gene_178
Gene_45,Gene_180
Gene_45,Gene_181
Gene_45,Gene_182
Gene_45,Gene_183
Gene_45,Gene_184
Gene_45,Gene_185
Gene_45,Gene_187
Gene_45,Gene_188
Gene_45,Gene_189
Gene_45,Gene_190
Gene_45,Gene_191
Gene_45,Gene_193
Gene_45,Gene_194
Gene_45,Gene_195
Gene_45,Gene_196
Gene_45,Gene_197
Gene_45,Gene_198
Gene_45,Gene_200
Gene_46,Gene_0
Gene_46,Gene_1
Gene_46,Gene_2
Gene_46,Gene_3
Gene_46,Gene_5
Gene_46,Gene_6
Gene_46,Gene_7
Gene_46,Gene_8
Gene_46,Gene_11
Gene_46,Gene_12
Gene_46,Gene_13
Gene_46,Gene_14
Gene_46,Gene_15
Gene_46,Gene_16
Gene_46,Gene_17
Gene_46,Gene_18
Gene_46,Gene_19
Gene_46,Gene_20
Gene_46,Gene_21
Gene_46,Gene_22
Gene_46,Gene_23
Gene_46,Gene_25
Gene_46,Gene_26
Gene_46,Gene_27
Gene_46,Gene_28
Gene_46,Gene_29
Gene_46,Gene_30
Gene_46,Gene_33
Gene_46,Gene_34
Gene_46,Gene_35
Gene_46,Gene_36
Gene_46,Gene_37
Gene_46,Gene_38
Gene_46,Gene_39
Gene_46,Gene_40
Gene_46,Gene_41
Gene_46,Gene_43
Gene_46,Gene_44
Gene_46,Gene_45
Gene_46,Gene_46
Gene_46,Gene_47
Gene_46,Gene_48
Gene_46,Gene_49
Gene_46,Gene_51
Gene_46,Gene_52
Gene_46,Gene_53
Gene_46,Gene_54
Gene_46,Gene_56
Gene_46,Gene_60
Gene_46,Gene_61
Gene_46,Gene_62
Gene_46,Gene_63
Gene_46,Gene_64
Gene_46,Gene_65
Gene_46,Gene_66
Gene_46,Gene_67
Gene_46,Gene_68
Gene_46,Gene_69
Gene_46,Gene_70
Gene_46,Gene_72
Gene_46,Gene_73
Gene_46,Gene_75
Gene_46,Gene_77
Gene_46,Gene_78
Gene_46,Gene_81
Gene_46,Gene_82
Gene_46,Gene_83
Gene_46,Gene_84
Gene_46,Gene_85
Gene_46,Gene_86
Gene_46,Gene_87
Gene_46,Gene_88
Gene_46,Gene_89
Gene_46,Gene_90
Gene_46,Gene_91
Gene_46,Gene_92
Gene_46,Gene_93
Gene_46,Gene_94
Gene_46,Gene_95
Gene_46,Gene_96
Gene_46,Gene_97
Gene_46,Gene_98
Gene_46,Gene_99
Gene_46,Gene_100
Gene_46,Gene_102
Gene_46,Gene_103
Gene_46,Gene_105
Gene_46,Gene_107
Gene_46,Gene_108
Gene_46,Gene_109
Gene_46,Gene_110
Gene_46,Gene_111
Gene_46,Gene_112
Gene_46,Gene_113
Gene_46,Gene_115
Gene_46,Gene_116
Gene_46,Gene_117
Gene_46,Gene_118
Gene_46,Gene_119
Gene_46,Gene_121
Gene_46,Gene_123
Gene_46,Gene_124
Gene_46,Gene_125
Gene_46,Gene_126
Gene_46,Gene_127
Gene_46,Gene_128
Gene_46,Gene_129
Gene_46,Gene_130
Gene_46,Gene_132
Gene_46,Gene_134
Gene_46,Gene_136
Gene_46,Gene_137
Gene_46,Gene_138
Gene_46,Gene_139
Gene_46,Gene_140
Gene_46,Gene_141
Gene_46,Gene_143
Gene_46,Gene_144
Gene_46,Gene_145
Gene_46,Gene_147
Gene_46,Gene_149
Gene_46,Gene_150
Gene_46,Gene_152
Gene_46,Gene_154
Gene_46,Gene_155
Gene_46,Gene_156
Gene_46,Gene_157
Gene_46,Gene_158
Gene_46,Gene_159
Gene_46,Gene_161
Gene_46,Gene_162
Gene_46,Gene_163
Gene_46,Gene_164
Gene_46,Gene_165
Gene_46,Gene_166
Gene_46,Gene_167
Gene_46,Gene_168
Gene_46,Gene_171
Gene_46,Gene_172
Gene_46,Gene_173
Gene_46,Gene_174
Gene_46,Gene_175
Gene_46,Gene_176
Gene_46,Gene_178
Gene_46,Gene_179
Gene_46,Gene_180
Gene_46,Gene_182
Gene_46,Gene_184
Gene_46,Gene_185
Gene_46,Gene_186
Gene_46,Gene_187
Gene_46,Gene_188
Gene_46,Gene_190
Gene_46,Gene_191
Gene_46,Gene_193
Gene_46,Gene_196
Gene_46,Gene_197
Gene_46,Gene_200
Gene_47,Gene_1
Gene_47,Gene_3
Gene_47,Gene_4
Gene_47,Gene_5
Gene_47,Gene_6
Gene_47,Gene_8
Gene_47,Gene_9
Gene_47,Gene_10
Gene_47,Gene_11
Gene_47,Gene_12
Gene_47,Gene_13
Gene_47,Gene_14
Gene_47,Gene_15
Gene_47,Gene_17
Gene_47,Gene_19
Gene_47,Gene_20
Gene_47,Gene_21
Gene_47,Gene_22
Gene_47,Gene_24
Gene_47,Gene_25
Gene_47,Gene_26
Gene_47,Gene_27
Gene_47,Gene_28
Gene_47,Gene_30
Gene_47,Gene_31
Gene_47,Gene_32
Gene_47,Gene_33
Gene_47,Gene_34
Gene_47,Gene_35
Gene_47,Gene_36
Gene_47,Gene_37
Gene_47,Gene_38
Gene_47,Gene_39
Gene_47,Gene_42
Gene_47,Gene_43
Gene_47,Gene_45
Gene_47,Gene_46
Gene_47,Gene_48
Gene_47,Gene_50
Gene_47,Gene_52
Gene_47,Gene_53
Gene_47,Gene_55
Gene_47,Gene_56
Gene_47,Gene_57
Gene_47,Gene_59
Gene_47,Gene_60
Gene_47,Gene_61
Gene_47,Gene_62
Gene_47,Gene_63
Gene_47,Gene_64
Gene_47,Gene_65
Gene_47,Gene_67
Gene_47,Gene_68
Gene_47,Gene_69
Gene_47,Gene_70
Gene_47,Gene_71
Gene_47,Gene_72
Gene_47,Gene_74
Gene_47,Gene_75
Gene_47,Gene_76
Gene_47,Gene_77
Gene_47,Gene_78
Gene_47,Gene_80
Gene_47,Gene_81
Gene_47,Gene_82
Gene_47,Gene_83
Gene_47,Gene_84
Gene_47,Gene_85
Gene_47,Gene_87
Gene_47,Gene_88
Gene_47,Gene_91
Gene_47,Gene_92
Gene_47,Gene_94
Gene_47,Gene_96
Gene_47,Gene_97
Gene_47,Gene_98
Gene_47,Gene_99
Gene_47,Gene_100
Gene_47,Gene_101
Gene_47,Gene_103
Gene_47,Gene_105
Gene_47,Gene_106
Gene_47,Gene_107
Gene_47,Gene_108
Gene_47,Gene_110
Gene_47,Gene_111
Gene_47,Gene_112
Gene_47,Gene_113
Gene_47,Gene_115
Gene_47,Gene_116
Gene_47,Gene_118
Gene_47,Gene_119
Gene_47,Gene_120
Gene_47,Gene_122
Gene_47,Gene_123
Gene_47,Gene_124
Gene_47,Gene_126
Gene_47,Gene_127
Gene_47,Gene_128
Gene_47,Gene_129
Gene_47,Gene_130
Gene_47,Gene_131
Gene_47,Gene_134
Gene_47,Gene_135
Gene_47,Gene_136
Gene_47,Gene_138
Gene_47,Gene_142
Gene_47,Gene_145
Gene_47,Gene_146
Gene_47,Gene_147
Gene_47,Gene_148
Gene_47,Gene_149
Gene_47,Gene_150
Gene_47,Gene_151
Gene_47,Gene_152
Gene_47,Gene_153
Gene_47,Gene_154
Gene_47,Gene_155
Gene_47,Gene_156
Gene_47,Gene_157
Gene_47,Gene_158
Gene_47,Gene_159
Gene_47,Gene_160
Gene_47,Gene_161
Gene_47,Gene_162
Gene_47,Gene_163
Gene_47,Gene_164
Gene_47,Gene_165
Gene_47,Gene_166
Gene_47,Gene_167
Gene_47,Gene_169
Gene_47,Gene_170
Gene_47,Gene_171
Gene_47,Gene_172
Gene_47,Gene_173
Gene_47,Gene_175
Gene_47,Gene_176
Gene_47,Gene_177
Gene_47,Gene_178
Gene_47,Gene_179
Gene_47,Gene_180
Gene_47,Gene_182
Gene_47,Gene_183
Gene_47,Gene_184
Gene_47,Gene_185
Gene_47,Gene_188
Gene_47,Gene_189
Gene_47,Gene_190
Gene_47,Gene_191
Gene_47,Gene_192
Gene_47,Gene_193
Gene_47,Gene_194
Gene_47,Gene_196
Gene_47,Gene_198
Gene_47,Gene_199
Gene_47,Gene_200
Gene_48,Gene_2
Gene_48,Gene_3
Gene_48,Gene_4
Gene_48,Gene_5
Gene_48,Gene_7
Gene_48,Gene_8
Gene_48,Gene_10
Gene_48,Gene_12
Gene_48,Gene_14
Gene_48,Gene_15
Gene_48,Gene_16
Gene_48,Gene_17
Gene_48,Gene_18
Gene_48,Gene_19
Gene_48,Gene_20
Gene_48,Gene_21
Gene_48,Gene_22
Gene_48,Gene_23
Gene_48,Gene_25
Gene_48,Gene_26
Gene_48,Gene_29
Gene_48,Gene_31
Gene_48,Gene_32
Gene_48,Gene_33
Gene_48,Gene_35
Gene_48,Gene_36
Gene_48,Gene_37
Gene_48,Gene_39
Gene_48,Gene_40
Gene_48,Gene_41
Gene_48,Gene_42
Gene_48,Gene_43
Gene_48,Gene_44
Gene_48,Gene_45
Gene_48,Gene_46
Gene_48,Gene_47
Gene_48,Gene_49
Gene_48,Gene_50
Gene_48,Gene_51
Gene_48,Gene_52
Gene_48,Gene_53
Gene_48,Gene_54
Gene_48,Gene_55
Gene_48,Gene_57
Gene_48,Gene_59
Gene_48,Gene_60
Gene_48,Gene_61
Gene_48,Gene_62
Gene_48,Gene_63
Gene_48,Gene_64
Gene_48,Gene_65
Gene_48,Gene_66
Gene_48,Gene_68
Gene_48,Gene_70
Gene_48,Gene_71
Gene_48,Gene_72
Gene_48,Gene_74
Gene_48,Gene_75
Gene_48,Gene_76
Gene_48,Gene_77
Gene_48,Gene_78
Gene_48,Gene_79
Gene_48,Gene_81
Gene_48,Gene_82
Gene_48,Gene_83
Gene_48,Gene_84
Gene_48,Gene_85
Gene_48,Gene_86
Gene_48,Gene_87
Gene_48,Gene_88
Gene_48,Gene_89
Gene_48,Gene_91
Gene_48,Gene_92
Gene_48,Gene_93
Gene_48,Gene_94
Gene_48,Gene_95
Gene_48,Gene_96
Gene_48,Gene_97
Gene_48,Gene_98
Gene_48,Gene_100
Gene_48,Gene_102
Gene_48,Gene_103
Gene_48,Gene_104
Gene_48,Gene_105
Gene_48,Gene_106
Gene_48,Gene_107
Gene_48,Gene_109
Gene_48,Gene_110
Gene_48,Gene_111
Gene_48,Gene_112
Gene_48,Gene_113
Gene_48,Gene_114
Gene_48,Gene_115
Gene_48,Gene_116
Gene_48,Gene_117
Gene_48,Gene_118
Gene_48,Gene_120
Gene_48,Gene_122
Gene_48,Gene_123
Gene_48,Gene_124
Gene_48,Gene_126
Gene_48,Gene_127
Gene_48,Gene_128
Gene_48,Gene_129
Gene_48,Gene_131
Gene_48,Gene_132
Gene_48,Gene_133
Gene_48,Gene_134
Gene_48,Gene_136
Gene_48,Gene_137
Gene_48,Gene_138
Gene_48,Gene_139
Gene_48,Gene_141
Gene_48,Gene_142
Gene_48,Gene_143
Gene_48,Gene_144
Gene_48,Gene_145
Gene_48,Gene_146
Gene_48,Gene_148
Gene_48,Gene_149
Gene_48,Gene_150
Gene_48,Gene_151
Gene_48,Gene_153
Gene_48,Gene_155
Gene_48,Gene_156
Gene_48,Gene_159
Gene_48,Gene_160
Gene_48,Gene_161
Gene_48,Gene_163
Gene_48,Gene_164
Gene_48,Gene_165
Gene_48,Gene_167
Gene_48,Gene_168
Gene_48,Gene_169
Gene_48,Gene_171
Gene_48,Gene_172
Gene_48,Gene_173
Gene_48,Gene_174
Gene_48,Gene_175
Gene_48,Gene_177
Gene_48,Gene_178
Gene_48,Gene_179
Gene_48,Gene_181
Gene_48,Gene_182
Gene_48,Gene_185
Gene_48,Gene_186
Gene_48,Gene_188
Gene_48,Gene_189
Gene_48,Gene_190
Gene_48,Gene_191
Gene_48,Gene_192
Gene_48,Gene_193
Gene_48,Gene_194
Gene_48,Gene_195
Gene_48,Gene_196
Gene_48,Gene_197
Gene_48,Gene_198
Gene_48,Gene_199
Gene_48,Gene_200
Gene_49,Gene_0
Gene_49,Gene_1
Gene_49,Gene_2
Gene_49,Gene_3
Gene_49,Gene_4
Gene_49,Gene_5
Gene_49,Gene_6
Gene_49,Gene_7
Gene_49,Gene_9
Gene_49,Gene_10
Gene_49,Gene_11
Gene_49,Gene_12
Gene_49,Gene_13
Gene_49,Gene_15
Gene_49,Gene_16
Gene_49,Gene_17
Gene_49,Gene_18
Gene_49,Gene_19
Gene_49,Gene_20
Gene_49,Gene_22
Gene_49,Gene_23
Gene_49,Gene_24
Gene_49,Gene_25
Gene_49,Gene_28
Gene_49,Gene_29
Gene_49,Gene_30
Gene_49,Gene_32
Gene_49,Gene_36
Gene_49,Gene_37
Gene_49,Gene_38
Gene_49,Gene_39
Gene_49,Gene_40
Gene_49,Gene_41
Gene_49,Gene_42
Gene_49,Gene_43
Gene_49,Gene_44
Gene_49,Gene_45
Gene_49,Gene_47
Gene_49,Gene_48
Gene_49,Gene_49
Gene_49,Gene_50
Gene_49,Gene_51
Gene_49,Gene_53
Gene_49,Gene_54
Gene_49,Gene_55
Gene_49,Gene_56
Gene_49,Gene_58
Gene_49,Gene_59
Gene_49,Gene_60
Gene_49,Gene_61
Gene_49,Gene_62
Gene_49,Gene_64
Gene_49,Gene_65
Gene_49,Gene_66
Gene_49,Gene_67
Gene_49,Gene_68
Gene_49,Gene_69
Gene_49,Gene_70
Gene_49,Gene_71
Gene_49,Gene_72
Gene_49,Gene_73
Gene_49,Gene_74
Gene_49,Gene_77
Gene_49,Gene_78
Gene_49,Gene_81
Gene_49,Gene_82
Gene_49,Gene_84
Gene_49,Gene_85
Gene_49,Gene_86
Gene_49,Gene_88
Gene_49,Gene_90
Gene_49,Gene_91
Gene_49,Gene_92
Gene_49,Gene_93
Gene_49,Gene_94
Gene_49,Gene_95
Gene_49,Gene_96
Gene_49,Gene_97
Gene_49,Gene_98
Gene_49,Gene_99
Gene_49,Gene_100
Gene_49,Gene_101
Gene_49,Gene_102
Gene_49,Gene_103
Gene_49,Gene_104
Gene_49,Gene_105
Gene_49,Gene_106
Gene_49,Gene_107
Gene_49,Gene_108
Gene_49,Gene_109
Gene_49,Gene_112
Gene_49,Gene_113
Gene_49,Gene_114
Gene_49,Gene_118
Gene_49,Gene_119
Gene_49,Gene_120
Gene_49,Gene_121
Gene_49,Gene_122
Gene_49,Gene_124
Gene_49,Gene_126
Gene_49,Gene_127
Gene_49,Gene_128
Gene_49,Gene_129
Gene_49,Gene_130
Gene_49,Gene_131
Gene_49,Gene_132
Gene_49,Gene_133
Gene_49,Gene_134
Gene_49,Gene_135
Gene_49,Gene_136
Gene_49,Gene_138
Gene_49,Gene_139
Gene_49,Gene_140
Gene_49,Gene_141
Gene_49,Gene_142
Gene_49,Gene_143
Gene_49,Gene_144
Gene_49,Gene_146
Gene_49,Gene_147
Gene_49,Gene_148
Gene_49,Gene_149
Gene_49,Gene_150
Gene_49,Gene_151
Gene_49,Gene_154
Gene_49,Gene_155
Gene_49,Gene_156
Gene_49,Gene_157
Gene_49,Gene_158
Gene_49,Gene_159
Gene_49,Gene_160
Gene_49,Gene_161
Gene_49,Gene_162
Gene_49,Gene_163
Gene_49,Gene_164
Gene_49,Gene_165
Gene_49,Gene_166
Gene_49,Gene_167
Gene_49,Gene_168
Gene_49,Gene_171
Gene_49,Gene_172
Gene_49,Gene_173
Gene_49,Gene_174
Gene_49,Gene_175
Gene_49,Gene_176
Gene_49,Gene_178
Gene_49,Gene_179
Gene_49,Gene_180
Gene_49,Gene_182
Gene_49,Gene_183
Gene_49,Gene_184
Gene_49,Gene_185
Gene_49,Gene_187
Gene_49,Gene_188
Gene_49,Gene_189
Gene_49,Gene_190
Gene_49,Gene_191
Gene_49,Gene_192
Gene_49,Gene_194
Gene_49,Gene_195
Gene_49,Gene_196
Gene_49,Gene_197
Gene_49,Gene_198
Gene_49,Gene_199
Gene_49,Gene_200
Gene_50,Gene_0
Gene_50,Gene_1
Gene_50,Gene_2
Gene_50,Gene_3
Gene_50,Gene_4
Gene_50,Gene_5
Gene_50,Gene_6
Gene_50,Gene_7
Gene_50,Gene_8
Gene_50,Gene_9
Gene_50,Gene_10
Gene_50,Gene_11
Gene_50,Gene_12
Gene_50,Gene_13
Gene_50,Gene_14
Gene_50,Gene_15
Gene_50,Gene_16
Gene_50,Gene_19
Gene_50,Gene_21
Gene_50,Gene_22
Gene_50,Gene_23
Gene_50,Gene_24
Gene_50,Gene_25
Gene_50,Gene_26
Gene_50,Gene_28
Gene_50,Gene_29
Gene_50,Gene_30
Gene_50,Gene_32
Gene_50,Gene_33
Gene_50,Gene_34
Gene_50,Gene_35
Gene_50,Gene_38
Gene_50,Gene_39
Gene_50,Gene_40
Gene_50,Gene_41
Gene_50,Gene_42
Gene_50,Gene_43
Gene_50,Gene_44
Gene_50,Gene_45
Gene_50,Gene_46
Gene_50,Gene_47
Gene_50,Gene_49
Gene_50,Gene_50
Gene_50,Gene_51
Gene_50,Gene_52
Gene_50,Gene_53
Gene_50,Gene_54
Gene_50,Gene_55
Gene_50,Gene_56
Gene_50,Gene_57
Gene_50,Gene_58
Gene_50,Gene_60
Gene_50,Gene_61
Gene_50,Gene_62
Gene_50,Gene_63
Gene_50,Gene_65
Gene_50,Gene_66
Gene_50,Gene_67
Gene_50,Gene_68
Gene_50,Gene_69
Gene_50,Gene_70
Gene_50,Gene_72
Gene_50,Gene_73
Gene_50,Gene_75
Gene_50,Gene_76
Gene_50,Gene_77
Gene_50,Gene_78
Gene_50,Gene_79
Gene_50,Gene_81
Gene_50,Gene_82
Gene_50,Gene_83
Gene_50,Gene_84
Gene_50,Gene_85
Gene_50,Gene_86
Gene_50,Gene_89
Gene_50,Gene_90
Gene_50,Gene_91
Gene_50,Gene_92
Gene_50,Gene_93
Gene_50,Gene_94
Gene_50,Gene_95
Gene_50,Gene_97
Gene_50,Gene_98
Gene_50,Gene_100
Gene_50,Gene_101
Gene_50,Gene_102
Gene_50,Gene_105
Gene_50,Gene_106
Gene_50,Gene_108
Gene_50,Gene_109
Gene_50,Gene_110
Gene_50,Gene_111
Gene_50,Gene_113
Gene_50,Gene_114
Gene_50,Gene_115
Gene_50,Gene_116
Gene_50,Gene_117
Gene_50,Gene_118
Gene_50,Gene_119
Gene_50,Gene_120
Gene_50,Gene_122
Gene_50,Gene_123
Gene_50,Gene_126
Gene_50,Gene_128
Gene_50,Gene_129
Gene_50,Gene_130
Gene_50,Gene_131
Gene_50,Gene_132
Gene_50,Gene_133
Gene_50,Gene_134
Gene_50,Gene_136
Gene_50,Gene_137
Gene_50,Gene_138
Gene_50,Gene_139
Gene_50,Gene_140
Gene_50,Gene_141
Gene_50,Gene_143
Gene_50,Gene_144
Gene_50,Gene_145
Gene_50,Gene_146
Gene_50,Gene_148
Gene_50,Gene_149
Gene_50,Gene_150
Gene_50,Gene_151
Gene_50,Gene_152
Gene_50,Gene_153
Gene_50,Gene_155
Gene_50,Gene_156
Gene_50,Gene_157
Gene_50,Gene_158
Gene_50,Gene_160
Gene_50,Gene_162
Gene_50,Gene_166
Gene_50,Gene_167
Gene_50,Gene_168
Gene_50,Gene_169
Gene_50,Gene_170
Gene_50,Gene_171
Gene_50,Gene_172
Gene_50,Gene_173
Gene_50,Gene_174
Gene_50,Gene_176
Gene_50,Gene_177
Gene_50,Gene_178
Gene_50,Gene_180
Gene_50,Gene_181
Gene_50,Gene_182
Gene_50,Gene_183
Gene_50,Gene_185
Gene_50,Gene_186
Gene_50,Gene_187
Gene_50,Gene_189
Gene_50,Gene_190
Gene_50,Gene_191
Gene_50,Gene_192
Gene_50,Gene_193
Gene_50,Gene_194
Gene_50,Gene_196
Gene_50,Gene_197
Gene_50,Gene_198
Gene_50,Gene_199
Gene_50,Gene_200
Gene_51,Gene_0
Gene_51,Gene_2
Gene_51,Gene_3
Gene_51,Gene_4
Gene_51,Gene_5
Gene_51,Gene_6
Gene_51,Gene_7
Gene_51,Gene_8
Gene_51,Gene_11
Gene_51,Gene_12
Gene_51,Gene_13
Gene_51,Gene_14
Gene_51,Gene_15
Gene_51,Gene_16
Gene_51,Gene_18
Gene_51,Gene_19
Gene_51,Gene_20
Gene_51,Gene_23
Gene_51,Gene_25
Gene_51,Gene_26
Gene_51,Gene_27
Gene_51,Gene_28
Gene_51,Gene_29
Gene_51,Gene_30
Gene_51,Gene_31
Gene_51,Gene_33
Gene_51,Gene_34
Gene_51,Gene_35
Gene_51,Gene_36
Gene_51,Gene_37
Gene_51,Gene_38
Gene_51,Gene_39
Gene_51,Gene_40
Gene_51,Gene_41
Gene_51,Gene_42
Gene_51,Gene_43
Gene_51,Gene_45
Gene_51,Gene_47
Gene_51,Gene_48
Gene_51,Gene_50
Gene_51,Gene_51
Gene_51,Gene_52
Gene_51,Gene_53
Gene_51,Gene_54
Gene_51,Gene_55
Gene_51,Gene_56
Gene_51,Gene_57
Gene_51,Gene_58
Gene_51,Gene_59
Gene_51,Gene_60
Gene_51,Gene_61
Gene_51,Gene_63
Gene_51,Gene_64
Gene_51,Gene_65
Gene_51,Gene_66
Gene_51,Gene_67
Gene_51,Gene_68
Gene_51,Gene_69
Gene_51,Gene_70
Gene_51,Gene_71
Gene_51,Gene_72
Gene_51,Gene_73
Gene_51,Gene_74
Gene_51,Gene_77
Gene_51,Gene_78
Gene_51,Gene_79
Gene_51,Gene_80
Gene_51,Gene_81
Gene_51,Gene_82
Gene_51,Gene_84
Gene_51,Gene_85
Gene_51,Gene_86
Gene_51,Gene_87
Gene_51,Gene_88
Gene_51,Gene_89
Gene_51,Gene_90
Gene_51,Gene_91
Gene_51,Gene_92
Gene_51,Gene_94
Gene_51,Gene_95
Gene_51,Gene_97
Gene_51,Gene_99
Gene_51,Gene_100
Gene_51,Gene_101
Gene_51,Gene_103
Gene_51,Gene_104
Gene_51,Gene_105
Gene_51,Gene_106
Gene_51,Gene_107
Gene_51,Gene_108
Gene_51,Gene_110
Gene_51,Gene_111
Gene_51,Gene_112
Gene_51,Gene_113
Gene_51,Gene_114
Gene_51,Gene_115
Gene_51,Gene_116
Gene_51,Gene_117
Gene_51,Gene_118
Gene_51,Gene_119
Gene_51,Gene_121
Gene_51,Gene_122
Gene_51,Gene_123
Gene_51,Gene_124
Gene_51,Gene_125
Gene_51,Gene_126
Gene_51,Gene_127
Gene_51,Gene_128
Gene_51,Gene_129
Gene_51,Gene_130
Gene_51,Gene_131
Gene_51,Gene_132
Gene_51,Gene_133
Gene_51,Gene_134
Gene_51,Gene_135
Gene_51,Gene_136
Gene_51,Gene_137
Gene_51,Gene_138
Gene_51,Gene_140
Gene_51,Gene_141
Gene_51,Gene_142
Gene_51,Gene_143
Gene_51,Gene_144
Gene_51,Gene_145
Gene_51,Gene_146
Gene_51,Gene_147
Gene_51,Gene_149
Gene_51,Gene_151
Gene_51,Gene_153
Gene_51,Gene_154
Gene_51,Gene_155
Gene_51,Gene_156
Gene_51,Gene_157
Gene_51,Gene_158
Gene_51,Gene_159
Gene_51,Gene_162
Gene_51,Gene_163
Gene_51,Gene_164
Gene_51,Gene_165
Gene_51,Gene_166
Gene_51,Gene_168
Gene_51,Gene_169
Gene_51,Gene_170
Gene_51,Gene_171
Gene_51,Gene_172
Gene_51,Gene_173
Gene_51,Gene_174
Gene_51,Gene_175
Gene_51,Gene_176
Gene_51,Gene_180
Gene_51,Gene_182
Gene_51,Gene_183
Gene_51,Gene_185
Gene_51,Gene_186
Gene_51,Gene_187
Gene_51,Gene_189
Gene_51,Gene_191
Gene_51,Gene_192
Gene_51,Gene_194
Gene_51,Gene_195
Gene_51,Gene_197
Gene_51,Gene_198
Gene_51,Gene_199
Gene_51,Gene_200
Gene_52,Gene_0
Gene_52,Gene_1
Gene_52,Gene_2
Gene_52,Gene_3
Gene_52,Gene_4
Gene_52,Gene_5
Gene_52,Gene_7
Gene_52,Gene_8
Gene_52,Gene_9
Gene_52,Gene_10
Gene_52,Gene_11
Gene_52,Gene_12
Gene_52,Gene_13
Gene_52,Gene_14
Gene_52,Gene_15
Gene_52,Gene_16
Gene_52,Gene_17
Gene_52,Gene_19
Gene_52,Gene_20
Gene_52,Gene_21
Gene_52,Gene_22
Gene_52,Gene_23
Gene_52,Gene_24
Gene_52,Gene_27
Gene_52,Gene_29
Gene_52,Gene_30
Gene_52,Gene_32
Gene_52,Gene_33
Gene_52,Gene_34
Gene_52,Gene_35
Gene_52,Gene_36
Gene_52,Gene_37
Gene_52,Gene_38
Gene_52,Gene_39
Gene_52,Gene_41
Gene_52,Gene_42
Gene_52,Gene_43
Gene_52,Gene_44
Gene_52,Gene_45
Gene_52,Gene_46
Gene_52,Gene_47
Gene_52,Gene_48
Gene_52,Gene_49
Gene_52,Gene_50
Gene_52,Gene_52
Gene_52,Gene_53
Gene_52,Gene_55
Gene_52,Gene_56
Gene_52,Gene_57
Gene_52,Gene_58
Gene_52,Gene_59
Gene_52,Gene_62
Gene_52,Gene_63
Gene_52,Gene_64
Gene_52,Gene_65
Gene_52,Gene_67
Gene_52,Gene_68
Gene_52,Gene_69
Gene_52,Gene_70
Gene_52,Gene_71
Gene_52,Gene_72
Gene_52,Gene_73
Gene_52,Gene_75
Gene_52,Gene_77
Gene_52,Gene_78
Gene_52,Gene_80
Gene_52,Gene_81
Gene_52,Gene_82
Gene_52,Gene_83
Gene_52,Gene_84
Gene_52,Gene_85
Gene_52,Gene_86
Gene_52,Gene_87
Gene_52,Gene_89
Gene_52,Gene_92
Gene_52,Gene_93
Gene_52,Gene_94
Gene_52,Gene_95
Gene_52,Gene_96
Gene_52,Gene_97
Gene_52,Gene_98
Gene_52,Gene_99
Gene_52,Gene_101
Gene_52,Gene_102
Gene_52,Gene_103
Gene_52,Gene_104
Gene_52,Gene_105
Gene_52,Gene_106
Gene_52,Gene_107
Gene_52,Gene_108
Gene_52,Gene_109
Gene_52,Gene_111
Gene_52,Gene_112
Gene_52,Gene_113
Gene_52,Gene_114
Gene_52,Gene_115
Gene_52,Gene_116
Gene_52,Gene_117
Gene_52,Gene_118
Gene_52,Gene_119
Gene_52,Gene_120
Gene_52,Gene_122
Gene_52,Gene_124
Gene_52,Gene_125
Gene_52,Gene_126
Gene_52,Gene_127
Gene_52,Gene_129
Gene_52,Gene_130
Gene_52,Gene_131
Gene_52,Gene_132
Gene_52,Gene_133
Gene_52,Gene_134
Gene_52,Gene_136
Gene_52,Gene_137
Gene_52,Gene_138
Gene_52,Gene_139
Gene_52,Gene_140
Gene_52,Gene_141
Gene_52,Gene_143
Gene_52,Gene_144
Gene_52,Gene_145
Gene_52,Gene_146
Gene_52,Gene_149
Gene_52,Gene_150
Gene_52,Gene_151
Gene_52,Gene_152
Gene_52,Gene_153
Gene_52,Gene_154
Gene_52,Gene_155
Gene_52,Gene_156
Gene_52,Gene_157
Gene_52,Gene_158
Gene_52,Gene_159
Gene_52,Gene_160
Gene_52,Gene_161
Gene_52,Gene_162
Gene_52,Gene_163
Gene_52,Gene_167
Gene_52,Gene_168
Gene_52,Gene_169
Gene_52,Gene_170
Gene_52,Gene_172
Gene_52,Gene_173
Gene_52,Gene_175
Gene_52,Gene_176
Gene_52,Gene_177
Gene_52,Gene_178
Gene_52,Gene_179
Gene_52,Gene_180
Gene_52,Gene_181
Gene_52,Gene_182
Gene_52,Gene_183
Gene_52,Gene_184
Gene_52,Gene_185
Gene_52,Gene_186
Gene_52,Gene_187
Gene_52,Gene_188
Gene_52,Gene_190
Gene_52,Gene_191
Gene_52,Gene_192
Gene_52,Gene_196
Gene_52,Gene_197
Gene_52,Gene_200
Gene_53,Gene_0
Gene_53,Gene_1
Gene_53,Gene_3
Gene_53,Gene_4
Gene_53,Gene_5
Gene_53,Gene_6
Gene_53,Gene_7
Gene_53,Gene_11
Gene_53,Gene_12
Gene_53,Gene_13
Gene_53,Gene_14
Gene_53,Gene_15
Gene_53,Gene_17
Gene_53,Gene_18
Gene_53,Gene_20
Gene_53,Gene_21
Gene_53,Gene_22
Gene_53,Gene_23
Gene_53,Gene_24
Gene_53,Gene_25
Gene_53,Gene_27
Gene_53,Gene_28
Gene_53,Gene_29
Gene_53,Gene_30
Gene_53,Gene_31
Gene_53,Gene_32
Gene_53,Gene_33
Gene_53,Gene_34
Gene_53,Gene_35
Gene_53,Gene_36
Gene_53,Gene_37
Gene_53,Gene_39
Gene_53,Gene_40
Gene_53,Gene_41
Gene_53,Gene_42
Gene_53,Gene_43
Gene_53,Gene_46
Gene_53,Gene_47
Gene_53,Gene_48
Gene_53,Gene_49
Gene_53,Gene_51
Gene_53,Gene_52
Gene_53,Gene_53
Gene_53,Gene_54
Gene_53,Gene_55
Gene_53,Gene_56
Gene_53,Gene_57
Gene_53,Gene_59
Gene_53,Gene_60
Gene_53,Gene_61
Gene_53,Gene_62
Gene_53,Gene_63
Gene_53,Gene_64
Gene_53,Gene_65
Gene_53,Gene_66
Gene_53,Gene_67
Gene_53,Gene_68
Gene_53,Gene_69
Gene_53,Gene_70
Gene_53,Gene_71
Gene_53,Gene_72
Gene_53,Gene_73
Gene_53,Gene_74
Gene_53,Gene_76
Gene_53,Gene_78
Gene_53,Gene_79
Gene_53,Gene_80
Gene_53,Gene_83
Gene_53,Gene_85
Gene_53,Gene_87
Gene_53,Gene_88
Gene_53,Gene_89
Gene_53,Gene_90
Gene_53,Gene_91
Gene_53,Gene_93
Gene_53,Gene_94
Gene_53,Gene_95
Gene_53,Gene_97
Gene_53,Gene_98
Gene_53,Gene_99
Gene_53,Gene_101
Gene_53,Gene_102
Gene_53,Gene_103
Gene_53,Gene_104
Gene_53,Gene_105
Gene_53,Gene_106
Gene_53,Gene_107
Gene_53,Gene_110
Gene_53,Gene_111
Gene_53,Gene_113
Gene_53,Gene_115
Gene_53,Gene_119
Gene_53,Gene_122
Gene_53,Gene_124
Gene_53,Gene_126
Gene_53,Gene_127
Gene_53,Gene_129
Gene_53,Gene_130
Gene_53,Gene_131
Gene_53,Gene_133
Gene_53,Gene_135
Gene_53,Gene_136
Gene_53,Gene_137
Gene_53,Gene_138
Gene_53,Gene_139
Gene_53,Gene_140
Gene_53,Gene_142
Gene_53,Gene_143
Gene_53,Gene_144
Gene_53,Gene_145
Gene_53,Gene_146
Gene_53,Gene_147
Gene_53,Gene_149
Gene_53,Gene_150
Gene_53,Gene_151
Gene_53,Gene_153
Gene_53,Gene_154
Gene_53,Gene_155
Gene_53,Gene_156
Gene_53,Gene_157
Gene_53,Gene_159
Gene_53,Gene_160
Gene_53,Gene_161
Gene_53,Gene_162
Gene_53,Gene_163
Gene_53,Gene_164
Gene_53,Gene_165
Gene_53,Gene_167
Gene_53,Gene_168
Gene_53,Gene_169
Gene_53,Gene_170
Gene_53,Gene_171
Gene_53,Gene_172
Gene_53,Gene_173
Gene_53,Gene_174
Gene_53,Gene_175
Gene_53,Gene_176
Gene_53,Gene_177
Gene_53,Gene_178
Gene_53,Gene_180
Gene_53,Gene_181
Gene_53,Gene_183
Gene_53,Gene_185
Gene_53,Gene_188
Gene_53,Gene_190
Gene_53,Gene_192
Gene_53,Gene_193
Gene_53,Gene_195
Gene_53,Gene_196
Gene_53,Gene_197
Gene_53,Gene_198
Gene_53,Gene_199
Gene_53,Gene_200
Gene_54,Gene_0
Gene_54,Gene_1
Gene_54,Gene_2
Gene_54,Gene_3
Gene_54,Gene_4
Gene_54,Gene_5
Gene_54,Gene_6
Gene_54,Gene_7
Gene_54,Gene_8
Gene_54,Gene_10
Gene_54,Gene_12
Gene_54,Gene_13
Gene_54,Gene_15
Gene_54,Gene_17
Gene_54,Gene_18
Gene_54,Gene_19
Gene_54,Gene_20
Gene_54,Gene_22
Gene_54,Gene_23
Gene_54,Gene_25
Gene_54,Gene_26
Gene_54,Gene_27
Gene_54,Gene_28
Gene_54,Gene_30
Gene_54,Gene_32
Gene_54,Gene_33
Gene_54,Gene_34
Gene_54,Gene_36
Gene_54,Gene_37
Gene_54,Gene_38
Gene_54,Gene_40
Gene_54,Gene_41
Gene_54,Gene_42
Gene_54,Gene_43
Gene_54,Gene_44
Gene_54,Gene_46
Gene_54,Gene_47
Gene_54,Gene_48
Gene_54,Gene_49
Gene_54,Gene_50
Gene_54,Gene_52
Gene_54,Gene_53
Gene_54,Gene_54
Gene_54,Gene_55
Gene_54,Gene_56
Gene_54,Gene_57
Gene_54,Gene_58
Gene_54,Gene_59
Gene_54,Gene_60
Gene_54,Gene_61
Gene_54,Gene_62
Gene_54,Gene_63
Gene_54,Gene_64
Gene_54,Gene_65
Gene_54,Gene_66
Gene_54,Gene_67
Gene_54,Gene_68
Gene_54,Gene_71
Gene_54,Gene_72
Gene_54,Gene_73
Gene_54,Gene_75
Gene_54,Gene_77
Gene_54,Gene_78
Gene_54,Gene_79
Gene_54,Gene_80
Gene_54,Gene_82
Gene_54,Gene_83
Gene_54,Gene_84
Gene_54,Gene_85
Gene_54,Gene_86
Gene_54,Gene_87
Gene_54,Gene_89
Gene_54,Gene_90
Gene_54,Gene_92
Gene_54,Gene_94
Gene_54,Gene_95
Gene_54,Gene_96
Gene_54,Gene_97
Gene_54,Gene_98
Gene_54,Gene_100
Gene_54,Gene_102
Gene_54,Gene_103
Gene_54,Gene_104
Gene_54,Gene_105
Gene_54,Gene_106
Gene_54,Gene_107
Gene_54,Gene_109
Gene_54,Gene_110
Gene_54,Gene_111
Gene_54,Gene_112
Gene_54,Gene_113
Gene_54,Gene_114
Gene_54,Gene_115
Gene_54,Gene_117
Gene_54,Gene_118
Gene_54,Gene_119
Gene_54,Gene_121
Gene_54,Gene_122
Gene_54,Gene_123
Gene_54,Gene_124
Gene_54,Gene_125
Gene_54,Gene_126
Gene_54,Gene_127
Gene_54,Gene_128
Gene_54,Gene_129
Gene_54,Gene_130
Gene_54,Gene_131
Gene_54,Gene_132
Gene_54,Gene_134
Gene_54,Gene_136
Gene_54,Gene_137
Gene_54,Gene_138
Gene_54,Gene_139
Gene_54,Gene_141
Gene_54,Gene_142
Gene_54,Gene_144
Gene_54,Gene_145
Gene_54,Gene_146
Gene_54,Gene_147
Gene_54,Gene_148
Gene_54,Gene_149
Gene_54,Gene_150
Gene_54,Gene_151
Gene_54,Gene_152
Gene_54,Gene_153
Gene_54,Gene_154
Gene_54,Gene_155
Gene_54,Gene_156
Gene_54,Gene_158
Gene_54,Gene_160
Gene_54,Gene_161
Gene_54,Gene_162
Gene_54,Gene_163
Gene_54,Gene_164
Gene_54,Gene_165
Gene_54,Gene_166
Gene_54,Gene_167
Gene_54,Gene_168
Gene_54,Gene_169
Gene_54,Gene_170
Gene_54,Gene_171
Gene_54,Gene_172
Gene_54,Gene_175
Gene_54,Gene_176
Gene_54,Gene_177
Gene_54,Gene_178
Gene_54,Gene_179
Gene_54,Gene_181
Gene_54,Gene_182
Gene_54,Gene_183
Gene_54,Gene_184
Gene_54,Gene_185
Gene_54,Gene_186
Gene_54,Gene_187
Gene_54,Gene_189
Gene_54,Gene_191
Gene_54,Gene_192
Gene_54,Gene_194
Gene_54,Gene_195
Gene_54,Gene_196
Gene_54,Gene_197
Gene_54,Gene_198
Gene_54,Gene_200
Gene_55,Gene_0
Gene_55,Gene_1
Gene_55,Gene_5
Gene_55,Gene_6
Gene_55,Gene_7
Gene_55,Gene_8
Gene_55,Gene_9
Gene_55,Gene_10
Gene_55,Gene_11
Gene_55,Gene_12
Gene_55,Gene_13
Gene_55,Gene_15
Gene_55,Gene_16
Gene_55,Gene_17
Gene_55,Gene_18
Gene_55,Gene_19
Gene_55,Gene_20
Gene_55,Gene_21
Gene_55,Gene_22
Gene_55,Gene_23
Gene_55,Gene_24
Gene_55,Gene_25
Gene_55,Gene_26
Gene_55,Gene_27
Gene_55,Gene_28
Gene_55,Gene_29
Gene_55,Gene_30
Gene_55,Gene_31
Gene_55,Gene_32
Gene_55,Gene_33
Gene_55,Gene_34
Gene_55,Gene_35
Gene_55,Gene_36
Gene_55,Gene_38
Gene_55,Gene_39
Gene_55,Gene_40
Gene_55,Gene_42
Gene_55,Gene_43
Gene_55,Gene_44
Gene_55,Gene_45
Gene_55,Gene_46
Gene_55,Gene_47
Gene_55,Gene_48
Gene_55,Gene_49
Gene_55,Gene_50
Gene_55,Gene_51
Gene_55,Gene_52
Gene_55,Gene_53
Gene_55,Gene_54
Gene_55,Gene_55
Gene_55,Gene_56
Gene_55,Gene_57
Gene_55,Gene_58
Gene_55,Gene_60
Gene_55,Gene_61
Gene_55,Gene_62
Gene_55,Gene_63
Gene_55,Gene_64
Gene_55,Gene_65
Gene_55,Gene_66
Gene_55,Gene_68
Gene_55,Gene_69
Gene_55,Gene_70
Gene_55,Gene_71
Gene_55,Gene_72
Gene_55,Gene_73
Gene_55,Gene_74
Gene_55,Gene_75
Gene_55,Gene_76
Gene_55,Gene_77
Gene_55,Gene_78
Gene_55,Gene_79
Gene_55,Gene_80
Gene_55,Gene_81
Gene_55,Gene_82
Gene_55,Gene_83
Gene_55,Gene_85
Gene_55,Gene_86
Gene_55,Gene_87
Gene_55,Gene_88
Gene_55,Gene_89
Gene_55,Gene_90
Gene_55,Gene_92
Gene_55,Gene_93
Gene_55,Gene_94
Gene_55,Gene_95
Gene_55,Gene_96
Gene_55,Gene_97
Gene_55,Gene_98
Gene_55,Gene_100
Gene_55,Gene_101
Gene_55,Gene_102
Gene_55,Gene_104
Gene_55,Gene_105
Gene_55,Gene_106
Gene_55,Gene_109
Gene_55,Gene_110
Gene_55,Gene_111
Gene_55,Gene_112
Gene_55,Gene_113
Gene_55,Gene_114
Gene_55,Gene_115
Gene_55,Gene_117
Gene_55,Gene_118
Gene_55,Gene_120
Gene_55,Gene_121
Gene_55,Gene_122
Gene_55,Gene_123
Gene_55,Gene_124
Gene_55,Gene_125
Gene_55,Gene_127
Gene_55,Gene_128
Gene_55,Gene_129
Gene_55,Gene_131
Gene_55,Gene_132
Gene_55,Gene_133
Gene_55,Gene_134
Gene_55,Gene_135
Gene_55,Gene_137
Gene_55,Gene_140
Gene_55,Gene_141
Gene_55,Gene_142
Gene_55,Gene_145
Gene_55,Gene_147
Gene_55,Gene_148
Gene_55,Gene_149
Gene_55,Gene_150
Gene_55,Gene_153
Gene_55,Gene_155
Gene_55,Gene_156
Gene_55,Gene_157
Gene_55,Gene_158
Gene_55,Gene_160
Gene_55,Gene_161
Gene_55,Gene_162
Gene_55,Gene_163
Gene_55,Gene_164
Gene_55,Gene_166
Gene_55,Gene_167
Gene_55,Gene_170
Gene_55,Gene_171
Gene_55,Gene_172
Gene_55,Gene_173
Gene_55,Gene_174
Gene_55,Gene_175
Gene_55,Gene_178
Gene_55,Gene_179
Gene_55,Gene_180
Gene_55,Gene_181
Gene_55,Gene_182
Gene_55,Gene_183
Gene_55,Gene_184
Gene_55,Gene_185
Gene_55,Gene_186
Gene_55,Gene_187
Gene_55,Gene_188
Gene_55,Gene_189
Gene_55,Gene_190
Gene_55,Gene_191
Gene_55,Gene_192
Gene_55,Gene_194
Gene_55,Gene_195
Gene_55,Gene_196
Gene_55,Gene_197
Gene_55,Gene_198
Gene_55,Gene_199
Gene_56,Gene_0
Gene_56,Gene_1
Gene_56,Gene_3
Gene_56,Gene_5
Gene_56,Gene_7
Gene_56,Gene_8
Gene_56,Gene_9
Gene_56,Gene_10
Gene_56,Gene_11
Gene_56,Gene_12
Gene_56,Gene_13
Gene_56,Gene_14
Gene_56,Gene_15
Gene_56,Gene_16
Gene_56,Gene_17
Gene_56,Gene_18
Gene_56,Gene_19
Gene_56,Gene_20
Gene_56,Gene_21
Gene_56,Gene_23
Gene_56,Gene_24
Gene_56,Gene_25
Gene_56,Gene_26
Gene_56,Gene_27
Gene_56,Gene_28
Gene_56,Gene_29
Gene_56,Gene_30
Gene_56,Gene_31
Gene_56,Gene_32
Gene_56,Gene_33
Gene_56,Gene_37
Gene_56,Gene_38
Gene_56,Gene_39
Gene_56,Gene_40
Gene_56,Gene_41
Gene_56,Gene_42
Gene_56,Gene_43
Gene_56,Gene_44
Gene_56,Gene_45
Gene_56,Gene_46
Gene_56,Gene_47
Gene_56,Gene_48
Gene_56,Gene_49
Gene_56,Gene_50
Gene_56,Gene_51
Gene_56,Gene_52
Gene_56,Gene_53
Gene_56,Gene_54
Gene_56,Gene_56
Gene_56,Gene_57
Gene_56,Gene_58
Gene_56,Gene_59
Gene_56,Gene_60
Gene_56,Gene_61
Gene_56,Gene_62
Gene_56,Gene_64
Gene_56,Gene_65
Gene_56,Gene_66
Gene_56,Gene_67
Gene_56,Gene_68
Gene_56,Gene_69
Gene_56,Gene_70
Gene_56,Gene_71
Gene_56,Gene_72
Gene_56,Gene_73
Gene_56,Gene_74
Gene_56,Gene_75
Gene_56,Gene_76
Gene_56,Gene_77
Gene_56,Gene_78
Gene_56,Gene_79
Gene_56,Gene_80
Gene_56,Gene_81
Gene_56,Gene_82
Gene_56,Gene_85
Gene_56,Gene_86
Gene_56,Gene_87
Gene_56,Gene_90
Gene_56,Gene_91
Gene_56,Gene_93
Gene_56,Gene_95
Gene_56,Gene_96
Gene_56,Gene_99
Gene_56,Gene_100
Gene_56,Gene_101
Gene_56,Gene_102
Gene_56,Gene_103
Gene_56,Gene_104
Gene_56,Gene_105
Gene_56,Gene_107
Gene_56,Gene_108
Gene_56,Gene_109
Gene_56,Gene_110
Gene_56,Gene_113
Gene_56,Gene_115
Gene_56,Gene_117
Gene_56,Gene_118
Gene_56,Gene_119
Gene_56,Gene_120
Gene_56,Gene_122
Gene_56,Gene_123
Gene_56,Gene_124
Gene_56,Gene_126
Gene_56,Gene_127
Gene_56,Gene_128
Gene_56,Gene_129
Gene_56,Gene_130
Gene_56,Gene_131
Gene_56,Gene_132
Gene_56,Gene_133
Gene_56,Gene_134
Gene_56,Gene_135
Gene_56,Gene_136
Gene_56,Gene_138
Gene_56,Gene_139
Gene_56,Gene_140
Gene_56,Gene_141
Gene_56,Gene_142
Gene_56,Gene_143
Gene_56,Gene_144
Gene_56,Gene_146
Gene_56,Gene_147
Gene_56,Gene_148
Gene_56,Gene_149
Gene_56,Gene_151
Gene_56,Gene_153
Gene_56,Gene_154
Gene_56,Gene_157
Gene_56,Gene_158
Gene_56,Gene_159
Gene_56,Gene_160
Gene_56,Gene_161
Gene_56,Gene_163
Gene_56,Gene_164
Gene_56,Gene_165
Gene_56,Gene_168
Gene_56,Gene_169
Gene_56,Gene_170
Gene_56,Gene_171
Gene_56,Gene_172
Gene_56,Gene_173
Gene_56,Gene_174
Gene_56,Gene_175
Gene_56,Gene_176
Gene_56,Gene_177
Gene_56,Gene_178
Gene_56,Gene_179
Gene_56,Gene_180
Gene_56,Gene_181
Gene_56,Gene_182
Gene_56,Gene_185
Gene_56,Gene_188
Gene_56,Gene_189
Gene_56,Gene_190
Gene_56,Gene_191
Gene_56,Gene_192
Gene_56,Gene_193
Gene_56,Gene_194
Gene_56,Gene_195
Gene_56,Gene_196
Gene_56,Gene_198
Gene_56,Gene_199
Gene_57,Gene_0
Gene_57,Gene_2
Gene_57,Gene_3
Gene_57,Gene_4
Gene_57,Gene_6
Gene_57,Gene_8
Gene_57,Gene_9
Gene_57,Gene_10
Gene_57,Gene_11
Gene_57,Gene_12
Gene_57,Gene_13
Gene_57,Gene_14
Gene_57,Gene_15
Gene_57,Gene_16
Gene_57,Gene_17
Gene_57,Gene_18
Gene_57,Gene_19
Gene_57,Gene_20
Gene_57,Gene_22
Gene_57,Gene_23
Gene_57,Gene_24
Gene_57,Gene_25
Gene_57,Gene_26
Gene_57,Gene_27
Gene_57,Gene_28
Gene_57,Gene_29
Gene_57,Gene_30
Gene_57,Gene_31
Gene_57,Gene_32
Gene_57,Gene_34
Gene_57,Gene_35
Gene_57,Gene_36
Gene_57,Gene_37
Gene_57,Gene_38
Gene_57,Gene_39
Gene_57,Gene_40
Gene_57,Gene_42
Gene_57,Gene_43
Gene_57,Gene_44
Gene_57,Gene_45
Gene_57,Gene_46
Gene_57,Gene_48
Gene_57,Gene_51
Gene_57,Gene_53
Gene_57,Gene_54
Gene_57,Gene_55
Gene_57,Gene_57
Gene_57,Gene_59
Gene_57,Gene_60
Gene_57,Gene_61
Gene_57,Gene_62
Gene_57,Gene_63
Gene_57,Gene_64
Gene_57,Gene_66
Gene_57,Gene_67
Gene_57,Gene_68
Gene_57,Gene_69
Gene_57,Gene_71
Gene_57,Gene_72
Gene_57,Gene_74
Gene_57,Gene_75
Gene_57,Gene_76
Gene_57,Gene_77
Gene_57,Gene_79
Gene_57,Gene_80
Gene_57,Gene_82
Gene_57,Gene_83
Gene_57,Gene_84
Gene_57,Gene_85
Gene_57,Gene_87
Gene_57,Gene_89
Gene_57,Gene_90
Gene_57,Gene_91
Gene_57,Gene_93
Gene_57,Gene_94
Gene_57,Gene_95
Gene_57,Gene_96
Gene_57,Gene_97
Gene_57,Gene_98
Gene_57,Gene_99
Gene_57,Gene_100
Gene_57,Gene_101
Gene_57,Gene_103
Gene_57,Gene_104
Gene_57,Gene_105
Gene_57,Gene_106
Gene_57,Gene_108
Gene_57,Gene_109
Gene_57,Gene_110
Gene_57,Gene_111
Gene_57,Gene_112
Gene_57,Gene_113
Gene_57,Gene_114
Gene_57,Gene_115
Gene_57,Gene_116
Gene_57,Gene_117
Gene_57,Gene_118
Gene_57,Gene_119
Gene_57,Gene_120
Gene_57,Gene_121
Gene_57,Gene_123
Gene_57,Gene_124
Gene_57,Gene_125
Gene_57,Gene_126
Gene_57,Gene_127
Gene_57,Gene_128
Gene_57,Gene_129
Gene_57,Gene_130
Gene_57,Gene_131
Gene_57,Gene_133
Gene_57,Gene_134
Gene_57,Gene_135
Gene_57,Gene_136
Gene_57,Gene_137
Gene_57,Gene_138
Gene_57,Gene_139
Gene_57,Gene_140
Gene_57,Gene_141
Gene_57,Gene_142
Gene_57,Gene_143
Gene_57,Gene_144
Gene_57,Gene_145
Gene_57,Gene_147
Gene_57,Gene_148
Gene_57,Gene_149
Gene_57,Gene_150
Gene_57,Gene_151
Gene_57,Gene_153
Gene_57,Gene_155
Gene_57,Gene_156
Gene_57,Gene_157
Gene_57,Gene_158
Gene_57,Gene_159
Gene_57,Gene_160
Gene_57,Gene_162
Gene_57,Gene_163
Gene_57,Gene_164
Gene_57,Gene_165
Gene_57,Gene_166
Gene_57,Gene_167
Gene_57,Gene_169
Gene_57,Gene_170
Gene_57,Gene_171
Gene_57,Gene_174
Gene_57,Gene_175
Gene_57,Gene_176
Gene_57,Gene_177
Gene_57,Gene_178
Gene_57,Gene_179
Gene_57,Gene_180
Gene_57,Gene_181
Gene_57,Gene_183
Gene_57,Gene_184
Gene_57,Gene_185
Gene_57,Gene_186
Gene_57,Gene_187
Gene_57,Gene_188
Gene_57,Gene_191
Gene_57,Gene_192
Gene_57,Gene_194
Gene_57,Gene_196
Gene_57,Gene_197
Gene_57,Gene_198
Gene_57,Gene_199
Gene_57,Gene_200
Gene_58,Gene_0
Gene_58,Gene_1
Gene_58,Gene_3
Gene_58,Gene_5
Gene_58,Gene_6
Gene_58,Gene_8
Gene_58,Gene_9
Gene_58,Gene_10
Gene_58,Gene_12
Gene_58,Gene_13
Gene_58,Gene_14
Gene_58,Gene_15
Gene_58,Gene_16
Gene_58,Gene_18
Gene_58,Gene_19
Gene_58,Gene_20
Gene_58,Gene_22
Gene_58,Gene_23
Gene_58,Gene_24
Gene_58,Gene_25
Gene_58,Gene_26
Gene_58,Gene_27
Gene_58,Gene_28
Gene_58,Gene_29
Gene_58,Gene_30
Gene_58,Gene_31
Gene_58,Gene_33
Gene_58,Gene_36
Gene_58,Gene_37
Gene_58,Gene_38
Gene_58,Gene_41
Gene_58,Gene_43
Gene_58,Gene_44
Gene_58,Gene_46
Gene_58,Gene_47
Gene_58,Gene_48
Gene_58,Gene_49
Gene_58,Gene_51
Gene_58,Gene_52
Gene_58,Gene_53
Gene_58,Gene_55
Gene_58,Gene_56
Gene_58,Gene_57
Gene_58,Gene_61
Gene_58,Gene_62
Gene_58,Gene_63
Gene_58,Gene_65
Gene_58,Gene_66
Gene_58,Gene_67
Gene_58,Gene_69
Gene_58,Gene_70
Gene_58,Gene_71
Gene_58,Gene_72
Gene_58,Gene_73
Gene_58,Gene_74
Gene_58,Gene_75
Gene_58,Gene_77
Gene_58,Gene_78
Gene_58,Gene_79
Gene_58,Gene_80
Gene_58,Gene_82
Gene_58,Gene_83
Gene_58,Gene_84
Gene_58,Gene_85
Gene_58,Gene_86
Gene_58,Gene_87
Gene_58,Gene_88
Gene_58,Gene_89
Gene_58,Gene_90
Gene_58,Gene_91
Gene_58,Gene_92
Gene_58,Gene_93
Gene_58,Gene_94
Gene_58,Gene_95
Gene_58,Gene_96
Gene_58,Gene_97
Gene_58,Gene_98
Gene_58,Gene_99
Gene_58,Gene_100
Gene_58,Gene_101
Gene_58,Gene_102
Gene_58,Gene_103
Gene_58,Gene_104
Gene_58,Gene_105
Gene_58,Gene_106
Gene_58,Gene_107
Gene_58,Gene_108
Gene_58,Gene_109
Gene_58,Gene_110
Gene_58,Gene_111
Gene_58,Gene_112
Gene_58,Gene_113
Gene_58,Gene_114
Gene_58,Gene_115
Gene_58,Gene_116
Gene_58,Gene_118
Gene_58,Gene_120
Gene_58,Gene_121
Gene_58,Gene_123
Gene_58,Gene_124
Gene_58,Gene_125
Gene_58,Gene_127
Gene_58,Gene_128
Gene_58,Gene_129
Gene_58,Gene_130
Gene_58,Gene_131
Gene_58,Gene_132
Gene_58,Gene_133
Gene_58,Gene_134
Gene_58,Gene_135
Gene_58,Gene_137
Gene_58,Gene_138
Gene_58,Gene_139
Gene_58,Gene_141
Gene_58,Gene_142
Gene_58,Gene_143
Gene_58,Gene_144
Gene_58,Gene_146
Gene_58,Gene_147
Gene_58,Gene_148
Gene_58,Gene_149
Gene_58,Gene_151
Gene_58,Gene_152
Gene_58,Gene_153
Gene_58,Gene_155
Gene_58,Gene_156
Gene_58,Gene_157
Gene_58,Gene_158
Gene_58,Gene_160
Gene_58,Gene_161
Gene_58,Gene_162
Gene_58,Gene_163
Gene_58,Gene_164
Gene_58,Gene_165
Gene_58,Gene_167
Gene_58,Gene_169
Gene_58,Gene_170
Gene_58,Gene_171
Gene_58,Gene_172
Gene_58,Gene_173
Gene_58,Gene_174
Gene_58,Gene_175
Gene_58,Gene_177
Gene_58,Gene_179
Gene_58,Gene_181
Gene_58,Gene_182
Gene_58,Gene_183
Gene_58,Gene_184
Gene_58,Gene_185
Gene_58,Gene_186
Gene_58,Gene_187
Gene_58,Gene_188
Gene_58,Gene_189
Gene_58,Gene_191
Gene_58,Gene_193
Gene_58,Gene_194
Gene_58,Gene_195
Gene_58,Gene_199
Gene_58,Gene_200
Gene_59,Gene_0
Gene_59,Gene_1
Gene_59,Gene_3
Gene_59,Gene_5
Gene_59,Gene_8
Gene_59,Gene_10
Gene_59,Gene_11
Gene_59,Gene_12
Gene_59,Gene_13
Gene_59,Gene_14
Gene_59,Gene_15
Gene_59,Gene_16
Gene_59,Gene_17
Gene_59,Gene_18
Gene_59,Gene_20
Gene_59,Gene_21
Gene_59,Gene_22
Gene_59,Gene_23
Gene_59,Gene_24
Gene_59,Gene_25
Gene_59,Gene_27
Gene_59,Gene_28
Gene_59,Gene_29
Gene_59,Gene_30
Gene_59,Gene_31
Gene_59,Gene_32
Gene_59,Gene_33
Gene_59,Gene_35
Gene_59,Gene_36
Gene_59,Gene_37
Gene_59,Gene_38
Gene_59,Gene_39
Gene_59,Gene_40
Gene_59,Gene_41
Gene_59,Gene_42
Gene_59,Gene_43
Gene_59,Gene_45
Gene_59,Gene_47
Gene_59,Gene_48
Gene_59,Gene_49
Gene_59,Gene_50
Gene_59,Gene_52
Gene_59,Gene_53
Gene_59,Gene_54
Gene_59,Gene_55
Gene_59,Gene_58
Gene_59,Gene_61
Gene_59,Gene_62
Gene_59,Gene_63
Gene_59,Gene_64
Gene_59,Gene_65
Gene_59,Gene_66
Gene_59,Gene_68
Gene_59,Gene_69
Gene_59,Gene_70
Gene_59,Gene_71
Gene_59,Gene_72
Gene_59,Gene_73
Gene_59,Gene_74
Gene_59,Gene_75
Gene_59,Gene_79
Gene_59,Gene_80
Gene_59,Gene_81
Gene_59,Gene_82
Gene_59,Gene_83
Gene_59,Gene_85
Gene_59,Gene_87
Gene_59,Gene_88
Gene_59,Gene_89
Gene_59,Gene_91
Gene_59,Gene_94
Gene_59,Gene_95
Gene_59,Gene_96
Gene_59,Gene_97
Gene_59,Gene_98
Gene_59,Gene_100
Gene_59,Gene_101
Gene_59,Gene_103
Gene_59,Gene_105
Gene_59,Gene_106
Gene_59,Gene_107
Gene_59,Gene_108
Gene_59,Gene_109
Gene_59,Gene_111
Gene_59,Gene_112
Gene_59,Gene_113
Gene_59,Gene_114
Gene_59,Gene_116
Gene_59,Gene_117
Gene_59,Gene_118
Gene_59,Gene_119
Gene_59,Gene_120
Gene_59,Gene_122
Gene_59,Gene_124
Gene_59,Gene_126
Gene_59,Gene_127
Gene_59,Gene_128
Gene_59,Gene_129
Gene_59,Gene_130
Gene_59,Gene_131
Gene_59,Gene_132
Gene_59,Gene_133
Gene_59,Gene_134
Gene_59,Gene_135
Gene_59,Gene_136
Gene_59,Gene_137
Gene_59,Gene_139
Gene_59,Gene_141
Gene_59,Gene_142
Gene_59,Gene_143
Gene_59,Gene_144
Gene_59,Gene_145
Gene_59,Gene_146
Gene_59,Gene_148
Gene_59,Gene_149
Gene_59,Gene_150
Gene_59,Gene_151
Gene_59,Gene_152
Gene_59,Gene_153
Gene_59,Gene_154
Gene_59,Gene_155
Gene_59,Gene_156
Gene_59,Gene_157
Gene_59,Gene_158
Gene_59,Gene_159
Gene_59,Gene_160
Gene_59,Gene_161
Gene_59,Gene_163
Gene_59,Gene_164
Gene_59,Gene_165
Gene_59,Gene_166
Gene_59,Gene_167
Gene_59,Gene_168
Gene_59,Gene_169
Gene_59,Gene_170
Gene_59,Gene_173
Gene_59,Gene_174
Gene_59,Gene_175
Gene_59,Gene_176
Gene_59,Gene_178
Gene_59,Gene_179
Gene_59,Gene_181
Gene_59,Gene_183
Gene_59,Gene_184
Gene_59,Gene_189
Gene_59,Gene_190
Gene_59,Gene_192
Gene_59,Gene_196
Gene_59,Gene_197
Gene_59,Gene_198
Gene_60,Gene_0
Gene_60,Gene_1
Gene_60,Gene_3
Gene_60,Gene_4
Gene_60,Gene_5
Gene_60,Gene_6
Gene_60,Gene_9
Gene_60,Gene_10
Gene_60,Gene_11
Gene_60,Gene_12
Gene_60,Gene_13
Gene_60,Gene_15
Gene_60,Gene_16
Gene_60,Gene_18
Gene_60,Gene_19
Gene_60,Gene_22
Gene_60,Gene_24
Gene_60,Gene_26
Gene_60,Gene_27
Gene_60,Gene_28
Gene_60,Gene_29
Gene_60,Gene_30
Gene_60,Gene_31
Gene_60,Gene_32
Gene_60,Gene_34
Gene_60,Gene_36
Gene_60,Gene_37
Gene_60,Gene_40
Gene_60,Gene_41
Gene_60,Gene_42
Gene_60,Gene_43
Gene_60,Gene_44
Gene_60,Gene_45
Gene_60,Gene_47
Gene_60,Gene_48
Gene_60,Gene_49
Gene_60,Gene_50
Gene_60,Gene_51
Gene_60,Gene_53
Gene_60,Gene_54
Gene_60,Gene_55
Gene_60,Gene_56
Gene_60,Gene_58
Gene_60,Gene_59
Gene_60,Gene_60
Gene_60,Gene_61
Gene_60,Gene_62
Gene_60,Gene_63
Gene_60,Gene_64
Gene_60,Gene_65
Gene_60,Gene_67
Gene_60,Gene_68
Gene_60,Gene_69
Gene_60,Gene_70
Gene_60,Gene_71
Gene_60,Gene_72
Gene_60,Gene_73
Gene_60,Gene_74
Gene_60,Gene_76
Gene_60,Gene_78
Gene_60,Gene_79
Gene_60,Gene_80
Gene_60,Gene_81
Gene_60,Gene_82
Gene_60,Gene_83
Gene_60,Gene_84
Gene_60,Gene_85
Gene_60,Gene_87
Gene_60,Gene_88
Gene_60,Gene_89
Gene_60,Gene_90
Gene_60,Gene_91
Gene_60,Gene_92
Gene_60,Gene_93
Gene_60,Gene_95
Gene_60,Gene_96
Gene_60,Gene_97
Gene_60,Gene_98
Gene_60,Gene_99
Gene_60,Gene_100
Gene_60,Gene_101
Gene_60,Gene_102
Gene_60,Gene_103
Gene_60,Gene_104
Gene_60,Gene_105
Gene_60,Gene_106
Gene_60,Gene_108
Gene_60,Gene_110
Gene_60,Gene_111
Gene_60,Gene_113
Gene_60,Gene_114
Gene_60,Gene_116
Gene_60,Gene_119
Gene_60,Gene_120
Gene_60,Gene_121
Gene_60,Gene_123
Gene_60,Gene_124
Gene_60,Gene_126
Gene_60,Gene_127
Gene_60,Gene_128
Gene_60,Gene_130
Gene_60,Gene_131
Gene_60,Gene_132
Gene_60,Gene_133
Gene_60,Gene_134
Gene_60,Gene_135
Gene_60,Gene_136
Gene_60,Gene_137
Gene_60,Gene_138
Gene_60,Gene_139
Gene_60,Gene_140
Gene_60,Gene_142
Gene_60,Gene_146
Gene_60,Gene_147
Gene_60,Gene_151
Gene_60,Gene_152
Gene_60,Gene_153
Gene_60,Gene_155
Gene_60,Gene_156
Gene_60,Gene_159
Gene_60,Gene_160
Gene_60,Gene_161
Gene_60,Gene_162
Gene_60,Gene_163
Gene_60,Gene_164
Gene_60,Gene_165
Gene_60,Gene_167
Gene_60,Gene_168
Gene_60,Gene_170
Gene_60,Gene_173
Gene_60,Gene_174
Gene_60,Gene_175
Gene_60,Gene_177
Gene_60,Gene_178
Gene_60,Gene_179
Gene_60,Gene_180
Gene_60,Gene_181
Gene_60,Gene_182
Gene_60,Gene_183
Gene_60,Gene_184
Gene_60,Gene_186
Gene_60,Gene_187
Gene_60,Gene_188
Gene_60,Gene_189
Gene_60,Gene_190
Gene_60,Gene_191
Gene_60,Gene_192
Gene_60,Gene_193
Gene_60,Gene_194
Gene_60,Gene_196
Gene_60,Gene_197
Gene_60,Gene_198
Gene_60,Gene_199
Gene_60,Gene_200
Gene_61,Gene_0
Gene_61,Gene_1
Gene_61,Gene_2
Gene_61,Gene_3
Gene_61,Gene_4
Gene_61,Gene_5
Gene_61,Gene_6
Gene_61,Gene_7
Gene_61,Gene_8
Gene_61,Gene_9
Gene_61,Gene_10
Gene_61,Gene_11
Gene_61,Gene_12
Gene_61,Gene_13
Gene_61,Gene_14
Gene_61,Gene_15
Gene_61,Gene_16
Gene_61,Gene_17
Gene_61,Gene_19
Gene_61,Gene_20
Gene_61,Gene_21
Gene_61,Gene_22
Gene_61,Gene_23
Gene_61,Gene_25
Gene_61,Gene_26
Gene_61,Gene_27
Gene_61,Gene_28
Gene_61,Gene_31
Gene_61,Gene_32
Gene_61,Gene_34
Gene_61,Gene_35
Gene_61,Gene_37
Gene_61,Gene_38
Gene_61,Gene_39
Gene_61,Gene_40
Gene_61,Gene_41
Gene_61,Gene_42
Gene_61,Gene_43
Gene_61,Gene_44
Gene_61,Gene_45
Gene_61,Gene_46
Gene_61,Gene_47
Gene_61,Gene_49
Gene_61,Gene_50
Gene_61,Gene_51
Gene_61,Gene_52
Gene_61,Gene_53
Gene_61,Gene_54
Gene_61,Gene_55
Gene_61,Gene_57
Gene_61,Gene_58
Gene_61,Gene_59
Gene_61,Gene_60
Gene_61,Gene_61
Gene_61,Gene_63
Gene_61,Gene_64
Gene_61,Gene_65
Gene_61,Gene_66
Gene_61,Gene_67
Gene_61,Gene_68
Gene_61,Gene_69
Gene_61,Gene_70
Gene_61,Gene_72
Gene_61,Gene_73
Gene_61,Gene_74
Gene_61,Gene_75
Gene_61,Gene_77
Gene_61,Gene_78
Gene_61,Gene_79
Gene_61,Gene_80
Gene_61,Gene_81
Gene_61,Gene_82
Gene_61,Gene_83
Gene_61,Gene_84
Gene_61,Gene_85
Gene_61,Gene_86
Gene_61,Gene_87
Gene_61,Gene_88
Gene_61,Gene_89
Gene_61,Gene_90
Gene_61,Gene_91
Gene_61,Gene_92
Gene_61,Gene_93
Gene_61,Gene_94
Gene_61,Gene_95
Gene_61,Gene_96
Gene_61,Gene_97
Gene_61,Gene_99
Gene_61,Gene_100
Gene_61,Gene_101
Gene_61,Gene_102
Gene_61,Gene_104
Gene_61,Gene_105
Gene_61,Gene_106
Gene_61,Gene_107
Gene_61,Gene_108
Gene_61,Gene_109
Gene_61,Gene_110
Gene_61,Gene_111
Gene_61,Gene_112
Gene_61,Gene_113
Gene_61,Gene_114
Gene_61,Gene_115
Gene_61,Gene_116
Gene_61,Gene_117
Gene_61,Gene_118
Gene_61,Gene_119
Gene_61,Gene_121
Gene_61,Gene_122
Gene_61,Gene_123
Gene_61,Gene_124
Gene_61,Gene_125
Gene_61,Gene_126
Gene_61,Gene_127
Gene_61,Gene_128
Gene_61,Gene_129
Gene_61,Gene_130
Gene_61,Gene_131
Gene_61,Gene_132
Gene_61,Gene_133
Gene_61,Gene_134
Gene_61,Gene_135
Gene_61,Gene_136
Gene_61,Gene_137
Gene_61,Gene_138
Gene_61,Gene_139
Gene_61,Gene_140
Gene_61,Gene_141
Gene_61,Gene_142
Gene_61,Gene_143
Gene_61,Gene_144
Gene_61,Gene_145
Gene_61,Gene_146
Gene_61,Gene_148
Gene_61,Gene_152
Gene_61,Gene_153
Gene_61,Gene_154
Gene_61,Gene_155
Gene_61,Gene_157
Gene_61,Gene_158
Gene_61,Gene_160
Gene_61,Gene_161
Gene_61,Gene_162
Gene_61,Gene_163
Gene_61,Gene_164
Gene_61,Gene_165
Gene_61,Gene_166
Gene_61,Gene_167
Gene_61,Gene_168
Gene_61,Gene_170
Gene_61,Gene_171
Gene_61,Gene_172
Gene_61,Gene_173
Gene_61,Gene_174
Gene_61,Gene_175
Gene_61,Gene_176
Gene_61,Gene_179
Gene_61,Gene_180
Gene_61,Gene_181
Gene_61,Gene_182
Gene_61,Gene_183
Gene_61,Gene_184
Gene_61,Gene_185
Gene_61,Gene_186
Gene_61,Gene_187
Gene_61,Gene_188
Gene_61,Gene_189
Gene_61,Gene_190
Gene_61,Gene_191
Gene_61,Gene_192
Gene_61,Gene_193
Gene_61,Gene_194
Gene_61,Gene_195
Gene_61,Gene_196
Gene_61,Gene_197
Gene_61,Gene_198
Gene_61,Gene_199
Gene_61,Gene_200
Gene_62,Gene_0
Gene_62,Gene_1
Gene_62,Gene_2
Gene_62,Gene_3
Gene_62,Gene_4
Gene_62,Gene_5
Gene_62,Gene_7
Gene_62,Gene_8
Gene_62,Gene_10
Gene_62,Gene_12
Gene_62,Gene_13
Gene_62,Gene_14
Gene_62,Gene_15
Gene_62,Gene_16
Gene_62,Gene_17
Gene_62,Gene_18
Gene_62,Gene_19
Gene_62,Gene_21
Gene_62,Gene_22
Gene_62,Gene_23
Gene_62,Gene_24
Gene_62,Gene_25
Gene_62,Gene_26
Gene_62,Gene_27
Gene_62,Gene_28
Gene_62,Gene_29
Gene_62,Gene_30
Gene_62,Gene_33
Gene_62,Gene_34
Gene_62,Gene_35
Gene_62,Gene_37
Gene_62,Gene_38
Gene_62,Gene_40
Gene_62,Gene_43
Gene_62,Gene_44
Gene_62,Gene_45
Gene_62,Gene_46
Gene_62,Gene_47
Gene_62,Gene_48
Gene_62,Gene_49
Gene_62,Gene_51
Gene_62,Gene_52
Gene_62,Gene_53
Gene_62,Gene_54
Gene_62,Gene_55
Gene_62,Gene_56
Gene_62,Gene_57
Gene_62,Gene_58
Gene_62,Gene_59
Gene_62,Gene_60
Gene_62,Gene_61
Gene_62,Gene_62
Gene_62,Gene_63
Gene_62,Gene_65
Gene_62,Gene_66
Gene_62,Gene_67
Gene_62,Gene_69
Gene_62,Gene_70
Gene_62,Gene_72
Gene_62,Gene_73
Gene_62,Gene_74
Gene_62,Gene_75
Gene_62,Gene_76
Gene_62,Gene_78
Gene_62,Gene_79
Gene_62,Gene_80
Gene_62,Gene_82
Gene_62,Gene_83
Gene_62,Gene_84
Gene_62,Gene_85
Gene_62,Gene_86
Gene_62,Gene_87
Gene_62,Gene_88
Gene_62,Gene_90
Gene_62,Gene_91
Gene_62,Gene_92
Gene_62,Gene_93
Gene_62,Gene_95
Gene_62,Gene_96
Gene_62,Gene_97
Gene_62,Gene_98
Gene_62,Gene_99
Gene_62,Gene_100
Gene_62,Gene_101
Gene_62,Gene_103
Gene_62,Gene_104
Gene_62,Gene_105
Gene_62,Gene_106
Gene_62,Gene_107
Gene_62,Gene_108
Gene_62,Gene_109
Gene_62,Gene_110
Gene_62,Gene_111
Gene_62,Gene_112
Gene_62,Gene_113
Gene_62,Gene_114
Gene_62,Gene_115
Gene_62,Gene_116
Gene_62,Gene_117
Gene_62,Gene_118
Gene_62,Gene_119
Gene_62,Gene_120
Gene_62,Gene_121
Gene_62,Gene_122
Gene_62,Gene_123
Gene_62,Gene_124
Gene_62,Gene_127
Gene_62,Gene_128
Gene_62,Gene_129
Gene_62,Gene_130
Gene_62,Gene_131
Gene_62,Gene_132
Gene_62,Gene_133
Gene_62,Gene_134
Gene_62,Gene_135
Gene_62,Gene_136
Gene_62,Gene_137
Gene_62,Gene_138
Gene_62,Gene_139
Gene_62,Gene_141
Gene_62,Gene_143
Gene_62,Gene_144
Gene_62,Gene_145
Gene_62,Gene_146
Gene_62,Gene_147
Gene_62,Gene_148
Gene_62,Gene_149
Gene_62,Gene_151
Gene_62,Gene_152
Gene_62,Gene_153
Gene_62,Gene_156
Gene_62,Gene_157
Gene_62,Gene_158
Gene_62,Gene_159
Gene_62,Gene_160
Gene_62,Gene_161
Gene_62,Gene_162
Gene_62,Gene_163
Gene_62,Gene_164
Gene_62,Gene_165
Gene_62,Gene_166
Gene_62,Gene_167
Gene_62,Gene_168
Gene_62,Gene_169
Gene_62,Gene_170
Gene_62,Gene_171
Gene_62,Gene_172
Gene_62,Gene_173
Gene_62,Gene_174
Gene_62,Gene_175
Gene_62,Gene_176
Gene_62,Gene_177
Gene_62,Gene_178
Gene_62,Gene_179
Gene_62,Gene_180
Gene_62,Gene_181
Gene_62,Gene_183
Gene_62,Gene_185
Gene_62,Gene_186
Gene_62,Gene_187
Gene_62,Gene_188
Gene_62,Gene_189
Gene_62,Gene_190
Gene_62,Gene_191
Gene_62,Gene_192
Gene_62,Gene_193
Gene_62,Gene_194
Gene_62,Gene_195
Gene_62,Gene_197
Gene_62,Gene_198
Gene_62,Gene_199
Gene_62,Gene_200
Gene_63,Gene_0
Gene_63,Gene_1
Gene_63,Gene_2
Gene_63,Gene_3
Gene_63,Gene_6
Gene_63,Gene_7
Gene_63,Gene_9
Gene_63,Gene_10
Gene_63,Gene_11
Gene_63,Gene_12
Gene_63,Gene_13
Gene_63,Gene_14
Gene_63,Gene_15
Gene_63,Gene_16
Gene_63,Gene_17
Gene_63,Gene_18
Gene_63,Gene_19
Gene_63,Gene_20
Gene_63,Gene_23
Gene_63,Gene_24
Gene_63,Gene_26
Gene_63,Gene_27
Gene_63,Gene_29
Gene_63,Gene_30
Gene_63,Gene_32
Gene_63,Gene_34
Gene_63,Gene_35
Gene_63,Gene_36
Gene_63,Gene_38
Gene_63,Gene_39
Gene_63,Gene_40
Gene_63,Gene_41
Gene_63,Gene_43
Gene_63,Gene_44
Gene_63,Gene_46
Gene_63,Gene_47
Gene_63,Gene_48
Gene_63,Gene_49
Gene_63,Gene_51
Gene_63,Gene_52
Gene_63,Gene_53
Gene_63,Gene_54
Gene_63,Gene_56
Gene_63,Gene_57
Gene_63,Gene_58
Gene_63,Gene_59
Gene_63,Gene_60
Gene_63,Gene_61
Gene_63,Gene_62
Gene_63,Gene_63
Gene_63,Gene_64
Gene_63,Gene_65
Gene_63,Gene_66
Gene_63,Gene_70
Gene_63,Gene_72
Gene_63,Gene_73
Gene_63,Gene_75
Gene_63,Gene_76
Gene_63,Gene_77
Gene_63,Gene_78
Gene_63,Gene_79
Gene_63,Gene_80
Gene_63,Gene_82
Gene_63,Gene_83
Gene_63,Gene_84
Gene_63,Gene_86
Gene_63,Gene_87
Gene_63,Gene_88
Gene_63,Gene_89
Gene_63,Gene_90
Gene_63,Gene_91
Gene_63,Gene_92
Gene_63,Gene_93
Gene_63,Gene_94
Gene_63,Gene_97
Gene_63,Gene_98
Gene_63,Gene_99
Gene_63,Gene_100
Gene_63,Gene_101
Gene_63,Gene_102
Gene_63,Gene_103
Gene_63,Gene_104
Gene_63,Gene_105
Gene_63,Gene_107
Gene_63,Gene_108
Gene_63,Gene_109
Gene_63,Gene_110
Gene_63,Gene_111
Gene_63,Gene_112
Gene_63,Gene_113
Gene_63,Gene_115
Gene_63,Gene_116
Gene_63,Gene_117
Gene_63,Gene_118
Gene_63,Gene_119
Gene_63,Gene_121
Gene_63,Gene_122
Gene_63,Gene_123
Gene_63,Gene_124
Gene_63,Gene_125
Gene_63,Gene_126
Gene_63,Gene_127
Gene_63,Gene_128
Gene_63,Gene_129
Gene_63,Gene_130
Gene_63,Gene_132
Gene_63,Gene_133
Gene_63,Gene_134
Gene_63,Gene_135
Gene_63,Gene_136
Gene_63,Gene_139
Gene_63,Gene_140
Gene_63,Gene_141
Gene_63,Gene_142
Gene_63,Gene_143
Gene_63,Gene_144
Gene_63,Gene_146
Gene_63,Gene_147
Gene_63,Gene_148
Gene_63,Gene_149
Gene_63,Gene_152
Gene_63,Gene_153
Gene_63,Gene_154
Gene_63,Gene_155
Gene_63,Gene_156
Gene_63,Gene_157
Gene_63,Gene_158
Gene_63,Gene_159
Gene_63,Gene_161
Gene_63,Gene_162
Gene_63,Gene_163
Gene_63,Gene_164
Gene_63,Gene_165
Gene_63,Gene_166
Gene_63,Gene_169
Gene_63,Gene_170
Gene_63,Gene_171
Gene_63,Gene_173
Gene_63,Gene_174
Gene_63,Gene_175
Gene_63,Gene_176
Gene_63,Gene_177
Gene_63,Gene_179
Gene_63,Gene_180
Gene_63,Gene_181
Gene_63,Gene_182
Gene_63,Gene_184
Gene_63,Gene_185
Gene_63,Gene_186
Gene_63,Gene_187
Gene_63,Gene_188
Gene_63,Gene_189
Gene_63,Gene_190
Gene_63,Gene_192
Gene_63,Gene_194
Gene_63,Gene_195
Gene_63,Gene_196
Gene_63,Gene_197
Gene_63,Gene_198
Gene_63,Gene_199
Gene_63,Gene_200
Gene_64,Gene_6
Gene_64,Gene_9
Gene_64,Gene_12
Gene_64,Gene_13
Gene_64,Gene_15
Gene_64,Gene_17
Gene_64,Gene_21
Gene_64,Gene_23
Gene_64,Gene_24
Gene_64,Gene_26
Gene_64,Gene_27
Gene_64,Gene_28
Gene_64,Gene_30
Gene_64,Gene_33
Gene_64,Gene_34
Gene_64,Gene_42
Gene_64,Gene_43
Gene_64,Gene_44
Gene_64,Gene_45
Gene_64,Gene_51
Gene_64,Gene_52
Gene_64,Gene_57
Gene_64,Gene_63
Gene_64,Gene_67
Gene_64,Gene_75
Gene_64,Gene_77
Gene_64,Gene_79
Gene_64,Gene_83
Gene_64,Gene_91
Gene_64,Gene_92
Gene_64,Gene_94
Gene_64,Gene_97
Gene_64,Gene_100
Gene_64,Gene_102
Gene_64,Gene_103
Gene_64,Gene_106
Gene_64,Gene_107
Gene_64,Gene_110
Gene_64,Gene_112
Gene_64,Gene_116
Gene_64,Gene_117
Gene_64,Gene_118
Gene_64,Gene_119
Gene_64,Gene_120
Gene_64,Gene_121
Gene_64,Gene_122
Gene_64,Gene_125
Gene_64,Gene_128
Gene_64,Gene_129
Gene_64,Gene_130
Gene_64,Gene_142
Gene_64,Gene_144
Gene_64,Gene_150
Gene_64,Gene_152
Gene_64,Gene_158
Gene_64,Gene_161
Gene_64,Gene_162
Gene_64,Gene_169
Gene_64,Gene_172
Gene_64,Gene_183
Gene_64,Gene_184
Gene_64,Gene_186
Gene_64,Gene_190
Gene_64,Gene_195
Gene_64,Gene_196
Gene_64,Gene_198
Gene_64,Gene_200
Gene_65,Gene_0
Gene_65,Gene_1
Gene_65,Gene_2
Gene_65,Gene_3
Gene_65,Gene_4
Gene_65,Gene_5
Gene_65,Gene_6
Gene_65,Gene_7
Gene_65,Gene_8
Gene_65,Gene_9
Gene_65,Gene_10
Gene_65,Gene_11
Gene_65,Gene_12
Gene_65,Gene_13
Gene_65,Gene_14
Gene_65,Gene_15
Gene_65,Gene_16
Gene_65,Gene_17
Gene_65,Gene_18
Gene_65,Gene_19
Gene_65,Gene_20
Gene_65,Gene_21
Gene_65,Gene_23
Gene_65,Gene_24
Gene_65,Gene_25
Gene_65,Gene_26
Gene_65,Gene_27
Gene_65,Gene_28
Gene_65,Gene_29
Gene_65,Gene_30
Gene_65,Gene_31
Gene_65,Gene_32
Gene_65,Gene_33
Gene_65,Gene_34
Gene_65,Gene_35
Gene_65,Gene_36
Gene_65,Gene_37
Gene_65,Gene_38
Gene_65,Gene_39
Gene_65,Gene_40
Gene_65,Gene_41
Gene_65,Gene_42
Gene_65,Gene_45
Gene_65,Gene_46
Gene_65,Gene_48
Gene_65,Gene_52
Gene_65,Gene_53
Gene_65,Gene_54
Gene_65,Gene_55
Gene_65,Gene_56
Gene_65,Gene_57
Gene_65,Gene_58
Gene_65,Gene_59
Gene_65,Gene_60
Gene_65,Gene_61
Gene_65,Gene_62
Gene_65,Gene_63
Gene_65,Gene_64
Gene_65,Gene_65
Gene_65,Gene_66
Gene_65,Gene_67
Gene_65,Gene_68
Gene_65,Gene_69
Gene_65,Gene_70
Gene_65,Gene_71
Gene_65,Gene_73
Gene_65,Gene_74
Gene_65,Gene_75
Gene_65,Gene_76
Gene_65,Gene_77
Gene_65,Gene_78
Gene_65,Gene_79
Gene_65,Gene_80
Gene_65,Gene_81
Gene_65,Gene_82
Gene_65,Gene_83
Gene_65,Gene_84
Gene_65,Gene_85
Gene_65,Gene_86
Gene_65,Gene_87
Gene_65,Gene_88
Gene_65,Gene_89
Gene_65,Gene_90
Gene_65,Gene_92
Gene_65,Gene_93
Gene_65,Gene_94
Gene_65,Gene_95
Gene_65,Gene_96
Gene_65,Gene_97
Gene_65,Gene_98
Gene_65,Gene_99
Gene_65,Gene_100
Gene_65,Gene_101
Gene_65,Gene_102
Gene_65,Gene_103
Gene_65,Gene_106
Gene_65,Gene_107
Gene_65,Gene_108
Gene_65,Gene_109
Gene_65,Gene_111
Gene_65,Gene_112
Gene_65,Gene_113
Gene_65,Gene_114
Gene_65,Gene_115
Gene_65,Gene_116
Gene_65,Gene_117
Gene_65,Gene_118
Gene_65,Gene_119
Gene_65,Gene_121
Gene_65,Gene_122
Gene_65,Gene_123
Gene_65,Gene_124
Gene_65,Gene_125
Gene_65,Gene_126
Gene_65,Gene_127
Gene_65,Gene_128
Gene_65,Gene_129
Gene_65,Gene_130
Gene_65,Gene_131
Gene_65,Gene_132
Gene_65,Gene_133
Gene_65,Gene_134
Gene_65,Gene_135
Gene_65,Gene_136
Gene_65,Gene_137
Gene_65,Gene_138
Gene_65,Gene_139
Gene_65,Gene_140
Gene_65,Gene_141
Gene_65,Gene_142
Gene_65,Gene_143
Gene_65,Gene_145
Gene_65,Gene_146
Gene_65,Gene_147
Gene_65,Gene_148
Gene_65,Gene_149
Gene_65,Gene_151
Gene_65,Gene_152
Gene_65,Gene_153
Gene_65,Gene_154
Gene_65,Gene_155
Gene_65,Gene_156
Gene_65,Gene_157
Gene_65,Gene_158
Gene_65,Gene_159
Gene_65,Gene_160
Gene_65,Gene_161
Gene_65,Gene_162
Gene_65,Gene_163
Gene_65,Gene_165
Gene_65,Gene_166
Gene_65,Gene_167
Gene_65,Gene_168
Gene_65,Gene_169
Gene_65,Gene_170
Gene_65,Gene_171
Gene_65,Gene_174
Gene_65,Gene_175
Gene_65,Gene_176
Gene_65,Gene_177
Gene_65,Gene_178
Gene_65,Gene_179
Gene_65,Gene_180
Gene_65,Gene_181
Gene_65,Gene_182
Gene_65,Gene_183
Gene_65,Gene_184
Gene_65,Gene_186
Gene_65,Gene_187
Gene_65,Gene_188
Gene_65,Gene_189
Gene_65,Gene_190
Gene_65,Gene_191
Gene_65,Gene_192
Gene_65,Gene_194
Gene_65,Gene_195
Gene_65,Gene_196
Gene_65,Gene_197
Gene_65,Gene_198
Gene_65,Gene_199
Gene_65,Gene_200
Gene_66,Gene_0
Gene_66,Gene_1
Gene_66,Gene_2
Gene_66,Gene_3
Gene_66,Gene_4
Gene_66,Gene_5
Gene_66,Gene_6
Gene_66,Gene_7
Gene_66,Gene_8
Gene_66,Gene_9
Gene_66,Gene_10
Gene_66,Gene_11
Gene_66,Gene_13
Gene_66,Gene_15
Gene_66,Gene_16
Gene_66,Gene_17
Gene_66,Gene_18
Gene_66,Gene_19
Gene_66,Gene_20
Gene_66,Gene_22
Gene_66,Gene_23
Gene_66,Gene_24
Gene_66,Gene_25
Gene_66,Gene_26
Gene_66,Gene_27
Gene_66,Gene_28
Gene_66,Gene_31
Gene_66,Gene_32
Gene_66,Gene_33
Gene_66,Gene_35
Gene_66,Gene_36
Gene_66,Gene_37
Gene_66,Gene_38
Gene_66,Gene_39
Gene_66,Gene_40
Gene_66,Gene_41
Gene_66,Gene_43
Gene_66,Gene_44
Gene_66,Gene_45
Gene_66,Gene_46
Gene_66,Gene_47
Gene_66,Gene_49
Gene_66,Gene_50
Gene_66,Gene_51
Gene_66,Gene_53
Gene_66,Gene_54
Gene_66,Gene_55
Gene_66,Gene_56
Gene_66,Gene_57
Gene_66,Gene_58
Gene_66,Gene_59
Gene_66,Gene_60
Gene_66,Gene_61
Gene_66,Gene_62
Gene_66,Gene_63
Gene_66,Gene_64
Gene_66,Gene_67
Gene_66,Gene_68
Gene_66,Gene_70
Gene_66,Gene_71
Gene_66,Gene_72
Gene_66,Gene_73
Gene_66,Gene_74
Gene_66,Gene_75
Gene_66,Gene_77
Gene_66,Gene_79
Gene_66,Gene_80
Gene_66,Gene_81
Gene_66,Gene_82
Gene_66,Gene_83
Gene_66,Gene_84
Gene_66,Gene_85
Gene_66,Gene_86
Gene_66,Gene_87
Gene_66,Gene_88
Gene_66,Gene_89
Gene_66,Gene_91
Gene_66,Gene_92
Gene_66,Gene_93
Gene_66,Gene_95
Gene_66,Gene_96
Gene_66,Gene_97
Gene_66,Gene_98
Gene_66,Gene_100
Gene_66,Gene_101
Gene_66,Gene_102
Gene_66,Gene_103
Gene_66,Gene_104
Gene_66,Gene_105
Gene_66,Gene_106
Gene_66,Gene_108
Gene_66,Gene_109
Gene_66,Gene_110
Gene_66,Gene_111
Gene_66,Gene_112
Gene_66,Gene_113
Gene_66,Gene_114
Gene_66,Gene_115
Gene_66,Gene_117
Gene_66,Gene_118
Gene_66,Gene_119
Gene_66,Gene_120
Gene_66,Gene_121
Gene_66,Gene_122
Gene_66,Gene_123
Gene_66,Gene_124
Gene_66,Gene_125
Gene_66,Gene_127
Gene_66,Gene_128
Gene_66,Gene_129
Gene_66,Gene_130
Gene_66,Gene_131
Gene_66,Gene_132
Gene_66,Gene_133
Gene_66,Gene_134
Gene_66,Gene_136
Gene_66,Gene_137
Gene_66,Gene_138
Gene_66,Gene_139
Gene_66,Gene_140
Gene_66,Gene_141
Gene_66,Gene_142
Gene_66,Gene_143
Gene_66,Gene_144
Gene_66,Gene_145
Gene_66,Gene_146
Gene_66,Gene_147
Gene_66,Gene_149
Gene_66,Gene_150
Gene_66,Gene_151
Gene_66,Gene_152
Gene_66,Gene_153
Gene_66,Gene_154
Gene_66,Gene_155
Gene_66,Gene_156
Gene_66,Gene_158
Gene_66,Gene_159
Gene_66,Gene_160
Gene_66,Gene_161
Gene_66,Gene_164
Gene_66,Gene_165
Gene_66,Gene_166
Gene_66,Gene_167
Gene_66,Gene_168
Gene_66,Gene_169
Gene_66,Gene_170
Gene_66,Gene_172
Gene_66,Gene_174
Gene_66,Gene_175
Gene_66,Gene_176
Gene_66,Gene_177
Gene_66,Gene_178
Gene_66,Gene_180
Gene_66,Gene_181
Gene_66,Gene_182
Gene_66,Gene_183
Gene_66,Gene_184
Gene_66,Gene_185
Gene_66,Gene_188
Gene_66,Gene_189
Gene_66,Gene_190
Gene_66,Gene_191
Gene_66,Gene_192
Gene_66,Gene_193
Gene_66,Gene_196
Gene_66,Gene_198
Gene_66,Gene_199
Gene_66,Gene_200
Gene_67,Gene_1
Gene_67,Gene_3
Gene_67,Gene_4
Gene_67,Gene_5
Gene_67,Gene_6
Gene_67,Gene_7
Gene_67,Gene_9
Gene_67,Gene_10
Gene_67,Gene_11
Gene_67,Gene_14
Gene_67,Gene_15
Gene_67,Gene_17
Gene_67,Gene_19
Gene_67,Gene_20
Gene_67,Gene_21
Gene_67,Gene_22
Gene_67,Gene_24
Gene_67,Gene_25
Gene_67,Gene_26
Gene_67,Gene_27
Gene_67,Gene_30
Gene_67,Gene_33
Gene_67,Gene_34
Gene_67,Gene_35
Gene_67,Gene_36
Gene_67,Gene_37
Gene_67,Gene_38
Gene_67,Gene_39
Gene_67,Gene_41
Gene_67,Gene_42
Gene_67,Gene_43
Gene_67,Gene_44
Gene_67,Gene_45
Gene_67,Gene_46
Gene_67,Gene_47
Gene_67,Gene_48
Gene_67,Gene_49
Gene_67,Gene_50
Gene_67,Gene_51
Gene_67,Gene_52
Gene_67,Gene_53
Gene_67,Gene_55
Gene_67,Gene_56
Gene_67,Gene_57
Gene_67,Gene_58
Gene_67,Gene_60
Gene_67,Gene_61
Gene_67,Gene_63
Gene_67,Gene_64
Gene_67,Gene_65
Gene_67,Gene_66
Gene_67,Gene_67
Gene_67,Gene_68
Gene_67,Gene_69
Gene_67,Gene_71
Gene_67,Gene_73
Gene_67,Gene_74
Gene_67,Gene_75
Gene_67,Gene_76
Gene_67,Gene_77
Gene_67,Gene_78
Gene_67,Gene_79
Gene_67,Gene_80
Gene_67,Gene_82
Gene_67,Gene_83
Gene_67,Gene_84
Gene_67,Gene_85
Gene_67,Gene_86
Gene_67,Gene_87
Gene_67,Gene_89
Gene_67,Gene_90
Gene_67,Gene_91
Gene_67,Gene_92
Gene_67,Gene_93
Gene_67,Gene_94
Gene_67,Gene_95
Gene_67,Gene_96
Gene_67,Gene_97
Gene_67,Gene_98
Gene_67,Gene_99
Gene_67,Gene_100
Gene_67,Gene_101
Gene_67,Gene_103
Gene_67,Gene_104
Gene_67,Gene_105
Gene_67,Gene_106
Gene_67,Gene_107
Gene_67,Gene_109
Gene_67,Gene_112
Gene_67,Gene_113
Gene_67,Gene_114
Gene_67,Gene_115
Gene_67,Gene_116
Gene_67,Gene_117
Gene_67,Gene_118
Gene_67,Gene_119
Gene_67,Gene_120
Gene_67,Gene_121
Gene_67,Gene_122
Gene_67,Gene_123
Gene_67,Gene_124
Gene_67,Gene_125
Gene_67,Gene_128
Gene_67,Gene_129
Gene_67,Gene_130
Gene_67,Gene_131
Gene_67,Gene_133
Gene_67,Gene_134
Gene_67,Gene_135
Gene_67,Gene_136
Gene_67,Gene_138
Gene_67,Gene_140
Gene_67,Gene_141
Gene_67,Gene_142
Gene_67,Gene_143
Gene_67,Gene_144
Gene_67,Gene_145
Gene_67,Gene_146
Gene_67,Gene_147
Gene_67,Gene_148
Gene_67,Gene_150
Gene_67,Gene_153
Gene_67,Gene_154
Gene_67,Gene_155
Gene_67,Gene_156
Gene_67,Gene_157
Gene_67,Gene_158
Gene_67,Gene_159
Gene_67,Gene_161
Gene_67,Gene_162
Gene_67,Gene_164
Gene_67,Gene_165
Gene_67,Gene_167
Gene_67,Gene_168
Gene_67,Gene_169
Gene_67,Gene_170
Gene_67,Gene_172
Gene_67,Gene_173
Gene_67,Gene_174
Gene_67,Gene_175
Gene_67,Gene_176
Gene_67,Gene_177
Gene_67,Gene_178
Gene_67,Gene_179
Gene_67,Gene_180
Gene_67,Gene_181
Gene_67,Gene_182
Gene_67,Gene_183
Gene_67,Gene_184
Gene_67,Gene_185
Gene_67,Gene_186
Gene_67,Gene_187
Gene_67,Gene_191
Gene_67,Gene_192
Gene_67,Gene_193
Gene_67,Gene_195
Gene_67,Gene_196
Gene_67,Gene_197
Gene_67,Gene_198
Gene_67,Gene_200
Gene_68,Gene_0
Gene_68,Gene_1
Gene_68,Gene_3
Gene_68,Gene_5
Gene_68,Gene_6
Gene_68,Gene_7
Gene_68,Gene_10
Gene_68,Gene_11
Gene_68,Gene_12
Gene_68,Gene_13
Gene_68,Gene_14
Gene_68,Gene_15
Gene_68,Gene_16
Gene_68,Gene_17
Gene_68,Gene_18
Gene_68,Gene_19
Gene_68,Gene_20
Gene_68,Gene_22
Gene_68,Gene_23
Gene_68,Gene_24
Gene_68,Gene_25
Gene_68,Gene_26
Gene_68,Gene_28
Gene_68,Gene_29
Gene_68,Gene_30
Gene_68,Gene_31
Gene_68,Gene_32
Gene_68,Gene_33
Gene_68,Gene_36
Gene_68,Gene_39
Gene_68,Gene_41
Gene_68,Gene_42
Gene_68,Gene_43
Gene_68,Gene_44
Gene_68,Gene_45
Gene_68,Gene_46
Gene_68,Gene_49
Gene_68,Gene_50
Gene_68,Gene_51
Gene_68,Gene_52
Gene_68,Gene_53
Gene_68,Gene_54
Gene_68,Gene_57
Gene_68,Gene_60
Gene_68,Gene_63
Gene_68,Gene_64
Gene_68,Gene_65
Gene_68,Gene_66
Gene_68,Gene_67
Gene_68,Gene_69
Gene_68,Gene_71
Gene_68,Gene_72
Gene_68,Gene_73
Gene_68,Gene_75
Gene_68,Gene_78
Gene_68,Gene_82
Gene_68,Gene_83
Gene_68,Gene_84
Gene_68,Gene_85
Gene_68,Gene_87
Gene_68,Gene_89
Gene_68,Gene_90
Gene_68,Gene_91
Gene_68,Gene_92
Gene_68,Gene_93
Gene_68,Gene_95
Gene_68,Gene_97
Gene_68,Gene_98
Gene_68,Gene_99
Gene_68,Gene_101
Gene_68,Gene_102
Gene_68,Gene_103
Gene_68,Gene_104
Gene_68,Gene_105
Gene_68,Gene_106
Gene_68,Gene_109
Gene_68,Gene_111
Gene_68,Gene_113
Gene_68,Gene_114
Gene_68,Gene_115
Gene_68,Gene_116
Gene_68,Gene_117
Gene_68,Gene_118
Gene_68,Gene_119
Gene_68,Gene_120
Gene_68,Gene_121
Gene_68,Gene_123
Gene_68,Gene_124
Gene_68,Gene_126
Gene_68,Gene_127
Gene_68,Gene_128
Gene_68,Gene_130
Gene_68,Gene_131
Gene_68,Gene_132
Gene_68,Gene_133
Gene_68,Gene_136
Gene_68,Gene_137
Gene_68,Gene_139
Gene_68,Gene_141
Gene_68,Gene_142
Gene_68,Gene_144
Gene_68,Gene_145
Gene_68,Gene_146
Gene_68,Gene_147
Gene_68,Gene_150
Gene_68,Gene_151
Gene_68,Gene_152
Gene_68,Gene_153
Gene_68,Gene_154
Gene_68,Gene_155
Gene_68,Gene_156
Gene_68,Gene_157
Gene_68,Gene_158
Gene_68,Gene_159
Gene_68,Gene_160
Gene_68,Gene_161
Gene_68,Gene_162
Gene_68,Gene_163
Gene_68,Gene_164
Gene_68,Gene_165
Gene_68,Gene_166
Gene_68,Gene_167
Gene_68,Gene_168
Gene_68,Gene_169
Gene_68,Gene_170
Gene_68,Gene_171
Gene_68,Gene_173
Gene_68,Gene_174
Gene_68,Gene_176
Gene_68,Gene_177
Gene_68,Gene_178
Gene_68,Gene_182
Gene_68,Gene_183
Gene_68,Gene_185
Gene_68,Gene_186
Gene_68,Gene_188
Gene_68,Gene_189
Gene_68,Gene_190
Gene_68,Gene_191
Gene_68,Gene_193
Gene_68,Gene_194
Gene_68,Gene_195
Gene_68,Gene_196
Gene_68,Gene_197
Gene_68,Gene_199
Gene_68,Gene_200
Gene_69,Gene_1
Gene_69,Gene_2
Gene_69,Gene_3
Gene_69,Gene_4
Gene_69,Gene_5
Gene_69,Gene_6
Gene_69,Gene_7
Gene_69,Gene_8
Gene_69,Gene_9
Gene_69,Gene_10
Gene_69,Gene_11
Gene_69,Gene_12
Gene_69,Gene_13
Gene_69,Gene_14
Gene_69,Gene_16
Gene_69,Gene_18
Gene_69,Gene_20
Gene_69,Gene_21
Gene_69,Gene_22
Gene_69,Gene_23
Gene_69,Gene_24
Gene_69,Gene_25
Gene_69,Gene_27
Gene_69,Gene_28
Gene_69,Gene_32
Gene_69,Gene_33
Gene_69,Gene_34
Gene_69,Gene_37
Gene_69,Gene_38
Gene_69,Gene_39
Gene_69,Gene_41
Gene_69,Gene_42
Gene_69,Gene_43
Gene_69,Gene_44
Gene_69,Gene_45
Gene_69,Gene_47
Gene_69,Gene_48
Gene_69,Gene_49
Gene_69,Gene_50
Gene_69,Gene_51
Gene_69,Gene_53
Gene_69,Gene_54
Gene_69,Gene_55
Gene_69,Gene_57
Gene_69,Gene_58
Gene_69,Gene_59
Gene_69,Gene_60
Gene_69,Gene_61
Gene_69,Gene_62
Gene_69,Gene_63
Gene_69,Gene_64
Gene_69,Gene_65
Gene_69,Gene_68
Gene_69,Gene_69
Gene_69,Gene_71
Gene_69,Gene_73
Gene_69,Gene_74
Gene_69,Gene_77
Gene_69,Gene_79
Gene_69,Gene_80
Gene_69,Gene_81
Gene_69,Gene_82
Gene_69,Gene_84
Gene_69,Gene_85
Gene_69,Gene_86
Gene_69,Gene_87
Gene_69,Gene_89
Gene_69,Gene_90
Gene_69,Gene_91
Gene_69,Gene_92
Gene_69,Gene_94
Gene_69,Gene_95
Gene_69,Gene_96
Gene_69,Gene_98
Gene_69,Gene_100
Gene_69,Gene_101
Gene_69,Gene_102
Gene_69,Gene_104
Gene_69,Gene_105
Gene_69,Gene_106
Gene_69,Gene_108
Gene_69,Gene_109
Gene_69,Gene_110
Gene_69,Gene_111
Gene_69,Gene_112
Gene_69,Gene_113
Gene_69,Gene_114
Gene_69,Gene_115
Gene_69,Gene_116
Gene_69,Gene_117
Gene_69,Gene_118
Gene_69,Gene_119
Gene_69,Gene_120
Gene_69,Gene_121
Gene_69,Gene_122
Gene_69,Gene_123
Gene_69,Gene_124
Gene_69,Gene_126
Gene_69,Gene_127
Gene_69,Gene_128
Gene_69,Gene_129
Gene_69,Gene_130
Gene_69,Gene_131
Gene_69,Gene_132
Gene_69,Gene_133
Gene_69,Gene_135
Gene_69,Gene_136
Gene_69,Gene_137
Gene_69,Gene_138
Gene_69,Gene_139
Gene_69,Gene_140
Gene_69,Gene_141
Gene_69,Gene_142
Gene_69,Gene_143
Gene_69,Gene_144
Gene_69,Gene_145
Gene_69,Gene_146
Gene_69,Gene_148
Gene_69,Gene_149
Gene_69,Gene_150
Gene_69,Gene_151
Gene_69,Gene_152
Gene_69,Gene_154
Gene_69,Gene_155
Gene_69,Gene_156
Gene_69,Gene_157
Gene_69,Gene_158
Gene_69,Gene_159
Gene_69,Gene_160
Gene_69,Gene_163
Gene_69,Gene_164
Gene_69,Gene_165
Gene_69,Gene_166
Gene_69,Gene_168
Gene_69,Gene_170
Gene_69,Gene_171
Gene_69,Gene_172
Gene_69,Gene_174
Gene_69,Gene_175
Gene_69,Gene_176
Gene_69,Gene_177
Gene_69,Gene_178
Gene_69,Gene_180
Gene_69,Gene_182
Gene_69,Gene_183
Gene_69,Gene_184
Gene_69,Gene_185
Gene_69,Gene_186
Gene_69,Gene_187
Gene_69,Gene_188
Gene_69,Gene_189
Gene_69,Gene_191
Gene_69,Gene_192
Gene_69,Gene_193
Gene_69,Gene_194
Gene_69,Gene_195
Gene_69,Gene_196
Gene_69,Gene_197
Gene_69,Gene_198
Gene_69,Gene_200
Gene_70,Gene_0
Gene_70,Gene_1
Gene_70,Gene_2
Gene_70,Gene_3
Gene_70,Gene_4
Gene_70,Gene_6
Gene_70,Gene_7
Gene_70,Gene_8
Gene_70,Gene_9
Gene_70,Gene_10
Gene_70,Gene_11
Gene_70,Gene_12
Gene_70,Gene_13
Gene_70,Gene_14
Gene_70,Gene_15
Gene_70,Gene_16
Gene_70,Gene_17
Gene_70,Gene_19
Gene_70,Gene_20
Gene_70,Gene_21
Gene_70,Gene_22
Gene_70,Gene_23
Gene_70,Gene_24
Gene_70,Gene_25
Gene_70,Gene_26
Gene_70,Gene_27
Gene_70,Gene_28
Gene_70,Gene_29
Gene_70,Gene_30
Gene_70,Gene_31
Gene_70,Gene_32
Gene_70,Gene_33
Gene_70,Gene_34
Gene_70,Gene_35
Gene_70,Gene_36
Gene_70,Gene_37
Gene_70,Gene_38
Gene_70,Gene_39
Gene_70,Gene_41
Gene_70,Gene_42
Gene_70,Gene_43
Gene_70,Gene_44
Gene_70,Gene_46
Gene_70,Gene_48
Gene_70,Gene_51
Gene_70,Gene_52
Gene_70,Gene_53
Gene_70,Gene_54
Gene_70,Gene_56
Gene_70,Gene_59
Gene_70,Gene_60
Gene_70,Gene_61
Gene_70,Gene_63
Gene_70,Gene_64
Gene_70,Gene_65
Gene_70,Gene_66
Gene_70,Gene_67
Gene_70,Gene_68
Gene_70,Gene_69
Gene_70,Gene_71
Gene_70,Gene_72
Gene_70,Gene_73
Gene_70,Gene_74
Gene_70,Gene_75
Gene_70,Gene_77
Gene_70,Gene_78
Gene_70,Gene_79
Gene_70,Gene_80
Gene_70,Gene_81
Gene_70,Gene_82
Gene_70,Gene_83
Gene_70,Gene_85
Gene_70,Gene_86
Gene_70,Gene_87
Gene_70,Gene_88
Gene_70,Gene_89
Gene_70,Gene_90
Gene_70,Gene_92
Gene_70,Gene_93
Gene_70,Gene_94
Gene_70,Gene_95
Gene_70,Gene_96
Gene_70,Gene_97
Gene_70,Gene_98
Gene_70,Gene_99
Gene_70,Gene_100
Gene_70,Gene_101
Gene_70,Gene_103
Gene_70,Gene_105
Gene_70,Gene_106
Gene_70,Gene_107
Gene_70,Gene_108
Gene_70,Gene_109
Gene_70,Gene_111
Gene_70,Gene_113
Gene_70,Gene_114
Gene_70,Gene_116
Gene_70,Gene_118
Gene_70,Gene_119
Gene_70,Gene_120
Gene_70,Gene_121
Gene_70,Gene_122
Gene_70,Gene_124
Gene_70,Gene_125
Gene_70,Gene_127
Gene_70,Gene_129
Gene_70,Gene_130
Gene_70,Gene_131
Gene_70,Gene_132
Gene_70,Gene_133
Gene_70,Gene_134
Gene_70,Gene_135
Gene_70,Gene_136
Gene_70,Gene_137
Gene_70,Gene_139
Gene_70,Gene_140
Gene_70,Gene_141
Gene_70,Gene_142
Gene_70,Gene_143
Gene_70,Gene_144
Gene_70,Gene_145
Gene_70,Gene_146
Gene_70,Gene_147
Gene_70,Gene_150
Gene_70,Gene_151
Gene_70,Gene_152
Gene_70,Gene_153
Gene_70,Gene_154
Gene_70,Gene_156
Gene_70,Gene_157
Gene_70,Gene_159
Gene_70,Gene_160
Gene_70,Gene_161
Gene_70,Gene_162
Gene_70,Gene_163
Gene_70,Gene_164
Gene_70,Gene_167
Gene_70,Gene_168
Gene_70,Gene_169
Gene_70,Gene_171
Gene_70,Gene_174
Gene_70,Gene_175
Gene_70,Gene_176
Gene_70,Gene_177
Gene_70,Gene_178
Gene_70,Gene_179
Gene_70,Gene_181
Gene_70,Gene_182
Gene_70,Gene_183
Gene_70,Gene_184
Gene_70,Gene_186
Gene_70,Gene_189
Gene_70,Gene_190
Gene_70,Gene_191
Gene_70,Gene_192
Gene_70,Gene_193
Gene_70,Gene_194
Gene_70,Gene_195
Gene_70,Gene_196
Gene_70,Gene_197
Gene_70,Gene_198
Gene_70,Gene_199
Gene_70,Gene_200
Gene_71,Gene_0
Gene_71,Gene_1
Gene_71,Gene_2
Gene_71,Gene_4
Gene_71,Gene_5
Gene_71,Gene_6
Gene_71,Gene_7
Gene_71,Gene_8
Gene_71,Gene_9
Gene_71,Gene_10
Gene_71,Gene_11
Gene_71,Gene_12
Gene_71,Gene_13
Gene_71,Gene_14
Gene_71,Gene_15
Gene_71,Gene_16
Gene_71,Gene_17
Gene_71,Gene_18
Gene_71,Gene_19
Gene_71,Gene_21
Gene_71,Gene_22
Gene_71,Gene_23
Gene_71,Gene_24
Gene_71,Gene_25
Gene_71,Gene_28
Gene_71,Gene_29
Gene_71,Gene_30
Gene_71,Gene_31
Gene_71,Gene_32
Gene_71,Gene_33
Gene_71,Gene_34
Gene_71,Gene_35
Gene_71,Gene_37
Gene_71,Gene_38
Gene_71,Gene_39
Gene_71,Gene_40
Gene_71,Gene_41
Gene_71,Gene_42
Gene_71,Gene_43
Gene_71,Gene_44
Gene_71,Gene_45
Gene_71,Gene_46
Gene_71,Gene_48
Gene_71,Gene_49
Gene_71,Gene_50
Gene_71,Gene_51
Gene_71,Gene_52
Gene_71,Gene_53
Gene_71,Gene_55
Gene_71,Gene_56
Gene_71,Gene_57
Gene_71,Gene_59
Gene_71,Gene_60
Gene_71,Gene_61
Gene_71,Gene_62
Gene_71,Gene_64
Gene_71,Gene_65
Gene_71,Gene_66
Gene_71,Gene_71
Gene_71,Gene_73
Gene_71,Gene_74
Gene_71,Gene_75
Gene_71,Gene_76
Gene_71,Gene_77
Gene_71,Gene_78
Gene_71,Gene_79
Gene_71,Gene_80
Gene_71,Gene_81
Gene_71,Gene_82
Gene_71,Gene_83
Gene_71,Gene_84
Gene_71,Gene_85
Gene_71,Gene_86
Gene_71,Gene_87
Gene_71,Gene_88
Gene_71,Gene_90
Gene_71,Gene_91
Gene_71,Gene_92
Gene_71,Gene_95
Gene_71,Gene_96
Gene_71,Gene_98
Gene_71,Gene_99
Gene_71,Gene_100
Gene_71,Gene_101
Gene_71,Gene_102
Gene_71,Gene_103
Gene_71,Gene_104
Gene_71,Gene_106
Gene_71,Gene_107
Gene_71,Gene_109
Gene_71,Gene_110
Gene_71,Gene_111
Gene_71,Gene_112
Gene_71,Gene_114
Gene_71,Gene_115
Gene_71,Gene_116
Gene_71,Gene_117
Gene_71,Gene_118
Gene_71,Gene_119
Gene_71,Gene_120
Gene_71,Gene_122
Gene_71,Gene_123
Gene_71,Gene_124
Gene_71,Gene_125
Gene_71,Gene_126
Gene_71,Gene_127
Gene_71,Gene_128
Gene_71,Gene_129
Gene_71,Gene_130
Gene_71,Gene_131
Gene_71,Gene_132
Gene_71,Gene_133
Gene_71,Gene_134
Gene_71,Gene_135
Gene_71,Gene_136
Gene_71,Gene_137
Gene_71,Gene_138
Gene_71,Gene_139
Gene_71,Gene_140
Gene_71,Gene_141
Gene_71,Gene_143
Gene_71,Gene_144
Gene_71,Gene_145
Gene_71,Gene_146
Gene_71,Gene_148
Gene_71,Gene_149
Gene_71,Gene_151
Gene_71,Gene_152
Gene_71,Gene_153
Gene_71,Gene_154
Gene_71,Gene_155
Gene_71,Gene_156
Gene_71,Gene_157
Gene_71,Gene_158
Gene_71,Gene_160
Gene_71,Gene_161
Gene_71,Gene_162
Gene_71,Gene_164
Gene_71,Gene_165
Gene_71,Gene_166
Gene_71,Gene_168
Gene_71,Gene_169
Gene_71,Gene_172
Gene_71,Gene_174
Gene_71,Gene_175
Gene_71,Gene_176
Gene_71,Gene_179
Gene_71,Gene_180
Gene_71,Gene_185
Gene_71,Gene_187
Gene_71,Gene_188
Gene_71,Gene_190
Gene_71,Gene_191
Gene_71,Gene_192
Gene_71,Gene_193
Gene_71,Gene_195
Gene_71,Gene_197
Gene_71,Gene_199
Gene_71,Gene_200
Gene_72,Gene_0
Gene_72,Gene_1
Gene_72,Gene_3
Gene_72,Gene_4
Gene_72,Gene_5
Gene_72,Gene_6
Gene_72,Gene_7
Gene_72,Gene_8
Gene_72,Gene_10
Gene_72,Gene_11
Gene_72,Gene_14
Gene_72,Gene_15
Gene_72,Gene_16
Gene_72,Gene_17
Gene_72,Gene_18
Gene_72,Gene_19
Gene_72,Gene_20
Gene_72,Gene_21
Gene_72,Gene_22
Gene_72,Gene_23
Gene_72,Gene_24
Gene_72,Gene_25
Gene_72,Gene_27
Gene_72,Gene_28
Gene_72,Gene_29
Gene_72,Gene_30
Gene_72,Gene_31
Gene_72,Gene_32
Gene_72,Gene_33
Gene_72,Gene_34
Gene_72,Gene_35
Gene_72,Gene_37
Gene_72,Gene_38
Gene_72,Gene_39
Gene_72,Gene_40
Gene_72,Gene_41
Gene_72,Gene_44
Gene_72,Gene_45
Gene_72,Gene_46
Gene_72,Gene_47
Gene_72,Gene_48
Gene_72,Gene_49
Gene_72,Gene_50
Gene_72,Gene_51
Gene_72,Gene_52
Gene_72,Gene_55
Gene_72,Gene_57
Gene_72,Gene_60
Gene_72,Gene_61
Gene_72,Gene_62
Gene_72,Gene_63
Gene_72,Gene_64
Gene_72,Gene_65
Gene_72,Gene_66
Gene_72,Gene_67
Gene_72,Gene_68
Gene_72,Gene_69
Gene_72,Gene_70
Gene_72,Gene_71
Gene_72,Gene_72
Gene_72,Gene_73
Gene_72,Gene_74
Gene_72,Gene_75
Gene_72,Gene_76
Gene_72,Gene_77
Gene_72,Gene_78
Gene_72,Gene_79
Gene_72,Gene_80
Gene_72,Gene_83
Gene_72,Gene_84
Gene_72,Gene_85
Gene_72,Gene_86
Gene_72,Gene_87
Gene_72,Gene_88
Gene_72,Gene_89
Gene_72,Gene_90
Gene_72,Gene_93
Gene_72,Gene_94
Gene_72,Gene_95
Gene_72,Gene_96
Gene_72,Gene_97
Gene_72,Gene_98
Gene_72,Gene_99
Gene_72,Gene_100
Gene_72,Gene_101
Gene_72,Gene_102
Gene_72,Gene_103
Gene_72,Gene_104
Gene_72,Gene_105
Gene_72,Gene_106
Gene_72,Gene_108
Gene_72,Gene_109
Gene_72,Gene_111
Gene_72,Gene_112
Gene_72,Gene_113
Gene_72,Gene_114
Gene_72,Gene_115
Gene_72,Gene_117
Gene_72,Gene_118
Gene_72,Gene_120
Gene_72,Gene_122
Gene_72,Gene_123
Gene_72,Gene_124
Gene_72,Gene_125
Gene_72,Gene_126
Gene_72,Gene_127
Gene_72,Gene_128
Gene_72,Gene_131
Gene_72,Gene_132
Gene_72,Gene_133
Gene_72,Gene_134
Gene_72,Gene_135
Gene_72,Gene_136
Gene_72,Gene_137
Gene_72,Gene_138
Gene_72,Gene_139
Gene_72,Gene_140
Gene_72,Gene_142
Gene_72,Gene_143
Gene_72,Gene_144
Gene_72,Gene_145
Gene_72,Gene_146
Gene_72,Gene_147
Gene_72,Gene_149
Gene_72,Gene_150
Gene_72,Gene_153
Gene_72,Gene_154
Gene_72,Gene_155
Gene_72,Gene_157
Gene_72,Gene_159
Gene_72,Gene_161
Gene_72,Gene_162
Gene_72,Gene_163
Gene_72,Gene_165
Gene_72,Gene_166
Gene_72,Gene_168
Gene_72,Gene_169
Gene_72,Gene_171
Gene_72,Gene_172
Gene_72,Gene_173
Gene_72,Gene_174
Gene_72,Gene_175
Gene_72,Gene_176
Gene_72,Gene_177
Gene_72,Gene_178
Gene_72,Gene_179
Gene_72,Gene_180
Gene_72,Gene_181
Gene_72,Gene_182
Gene_72,Gene_183
Gene_72,Gene_184
Gene_72,Gene_186
Gene_72,Gene_188
Gene_72,Gene_189
Gene_72,Gene_191
Gene_72,Gene_192
Gene_72,Gene_194
Gene_72,Gene_196
Gene_72,Gene_197
Gene_72,Gene_198
Gene_72,Gene_199
Gene_72,Gene_200
Gene_73,Gene_0
Gene_73,Gene_1
Gene_73,Gene_2
Gene_73,Gene_3
Gene_73,Gene_4
Gene_73,Gene_5
Gene_73,Gene_6
Gene_73,Gene_7
Gene_73,Gene_8
Gene_73,Gene_9
Gene_73,Gene_10
Gene_73,Gene_11
Gene_73,Gene_12
Gene_73,Gene_13
Gene_73,Gene_14
Gene_73,Gene_16
Gene_73,Gene_17
Gene_73,Gene_18
Gene_73,Gene_19
Gene_73,Gene_20
Gene_73,Gene_22
Gene_73,Gene_23
Gene_73,Gene_24
Gene_73,Gene_27
Gene_73,Gene_28
Gene_73,Gene_29
Gene_73,Gene_30
Gene_73,Gene_31
Gene_73,Gene_32
Gene_73,Gene_33
Gene_73,Gene_35
Gene_73,Gene_36
Gene_73,Gene_37
Gene_73,Gene_38
Gene_73,Gene_39
Gene_73,Gene_41
Gene_73,Gene_42
Gene_73,Gene_43
Gene_73,Gene_44
Gene_73,Gene_46
Gene_73,Gene_47
Gene_73,Gene_48
Gene_73,Gene_49
Gene_73,Gene_50
Gene_73,Gene_53
Gene_73,Gene_55
Gene_73,Gene_56
Gene_73,Gene_60
Gene_73,Gene_61
Gene_73,Gene_62
Gene_73,Gene_64
Gene_73,Gene_65
Gene_73,Gene_67
Gene_73,Gene_68
Gene_73,Gene_70
Gene_73,Gene_71
Gene_73,Gene_72
Gene_73,Gene_73
Gene_73,Gene_74
Gene_73,Gene_75
Gene_73,Gene_76
Gene_73,Gene_77
Gene_73,Gene_78
Gene_73,Gene_79
Gene_73,Gene_80
Gene_73,Gene_81
Gene_73,Gene_82
Gene_73,Gene_84
Gene_73,Gene_86
Gene_73,Gene_87
Gene_73,Gene_88
Gene_73,Gene_89
Gene_73,Gene_90
Gene_73,Gene_91
Gene_73,Gene_92
Gene_73,Gene_93
Gene_73,Gene_94
Gene_73,Gene_95
Gene_73,Gene_96
Gene_73,Gene_97
Gene_73,Gene_99
Gene_73,Gene_100
Gene_73,Gene_101
Gene_73,Gene_102
Gene_73,Gene_103
Gene_73,Gene_104
Gene_73,Gene_106
Gene_73,Gene_108
Gene_73,Gene_110
Gene_73,Gene_111
Gene_73,Gene_113
Gene_73,Gene_114
Gene_73,Gene_115
Gene_73,Gene_116
Gene_73,Gene_117
Gene_73,Gene_119
Gene_73,Gene_120
Gene_73,Gene_121
Gene_73,Gene_122
Gene_73,Gene_124
Gene_73,Gene_125
Gene_73,Gene_126
Gene_73,Gene_127
Gene_73,Gene_130
Gene_73,Gene_131
Gene_73,Gene_133
Gene_73,Gene_134
Gene_73,Gene_135
Gene_73,Gene_136
Gene_73,Gene_137
Gene_73,Gene_138
Gene_73,Gene_140
Gene_73,Gene_143
Gene_73,Gene_144
Gene_73,Gene_146
Gene_73,Gene_147
Gene_73,Gene_148
Gene_73,Gene_149
Gene_73,Gene_150
Gene_73,Gene_151
Gene_73,Gene_152
Gene_73,Gene_153
Gene_73,Gene_155
Gene_73,Gene_156
Gene_73,Gene_157
Gene_73,Gene_158
Gene_73,Gene_159
Gene_73,Gene_160
Gene_73,Gene_161
Gene_73,Gene_162
Gene_73,Gene_163
Gene_73,Gene_165
Gene_73,Gene_166
Gene_73,Gene_167
Gene_73,Gene_168
Gene_73,Gene_171
Gene_73,Gene_172
Gene_73,Gene_175
Gene_73,Gene_177
Gene_73,Gene_178
Gene_73,Gene_179
Gene_73,Gene_180
Gene_73,Gene_181
Gene_73,Gene_182
Gene_73,Gene_185
Gene_73,Gene_186
Gene_73,Gene_188
Gene_73,Gene_189
Gene_73,Gene_192
Gene_73,Gene_193
Gene_73,Gene_195
Gene_73,Gene_196
Gene_73,Gene_198
Gene_73,Gene_199
Gene_74,Gene_0
Gene_74,Gene_2
Gene_74,Gene_3
Gene_74,Gene_4
Gene_74,Gene_5
Gene_74,Gene_6
Gene_74,Gene_7
Gene_74,Gene_8
Gene_74,Gene_9
Gene_74,Gene_10
Gene_74,Gene_11
Gene_74,Gene_12
Gene_74,Gene_13
Gene_74,Gene_14
Gene_74,Gene_15
Gene_74,Gene_16
Gene_74,Gene_17
Gene_74,Gene_18
Gene_74,Gene_19
Gene_74,Gene_20
Gene_74,Gene_21
Gene_74,Gene_23
Gene_74,Gene_24
Gene_74,Gene_25
Gene_74,Gene_26
Gene_74,Gene_27
Gene_74,Gene_29
Gene_74,Gene_31
Gene_74,Gene_32
Gene_74,Gene_33
Gene_74,Gene_34
Gene_74,Gene_35
Gene_74,Gene_37
Gene_74,Gene_38
Gene_74,Gene_39
Gene_74,Gene_40
Gene_74,Gene_42
Gene_74,Gene_44
Gene_74,Gene_46
Gene_74,Gene_47
Gene_74,Gene_49
Gene_74,Gene_50
Gene_74,Gene_51
Gene_74,Gene_52
Gene_74,Gene_53
Gene_74,Gene_54
Gene_74,Gene_55
Gene_74,Gene_56
Gene_74,Gene_57
Gene_74,Gene_59
Gene_74,Gene_61
Gene_74,Gene_62
Gene_74,Gene_63
Gene_74,Gene_64
Gene_74,Gene_65
Gene_74,Gene_66
Gene_74,Gene_67
Gene_74,Gene_68
Gene_74,Gene_71
Gene_74,Gene_73
Gene_74,Gene_74
Gene_74,Gene_75
Gene_74,Gene_77
Gene_74,Gene_80
Gene_74,Gene_81
Gene_74,Gene_82
Gene_74,Gene_84
Gene_74,Gene_85
Gene_74,Gene_86
Gene_74,Gene_87
Gene_74,Gene_89
Gene_74,Gene_91
Gene_74,Gene_92
Gene_74,Gene_93
Gene_74,Gene_94
Gene_74,Gene_96
Gene_74,Gene_97
Gene_74,Gene_98
Gene_74,Gene_99
Gene_74,Gene_100
Gene_74,Gene_101
Gene_74,Gene_103
Gene_74,Gene_104
Gene_74,Gene_106
Gene_74,Gene_107
Gene_74,Gene_110
Gene_74,Gene_113
Gene_74,Gene_114
Gene_74,Gene_115
Gene_74,Gene_116
Gene_74,Gene_117
Gene_74,Gene_119
Gene_74,Gene_120
Gene_74,Gene_122
Gene_74,Gene_123
Gene_74,Gene_124
Gene_74,Gene_126
Gene_74,Gene_128
Gene_74,Gene_129
Gene_74,Gene_130
Gene_74,Gene_132
Gene_74,Gene_133
Gene_74,Gene_134
Gene_74,Gene_135
Gene_74,Gene_136
Gene_74,Gene_137
Gene_74,Gene_138
Gene_74,Gene_139
Gene_74,Gene_140
Gene_74,Gene_141
Gene_74,Gene_142
Gene_74,Gene_143
Gene_74,Gene_144
Gene_74,Gene_145
Gene_74,Gene_146
Gene_74,Gene_147
Gene_74,Gene_148
Gene_74,Gene_149
Gene_74,Gene_150
Gene_74,Gene_151
Gene_74,Gene_152
Gene_74,Gene_153
Gene_74,Gene_154
Gene_74,Gene_155
Gene_74,Gene_156
Gene_74,Gene_157
Gene_74,Gene_158
Gene_74,Gene_160
Gene_74,Gene_162
Gene_74,Gene_163
Gene_74,Gene_165
Gene_74,Gene_166
Gene_74,Gene_167
Gene_74,Gene_168
Gene_74,Gene_169
Gene_74,Gene_171
Gene_74,Gene_174
Gene_74,Gene_175
Gene_74,Gene_176
Gene_74,Gene_177
Gene_74,Gene_178
Gene_74,Gene_179
Gene_74,Gene_181
Gene_74,Gene_184
Gene_74,Gene_185
Gene_74,Gene_186
Gene_74,Gene_187
Gene_74,Gene_188
Gene_74,Gene_189
Gene_74,Gene_191
Gene_74,Gene_192
Gene_74,Gene_193
Gene_74,Gene_194
Gene_74,Gene_196
Gene_74,Gene_197
Gene_74,Gene_198
Gene_74,Gene_199
Gene_74,Gene_200
Gene_75,Gene_2
Gene_75,Gene_3
Gene_75,Gene_4
Gene_75,Gene_5
Gene_75,Gene_6
Gene_75,Gene_7
Gene_75,Gene_9
Gene_75,Gene_11
Gene_75,Gene_12
Gene_75,Gene_14
Gene_75,Gene_15
Gene_75,Gene_16
Gene_75,Gene_19
Gene_75,Gene_20
Gene_75,Gene_22
Gene_75,Gene_24
Gene_75,Gene_25
Gene_75,Gene_26
Gene_75,Gene_27
Gene_75,Gene_28
Gene_75,Gene_29
Gene_75,Gene_30
Gene_75,Gene_31
Gene_75,Gene_32
Gene_75,Gene_33
Gene_75,Gene_34
Gene_75,Gene_35
Gene_75,Gene_37
Gene_75,Gene_38
Gene_75,Gene_39
Gene_75,Gene_42
Gene_75,Gene_43
Gene_75,Gene_44
Gene_75,Gene_47
Gene_75,Gene_48
Gene_75,Gene_49
Gene_75,Gene_50
Gene_75,Gene_53
Gene_75,Gene_54
Gene_75,Gene_55
Gene_75,Gene_56
Gene_75,Gene_57
Gene_75,Gene_59
Gene_75,Gene_61
Gene_75,Gene_62
Gene_75,Gene_63
Gene_75,Gene_64
Gene_75,Gene_65
Gene_75,Gene_66
Gene_75,Gene_68
Gene_75,Gene_70
Gene_75,Gene_71
Gene_75,Gene_72
Gene_75,Gene_74
Gene_75,Gene_75
Gene_75,Gene_76
Gene_75,Gene_78
Gene_75,Gene_79
Gene_75,Gene_81
Gene_75,Gene_85
Gene_75,Gene_86
Gene_75,Gene_87
Gene_75,Gene_88
Gene_75,Gene_89
Gene_75,Gene_90
Gene_75,Gene_91
Gene_75,Gene_92
Gene_75,Gene_93
Gene_75,Gene_94
Gene_75,Gene_95
Gene_75,Gene_96
Gene_75,Gene_97
Gene_75,Gene_99
Gene_75,Gene_100
Gene_75,Gene_101
Gene_75,Gene_102
Gene_75,Gene_103
Gene_75,Gene_104
Gene_75,Gene_106
Gene_75,Gene_107
Gene_75,Gene_108
Gene_75,Gene_110
Gene_75,Gene_111
Gene_75,Gene_112
Gene_75,Gene_113
Gene_75,Gene_114
Gene_75,Gene_115
Gene_75,Gene_117
Gene_75,Gene_118
Gene_75,Gene_120
Gene_75,Gene_121
Gene_75,Gene_122
Gene_75,Gene_123
Gene_75,Gene_126
Gene_75,Gene_127
Gene_75,Gene_128
Gene_75,Gene_129
Gene_75,Gene_131
Gene_75,Gene_132
Gene_75,Gene_133
Gene_75,Gene_134
Gene_75,Gene_135
Gene_75,Gene_136
Gene_75,Gene_137
Gene_75,Gene_138
Gene_75,Gene_139
Gene_75,Gene_140
Gene_75,Gene_141
Gene_75,Gene_142
Gene_75,Gene_143
Gene_75,Gene_144
Gene_75,Gene_147
Gene_75,Gene_149
Gene_75,Gene_150
Gene_75,Gene_151
Gene_75,Gene_152
Gene_75,Gene_153
Gene_75,Gene_154
Gene_75,Gene_156
Gene_75,Gene_158
Gene_75,Gene_159
Gene_75,Gene_160
Gene_75,Gene_162
Gene_75,Gene_164
Gene_75,Gene_165
Gene_75,Gene_166
Gene_75,Gene_168
Gene_75,Gene_169
Gene_75,Gene_170
Gene_75,Gene_172
Gene_75,Gene_173
Gene_75,Gene_174
Gene_75,Gene_175
Gene_75,Gene_177
Gene_75,Gene_178
Gene_75,Gene_179
Gene_75,Gene_180
Gene_75,Gene_181
Gene_75,Gene_182
Gene_75,Gene_183
Gene_75,Gene_184
Gene_75,Gene_185
Gene_75,Gene_186
Gene_75,Gene_187
Gene_75,Gene_188
Gene_75,Gene_189
Gene_75,Gene_190
Gene_75,Gene_191
Gene_75,Gene_192
Gene_75,Gene_193
Gene_75,Gene_194
Gene_75,Gene_195
Gene_75,Gene_196
Gene_75,Gene_197
Gene_75,Gene_198
Gene_75,Gene_199
Gene_75,Gene_200
Gene_76,Gene_1
Gene_76,Gene_2
Gene_76,Gene_3
Gene_76,Gene_4
Gene_76,Gene_5
Gene_76,Gene_6
Gene_76,Gene_7
Gene_76,Gene_9
Gene_76,Gene_10
Gene_76,Gene_11
Gene_76,Gene_12
Gene_76,Gene_13
Gene_76,Gene_14
Gene_76,Gene_15
Gene_76,Gene_17
Gene_76,Gene_18
Gene_76,Gene_19
Gene_76,Gene_20
Gene_76,Gene_21
Gene_76,Gene_22
Gene_76,Gene_23
Gene_76,Gene_25
Gene_76,Gene_26
Gene_76,Gene_28
Gene_76,Gene_29
Gene_76,Gene_30
Gene_76,Gene_32
Gene_76,Gene_33
Gene_76,Gene_34
Gene_76,Gene_38
Gene_76,Gene_41
Gene_76,Gene_43
Gene_76,Gene_44
Gene_76,Gene_45
Gene_76,Gene_46
Gene_76,Gene_47
Gene_76,Gene_49
Gene_76,Gene_50
Gene_76,Gene_51
Gene_76,Gene_53
Gene_76,Gene_54
Gene_76,Gene_55
Gene_76,Gene_56
Gene_76,Gene_57
Gene_76,Gene_58
Gene_76,Gene_62
Gene_76,Gene_63
Gene_76,Gene_65
Gene_76,Gene_66
Gene_76,Gene_67
Gene_76,Gene_68
Gene_76,Gene_70
Gene_76,Gene_71
Gene_76,Gene_72
Gene_76,Gene_76
Gene_76,Gene_77
Gene_76,Gene_78
Gene_76,Gene_79
Gene_76,Gene_82
Gene_76,Gene_84
Gene_76,Gene_85
Gene_76,Gene_86
Gene_76,Gene_87
Gene_76,Gene_89
Gene_76,Gene_90
Gene_76,Gene_91
Gene_76,Gene_92
Gene_76,Gene_93
Gene_76,Gene_94
Gene_76,Gene_95
Gene_76,Gene_96
Gene_76,Gene_98
Gene_76,Gene_100
Gene_76,Gene_103
Gene_76,Gene_104
Gene_76,Gene_105
Gene_76,Gene_106
Gene_76,Gene_107
Gene_76,Gene_108
Gene_76,Gene_109
Gene_76,Gene_111
Gene_76,Gene_112
Gene_76,Gene_113
Gene_76,Gene_114
Gene_76,Gene_115
Gene_76,Gene_116
Gene_76,Gene_117
Gene_76,Gene_118
Gene_76,Gene_119
Gene_76,Gene_120
Gene_76,Gene_122
Gene_76,Gene_123
Gene_76,Gene_125
Gene_76,Gene_127
Gene_76,Gene_128
Gene_76,Gene_129
Gene_76,Gene_130
Gene_76,Gene_132
Gene_76,Gene_134
Gene_76,Gene_135
Gene_76,Gene_136
Gene_76,Gene_138
Gene_76,Gene_139
Gene_76,Gene_141
Gene_76,Gene_142
Gene_76,Gene_143
Gene_76,Gene_144
Gene_76,Gene_146
Gene_76,Gene_147
Gene_76,Gene_148
Gene_76,Gene_150
Gene_76,Gene_151
Gene_76,Gene_152
Gene_76,Gene_153
Gene_76,Gene_154
Gene_76,Gene_156
Gene_76,Gene_157
Gene_76,Gene_158
Gene_76,Gene_160
Gene_76,Gene_161
Gene_76,Gene_162
Gene_76,Gene_164
Gene_76,Gene_165
Gene_76,Gene_166
Gene_76,Gene_167
Gene_76,Gene_168
Gene_76,Gene_169
Gene_76,Gene_170
Gene_76,Gene_171
Gene_76,Gene_172
Gene_76,Gene_173
Gene_76,Gene_174
Gene_76,Gene_175
Gene_76,Gene_176
Gene_76,Gene_177
Gene_76,Gene_178
Gene_76,Gene_179
Gene_76,Gene_180
Gene_76,Gene_181
Gene_76,Gene_182
Gene_76,Gene_183
Gene_76,Gene_184
Gene_76,Gene_185
Gene_76,Gene_186
Gene_76,Gene_187
Gene_76,Gene_188
Gene_76,Gene_191
Gene_76,Gene_192
Gene_76,Gene_193
Gene_76,Gene_194
Gene_76,Gene_196
Gene_76,Gene_197
Gene_76,Gene_199
Gene_76,Gene_200
Gene_77,Gene_0
Gene_77,Gene_1
Gene_77,Gene_2
Gene_77,Gene_3
Gene_77,Gene_8
Gene_77,Gene_9
Gene_77,Gene_10
Gene_77,Gene_11
Gene_77,Gene_13
Gene_77,Gene_14
Gene_77,Gene_15
Gene_77,Gene_16
Gene_77,Gene_17
Gene_77,Gene_19
Gene_77,Gene_20
Gene_77,Gene_21
Gene_77,Gene_22
Gene_77,Gene_23
Gene_77,Gene_24
Gene_77,Gene_25
Gene_77,Gene_26
Gene_77,Gene_27
Gene_77,Gene_28
Gene_77,Gene_29
Gene_77,Gene_31
Gene_77,Gene_32
Gene_77,Gene_33
Gene_77,Gene_34
Gene_77,Gene_35
Gene_77,Gene_36
Gene_77,Gene_37
Gene_77,Gene_38
Gene_77,Gene_39
Gene_77,Gene_40
Gene_77,Gene_41
Gene_77,Gene_42
Gene_77,Gene_43
Gene_77,Gene_44
Gene_77,Gene_45
Gene_77,Gene_46
Gene_77,Gene_47
Gene_77,Gene_48
Gene_77,Gene_49
Gene_77,Gene_50
Gene_77,Gene_51
Gene_77,Gene_52
Gene_77,Gene_54
Gene_77,Gene_55
Gene_77,Gene_56
Gene_77,Gene_57
Gene_77,Gene_58
Gene_77,Gene_59
Gene_77,Gene_60
Gene_77,Gene_61
Gene_77,Gene_62
Gene_77,Gene_63
Gene_77,Gene_65
Gene_77,Gene_66
Gene_77,Gene_67
Gene_77,Gene_68
Gene_77,Gene_70
Gene_77,Gene_71
Gene_77,Gene_72
Gene_77,Gene_73
Gene_77,Gene_74
Gene_77,Gene_76
Gene_77,Gene_78
Gene_77,Gene_79
Gene_77,Gene_80
Gene_77,Gene_83
Gene_77,Gene_85
Gene_77,Gene_86
Gene_77,Gene_88
Gene_77,Gene_89
Gene_77,Gene_91
Gene_77,Gene_92
Gene_77,Gene_93
Gene_77,Gene_94
Gene_77,Gene_95
Gene_77,Gene_96
Gene_77,Gene_97
Gene_77,Gene_98
Gene_77,Gene_99
Gene_77,Gene_100
Gene_77,Gene_101
Gene_77,Gene_102
Gene_77,Gene_103
Gene_77,Gene_104
Gene_77,Gene_105
Gene_77,Gene_106
Gene_77,Gene_107
Gene_77,Gene_108
Gene_77,Gene_109
Gene_77,Gene_110
Gene_77,Gene_112
Gene_77,Gene_114
Gene_77,Gene_115
Gene_77,Gene_116
Gene_77,Gene_117
Gene_77,Gene_118
Gene_77,Gene_119
Gene_77,Gene_120
Gene_77,Gene_123
Gene_77,Gene_125
Gene_77,Gene_128
Gene_77,Gene_129
Gene_77,Gene_130
Gene_77,Gene_132
Gene_77,Gene_133
Gene_77,Gene_135
Gene_77,Gene_137
Gene_77,Gene_138
Gene_77,Gene_139
Gene_77,Gene_140
Gene_77,Gene_141
Gene_77,Gene_142
Gene_77,Gene_144
Gene_77,Gene_145
Gene_77,Gene_146
Gene_77,Gene_148
Gene_77,Gene_149
Gene_77,Gene_151
Gene_77,Gene_152
Gene_77,Gene_154
Gene_77,Gene_155
Gene_77,Gene_157
Gene_77,Gene_158
Gene_77,Gene_159
Gene_77,Gene_160
Gene_77,Gene_161
Gene_77,Gene_162
Gene_77,Gene_165
Gene_77,Gene_166
Gene_77,Gene_167
Gene_77,Gene_168
Gene_77,Gene_171
Gene_77,Gene_173
Gene_77,Gene_174
Gene_77,Gene_175
Gene_77,Gene_176
Gene_77,Gene_177
Gene_77,Gene_178
Gene_77,Gene_179
Gene_77,Gene_180
Gene_77,Gene_181
Gene_77,Gene_182
Gene_77,Gene_183
Gene_77,Gene_184
Gene_77,Gene_186
Gene_77,Gene_189
Gene_77,Gene_190
Gene_77,Gene_191
Gene_77,Gene_193
Gene_77,Gene_194
Gene_77,Gene_195
Gene_77,Gene_197
Gene_77,Gene_198
Gene_77,Gene_200
Gene_78,Gene_0
Gene_78,Gene_1
Gene_78,Gene_2
Gene_78,Gene_3
Gene_78,Gene_4
Gene_78,Gene_5
Gene_78,Gene_6
Gene_78,Gene_8
Gene_78,Gene_9
Gene_78,Gene_10
Gene_78,Gene_11
Gene_78,Gene_12
Gene_78,Gene_13
Gene_78,Gene_14
Gene_78,Gene_15
Gene_78,Gene_16
Gene_78,Gene_17
Gene_78,Gene_18
Gene_78,Gene_19
Gene_78,Gene_20
Gene_78,Gene_21
Gene_78,Gene_24
Gene_78,Gene_26
Gene_78,Gene_27
Gene_78,Gene_29
Gene_78,Gene_30
Gene_78,Gene_32
Gene_78,Gene_33
Gene_78,Gene_35
Gene_78,Gene_36
Gene_78,Gene_37
Gene_78,Gene_39
Gene_78,Gene_40
Gene_78,Gene_41
Gene_78,Gene_42
Gene_78,Gene_45
Gene_78,Gene_46
Gene_78,Gene_47
Gene_78,Gene_48
Gene_78,Gene_49
Gene_78,Gene_50
Gene_78,Gene_51
Gene_78,Gene_52
Gene_78,Gene_53
Gene_78,Gene_55
Gene_78,Gene_56
Gene_78,Gene_58
Gene_78,Gene_60
Gene_78,Gene_61
Gene_78,Gene_62
Gene_78,Gene_64
Gene_78,Gene_65
Gene_78,Gene_66
Gene_78,Gene_67
Gene_78,Gene_68
Gene_78,Gene_69
Gene_78,Gene_71
Gene_78,Gene_72
Gene_78,Gene_73
Gene_78,Gene_74
Gene_78,Gene_75
Gene_78,Gene_76
Gene_78,Gene_77
Gene_78,Gene_78
Gene_78,Gene_79
Gene_78,Gene_80
Gene_78,Gene_81
Gene_78,Gene_82
Gene_78,Gene_83
Gene_78,Gene_84
Gene_78,Gene_85
Gene_78,Gene_86
Gene_78,Gene_87
Gene_78,Gene_89
Gene_78,Gene_90
Gene_78,Gene_92
Gene_78,Gene_93
Gene_78,Gene_94
Gene_78,Gene_96
Gene_78,Gene_97
Gene_78,Gene_98
Gene_78,Gene_99
Gene_78,Gene_100
Gene_78,Gene_101
Gene_78,Gene_102
Gene_78,Gene_103
Gene_78,Gene_104
Gene_78,Gene_105
Gene_78,Gene_106
Gene_78,Gene_107
Gene_78,Gene_108
Gene_78,Gene_110
Gene_78,Gene_112
Gene_78,Gene_113
Gene_78,Gene_114
Gene_78,Gene_115
Gene_78,Gene_116
Gene_78,Gene_117
Gene_78,Gene_118
Gene_78,Gene_119
Gene_78,Gene_120
Gene_78,Gene_121
Gene_78,Gene_124
Gene_78,Gene_125
Gene_78,Gene_126
Gene_78,Gene_127
Gene_78,Gene_128
Gene_78,Gene_129
Gene_78,Gene_130
Gene_78,Gene_131
Gene_78,Gene_132
Gene_78,Gene_133
Gene_78,Gene_134
Gene_78,Gene_136
Gene_78,Gene_138
Gene_78,Gene_139
Gene_78,Gene_140
Gene_78,Gene_141
Gene_78,Gene_142
Gene_78,Gene_145
Gene_78,Gene_146
Gene_78,Gene_147
Gene_78,Gene_149
Gene_78,Gene_150
Gene_78,Gene_151
Gene_78,Gene_152
Gene_78,Gene_153
Gene_78,Gene_154
Gene_78,Gene_156
Gene_78,Gene_157
Gene_78,Gene_160
Gene_78,Gene_161
Gene_78,Gene_162
Gene_78,Gene_163
Gene_78,Gene_164
Gene_78,Gene_165
Gene_78,Gene_166
Gene_78,Gene_167
Gene_78,Gene_168
Gene_78,Gene_170
Gene_78,Gene_173
Gene_78,Gene_177
Gene_78,Gene_178
Gene_78,Gene_179
Gene_78,Gene_180
Gene_78,Gene_181
Gene_78,Gene_183
Gene_78,Gene_184
Gene_78,Gene_185
Gene_78,Gene_186
Gene_78,Gene_187
Gene_78,Gene_188
Gene_78,Gene_189
Gene_78,Gene_191
Gene_78,Gene_193
Gene_78,Gene_194
Gene_78,Gene_195
Gene_78,Gene_196
Gene_78,Gene_197
Gene_78,Gene_200
Gene_79,Gene_0
Gene_79,Gene_1
Gene_79,Gene_2
Gene_79,Gene_4
Gene_79,Gene_5
Gene_79,Gene_6
Gene_79,Gene_9
Gene_79,Gene_11
Gene_79,Gene_12
Gene_79,Gene_13
Gene_79,Gene_14
Gene_79,Gene_15
Gene_79,Gene_16
Gene_79,Gene_17
Gene_79,Gene_18
Gene_79,Gene_19
Gene_79,Gene_21
Gene_79,Gene_22
Gene_79,Gene_23
Gene_79,Gene_24
Gene_79,Gene_27
Gene_79,Gene_32
Gene_79,Gene_33
Gene_79,Gene_34
Gene_79,Gene_36
Gene_79,Gene_37
Gene_79,Gene_39
Gene_79,Gene_40
Gene_79,Gene_41
Gene_79,Gene_42
Gene_79,Gene_44
Gene_79,Gene_45
Gene_79,Gene_46
Gene_79,Gene_47
Gene_79,Gene_48
Gene_79,Gene_49
Gene_79,Gene_50
Gene_79,Gene_52
Gene_79,Gene_53
Gene_79,Gene_54
Gene_79,Gene_55
Gene_79,Gene_57
Gene_79,Gene_58
Gene_79,Gene_60
Gene_79,Gene_61
Gene_79,Gene_63
Gene_79,Gene_64
Gene_79,Gene_65
Gene_79,Gene_66
Gene_79,Gene_68
Gene_79,Gene_69
Gene_79,Gene_70
Gene_79,Gene_72
Gene_79,Gene_73
Gene_79,Gene_74
Gene_79,Gene_78
Gene_79,Gene_79
Gene_79,Gene_80
Gene_79,Gene_81
Gene_79,Gene_82
Gene_79,Gene_84
Gene_79,Gene_86
Gene_79,Gene_87
Gene_79,Gene_88
Gene_79,Gene_89
Gene_79,Gene_90
Gene_79,Gene_91
Gene_79,Gene_92
Gene_79,Gene_93
Gene_79,Gene_94
Gene_79,Gene_95
Gene_79,Gene_96
Gene_79,Gene_97
Gene_79,Gene_98
Gene_79,Gene_99
Gene_79,Gene_100
Gene_79,Gene_101
Gene_79,Gene_102
Gene_79,Gene_103
Gene_79,Gene_104
Gene_79,Gene_105
Gene_79,Gene_106
Gene_79,Gene_109
Gene_79,Gene_110
Gene_79,Gene_112
Gene_79,Gene_114
Gene_79,Gene_115
Gene_79,Gene_116
Gene_79,Gene_118
Gene_79,Gene_119
Gene_79,Gene_120
Gene_79,Gene_121
Gene_79,Gene_123
Gene_79,Gene_125
Gene_79,Gene_126
Gene_79,Gene_127
Gene_79,Gene_128
Gene_79,Gene_129
Gene_79,Gene_130
Gene_79,Gene_131
Gene_79,Gene_132
Gene_79,Gene_133
Gene_79,Gene_134
Gene_79,Gene_136
Gene_79,Gene_137
Gene_79,Gene_140
Gene_79,Gene_141
Gene_79,Gene_143
Gene_79,Gene_144
Gene_79,Gene_146
Gene_79,Gene_148
Gene_79,Gene_150
Gene_79,Gene_152
Gene_79,Gene_153
Gene_79,Gene_154
Gene_79,Gene_156
Gene_79,Gene_158
Gene_79,Gene_159
Gene_79,Gene_162
Gene_79,Gene_163
Gene_79,Gene_165
Gene_79,Gene_166
Gene_79,Gene_167
Gene_79,Gene_169
Gene_79,Gene_170
Gene_79,Gene_171
Gene_79,Gene_172
Gene_79,Gene_174
Gene_79,Gene_175
Gene_79,Gene_176
Gene_79,Gene_178
Gene_79,Gene_179
Gene_79,Gene_180
Gene_79,Gene_181
Gene_79,Gene_182
Gene_79,Gene_183
Gene_79,Gene_185
Gene_79,Gene_186
Gene_79,Gene_187
Gene_79,Gene_188
Gene_79,Gene_190
Gene_79,Gene_191
Gene_79,Gene_192
Gene_79,Gene_193
Gene_79,Gene_195
Gene_79,Gene_196
Gene_79,Gene_197
Gene_79,Gene_198
Gene_79,Gene_199
Gene_79,Gene_200
Gene_80,Gene_0
Gene_80,Gene_3
Gene_80,Gene_6
Gene_80,Gene_7
Gene_80,Gene_9
Gene_80,Gene_11
Gene_80,Gene_13
Gene_80,Gene_15
Gene_80,Gene_17
Gene_80,Gene_19
Gene_80,Gene_21
Gene_80,Gene_22
Gene_80,Gene_23
Gene_80,Gene_24
Gene_80,Gene_26
Gene_80,Gene_32
Gene_80,Gene_33
Gene_80,Gene_34
Gene_80,Gene_40
Gene_80,Gene_41
Gene_80,Gene_42
Gene_80,Gene_43
Gene_80,Gene_45
Gene_80,Gene_50
Gene_80,Gene_53
Gene_80,Gene_57
Gene_80,Gene_59
Gene_80,Gene_60
Gene_80,Gene_61
Gene_80,Gene_68
Gene_80,Gene_73
Gene_80,Gene_77
Gene_80,Gene_79
Gene_80,Gene_83
Gene_80,Gene_85
Gene_80,Gene_87
Gene_80,Gene_88
Gene_80,Gene_92
Gene_80,Gene_97
Gene_80,Gene_102
Gene_80,Gene_103
Gene_80,Gene_106
Gene_80,Gene_110
Gene_80,Gene_111
Gene_80,Gene_116
Gene_80,Gene_118
Gene_80,Gene_119
Gene_80,Gene_120
Gene_80,Gene_122
Gene_80,Gene_123
Gene_80,Gene_125
Gene_80,Gene_126
Gene_80,Gene_128
Gene_80,Gene_129
Gene_80,Gene_130
Gene_80,Gene_135
Gene_80,Gene_136
Gene_80,Gene_137
Gene_80,Gene_139
Gene_80,Gene_140
Gene_80,Gene_141
Gene_80,Gene_142
Gene_80,Gene_143
Gene_80,Gene_144
Gene_80,Gene_147
Gene_80,Gene_153
Gene_80,Gene_155
Gene_80,Gene_158
Gene_80,Gene_160
Gene_80,Gene_161
Gene_80,Gene_167
Gene_80,Gene_169
Gene_80,Gene_172
Gene_80,Gene_173
Gene_80,Gene_174
Gene_80,Gene_183
Gene_80,Gene_184
Gene_80,Gene_187
Gene_80,Gene_188
Gene_80,Gene_190
Gene_80,Gene_196
Gene_80,Gene_200
Gene_81,Gene_0
Gene_81,Gene_1
Gene_81,Gene_2
Gene_81,Gene_3
Gene_81,Gene_4
Gene_81,Gene_7
Gene_81,Gene_8
Gene_81,Gene_9
Gene_81,Gene_13
Gene_81,Gene_14
Gene_81,Gene_15
Gene_81,Gene_17
Gene_81,Gene_18
Gene_81,Gene_20
Gene_81,Gene_23
Gene_81,Gene_25
Gene_81,Gene_26
Gene_81,Gene_28
Gene_81,Gene_29
Gene_81,Gene_33
Gene_81,Gene_34
Gene_81,Gene_39
Gene_81,Gene_41
Gene_81,Gene_42
Gene_81,Gene_44
Gene_81,Gene_45
Gene_81,Gene_47
Gene_81,Gene_49
Gene_81,Gene_50
Gene_81,Gene_51
Gene_81,Gene_52
Gene_81,Gene_54
Gene_81,Gene_56
Gene_81,Gene_58
Gene_81,Gene_59
Gene_81,Gene_60
Gene_81,Gene_62
Gene_81,Gene_65
Gene_81,Gene_66
Gene_81,Gene_67
Gene_81,Gene_69
Gene_81,Gene_71
Gene_81,Gene_74
Gene_81,Gene_77
Gene_81,Gene_78
Gene_81,Gene_79
Gene_81,Gene_81
Gene_81,Gene_83
Gene_81,Gene_84
Gene_81,Gene_85
Gene_81,Gene_86
Gene_81,Gene_87
Gene_81,Gene_88
Gene_81,Gene_91
Gene_81,Gene_92
Gene_81,Gene_93
Gene_81,Gene_94
Gene_81,Gene_97
Gene_81,Gene_99
Gene_81,Gene_101
Gene_81,Gene_103
Gene_81,Gene_104
Gene_81,Gene_106
Gene_81,Gene_107
Gene_81,Gene_108
Gene_81,Gene_110
Gene_81,Gene_112
Gene_81,Gene_113
Gene_81,Gene_114
Gene_81,Gene_115
Gene_81,Gene_116
Gene_81,Gene_117
Gene_81,Gene_118
Gene_81,Gene_119
Gene_81,Gene_120
Gene_81,Gene_121
Gene_81,Gene_122
Gene_81,Gene_123
Gene_81,Gene_126
Gene_81,Gene_128
Gene_81,Gene_129
Gene_81,Gene_130
Gene_81,Gene_132
Gene_81,Gene_133
Gene_81,Gene_134
Gene_81,Gene_135
Gene_81,Gene_136
Gene_81,Gene_139
Gene_81,Gene_140
Gene_81,Gene_142
Gene_81,Gene_143
Gene_81,Gene_147
Gene_81,Gene_148
Gene_81,Gene_149
Gene_81,Gene_150
Gene_81,Gene_151
Gene_81,Gene_160
Gene_81,Gene_161
Gene_81,Gene_162
Gene_81,Gene_163
Gene_81,Gene_164
Gene_81,Gene_165
Gene_81,Gene_166
Gene_81,Gene_167
Gene_81,Gene_168
Gene_81,Gene_169
Gene_81,Gene_172
Gene_81,Gene_173
Gene_81,Gene_174
Gene_81,Gene_176
Gene_81,Gene_179
Gene_81,Gene_180
Gene_81,Gene_182
Gene_81,Gene_183
Gene_81,Gene_184
Gene_81,Gene_185
Gene_81,Gene_186
Gene_81,Gene_187
Gene_81,Gene_188
Gene_81,Gene_190
Gene_81,Gene_191
Gene_81,Gene_192
Gene_81,Gene_193
Gene_81,Gene_194
Gene_81,Gene_196
Gene_81,Gene_197
Gene_81,Gene_200
Gene_82,Gene_0
Gene_82,Gene_1
Gene_82,Gene_3
Gene_82,Gene_4
Gene_82,Gene_5
Gene_82,Gene_6
Gene_82,Gene_8
Gene_82,Gene_9
Gene_82,Gene_10
Gene_82,Gene_12
Gene_82,Gene_14
Gene_82,Gene_15
Gene_82,Gene_17
Gene_82,Gene_18
Gene_82,Gene_19
Gene_82,Gene_20
Gene_82,Gene_21
Gene_82,Gene_22
Gene_82,Gene_23
Gene_82,Gene_24
Gene_82,Gene_25
Gene_82,Gene_26
Gene_82,Gene_27
Gene_82,Gene_28
Gene_82,Gene_29
Gene_82,Gene_30
Gene_82,Gene_31
Gene_82,Gene_32
Gene_82,Gene_33
Gene_82,Gene_35
Gene_82,Gene_36
Gene_82,Gene_38
Gene_82,Gene_39
Gene_82,Gene_42
Gene_82,Gene_43
Gene_82,Gene_44
Gene_82,Gene_45
Gene_82,Gene_46
Gene_82,Gene_47
Gene_82,Gene_48
Gene_82,Gene_49
Gene_82,Gene_50
Gene_82,Gene_51
Gene_82,Gene_52
Gene_82,Gene_53
Gene_82,Gene_54
Gene_82,Gene_55
Gene_82,Gene_56
Gene_82,Gene_57
Gene_82,Gene_58
Gene_82,Gene_59
Gene_82,Gene_60
Gene_82,Gene_61
Gene_82,Gene_62
Gene_82,Gene_63
Gene_82,Gene_64
Gene_82,Gene_65
Gene_82,Gene_66
Gene_82,Gene_67
Gene_82,Gene_68
Gene_82,Gene_69
Gene_82,Gene_70
Gene_82,Gene_71
Gene_82,Gene_72
Gene_82,Gene_73
Gene_82,Gene_75
Gene_82,Gene_77
Gene_82,Gene_80
Gene_82,Gene_81
Gene_82,Gene_82
Gene_82,Gene_83
Gene_82,Gene_84
Gene_82,Gene_85
Gene_82,Gene_86
Gene_82,Gene_88
Gene_82,Gene_89
Gene_82,Gene_90
Gene_82,Gene_91
Gene_82,Gene_92
Gene_82,Gene_93
Gene_82,Gene_95
Gene_82,Gene_97
Gene_82,Gene_99
Gene_82,Gene_100
Gene_82,Gene_101
Gene_82,Gene_103
Gene_82,Gene_104
Gene_82,Gene_105
Gene_82,Gene_106
Gene_82,Gene_107
Gene_82,Gene_108
Gene_82,Gene_109
Gene_82,Gene_110
Gene_82,Gene_111
Gene_82,Gene_112
Gene_82,Gene_113
Gene_82,Gene_114
Gene_82,Gene_116
Gene_82,Gene_117
Gene_82,Gene_118
Gene_82,Gene_121
Gene_82,Gene_122
Gene_82,Gene_123
Gene_82,Gene_124
Gene_82,Gene_126
Gene_82,Gene_128
Gene_82,Gene_129
Gene_82,Gene_131
Gene_82,Gene_132
Gene_82,Gene_133
Gene_82,Gene_134
Gene_82,Gene_135
Gene_82,Gene_136
Gene_82,Gene_137
Gene_82,Gene_141
Gene_82,Gene_142
Gene_82,Gene_143
Gene_82,Gene_144
Gene_82,Gene_146
Gene_82,Gene_147
Gene_82,Gene_149
Gene_82,Gene_150
Gene_82,Gene_151
Gene_82,Gene_152
Gene_82,Gene_153
Gene_82,Gene_156
Gene_82,Gene_157
Gene_82,Gene_158
Gene_82,Gene_159
Gene_82,Gene_161
Gene_82,Gene_162
Gene_82,Gene_163
Gene_82,Gene_164
Gene_82,Gene_168
Gene_82,Gene_169
Gene_82,Gene_170
Gene_82,Gene_171
Gene_82,Gene_173
Gene_82,Gene_174
Gene_82,Gene_175
Gene_82,Gene_176
Gene_82,Gene_177
Gene_82,Gene_178
Gene_82,Gene_179
Gene_82,Gene_180
Gene_82,Gene_182
Gene_82,Gene_183
Gene_82,Gene_184
Gene_82,Gene_185
Gene_82,Gene_186
Gene_82,Gene_187
Gene_82,Gene_188
Gene_82,Gene_189
Gene_82,Gene_193
Gene_82,Gene_194
Gene_82,Gene_195
Gene_82,Gene_196
Gene_82,Gene_197
Gene_82,Gene_198
Gene_82,Gene_199
Gene_82,Gene_200
Gene_83,Gene_0
Gene_83,Gene_1
Gene_83,Gene_2
Gene_83,Gene_3
Gene_83,Gene_4
Gene_83,Gene_5
Gene_83,Gene_6
Gene_83,Gene_7
Gene_83,Gene_8
Gene_83,Gene_9
Gene_83,Gene_10
Gene_83,Gene_12
Gene_83,Gene_14
Gene_83,Gene_15
Gene_83,Gene_16
Gene_83,Gene_17
Gene_83,Gene_18
Gene_83,Gene_19
Gene_83,Gene_20
Gene_83,Gene_21
Gene_83,Gene_22
Gene_83,Gene_23
Gene_83,Gene_24
Gene_83,Gene_25
Gene_83,Gene_26
Gene_83,Gene_27
Gene_83,Gene_28
Gene_83,Gene_29
Gene_83,Gene_30
Gene_83,Gene_31
Gene_83,Gene_32
Gene_83,Gene_34
Gene_83,Gene_37
Gene_83,Gene_38
Gene_83,Gene_40
Gene_83,Gene_41
Gene_83,Gene_42
Gene_83,Gene_43
Gene_83,Gene_45
Gene_83,Gene_47
Gene_83,Gene_48
Gene_83,Gene_49
Gene_83,Gene_50
Gene_83,Gene_51
Gene_83,Gene_52
Gene_83,Gene_53
Gene_83,Gene_54
Gene_83,Gene_55
Gene_83,Gene_58
Gene_83,Gene_59
Gene_83,Gene_61
Gene_83,Gene_62
Gene_83,Gene_66
Gene_83,Gene_67
Gene_83,Gene_68
Gene_83,Gene_69
Gene_83,Gene_71
Gene_83,Gene_73
Gene_83,Gene_74
Gene_83,Gene_75
Gene_83,Gene_76
Gene_83,Gene_78
Gene_83,Gene_79
Gene_83,Gene_80
Gene_83,Gene_81
Gene_83,Gene_82
Gene_83,Gene_83
Gene_83,Gene_84
Gene_83,Gene_85
Gene_83,Gene_86
Gene_83,Gene_87
Gene_83,Gene_88
Gene_83,Gene_90
Gene_83,Gene_91
Gene_83,Gene_92
Gene_83,Gene_93
Gene_83,Gene_94
Gene_83,Gene_97
Gene_83,Gene_98
Gene_83,Gene_99
Gene_83,Gene_100
Gene_83,Gene_101
Gene_83,Gene_102
Gene_83,Gene_104
Gene_83,Gene_105
Gene_83,Gene_106
Gene_83,Gene_107
Gene_83,Gene_108
Gene_83,Gene_109
Gene_83,Gene_112
Gene_83,Gene_114
Gene_83,Gene_115
Gene_83,Gene_116
Gene_83,Gene_119
Gene_83,Gene_120
Gene_83,Gene_121
Gene_83,Gene_122
Gene_83,Gene_123
Gene_83,Gene_125
Gene_83,Gene_126
Gene_83,Gene_127
Gene_83,Gene_129
Gene_83,Gene_130
Gene_83,Gene_131
Gene_83,Gene_132
Gene_83,Gene_133
Gene_83,Gene_134
Gene_83,Gene_136
Gene_83,Gene_137
Gene_83,Gene_138
Gene_83,Gene_141
Gene_83,Gene_142
Gene_83,Gene_144
Gene_83,Gene_145
Gene_83,Gene_146
Gene_83,Gene_148
Gene_83,Gene_149
Gene_83,Gene_150
Gene_83,Gene_152
Gene_83,Gene_154
Gene_83,Gene_155
Gene_83,Gene_157
Gene_83,Gene_158
Gene_83,Gene_159
Gene_83,Gene_160
Gene_83,Gene_161
Gene_83,Gene_162
Gene_83,Gene_163
Gene_83,Gene_166
Gene_83,Gene_167
Gene_83,Gene_169
Gene_83,Gene_172
Gene_83,Gene_174
Gene_83,Gene_175
Gene_83,Gene_178
Gene_83,Gene_179
Gene_83,Gene_180
Gene_83,Gene_181
Gene_83,Gene_182
Gene_83,Gene_184
Gene_83,Gene_187
Gene_83,Gene_188
Gene_83,Gene_189
Gene_83,Gene_191
Gene_83,Gene_192
Gene_83,Gene_193
Gene_83,Gene_194
Gene_83,Gene_195
Gene_83,Gene_196
Gene_83,Gene_197
Gene_83,Gene_198
Gene_83,Gene_199
Gene_83,Gene_200
Gene_84,Gene_0
Gene_84,Gene_2
Gene_84,Gene_3
Gene_84,Gene_4
Gene_84,Gene_5
Gene_84,Gene_6
Gene_84,Gene_7
Gene_84,Gene_8
Gene_84,Gene_9
Gene_84,Gene_11
Gene_84,Gene_12
Gene_84,Gene_13
Gene_84,Gene_14
Gene_84,Gene_15
Gene_84,Gene_16
Gene_84,Gene_17
Gene_84,Gene_18
Gene_84,Gene_20
Gene_84,Gene_21
Gene_84,Gene_22
Gene_84,Gene_25
Gene_84,Gene_26
Gene_84,Gene_28
Gene_84,Gene_29
Gene_84,Gene_31
Gene_84,Gene_32
Gene_84,Gene_33
Gene_84,Gene_34
Gene_84,Gene_36
Gene_84,Gene_37
Gene_84,Gene_40
Gene_84,Gene_41
Gene_84,Gene_43
Gene_84,Gene_46
Gene_84,Gene_47
Gene_84,Gene_49
Gene_84,Gene_50
Gene_84,Gene_52
Gene_84,Gene_53
Gene_84,Gene_54
Gene_84,Gene_55
Gene_84,Gene_56
Gene_84,Gene_57
Gene_84,Gene_59
Gene_84,Gene_60
Gene_84,Gene_62
Gene_84,Gene_63
Gene_84,Gene_64
Gene_84,Gene_65
Gene_84,Gene_66
Gene_84,Gene_68
Gene_84,Gene_69
Gene_84,Gene_71
Gene_84,Gene_72
Gene_84,Gene_73
Gene_84,Gene_74
Gene_84,Gene_75
Gene_84,Gene_76
Gene_84,Gene_77
Gene_84,Gene_78
Gene_84,Gene_79
Gene_84,Gene_80
Gene_84,Gene_81
Gene_84,Gene_82
Gene_84,Gene_83
Gene_84,Gene_84
Gene_84,Gene_86
Gene_84,Gene_87
Gene_84,Gene_88
Gene_84,Gene_89
Gene_84,Gene_90
Gene_84,Gene_91
Gene_84,Gene_92
Gene_84,Gene_93
Gene_84,Gene_94
Gene_84,Gene_95
Gene_84,Gene_96
Gene_84,Gene_97
Gene_84,Gene_98
Gene_84,Gene_100
Gene_84,Gene_101
Gene_84,Gene_102
Gene_84,Gene_103
Gene_84,Gene_104
Gene_84,Gene_107
Gene_84,Gene_109
Gene_84,Gene_110
Gene_84,Gene_111
Gene_84,Gene_112
Gene_84,Gene_117
Gene_84,Gene_118
Gene_84,Gene_119
Gene_84,Gene_121
Gene_84,Gene_122
Gene_84,Gene_123
Gene_84,Gene_124
Gene_84,Gene_125
Gene_84,Gene_126
Gene_84,Gene_127
Gene_84,Gene_128
Gene_84,Gene_129
Gene_84,Gene_130
Gene_84,Gene_131
Gene_84,Gene_133
Gene_84,Gene_134
Gene_84,Gene_135
Gene_84,Gene_136
Gene_84,Gene_137
Gene_84,Gene_138
Gene_84,Gene_139
Gene_84,Gene_140
Gene_84,Gene_143
Gene_84,Gene_144
Gene_84,Gene_145
Gene_84,Gene_146
Gene_84,Gene_147
Gene_84,Gene_148
Gene_84,Gene_150
Gene_84,Gene_151
Gene_84,Gene_152
Gene_84,Gene_153
Gene_84,Gene_155
Gene_84,Gene_156
Gene_84,Gene_157
Gene_84,Gene_160
Gene_84,Gene_162
Gene_84,Gene_164
Gene_84,Gene_165
Gene_84,Gene_166
Gene_84,Gene_167
Gene_84,Gene_168
Gene_84,Gene_169
Gene_84,Gene_170
Gene_84,Gene_172
Gene_84,Gene_173
Gene_84,Gene_174
Gene_84,Gene_175
Gene_84,Gene_177
Gene_84,Gene_178
Gene_84,Gene_179
Gene_84,Gene_180
Gene_84,Gene_181
Gene_84,Gene_182
Gene_84,Gene_183
Gene_84,Gene_184
Gene_84,Gene_185
Gene_84,Gene_186
Gene_84,Gene_188
Gene_84,Gene_190
Gene_84,Gene_191
Gene_84,Gene_193
Gene_84,Gene_198
Gene_84,Gene_199
Gene_84,Gene_200
Gene_85,Gene_0
Gene_85,Gene_2
Gene_85,Gene_3
Gene_85,Gene_4
Gene_85,Gene_5
Gene_85,Gene_6
Gene_85,Gene_7
Gene_85,Gene_8
Gene_85,Gene_9
Gene_85,Gene_10
Gene_85,Gene_13
Gene_85,Gene_14
Gene_85,Gene_15
Gene_85,Gene_16
Gene_85,Gene_17
Gene_85,Gene_18
Gene_85,Gene_20
Gene_85,Gene_22
Gene_85,Gene_23
Gene_85,Gene_24
Gene_85,Gene_26
Gene_85,Gene_28
Gene_85,Gene_29
Gene_85,Gene_31
Gene_85,Gene_32
Gene_85,Gene_33
Gene_85,Gene_35
Gene_85,Gene_36
Gene_85,Gene_37
Gene_85,Gene_40
Gene_85,Gene_41
Gene_85,Gene_43
Gene_85,Gene_44
Gene_85,Gene_45
Gene_85,Gene_46
Gene_85,Gene_47
Gene_85,Gene_48
Gene_85,Gene_49
Gene_85,Gene_51
Gene_85,Gene_52
Gene_85,Gene_53
Gene_85,Gene_54
Gene_85,Gene_55
Gene_85,Gene_56
Gene_85,Gene_57
Gene_85,Gene_59
Gene_85,Gene_61
Gene_85,Gene_62
Gene_85,Gene_65
Gene_85,Gene_66
Gene_85,Gene_67
Gene_85,Gene_70
Gene_85,Gene_71
Gene_85,Gene_72
Gene_85,Gene_73
Gene_85,Gene_74
Gene_85,Gene_76
Gene_85,Gene_77
Gene_85,Gene_79
Gene_85,Gene_80
Gene_85,Gene_81
Gene_85,Gene_82
Gene_85,Gene_83
Gene_85,Gene_84
Gene_85,Gene_85
Gene_85,Gene_86
Gene_85,Gene_87
Gene_85,Gene_89
Gene_85,Gene_92
Gene_85,Gene_93
Gene_85,Gene_94
Gene_85,Gene_95
Gene_85,Gene_97
Gene_85,Gene_98
Gene_85,Gene_99
Gene_85,Gene_100
Gene_85,Gene_101
Gene_85,Gene_102
Gene_85,Gene_103
Gene_85,Gene_104
Gene_85,Gene_105
Gene_85,Gene_106
Gene_85,Gene_107
Gene_85,Gene_108
Gene_85,Gene_109
Gene_85,Gene_110
Gene_85,Gene_111
Gene_85,Gene_112
Gene_85,Gene_113
Gene_85,Gene_114
Gene_85,Gene_117
Gene_85,Gene_118
Gene_85,Gene_119
Gene_85,Gene_120
Gene_85,Gene_121
Gene_85,Gene_123
Gene_85,Gene_124
Gene_85,Gene_125
Gene_85,Gene_126
Gene_85,Gene_127
Gene_85,Gene_128
Gene_85,Gene_129
Gene_85,Gene_130
Gene_85,Gene_131
Gene_85,Gene_133
Gene_85,Gene_135
Gene_85,Gene_136
Gene_85,Gene_137
Gene_85,Gene_139
Gene_85,Gene_140
Gene_85,Gene_142
Gene_85,Gene_145
Gene_85,Gene_146
Gene_85,Gene_147
Gene_85,Gene_148
Gene_85,Gene_149
Gene_85,Gene_151
Gene_85,Gene_152
Gene_85,Gene_153
Gene_85,Gene_154
Gene_85,Gene_155
Gene_85,Gene_156
Gene_85,Gene_158
Gene_85,Gene_160
Gene_85,Gene_161
Gene_85,Gene_162
Gene_85,Gene_163
Gene_85,Gene_165
Gene_85,Gene_166
Gene_85,Gene_167
Gene_85,Gene_168
Gene_85,Gene_170
Gene_85,Gene_171
Gene_85,Gene_172
Gene_85,Gene_174
Gene_85,Gene_175
Gene_85,Gene_176
Gene_85,Gene_177
Gene_85,Gene_178
Gene_85,Gene_180
Gene_85,Gene_181
Gene_85,Gene_182
Gene_85,Gene_183
Gene_85,Gene_184
Gene_85,Gene_185
Gene_85,Gene_188
Gene_85,Gene_189
Gene_85,Gene_190
Gene_85,Gene_192
Gene_85,Gene_194
Gene_85,Gene_195
Gene_85,Gene_196
Gene_85,Gene_198
Gene_85,Gene_199
Gene_86,Gene_2
Gene_86,Gene_3
Gene_86,Gene_4
Gene_86,Gene_5
Gene_86,Gene_6
Gene_86,Gene_7
Gene_86,Gene_8
Gene_86,Gene_9
Gene_86,Gene_10
Gene_86,Gene_11
Gene_86,Gene_12
Gene_86,Gene_13
Gene_86,Gene_14
Gene_86,Gene_15
Gene_86,Gene_16
Gene_86,Gene_17
Gene_86,Gene_18
Gene_86,Gene_19
Gene_86,Gene_20
Gene_86,Gene_21
Gene_86,Gene_22
Gene_86,Gene_23
Gene_86,Gene_24
Gene_86,Gene_25
Gene_86,Gene_26
Gene_86,Gene_27
Gene_86,Gene_28
Gene_86,Gene_29
Gene_86,Gene_30
Gene_86,Gene_31
Gene_86,Gene_32
Gene_86,Gene_33
Gene_86,Gene_34
Gene_86,Gene_36
Gene_86,Gene_37
Gene_86,Gene_38
Gene_86,Gene_39
Gene_86,Gene_40
Gene_86,Gene_41
Gene_86,Gene_42
Gene_86,Gene_43
Gene_86,Gene_44
Gene_86,Gene_45
Gene_86,Gene_49
Gene_86,Gene_50
Gene_86,Gene_51
Gene_86,Gene_52
Gene_86,Gene_53
Gene_86,Gene_55
Gene_86,Gene_56
Gene_86,Gene_57
Gene_86,Gene_59
Gene_86,Gene_60
Gene_86,Gene_66
Gene_86,Gene_67
Gene_86,Gene_70
Gene_86,Gene_71
Gene_86,Gene_72
Gene_86,Gene_74
Gene_86,Gene_75
Gene_86,Gene_76
Gene_86,Gene_78
Gene_86,Gene_79
Gene_86,Gene_80
Gene_86,Gene_81
Gene_86,Gene_82
Gene_86,Gene_84
Gene_86,Gene_85
Gene_86,Gene_88
Gene_86,Gene_89
Gene_86,Gene_90
Gene_86,Gene_93
Gene_86,Gene_94
Gene_86,Gene_95
Gene_86,Gene_96
Gene_86,Gene_97
Gene_86,Gene_98
Gene_86,Gene_99
Gene_86,Gene_100
Gene_86,Gene_101
Gene_86,Gene_102
Gene_86,Gene_103
Gene_86,Gene_104
Gene_86,Gene_106
Gene_86,Gene_107
Gene_86,Gene_108
Gene_86,Gene_109
Gene_86,Gene_110
Gene_86,Gene_111
Gene_86,Gene_112
Gene_86,Gene_113
Gene_86,Gene_114
Gene_86,Gene_115
Gene_86,Gene_116
Gene_86,Gene_118
Gene_86,Gene_119
Gene_86,Gene_120
Gene_86,Gene_122
Gene_86,Gene_123
Gene_86,Gene_124
Gene_86,Gene_125
Gene_86,Gene_126
Gene_86,Gene_128
Gene_86,Gene_129
Gene_86,Gene_130
Gene_86,Gene_131
Gene_86,Gene_133
Gene_86,Gene_134
Gene_86,Gene_137
Gene_86,Gene_138
Gene_86,Gene_139
Gene_86,Gene_140
Gene_86,Gene_146
Gene_86,Gene_147
Gene_86,Gene_149
Gene_86,Gene_151
Gene_86,Gene_153
Gene_86,Gene_154
Gene_86,Gene_155
Gene_86,Gene_156
Gene_86,Gene_157
Gene_86,Gene_158
Gene_86,Gene_159
Gene_86,Gene_160
Gene_86,Gene_161
Gene_86,Gene_163
Gene_86,Gene_164
Gene_86,Gene_166
Gene_86,Gene_167
Gene_86,Gene_168
Gene_86,Gene_169
Gene_86,Gene_170
Gene_86,Gene_171
Gene_86,Gene_172
Gene_86,Gene_173
Gene_86,Gene_174
Gene_86,Gene_175
Gene_86,Gene_176
Gene_86,Gene_177
Gene_86,Gene_178
Gene_86,Gene_179
Gene_86,Gene_180
Gene_86,Gene_181
Gene_86,Gene_182
Gene_86,Gene_183
Gene_86,Gene_185
Gene_86,Gene_186
Gene_86,Gene_187
Gene_86,Gene_188
Gene_86,Gene_189
Gene_86,Gene_190
Gene_86,Gene_191
Gene_86,Gene_192
Gene_86,Gene_193
Gene_86,Gene_194
Gene_86,Gene_195
Gene_86,Gene_200
Gene_87,Gene_0
Gene_87,Gene_1
Gene_87,Gene_2
Gene_87,Gene_3
Gene_87,Gene_4
Gene_87,Gene_5
Gene_87,Gene_6
Gene_87,Gene_7
Gene_87,Gene_8
Gene_87,Gene_9
Gene_87,Gene_10
Gene_87,Gene_11
Gene_87,Gene_12
Gene_87,Gene_13
Gene_87,Gene_14
Gene_87,Gene_15
Gene_87,Gene_16
Gene_87,Gene_17
Gene_87,Gene_18
Gene_87,Gene_19
Gene_87,Gene_23
Gene_87,Gene_24
Gene_87,Gene_25
Gene_87,Gene_26
Gene_87,Gene_27
Gene_87,Gene_28
Gene_87,Gene_30
Gene_87,Gene_31
Gene_87,Gene_32
Gene_87,Gene_33
Gene_87,Gene_34
Gene_87,Gene_36
Gene_87,Gene_37
Gene_87,Gene_38
Gene_87,Gene_42
Gene_87,Gene_43
Gene_87,Gene_44
Gene_87,Gene_45
Gene_87,Gene_47
Gene_87,Gene_48
Gene_87,Gene_49
Gene_87,Gene_50
Gene_87,Gene_51
Gene_87,Gene_52
Gene_87,Gene_54
Gene_87,Gene_55
Gene_87,Gene_56
Gene_87,Gene_58
Gene_87,Gene_59
Gene_87,Gene_60
Gene_87,Gene_61
Gene_87,Gene_63
Gene_87,Gene_64
Gene_87,Gene_66
Gene_87,Gene_67
Gene_87,Gene_68
Gene_87,Gene_70
Gene_87,Gene_71
Gene_87,Gene_72
Gene_87,Gene_73
Gene_87,Gene_74
Gene_87,Gene_75
Gene_87,Gene_76
Gene_87,Gene_77
Gene_87,Gene_80
Gene_87,Gene_81
Gene_87,Gene_82
Gene_87,Gene_83
Gene_87,Gene_86
Gene_87,Gene_87
Gene_87,Gene_88
Gene_87,Gene_89
Gene_87,Gene_90
Gene_87,Gene_93
Gene_87,Gene_94
Gene_87,Gene_95
Gene_87,Gene_96
Gene_87,Gene_97
Gene_87,Gene_98
Gene_87,Gene_99
Gene_87,Gene_100
Gene_87,Gene_101
Gene_87,Gene_102
Gene_87,Gene_103
Gene_87,Gene_104
Gene_87,Gene_105
Gene_87,Gene_106
Gene_87,Gene_107
Gene_87,Gene_108
Gene_87,Gene_109
Gene_87,Gene_110
Gene_87,Gene_111
Gene_87,Gene_112
Gene_87,Gene_114
Gene_87,Gene_115
Gene_87,Gene_117
Gene_87,Gene_118
Gene_87,Gene_119
Gene_87,Gene_120
Gene_87,Gene_121
Gene_87,Gene_122
Gene_87,Gene_123
Gene_87,Gene_124
Gene_87,Gene_125
Gene_87,Gene_128
Gene_87,Gene_129
Gene_87,Gene_130
Gene_87,Gene_133
Gene_87,Gene_134
Gene_87,Gene_136
Gene_87,Gene_137
Gene_87,Gene_138
Gene_87,Gene_140
Gene_87,Gene_141
Gene_87,Gene_142
Gene_87,Gene_143
Gene_87,Gene_144
Gene_87,Gene_146
Gene_87,Gene_147
Gene_87,Gene_148
Gene_87,Gene_149
Gene_87,Gene_150
Gene_87,Gene_151
Gene_87,Gene_152
Gene_87,Gene_153
Gene_87,Gene_154
Gene_87,Gene_156
Gene_87,Gene_157
Gene_87,Gene_158
Gene_87,Gene_160
Gene_87,Gene_161
Gene_87,Gene_162
Gene_87,Gene_163
Gene_87,Gene_164
Gene_87,Gene_165
Gene_87,Gene_166
Gene_87,Gene_167
Gene_87,Gene_168
Gene_87,Gene_169
Gene_87,Gene_170
Gene_87,Gene_171
Gene_87,Gene_172
Gene_87,Gene_173
Gene_87,Gene_175
Gene_87,Gene_177
Gene_87,Gene_178
Gene_87,Gene_179
Gene_87,Gene_180
Gene_87,Gene_182
Gene_87,Gene_184
Gene_87,Gene_185
Gene_87,Gene_186
Gene_87,Gene_187
Gene_87,Gene_188
Gene_87,Gene_189
Gene_87,Gene_190
Gene_87,Gene_191
Gene_87,Gene_192
Gene_87,Gene_194
Gene_87,Gene_196
Gene_87,Gene_197
Gene_87,Gene_198
Gene_87,Gene_199
Gene_88,Gene_0
Gene_88,Gene_2
Gene_88,Gene_6
Gene_88,Gene_7
Gene_88,Gene_11
Gene_88,Gene_13
Gene_88,Gene_14
Gene_88,Gene_16
Gene_88,Gene_17
Gene_88,Gene_19
Gene_88,Gene_20
Gene_88,Gene_22
Gene_88,Gene_23
Gene_88,Gene_24
Gene_88,Gene_26
Gene_88,Gene_27
Gene_88,Gene_29
Gene_88,Gene_30
Gene_88,Gene_31
Gene_88,Gene_32
Gene_88,Gene_33
Gene_88,Gene_34
Gene_88,Gene_35
Gene_88,Gene_36
Gene_88,Gene_37
Gene_88,Gene_38
Gene_88,Gene_39
Gene_88,Gene_42
Gene_88,Gene_43
Gene_88,Gene_44
Gene_88,Gene_45
Gene_88,Gene_46
Gene_88,Gene_47
Gene_88,Gene_48
Gene_88,Gene_49
Gene_88,Gene_50
Gene_88,Gene_51
Gene_88,Gene_53
Gene_88,Gene_54
Gene_88,Gene_55
Gene_88,Gene_56
Gene_88,Gene_57
Gene_88,Gene_58
Gene_88,Gene_59
Gene_88,Gene_60
Gene_88,Gene_61
Gene_88,Gene_63
Gene_88,Gene_64
Gene_88,Gene_65
Gene_88,Gene_66
Gene_88,Gene_67
Gene_88,Gene_68
Gene_88,Gene_69
Gene_88,Gene_70
Gene_88,Gene_72
Gene_88,Gene_73
Gene_88,Gene_74
Gene_88,Gene_75
Gene_88,Gene_76
Gene_88,Gene_77
Gene_88,Gene_78
Gene_88,Gene_79
Gene_88,Gene_80
Gene_88,Gene_81
Gene_88,Gene_82
Gene_88,Gene_83
Gene_88,Gene_84
Gene_88,Gene_86
Gene_88,Gene_87
Gene_88,Gene_88
Gene_88,Gene_89
Gene_88,Gene_90
Gene_88,Gene_91
Gene_88,Gene_93
Gene_88,Gene_95
Gene_88,Gene_98
Gene_88,Gene_99
Gene_88,Gene_101
Gene_88,Gene_102
Gene_88,Gene_103
Gene_88,Gene_104
Gene_88,Gene_105
Gene_88,Gene_106
Gene_88,Gene_107
Gene_88,Gene_108
Gene_88,Gene_109
Gene_88,Gene_111
Gene_88,Gene_112
Gene_88,Gene_114
Gene_88,Gene_115
Gene_88,Gene_116
Gene_88,Gene_117
Gene_88,Gene_118
Gene_88,Gene_119
Gene_88,Gene_120
Gene_88,Gene_121
Gene_88,Gene_122
Gene_88,Gene_123
Gene_88,Gene_124
Gene_88,Gene_125
Gene_88,Gene_128
Gene_88,Gene_129
Gene_88,Gene_130
Gene_88,Gene_131
Gene_88,Gene_133
Gene_88,Gene_134
Gene_88,Gene_135
Gene_88,Gene_137
Gene_88,Gene_138
Gene_88,Gene_139
Gene_88,Gene_140
Gene_88,Gene_141
Gene_88,Gene_142
Gene_88,Gene_143
Gene_88,Gene_145
Gene_88,Gene_146
Gene_88,Gene_147
Gene_88,Gene_148
Gene_88,Gene_149
Gene_88,Gene_150
Gene_88,Gene_151
Gene_88,Gene_152
Gene_88,Gene_153
Gene_88,Gene_155
Gene_88,Gene_156
Gene_88,Gene_157
Gene_88,Gene_158
Gene_88,Gene_159
Gene_88,Gene_160
Gene_88,Gene_161
Gene_88,Gene_162
Gene_88,Gene_164
Gene_88,Gene_165
Gene_88,Gene_167
Gene_88,Gene_168
Gene_88,Gene_169
Gene_88,Gene_170
Gene_88,Gene_171
Gene_88,Gene_172
Gene_88,Gene_173
Gene_88,Gene_175
Gene_88,Gene_176
Gene_88,Gene_177
Gene_88,Gene_178
Gene_88,Gene_180
Gene_88,Gene_183
Gene_88,Gene_184
Gene_88,Gene_186
Gene_88,Gene_187
Gene_88,Gene_189
Gene_88,Gene_192
Gene_88,Gene_194
Gene_88,Gene_196
Gene_88,Gene_197
Gene_88,Gene_198
Gene_89,Gene_0
Gene_89,Gene_1
Gene_89,Gene_3
Gene_89,Gene_4
Gene_89,Gene_6
Gene_89,Gene_9
Gene_89,Gene_10
Gene_89,Gene_12
Gene_89,Gene_13
Gene_89,Gene_14
Gene_89,Gene_15
Gene_89,Gene_16
Gene_89,Gene_17
Gene_89,Gene_18
Gene_89,Gene_19
Gene_89,Gene_21
Gene_89,Gene_24
Gene_89,Gene_25
Gene_89,Gene_26
Gene_89,Gene_27
Gene_89,Gene_28
Gene_89,Gene_29
Gene_89,Gene_31
Gene_89,Gene_32
Gene_89,Gene_33
Gene_89,Gene_34
Gene_89,Gene_35
Gene_89,Gene_36
Gene_89,Gene_37
Gene_89,Gene_38
Gene_89,Gene_39
Gene_89,Gene_41
Gene_89,Gene_42
Gene_89,Gene_43
Gene_89,Gene_44
Gene_89,Gene_45
Gene_89,Gene_46
Gene_89,Gene_48
Gene_89,Gene_49
Gene_89,Gene_51
Gene_89,Gene_52
Gene_89,Gene_53
Gene_89,Gene_54
Gene_89,Gene_55
Gene_89,Gene_57
Gene_89,Gene_59
Gene_89,Gene_60
Gene_89,Gene_61
Gene_89,Gene_62
Gene_89,Gene_63
Gene_89,Gene_65
Gene_89,Gene_66
Gene_89,Gene_67
Gene_89,Gene_68
Gene_89,Gene_69
Gene_89,Gene_70
Gene_89,Gene_74
Gene_89,Gene_75
Gene_89,Gene_77
Gene_89,Gene_79
Gene_89,Gene_80
Gene_89,Gene_81
Gene_89,Gene_82
Gene_89,Gene_83
Gene_89,Gene_84
Gene_89,Gene_85
Gene_89,Gene_86
Gene_89,Gene_88
Gene_89,Gene_89
Gene_89,Gene_90
Gene_89,Gene_91
Gene_89,Gene_93
Gene_89,Gene_94
Gene_89,Gene_95
Gene_89,Gene_96
Gene_89,Gene_97
Gene_89,Gene_98
Gene_89,Gene_99
Gene_89,Gene_100
Gene_89,Gene_101
Gene_89,Gene_102
Gene_89,Gene_103
Gene_89,Gene_104
Gene_89,Gene_105
Gene_89,Gene_106
Gene_89,Gene_109
Gene_89,Gene_111
Gene_89,Gene_113
Gene_89,Gene_114
Gene_89,Gene_115
Gene_89,Gene_116
Gene_89,Gene_117
Gene_89,Gene_119
Gene_89,Gene_120
Gene_89,Gene_121
Gene_89,Gene_122
Gene_89,Gene_123
Gene_89,Gene_124
Gene_89,Gene_125
Gene_89,Gene_127
Gene_89,Gene_128
Gene_89,Gene_130
Gene_89,Gene_132
Gene_89,Gene_133
Gene_89,Gene_134
Gene_89,Gene_135
Gene_89,Gene_136
Gene_89,Gene_137
Gene_89,Gene_138
Gene_89,Gene_139
Gene_89,Gene_141
Gene_89,Gene_142
Gene_89,Gene_145
Gene_89,Gene_146
Gene_89,Gene_147
Gene_89,Gene_148
Gene_89,Gene_149
Gene_89,Gene_150
Gene_89,Gene_151
Gene_89,Gene_152
Gene_89,Gene_155
Gene_89,Gene_156
Gene_89,Gene_157
Gene_89,Gene_158
Gene_89,Gene_159
Gene_89,Gene_160
Gene_89,Gene_162
Gene_89,Gene_164
Gene_89,Gene_165
Gene_89,Gene_166
Gene_89,Gene_167
Gene_89,Gene_168
Gene_89,Gene_169
Gene_89,Gene_170
Gene_89,Gene_171
Gene_89,Gene_172
Gene_89,Gene_176
Gene_89,Gene_177
Gene_89,Gene_179
Gene_89,Gene_182
Gene_89,Gene_183
Gene_89,Gene_184
Gene_89,Gene_185
Gene_89,Gene_186
Gene_89,Gene_187
Gene_89,Gene_190
Gene_89,Gene_191
Gene_89,Gene_192
Gene_89,Gene_194
Gene_89,Gene_195
Gene_89,Gene_197
Gene_89,Gene_198
Gene_89,Gene_199
Gene_89,Gene_200
Gene_90,Gene_1
Gene_90,Gene_2
Gene_90,Gene_3
Gene_90,Gene_4
Gene_90,Gene_5
Gene_90,Gene_6
Gene_90,Gene_8
Gene_90,Gene_9
Gene_90,Gene_10
Gene_90,Gene_14
Gene_90,Gene_15
Gene_90,Gene_16
Gene_90,Gene_18
Gene_90,Gene_19
Gene_90,Gene_20
Gene_90,Gene_21
Gene_90,Gene_22
Gene_90,Gene_23
Gene_90,Gene_25
Gene_90,Gene_26
Gene_90,Gene_27
Gene_90,Gene_28
Gene_90,Gene_30
Gene_90,Gene_31
Gene_90,Gene_32
Gene_90,Gene_33
Gene_90,Gene_34
Gene_90,Gene_35
Gene_90,Gene_38
Gene_90,Gene_39
Gene_90,Gene_40
Gene_90,Gene_41
Gene_90,Gene_42
Gene_90,Gene_45
Gene_90,Gene_47
Gene_90,Gene_48
Gene_90,Gene_49
Gene_90,Gene_50
Gene_90,Gene_51
Gene_90,Gene_52
Gene_90,Gene_53
Gene_90,Gene_55
Gene_90,Gene_56
Gene_90,Gene_57
Gene_90,Gene_59
Gene_90,Gene_60
Gene_90,Gene_61
Gene_90,Gene_62
Gene_90,Gene_63
Gene_90,Gene_64
Gene_90,Gene_66
Gene_90,Gene_67
Gene_90,Gene_68
Gene_90,Gene_69
Gene_90,Gene_70
Gene_90,Gene_71
Gene_90,Gene_72
Gene_90,Gene_73
Gene_90,Gene_74
Gene_90,Gene_75
Gene_90,Gene_76
Gene_90,Gene_77
Gene_90,Gene_78
Gene_90,Gene_79
Gene_90,Gene_80
Gene_90,Gene_81
Gene_90,Gene_82
Gene_90,Gene_84
Gene_90,Gene_86
Gene_90,Gene_87
Gene_90,Gene_88
Gene_90,Gene_89
Gene_90,Gene_90
Gene_90,Gene_91
Gene_90,Gene_92
Gene_90,Gene_93
Gene_90,Gene_94
Gene_90,Gene_96
Gene_90,Gene_97
Gene_90,Gene_98
Gene_90,Gene_99
Gene_90,Gene_100
Gene_90,Gene_101
Gene_90,Gene_102
Gene_90,Gene_103
Gene_90,Gene_104
Gene_90,Gene_106
Gene_90,Gene_107
Gene_90,Gene_108
Gene_90,Gene_110
Gene_90,Gene_112
Gene_90,Gene_113
Gene_90,Gene_114
Gene_90,Gene_115
Gene_90,Gene_116
Gene_90,Gene_117
Gene_90,Gene_118
Gene_90,Gene_119
Gene_90,Gene_120
Gene_90,Gene_121
Gene_90,Gene_122
Gene_90,Gene_125
Gene_90,Gene_126
Gene_90,Gene_127
Gene_90,Gene_128
Gene_90,Gene_129
Gene_90,Gene_130
Gene_90,Gene_131
Gene_90,Gene_132
Gene_90,Gene_133
Gene_90,Gene_134
Gene_90,Gene_136
Gene_90,Gene_137
Gene_90,Gene_138
Gene_90,Gene_139
Gene_90,Gene_140
Gene_90,Gene_142
Gene_90,Gene_143
Gene_90,Gene_144
Gene_90,Gene_146
Gene_90,Gene_147
Gene_90,Gene_148
Gene_90,Gene_149
Gene_90,Gene_150
Gene_90,Gene_151
Gene_90,Gene_152
Gene_90,Gene_153
Gene_90,Gene_154
Gene_90,Gene_155
Gene_90,Gene_156
Gene_90,Gene_157
Gene_90,Gene_158
Gene_90,Gene_159
Gene_90,Gene_160
Gene_90,Gene_161
Gene_90,Gene_162
Gene_90,Gene_163
Gene_90,Gene_164
Gene_90,Gene_165
Gene_90,Gene_167
Gene_90,Gene_168
Gene_90,Gene_169
Gene_90,Gene_170
Gene_90,Gene_171
Gene_90,Gene_172
Gene_90,Gene_173
Gene_90,Gene_175
Gene_90,Gene_176
Gene_90,Gene_177
Gene_90,Gene_178
Gene_90,Gene_179
Gene_90,Gene_180
Gene_90,Gene_182
Gene_90,Gene_183
Gene_90,Gene_184
Gene_90,Gene_185
Gene_90,Gene_186
Gene_90,Gene_187
Gene_90,Gene_189
Gene_90,Gene_190
Gene_90,Gene_192
Gene_90,Gene_193
Gene_90,Gene_195
Gene_90,Gene_196
Gene_90,Gene_197
Gene_90,Gene_198
Gene_90,Gene_200
Gene_91,Gene_1
Gene_91,Gene_4
Gene_91,Gene_5
Gene_91,Gene_7
Gene_91,Gene_8
Gene_91,Gene_9
Gene_91,Gene_11
Gene_91,Gene_12
Gene_91,Gene_13
Gene_91,Gene_14
Gene_91,Gene_15
Gene_91,Gene_16
Gene_91,Gene_18
Gene_91,Gene_19
Gene_91,Gene_20
Gene_91,Gene_21
Gene_91,Gene_22
Gene_91,Gene_24
Gene_91,Gene_25
Gene_91,Gene_26
Gene_91,Gene_27
Gene_91,Gene_28
Gene_91,Gene_30
Gene_91,Gene_34
Gene_91,Gene_36
Gene_91,Gene_37
Gene_91,Gene_39
Gene_91,Gene_40
Gene_91,Gene_41
Gene_91,Gene_42
Gene_91,Gene_43
Gene_91,Gene_44
Gene_91,Gene_46
Gene_91,Gene_47
Gene_91,Gene_48
Gene_91,Gene_49
Gene_91,Gene_54
Gene_91,Gene_55
Gene_91,Gene_56
Gene_91,Gene_57
Gene_91,Gene_58
Gene_91,Gene_60
Gene_91,Gene_61
Gene_91,Gene_62
Gene_91,Gene_63
Gene_91,Gene_64
Gene_91,Gene_65
Gene_91,Gene_66
Gene_91,Gene_67
Gene_91,Gene_69
Gene_91,Gene_70
Gene_91,Gene_71
Gene_91,Gene_73
Gene_91,Gene_74
Gene_91,Gene_75
Gene_91,Gene_76
Gene_91,Gene_77
Gene_91,Gene_79
Gene_91,Gene_81
Gene_91,Gene_82
Gene_91,Gene_83
Gene_91,Gene_84
Gene_91,Gene_85
Gene_91,Gene_87
Gene_91,Gene_88
Gene_91,Gene_89
Gene_91,Gene_90
Gene_91,Gene_91
Gene_91,Gene_92
Gene_91,Gene_93
Gene_91,Gene_94
Gene_91,Gene_95
Gene_91,Gene_98
Gene_91,Gene_99
Gene_91,Gene_100
Gene_91,Gene_102
Gene_91,Gene_103
Gene_91,Gene_104
Gene_91,Gene_105
Gene_91,Gene_106
Gene_91,Gene_107
Gene_91,Gene_108
Gene_91,Gene_109
Gene_91,Gene_111
Gene_91,Gene_112
Gene_91,Gene_113
Gene_91,Gene_114
Gene_91,Gene_116
Gene_91,Gene_117
Gene_91,Gene_118
Gene_91,Gene_120
Gene_91,Gene_121
Gene_91,Gene_122
Gene_91,Gene_123
Gene_91,Gene_125
Gene_91,Gene_126
Gene_91,Gene_129
Gene_91,Gene_130
Gene_91,Gene_132
Gene_91,Gene_133
Gene_91,Gene_135
Gene_91,Gene_136
Gene_91,Gene_137
Gene_91,Gene_139
Gene_91,Gene_140
Gene_91,Gene_141
Gene_91,Gene_142
Gene_91,Gene_143
Gene_91,Gene_144
Gene_91,Gene_145
Gene_91,Gene_146
Gene_91,Gene_148
Gene_91,Gene_149
Gene_91,Gene_150
Gene_91,Gene_151
Gene_91,Gene_152
Gene_91,Gene_154
Gene_91,Gene_155
Gene_91,Gene_156
Gene_91,Gene_157
Gene_91,Gene_158
Gene_91,Gene_159
Gene_91,Gene_160
Gene_91,Gene_164
Gene_91,Gene_166
Gene_91,Gene_167
Gene_91,Gene_168
Gene_91,Gene_170
Gene_91,Gene_171
Gene_91,Gene_172
Gene_91,Gene_174
Gene_91,Gene_176
Gene_91,Gene_177
Gene_91,Gene_179
Gene_91,Gene_180
Gene_91,Gene_181
Gene_91,Gene_182
Gene_91,Gene_183
Gene_91,Gene_184
Gene_91,Gene_185
Gene_91,Gene_188
Gene_91,Gene_189
Gene_91,Gene_191
Gene_91,Gene_192
Gene_91,Gene_194
Gene_91,Gene_196
Gene_91,Gene_197
Gene_91,Gene_198
Gene_91,Gene_199
Gene_91,Gene_200
Gene_92,Gene_1
Gene_92,Gene_3
Gene_92,Gene_5
Gene_92,Gene_6
Gene_92,Gene_7
Gene_92,Gene_8
Gene_92,Gene_9
Gene_92,Gene_10
Gene_92,Gene_11
Gene_92,Gene_12
Gene_92,Gene_14
Gene_92,Gene_15
Gene_92,Gene_16
Gene_92,Gene_17
Gene_92,Gene_18
Gene_92,Gene_19
Gene_92,Gene_21
Gene_92,Gene_22
Gene_92,Gene_23
Gene_92,Gene_24
Gene_92,Gene_25
Gene_92,Gene_26
Gene_92,Gene_27
Gene_92,Gene_28
Gene_92,Gene_29
Gene_92,Gene_30
Gene_92,Gene_31
Gene_92,Gene_32
Gene_92,Gene_33
Gene_92,Gene_34
Gene_92,Gene_39
Gene_92,Gene_41
Gene_92,Gene_42
Gene_92,Gene_43
Gene_92,Gene_44
Gene_92,Gene_45
Gene_92,Gene_47
Gene_92,Gene_50
Gene_92,Gene_51
Gene_92,Gene_52
Gene_92,Gene_53
Gene_92,Gene_54
Gene_92,Gene_55
Gene_92,Gene_56
Gene_92,Gene_57
Gene_92,Gene_58
Gene_92,Gene_59
Gene_92,Gene_60
Gene_92,Gene_61
Gene_92,Gene_62
Gene_92,Gene_63
Gene_92,Gene_64
Gene_92,Gene_65
Gene_92,Gene_66
Gene_92,Gene_67
Gene_92,Gene_68
Gene_92,Gene_69
Gene_92,Gene_70
Gene_92,Gene_71
Gene_92,Gene_72
Gene_92,Gene_73
Gene_92,Gene_74
Gene_92,Gene_75
Gene_92,Gene_76
Gene_92,Gene_78
Gene_92,Gene_79
Gene_92,Gene_80
Gene_92,Gene_81
Gene_92,Gene_82
Gene_92,Gene_83
Gene_92,Gene_84
Gene_92,Gene_85
Gene_92,Gene_86
Gene_92,Gene_87
Gene_92,Gene_88
Gene_92,Gene_90
Gene_92,Gene_91
Gene_92,Gene_92
Gene_92,Gene_95
Gene_92,Gene_98
Gene_92,Gene_100
Gene_92,Gene_101
Gene_92,Gene_102
Gene_92,Gene_103
Gene_92,Gene_104
Gene_92,Gene_105
Gene_92,Gene_106
Gene_92,Gene_107
Gene_92,Gene_109
Gene_92,Gene_110
Gene_92,Gene_111
Gene_92,Gene_112
Gene_92,Gene_113
Gene_92,Gene_115
Gene_92,Gene_116
Gene_92,Gene_117
Gene_92,Gene_118
Gene_92,Gene_120
Gene_92,Gene_121
Gene_92,Gene_122
Gene_92,Gene_124
Gene_92,Gene_127
Gene_92,Gene_129
Gene_92,Gene_130
Gene_92,Gene_132
Gene_92,Gene_133
Gene_92,Gene_134
Gene_92,Gene_135
Gene_92,Gene_136
Gene_92,Gene_137
Gene_92,Gene_138
Gene_92,Gene_139
Gene_92,Gene_140
Gene_92,Gene_141
Gene_92,Gene_142
Gene_92,Gene_143
Gene_92,Gene_144
Gene_92,Gene_145
Gene_92,Gene_147
Gene_92,Gene_148
Gene_92,Gene_150
Gene_92,Gene_151
Gene_92,Gene_153
Gene_92,Gene_154
Gene_92,Gene_155
Gene_92,Gene_157
Gene_92,Gene_160
Gene_92,Gene_161
Gene_92,Gene_162
Gene_92,Gene_164
Gene_92,Gene_165
Gene_92,Gene_166
Gene_92,Gene_168
Gene_92,Gene_169
Gene_92,Gene_170
Gene_92,Gene_171
Gene_92,Gene_173
Gene_92,Gene_174
Gene_92,Gene_175
Gene_92,Gene_176
Gene_92,Gene_177
Gene_92,Gene_178
Gene_92,Gene_180
Gene_92,Gene_181
Gene_92,Gene_183
Gene_92,Gene_184
Gene_92,Gene_185
Gene_92,Gene_186
Gene_92,Gene_187
Gene_92,Gene_188
Gene_92,Gene_189
Gene_92,Gene_190
Gene_92,Gene_191
Gene_92,Gene_194
Gene_92,Gene_195
Gene_92,Gene_198
Gene_92,Gene_199
Gene_92,Gene_200
Gene_93,Gene_1
Gene_93,Gene_2
Gene_93,Gene_3
Gene_93,Gene_4
Gene_93,Gene_5
Gene_93,Gene_6
Gene_93,Gene_7
Gene_93,Gene_8
Gene_93,Gene_10
Gene_93,Gene_11
Gene_93,Gene_12
Gene_93,Gene_13
Gene_93,Gene_14
Gene_93,Gene_15
Gene_93,Gene_16
Gene_93,Gene_17
Gene_93,Gene_18
Gene_93,Gene_19
Gene_93,Gene_21
Gene_93,Gene_22
Gene_93,Gene_24
Gene_93,Gene_25
Gene_93,Gene_26
Gene_93,Gene_27
Gene_93,Gene_28
Gene_93,Gene_30
Gene_93,Gene_32
Gene_93,Gene_33
Gene_93,Gene_34
Gene_93,Gene_35
Gene_93,Gene_36
Gene_93,Gene_37
Gene_93,Gene_38
Gene_93,Gene_39
Gene_93,Gene_40
Gene_93,Gene_41
Gene_93,Gene_43
Gene_93,Gene_44
Gene_93,Gene_45
Gene_93,Gene_48
Gene_93,Gene_49
Gene_93,Gene_50
Gene_93,Gene_51
Gene_93,Gene_52
Gene_93,Gene_53
Gene_93,Gene_56
Gene_93,Gene_57
Gene_93,Gene_58
Gene_93,Gene_59
Gene_93,Gene_60
Gene_93,Gene_61
Gene_93,Gene_62
Gene_93,Gene_63
Gene_93,Gene_67
Gene_93,Gene_68
Gene_93,Gene_69
Gene_93,Gene_71
Gene_93,Gene_72
Gene_93,Gene_73
Gene_93,Gene_74
Gene_93,Gene_76
Gene_93,Gene_77
Gene_93,Gene_78
Gene_93,Gene_79
Gene_93,Gene_80
Gene_93,Gene_81
Gene_93,Gene_84
Gene_93,Gene_86
Gene_93,Gene_87
Gene_93,Gene_88
Gene_93,Gene_89
Gene_93,Gene_90
Gene_93,Gene_91
Gene_93,Gene_92
Gene_93,Gene_94
Gene_93,Gene_95
Gene_93,Gene_96
Gene_93,Gene_97
Gene_93,Gene_98
Gene_93,Gene_99
Gene_93,Gene_100
Gene_93,Gene_101
Gene_93,Gene_103
Gene_93,Gene_104
Gene_93,Gene_105
Gene_93,Gene_106
Gene_93,Gene_107
Gene_93,Gene_108
Gene_93,Gene_109
Gene_93,Gene_110
Gene_93,Gene_111
Gene_93,Gene_113
Gene_93,Gene_114
Gene_93,Gene_116
Gene_93,Gene_117
Gene_93,Gene_118
Gene_93,Gene_119
Gene_93,Gene_121
Gene_93,Gene_122
Gene_93,Gene_123
Gene_93,Gene_124
Gene_93,Gene_125
Gene_93,Gene_126
Gene_93,Gene_127
Gene_93,Gene_128
Gene_93,Gene_129
Gene_93,Gene_130
Gene_93,Gene_131
Gene_93,Gene_132
Gene_93,Gene_133
Gene_93,Gene_134
Gene_93,Gene_135
Gene_93,Gene_136
Gene_93,Gene_138
Gene_93,Gene_139
Gene_93,Gene_141
Gene_93,Gene_142
Gene_93,Gene_143
Gene_93,Gene_144
Gene_93,Gene_145
Gene_93,Gene_146
Gene_93,Gene_147
Gene_93,Gene_148
Gene_93,Gene_149
Gene_93,Gene_150
Gene_93,Gene_151
Gene_93,Gene_152
Gene_93,Gene_153
Gene_93,Gene_154
Gene_93,Gene_155
Gene_93,Gene_157
Gene_93,Gene_159
Gene_93,Gene_161
Gene_93,Gene_162
Gene_93,Gene_163
Gene_93,Gene_164
Gene_93,Gene_165
Gene_93,Gene_166
Gene_93,Gene_168
Gene_93,Gene_169
Gene_93,Gene_173
Gene_93,Gene_174
Gene_93,Gene_175
Gene_93,Gene_176
Gene_93,Gene_177
Gene_93,Gene_178
Gene_93,Gene_179
Gene_93,Gene_180
Gene_93,Gene_181
Gene_93,Gene_182
Gene_93,Gene_183
Gene_93,Gene_184
Gene_93,Gene_186
Gene_93,Gene_187
Gene_93,Gene_188
Gene_93,Gene_189
Gene_93,Gene_190
Gene_93,Gene_192
Gene_93,Gene_193
Gene_93,Gene_194
Gene_93,Gene_195
Gene_93,Gene_196
Gene_93,Gene_197
Gene_93,Gene_198
Gene_93,Gene_199
Gene_94,Gene_0
Gene_94,Gene_1
Gene_94,Gene_2
Gene_94,Gene_3
Gene_94,Gene_4
Gene_94,Gene_5
Gene_94,Gene_6
Gene_94,Gene_7
Gene_94,Gene_8
Gene_94,Gene_10
Gene_94,Gene_11
Gene_94,Gene_12
Gene_94,Gene_13
Gene_94,Gene_14
Gene_94,Gene_15
Gene_94,Gene_16
Gene_94,Gene_17
Gene_94,Gene_18
Gene_94,Gene_19
Gene_94,Gene_20
Gene_94,Gene_21
Gene_94,Gene_22
Gene_94,Gene_23
Gene_94,Gene_24
Gene_94,Gene_25
Gene_94,Gene_26
Gene_94,Gene_28
Gene_94,Gene_29
Gene_94,Gene_30
Gene_94,Gene_31
Gene_94,Gene_32
Gene_94,Gene_33
Gene_94,Gene_34
Gene_94,Gene_35
Gene_94,Gene_37
Gene_94,Gene_38
Gene_94,Gene_40
Gene_94,Gene_41
Gene_94,Gene_42
Gene_94,Gene_45
Gene_94,Gene_46
Gene_94,Gene_47
Gene_94,Gene_48
Gene_94,Gene_49
Gene_94,Gene_50
Gene_94,Gene_51
Gene_94,Gene_52
Gene_94,Gene_54
Gene_94,Gene_55
Gene_94,Gene_56
Gene_94,Gene_58
Gene_94,Gene_59
Gene_94,Gene_60
Gene_94,Gene_62
Gene_94,Gene_63
Gene_94,Gene_65
Gene_94,Gene_66
Gene_94,Gene_69
Gene_94,Gene_70
Gene_94,Gene_71
Gene_94,Gene_73
Gene_94,Gene_74
Gene_94,Gene_75
Gene_94,Gene_78
Gene_94,Gene_79
Gene_94,Gene_80
Gene_94,Gene_81
Gene_94,Gene_82
Gene_94,Gene_83
Gene_94,Gene_84
Gene_94,Gene_85
Gene_94,Gene_86
Gene_94,Gene_87
Gene_94,Gene_88
Gene_94,Gene_89
Gene_94,Gene_90
Gene_94,Gene_92
Gene_94,Gene_93
Gene_94,Gene_95
Gene_94,Gene_97
Gene_94,Gene_98
Gene_94,Gene_99
Gene_94,Gene_100
Gene_94,Gene_101
Gene_94,Gene_102
Gene_94,Gene_103
Gene_94,Gene_104
Gene_94,Gene_105
Gene_94,Gene_106
Gene_94,Gene_107
Gene_94,Gene_108
Gene_94,Gene_109
Gene_94,Gene_111
Gene_94,Gene_113
Gene_94,Gene_114
Gene_94,Gene_115
Gene_94,Gene_116
Gene_94,Gene_117
Gene_94,Gene_118
Gene_94,Gene_119
Gene_94,Gene_120
Gene_94,Gene_122
Gene_94,Gene_123
Gene_94,Gene_124
Gene_94,Gene_126
Gene_94,Gene_127
Gene_94,Gene_128
Gene_94,Gene_129
Gene_94,Gene_130
Gene_94,Gene_131
Gene_94,Gene_132
Gene_94,Gene_133
Gene_94,Gene_134
Gene_94,Gene_135
Gene_94,Gene_136
Gene_94,Gene_137
Gene_94,Gene_138
Gene_94,Gene_139
Gene_94,Gene_140
Gene_94,Gene_141
Gene_94,Gene_143
Gene_94,Gene_145
Gene_94,Gene_146
Gene_94,Gene_147
Gene_94,Gene_148
Gene_94,Gene_149
Gene_94,Gene_150
Gene_94,Gene_151
Gene_94,Gene_152
Gene_94,Gene_153
Gene_94,Gene_154
Gene_94,Gene_155
Gene_94,Gene_156
Gene_94,Gene_157
Gene_94,Gene_158
Gene_94,Gene_159
Gene_94,Gene_160
Gene_94,Gene_161
Gene_94,Gene_162
Gene_94,Gene_163
Gene_94,Gene_164
Gene_94,Gene_165
Gene_94,Gene_166
Gene_94,Gene_167
Gene_94,Gene_168
Gene_94,Gene_169
Gene_94,Gene_170
Gene_94,Gene_171
Gene_94,Gene_173
Gene_94,Gene_174
Gene_94,Gene_175
Gene_94,Gene_176
Gene_94,Gene_177
Gene_94,Gene_178
Gene_94,Gene_180
Gene_94,Gene_181
Gene_94,Gene_183
Gene_94,Gene_185
Gene_94,Gene_186
Gene_94,Gene_187
Gene_94,Gene_188
Gene_94,Gene_189
Gene_94,Gene_190
Gene_94,Gene_191
Gene_94,Gene_192
Gene_94,Gene_193
Gene_94,Gene_194
Gene_94,Gene_195
Gene_94,Gene_196
Gene_95,Gene_0
Gene_95,Gene_1
Gene_95,Gene_2
Gene_95,Gene_3
Gene_95,Gene_4
Gene_95,Gene_5
Gene_95,Gene_6
Gene_95,Gene_7
Gene_95,Gene_8
Gene_95,Gene_9
Gene_95,Gene_10
Gene_95,Gene_11
Gene_95,Gene_13
Gene_95,Gene_14
Gene_95,Gene_16
Gene_95,Gene_17
Gene_95,Gene_20
Gene_95,Gene_21
Gene_95,Gene_22
Gene_95,Gene_23
Gene_95,Gene_24
Gene_95,Gene_25
Gene_95,Gene_27
Gene_95,Gene_29
Gene_95,Gene_30
Gene_95,Gene_31
Gene_95,Gene_33
Gene_95,Gene_34
Gene_95,Gene_35
Gene_95,Gene_36
Gene_95,Gene_37
Gene_95,Gene_38
Gene_95,Gene_39
Gene_95,Gene_42
Gene_95,Gene_43
Gene_95,Gene_44
Gene_95,Gene_45
Gene_95,Gene_46
Gene_95,Gene_47
Gene_95,Gene_48
Gene_95,Gene_49
Gene_95,Gene_50
Gene_95,Gene_51
Gene_95,Gene_52
Gene_95,Gene_54
Gene_95,Gene_58
Gene_95,Gene_59
Gene_95,Gene_60
Gene_95,Gene_63
Gene_95,Gene_65
Gene_95,Gene_66
Gene_95,Gene_67
Gene_95,Gene_68
Gene_95,Gene_70
Gene_95,Gene_72
Gene_95,Gene_74
Gene_95,Gene_75
Gene_95,Gene_76
Gene_95,Gene_77
Gene_95,Gene_78
Gene_95,Gene_80
Gene_95,Gene_81
Gene_95,Gene_82
Gene_95,Gene_83
Gene_95,Gene_84
Gene_95,Gene_85
Gene_95,Gene_86
Gene_95,Gene_88
Gene_95,Gene_89
Gene_95,Gene_90
Gene_95,Gene_91
Gene_95,Gene_92
Gene_95,Gene_93
Gene_95,Gene_94
Gene_95,Gene_96
Gene_95,Gene_97
Gene_95,Gene_98
Gene_95,Gene_99
Gene_95,Gene_100
Gene_95,Gene_101
Gene_95,Gene_102
Gene_95,Gene_103
Gene_95,Gene_106
Gene_95,Gene_107
Gene_95,Gene_108
Gene_95,Gene_109
Gene_95,Gene_110
Gene_95,Gene_111
Gene_95,Gene_112
Gene_95,Gene_113
Gene_95,Gene_114
Gene_95,Gene_115
Gene_95,Gene_116
Gene_95,Gene_117
Gene_95,Gene_118
Gene_95,Gene_119
Gene_95,Gene_120
Gene_95,Gene_121
Gene_95,Gene_122
Gene_95,Gene_123
Gene_95,Gene_124
Gene_95,Gene_125
Gene_95,Gene_126
Gene_95,Gene_127
Gene_95,Gene_128
Gene_95,Gene_129
Gene_95,Gene_132
Gene_95,Gene_133
Gene_95,Gene_135
Gene_95,Gene_136
Gene_95,Gene_137
Gene_95,Gene_138
Gene_95,Gene_139
Gene_95,Gene_140
Gene_95,Gene_141
Gene_95,Gene_142
Gene_95,Gene_143
Gene_95,Gene_144
Gene_95,Gene_145
Gene_95,Gene_149
Gene_95,Gene_150
Gene_95,Gene_151
Gene_95,Gene_152
Gene_95,Gene_153
Gene_95,Gene_154
Gene_95,Gene_155
Gene_95,Gene_156
Gene_95,Gene_157
Gene_95,Gene_158
Gene_95,Gene_159
Gene_95,Gene_160
Gene_95,Gene_161
Gene_95,Gene_164
Gene_95,Gene_165
Gene_95,Gene_166
Gene_95,Gene_167
Gene_95,Gene_168
Gene_95,Gene_169
Gene_95,Gene_170
Gene_95,Gene_171
Gene_95,Gene_173
Gene_95,Gene_174
Gene_95,Gene_176
Gene_95,Gene_177
Gene_95,Gene_178
Gene_95,Gene_179
Gene_95,Gene_180
Gene_95,Gene_181
Gene_95,Gene_182
Gene_95,Gene_184
Gene_95,Gene_187
Gene_95,Gene_189
Gene_95,Gene_190
Gene_95,Gene_191
Gene_95,Gene_192
Gene_95,Gene_194
Gene_95,Gene_196
Gene_95,Gene_197
Gene_95,Gene_198
Gene_95,Gene_199
Gene_95,Gene_200
Gene_96,Gene_0
Gene_96,Gene_1
Gene_96,Gene_2
Gene_96,Gene_3
Gene_96,Gene_4
Gene_96,Gene_5
Gene_96,Gene_6
Gene_96,Gene_8
Gene_96,Gene_9
Gene_96,Gene_10
Gene_96,Gene_11
Gene_96,Gene_12
Gene_96,Gene_14
Gene_96,Gene_15
Gene_96,Gene_16
Gene_96,Gene_17
Gene_96,Gene_18
Gene_96,Gene_19
Gene_96,Gene_20
Gene_96,Gene_21
Gene_96,Gene_23
Gene_96,Gene_24
Gene_96,Gene_25
Gene_96,Gene_27
Gene_96,Gene_28
Gene_96,Gene_29
Gene_96,Gene_30
Gene_96,Gene_31
Gene_96,Gene_33
Gene_96,Gene_34
Gene_96,Gene_35
Gene_96,Gene_36
Gene_96,Gene_37
Gene_96,Gene_38
Gene_96,Gene_39
Gene_96,Gene_40
Gene_96,Gene_41
Gene_96,Gene_42
Gene_96,Gene_43
Gene_96,Gene_44
Gene_96,Gene_45
Gene_96,Gene_46
Gene_96,Gene_47
Gene_96,Gene_48
Gene_96,Gene_49
Gene_96,Gene_50
Gene_96,Gene_51
Gene_96,Gene_52
Gene_96,Gene_53
Gene_96,Gene_54
Gene_96,Gene_55
Gene_96,Gene_57
Gene_96,Gene_58
Gene_96,Gene_59
Gene_96,Gene_60
Gene_96,Gene_61
Gene_96,Gene_62
Gene_96,Gene_63
Gene_96,Gene_64
Gene_96,Gene_68
Gene_96,Gene_70
Gene_96,Gene_71
Gene_96,Gene_72
Gene_96,Gene_75
Gene_96,Gene_76
Gene_96,Gene_77
Gene_96,Gene_78
Gene_96,Gene_79
Gene_96,Gene_80
Gene_96,Gene_81
Gene_96,Gene_82
Gene_96,Gene_83
Gene_96,Gene_84
Gene_96,Gene_85
Gene_96,Gene_86
Gene_96,Gene_87
Gene_96,Gene_88
Gene_96,Gene_90
Gene_96,Gene_92
Gene_96,Gene_93
Gene_96,Gene_94
Gene_96,Gene_95
Gene_96,Gene_96
Gene_96,Gene_97
Gene_96,Gene_98
Gene_96,Gene_99
Gene_96,Gene_100
Gene_96,Gene_101
Gene_96,Gene_102
Gene_96,Gene_103
Gene_96,Gene_104
Gene_96,Gene_105
Gene_96,Gene_106
Gene_96,Gene_107
Gene_96,Gene_108
Gene_96,Gene_109
Gene_96,Gene_110
Gene_96,Gene_112
Gene_96,Gene_113
Gene_96,Gene_114
Gene_96,Gene_115
Gene_96,Gene_116
Gene_96,Gene_117
Gene_96,Gene_119
Gene_96,Gene_120
Gene_96,Gene_121
Gene_96,Gene_122
Gene_96,Gene_123
Gene_96,Gene_124
Gene_96,Gene_125
Gene_96,Gene_126
Gene_96,Gene_127
Gene_96,Gene_128
Gene_96,Gene_130
Gene_96,Gene_131
Gene_96,Gene_132
Gene_96,Gene_133
Gene_96,Gene_136
Gene_96,Gene_137
Gene_96,Gene_138
Gene_96,Gene_139
Gene_96,Gene_141
Gene_96,Gene_142
Gene_96,Gene_143
Gene_96,Gene_146
Gene_96,Gene_147
Gene_96,Gene_148
Gene_96,Gene_150
Gene_96,Gene_151
Gene_96,Gene_152
Gene_96,Gene_153
Gene_96,Gene_155
Gene_96,Gene_156
Gene_96,Gene_158
Gene_96,Gene_159
Gene_96,Gene_160
Gene_96,Gene_162
Gene_96,Gene_163
Gene_96,Gene_164
Gene_96,Gene_165
Gene_96,Gene_168
Gene_96,Gene_169
Gene_96,Gene_170
Gene_96,Gene_171
Gene_96,Gene_174
Gene_96,Gene_175
Gene_96,Gene_176
Gene_96,Gene_177
Gene_96,Gene_178
Gene_96,Gene_180
Gene_96,Gene_181
Gene_96,Gene_182
Gene_96,Gene_183
Gene_96,Gene_184
Gene_96,Gene_185
Gene_96,Gene_186
Gene_96,Gene_187
Gene_96,Gene_189
Gene_96,Gene_190
Gene_96,Gene_191
Gene_96,Gene_192
Gene_96,Gene_193
Gene_96,Gene_195
Gene_96,Gene_196
Gene_96,Gene_197
Gene_96,Gene_198
Gene_96,Gene_199
Gene_97,Gene_2
Gene_97,Gene_3
Gene_97,Gene_4
Gene_97,Gene_6
Gene_97,Gene_8
Gene_97,Gene_9
Gene_97,Gene_10
Gene_97,Gene_11
Gene_97,Gene_12
Gene_97,Gene_13
Gene_97,Gene_14
Gene_97,Gene_15
Gene_97,Gene_16
Gene_97,Gene_17
Gene_97,Gene_18
Gene_97,Gene_20
Gene_97,Gene_21
Gene_97,Gene_22
Gene_97,Gene_23
Gene_97,Gene_24
Gene_97,Gene_25
Gene_97,Gene_26
Gene_97,Gene_27
Gene_97,Gene_28
Gene_97,Gene_32
Gene_97,Gene_33
Gene_97,Gene_35
Gene_97,Gene_36
Gene_97,Gene_37
Gene_97,Gene_39
Gene_97,Gene_40
Gene_97,Gene_41
Gene_97,Gene_42
Gene_97,Gene_43
Gene_97,Gene_44
Gene_97,Gene_45
Gene_97,Gene_46
Gene_97,Gene_49
Gene_97,Gene_50
Gene_97,Gene_51
Gene_97,Gene_52
Gene_97,Gene_54
Gene_97,Gene_55
Gene_97,Gene_58
Gene_97,Gene_59
Gene_97,Gene_60
Gene_97,Gene_62
Gene_97,Gene_63
Gene_97,Gene_64
Gene_97,Gene_66
Gene_97,Gene_67
Gene_97,Gene_68
Gene_97,Gene_69
Gene_97,Gene_72
Gene_97,Gene_73
Gene_97,Gene_74
Gene_97,Gene_75
Gene_97,Gene_76
Gene_97,Gene_77
Gene_97,Gene_78
Gene_97,Gene_79
Gene_97,Gene_80
Gene_97,Gene_81
Gene_97,Gene_83
Gene_97,Gene_84
Gene_97,Gene_85
Gene_97,Gene_86
Gene_97,Gene_87
Gene_97,Gene_88
Gene_97,Gene_90
Gene_97,Gene_91
Gene_97,Gene_92
Gene_97,Gene_93
Gene_97,Gene_94
Gene_97,Gene_95
Gene_97,Gene_96
Gene_97,Gene_97
Gene_97,Gene_98
Gene_97,Gene_100
Gene_97,Gene_101
Gene_97,Gene_102
Gene_97,Gene_103
Gene_97,Gene_104
Gene_97,Gene_105
Gene_97,Gene_106
Gene_97,Gene_107
Gene_97,Gene_108
Gene_97,Gene_110
Gene_97,Gene_113
Gene_97,Gene_115
Gene_97,Gene_116
Gene_97,Gene_118
Gene_97,Gene_120
Gene_97,Gene_121
Gene_97,Gene_122
Gene_97,Gene_123
Gene_97,Gene_124
Gene_97,Gene_125
Gene_97,Gene_126
Gene_97,Gene_131
Gene_97,Gene_132
Gene_97,Gene_133
Gene_97,Gene_134
Gene_97,Gene_135
Gene_97,Gene_136
Gene_97,Gene_138
Gene_97,Gene_139
Gene_97,Gene_140
Gene_97,Gene_143
Gene_97,Gene_144
Gene_97,Gene_146
Gene_97,Gene_147
Gene_97,Gene_148
Gene_97,Gene_149
Gene_97,Gene_150
Gene_97,Gene_151
Gene_97,Gene_152
Gene_97,Gene_153
Gene_97,Gene_154
Gene_97,Gene_155
Gene_97,Gene_157
Gene_97,Gene_158
Gene_97,Gene_159
Gene_97,Gene_160
Gene_97,Gene_162
Gene_97,Gene_163
Gene_97,Gene_164
Gene_97,Gene_165
Gene_97,Gene_166
Gene_97,Gene_167
Gene_97,Gene_168
Gene_97,Gene_169
Gene_97,Gene_170
Gene_97,Gene_171
Gene_97,Gene_172
Gene_97,Gene_173
Gene_97,Gene_175
Gene_97,Gene_177
Gene_97,Gene_179
Gene_97,Gene_181
Gene_97,Gene_182
Gene_97,Gene_183
Gene_97,Gene_184
Gene_97,Gene_185
Gene_97,Gene_186
Gene_97,Gene_187
Gene_97,Gene_188
Gene_97,Gene_189
Gene_97,Gene_190
Gene_97,Gene_191
Gene_97,Gene_192
Gene_97,Gene_193
Gene_97,Gene_194
Gene_97,Gene_195
Gene_97,Gene_196
Gene_97,Gene_197
Gene_97,Gene_198
Gene_97,Gene_200
Gene_98,Gene_0
Gene_98,Gene_2
Gene_98,Gene_3
Gene_98,Gene_5
Gene_98,Gene_6
Gene_98,Gene_7
Gene_98,Gene_8
Gene_98,Gene_9
Gene_98,Gene_10
Gene_98,Gene_12
Gene_98,Gene_13
Gene_98,Gene_14
Gene_98,Gene_15
Gene_98,Gene_16
Gene_98,Gene_17
Gene_98,Gene_18
Gene_98,Gene_20
Gene_98,Gene_22
Gene_98,Gene_23
Gene_98,Gene_25
Gene_98,Gene_27
Gene_98,Gene_28
Gene_98,Gene_29
Gene_98,Gene_30
Gene_98,Gene_31
Gene_98,Gene_32
Gene_98,Gene_33
Gene_98,Gene_35
Gene_98,Gene_36
Gene_98,Gene_38
Gene_98,Gene_39
Gene_98,Gene_40
Gene_98,Gene_41
Gene_98,Gene_42
Gene_98,Gene_43
Gene_98,Gene_44
Gene_98,Gene_45
Gene_98,Gene_46
Gene_98,Gene_47
Gene_98,Gene_49
Gene_98,Gene_51
Gene_98,Gene_52
Gene_98,Gene_53
Gene_98,Gene_54
Gene_98,Gene_55
Gene_98,Gene_56
Gene_98,Gene_57
Gene_98,Gene_58
Gene_98,Gene_59
Gene_98,Gene_60
Gene_98,Gene_61
Gene_98,Gene_62
Gene_98,Gene_63
Gene_98,Gene_64
Gene_98,Gene_65
Gene_98,Gene_66
Gene_98,Gene_68
Gene_98,Gene_69
Gene_98,Gene_70
Gene_98,Gene_72
Gene_98,Gene_73
Gene_98,Gene_74
Gene_98,Gene_75
Gene_98,Gene_76
Gene_98,Gene_77
Gene_98,Gene_78
Gene_98,Gene_80
Gene_98,Gene_82
Gene_98,Gene_83
Gene_98,Gene_84
Gene_98,Gene_85
Gene_98,Gene_86
Gene_98,Gene_87
Gene_98,Gene_90
Gene_98,Gene_91
Gene_98,Gene_92
Gene_98,Gene_93
Gene_98,Gene_94
Gene_98,Gene_95
Gene_98,Gene_97
Gene_98,Gene_98
Gene_98,Gene_99
Gene_98,Gene_100
Gene_98,Gene_101
Gene_98,Gene_103
Gene_98,Gene_104
Gene_98,Gene_105
Gene_98,Gene_106
Gene_98,Gene_107
Gene_98,Gene_108
Gene_98,Gene_109
Gene_98,Gene_110
Gene_98,Gene_111
Gene_98,Gene_112
Gene_98,Gene_113
Gene_98,Gene_114
Gene_98,Gene_115
Gene_98,Gene_116
Gene_98,Gene_117
Gene_98,Gene_118
Gene_98,Gene_119
Gene_98,Gene_121
Gene_98,Gene_122
Gene_98,Gene_124
Gene_98,Gene_125
Gene_98,Gene_126
Gene_98,Gene_127
Gene_98,Gene_128
Gene_98,Gene_129
Gene_98,Gene_130
Gene_98,Gene_132
Gene_98,Gene_133
Gene_98,Gene_134
Gene_98,Gene_136
Gene_98,Gene_137
Gene_98,Gene_138
Gene_98,Gene_139
Gene_98,Gene_140
Gene_98,Gene_141
Gene_98,Gene_142
Gene_98,Gene_143
Gene_98,Gene_144
Gene_98,Gene_145
Gene_98,Gene_147
Gene_98,Gene_148
Gene_98,Gene_149
Gene_98,Gene_150
Gene_98,Gene_152
Gene_98,Gene_153
Gene_98,Gene_154
Gene_98,Gene_155
Gene_98,Gene_156
Gene_98,Gene_157
Gene_98,Gene_158
Gene_98,Gene_159
Gene_98,Gene_160
Gene_98,Gene_161
Gene_98,Gene_162
Gene_98,Gene_163
Gene_98,Gene_164
Gene_98,Gene_166
Gene_98,Gene_168
Gene_98,Gene_169
Gene_98,Gene_170
Gene_98,Gene_171
Gene_98,Gene_172
Gene_98,Gene_173
Gene_98,Gene_175
Gene_98,Gene_177
Gene_98,Gene_178
Gene_98,Gene_179
Gene_98,Gene_180
Gene_98,Gene_181
Gene_98,Gene_183
Gene_98,Gene_184
Gene_98,Gene_185
Gene_98,Gene_187
Gene_98,Gene_188
Gene_98,Gene_189
Gene_98,Gene_190
Gene_98,Gene_192
Gene_98,Gene_195
Gene_98,Gene_196
Gene_98,Gene_198
Gene_98,Gene_199
Gene_98,Gene_200
Gene_99,Gene_0
Gene_99,Gene_1
Gene_99,Gene_3
Gene_99,Gene_4
Gene_99,Gene_5
Gene_99,Gene_6
Gene_99,Gene_7
Gene_99,Gene_8
Gene_99,Gene_9
Gene_99,Gene_11
Gene_99,Gene_13
Gene_99,Gene_14
Gene_99,Gene_15
Gene_99,Gene_16
Gene_99,Gene_17
Gene_99,Gene_18
Gene_99,Gene_19
Gene_99,Gene_20
Gene_99,Gene_22
Gene_99,Gene_23
Gene_99,Gene_24
Gene_99,Gene_25
Gene_99,Gene_26
Gene_99,Gene_27
Gene_99,Gene_28
Gene_99,Gene_29
Gene_99,Gene_30
Gene_99,Gene_32
Gene_99,Gene_35
Gene_99,Gene_36
Gene_99,Gene_38
Gene_99,Gene_41
Gene_99,Gene_42
Gene_99,Gene_43
Gene_99,Gene_44
Gene_99,Gene_45
Gene_99,Gene_46
Gene_99,Gene_47
Gene_99,Gene_48
Gene_99,Gene_49
Gene_99,Gene_52
Gene_99,Gene_53
Gene_99,Gene_54
Gene_99,Gene_55
Gene_99,Gene_56
Gene_99,Gene_57
Gene_99,Gene_58
Gene_99,Gene_61
Gene_99,Gene_63
Gene_99,Gene_64
Gene_99,Gene_66
Gene_99,Gene_67
Gene_99,Gene_68
Gene_99,Gene_69
Gene_99,Gene_72
Gene_99,Gene_73
Gene_99,Gene_74
Gene_99,Gene_75
Gene_99,Gene_76
Gene_99,Gene_77
Gene_99,Gene_78
Gene_99,Gene_79
Gene_99,Gene_80
Gene_99,Gene_81
Gene_99,Gene_83
Gene_99,Gene_84
Gene_99,Gene_85
Gene_99,Gene_86
Gene_99,Gene_87
Gene_99,Gene_88
Gene_99,Gene_89
Gene_99,Gene_90
Gene_99,Gene_91
Gene_99,Gene_92
Gene_99,Gene_93
Gene_99,Gene_94
Gene_99,Gene_97
Gene_99,Gene_98
Gene_99,Gene_99
Gene_99,Gene_100
Gene_99,Gene_101
Gene_99,Gene_102
Gene_99,Gene_103
Gene_99,Gene_104
Gene_99,Gene_105
Gene_99,Gene_106
Gene_99,Gene_107
Gene_99,Gene_108
Gene_99,Gene_110
Gene_99,Gene_114
Gene_99,Gene_115
Gene_99,Gene_116
Gene_99,Gene_117
Gene_99,Gene_120
Gene_99,Gene_121
Gene_99,Gene_122
Gene_99,Gene_123
Gene_99,Gene_124
Gene_99,Gene_125
Gene_99,Gene_126
Gene_99,Gene_127
Gene_99,Gene_128
Gene_99,Gene_129
Gene_99,Gene_130
Gene_99,Gene_131
Gene_99,Gene_133
Gene_99,Gene_135
Gene_99,Gene_136
Gene_99,Gene_139
Gene_99,Gene_140
Gene_99,Gene_141
Gene_99,Gene_142
Gene_99,Gene_144
Gene_99,Gene_146
Gene_99,Gene_147
Gene_99,Gene_148
Gene_99,Gene_150
Gene_99,Gene_151
Gene_99,Gene_152
Gene_99,Gene_153
Gene_99,Gene_154
Gene_99,Gene_155
Gene_99,Gene_156
Gene_99,Gene_157
Gene_99,Gene_158
Gene_99,Gene_160
Gene_99,Gene_161
Gene_99,Gene_162
Gene_99,Gene_163
Gene_99,Gene_165
Gene_99,Gene_166
Gene_99,Gene_167
Gene_99,Gene_168
Gene_99,Gene_169
Gene_99,Gene_170
Gene_99,Gene_173
Gene_99,Gene_175
Gene_99,Gene_176
Gene_99,Gene_177
Gene_99,Gene_178
Gene_99,Gene_179
Gene_99,Gene_180
Gene_99,Gene_181
Gene_99,Gene_182
Gene_99,Gene_183
Gene_99,Gene_185
Gene_99,Gene_186
Gene_99,Gene_187
Gene_99,Gene_188
Gene_99,Gene_190
Gene_99,Gene_192
Gene_99,Gene_193
Gene_99,Gene_194
Gene_99,Gene_196
Gene_99,Gene_197
Gene_99,Gene_199
Gene_100,Gene_0
Gene_100,Gene_1
Gene_100,Gene_2
Gene_100,Gene_3
Gene_100,Gene_4
Gene_100,Gene_5
Gene_100,Gene_6
Gene_100,Gene_7
Gene_100,Gene_8
Gene_100,Gene_10
Gene_100,Gene_11
Gene_100,Gene_12
Gene_100,Gene_13
Gene_100,Gene_14
Gene_100,Gene_15
Gene_100,Gene_16
Gene_100,Gene_17
Gene_100,Gene_18
Gene_100,Gene_19
Gene_100,Gene_20
Gene_100,Gene_21
Gene_100,Gene_22
Gene_100,Gene_23
Gene_100,Gene_24
Gene_100,Gene_26
Gene_100,Gene_28
Gene_100,Gene_29
Gene_100,Gene_30
Gene_100,Gene_31
Gene_100,Gene_32
Gene_100,Gene_35
Gene_100,Gene_36
Gene_100,Gene_37
Gene_100,Gene_38
Gene_100,Gene_39
Gene_100,Gene_40
Gene_100,Gene_41
Gene_100,Gene_42
Gene_100,Gene_43
Gene_100,Gene_44
Gene_100,Gene_45
Gene_100,Gene_46
Gene_100,Gene_47
Gene_100,Gene_48
Gene_100,Gene_49
Gene_100,Gene_50
Gene_100,Gene_51
Gene_100,Gene_52
Gene_100,Gene_53
Gene_100,Gene_55
Gene_100,Gene_56
Gene_100,Gene_57
Gene_100,Gene_58
Gene_100,Gene_59
Gene_100,Gene_61
Gene_100,Gene_62
Gene_100,Gene_63
Gene_100,Gene_64
Gene_100,Gene_65
Gene_100,Gene_66
Gene_100,Gene_67
Gene_100,Gene_68
Gene_100,Gene_70
Gene_100,Gene_71
Gene_100,Gene_72
Gene_100,Gene_73
Gene_100,Gene_74
Gene_100,Gene_75
Gene_100,Gene_76
Gene_100,Gene_77
Gene_100,Gene_78
Gene_100,Gene_79
Gene_100,Gene_82
Gene_100,Gene_83
Gene_100,Gene_84
Gene_100,Gene_85
Gene_100,Gene_86
Gene_100,Gene_87
Gene_100,Gene_90
Gene_100,Gene_91
Gene_100,Gene_92
Gene_100,Gene_93
Gene_100,Gene_94
Gene_100,Gene_95
Gene_100,Gene_97
Gene_100,Gene_98
Gene_100,Gene_99
Gene_100,Gene_100
Gene_100,Gene_101
Gene_100,Gene_102
Gene_100,Gene_103
Gene_100,Gene_104
Gene_100,Gene_105
Gene_100,Gene_106
Gene_100,Gene_107
Gene_100,Gene_109
Gene_100,Gene_110
Gene_100,Gene_111
Gene_100,Gene_113
Gene_100,Gene_114
Gene_100,Gene_115
Gene_100,Gene_116
Gene_100,Gene_117
Gene_100,Gene_118
Gene_100,Gene_119
Gene_100,Gene_120
Gene_100,Gene_121
Gene_100,Gene_123
Gene_100,Gene_124
Gene_100,Gene_125
Gene_100,Gene_126
Gene_100,Gene_127
Gene_100,Gene_129
Gene_100,Gene_130
Gene_100,Gene_131
Gene_100,Gene_132
Gene_100,Gene_133
Gene_100,Gene_135
Gene_100,Gene_136
Gene_100,Gene_137
Gene_100,Gene_138
Gene_100,Gene_140
Gene_100,Gene_141
Gene_100,Gene_142
Gene_100,Gene_144
Gene_100,Gene_145
Gene_100,Gene_146
Gene_100,Gene_147
Gene_100,Gene_148
Gene_100,Gene_149
Gene_100,Gene_150
Gene_100,Gene_152
Gene_100,Gene_154
Gene_100,Gene_155
Gene_100,Gene_156
Gene_100,Gene_157
Gene_100,Gene_158
Gene_100,Gene_159
Gene_100,Gene_160
Gene_100,Gene_161
Gene_100,Gene_163
Gene_100,Gene_165
Gene_100,Gene_166
Gene_100,Gene_167
Gene_100,Gene_168
Gene_100,Gene_169
Gene_100,Gene_170
Gene_100,Gene_171
Gene_100,Gene_172
Gene_100,Gene_173
Gene_100,Gene_174
Gene_100,Gene_176
Gene_100,Gene_177
Gene_100,Gene_179
Gene_100,Gene_180
Gene_100,Gene_181
Gene_100,Gene_182
Gene_100,Gene_183
Gene_100,Gene_185
Gene_100,Gene_186
Gene_100,Gene_188
Gene_100,Gene_189
Gene_100,Gene_190
Gene_100,Gene_192
Gene_100,Gene_194
Gene_100,Gene_195
Gene_100,Gene_196
Gene_100,Gene_197
Gene_100,Gene_198
Gene_100,Gene_199
Gene_101,Gene_0
Gene_101,Gene_1
Gene_101,Gene_2
Gene_101,Gene_3
Gene_101,Gene_5
Gene_101,Gene_6
Gene_101,Gene_7
Gene_101,Gene_8
Gene_101,Gene_9
Gene_101,Gene_10
Gene_101,Gene_11
Gene_101,Gene_12
Gene_101,Gene_13
Gene_101,Gene_14
Gene_101,Gene_15
Gene_101,Gene_16
Gene_101,Gene_17
Gene_101,Gene_18
Gene_101,Gene_19
Gene_101,Gene_20
Gene_101,Gene_21
Gene_101,Gene_22
Gene_101,Gene_23
Gene_101,Gene_24
Gene_101,Gene_25
Gene_101,Gene_26
Gene_101,Gene_28
Gene_101,Gene_30
Gene_101,Gene_31
Gene_101,Gene_32
Gene_101,Gene_34
Gene_101,Gene_35
Gene_101,Gene_36
Gene_101,Gene_37
Gene_101,Gene_38
Gene_101,Gene_40
Gene_101,Gene_41
Gene_101,Gene_42
Gene_101,Gene_43
Gene_101,Gene_44
Gene_101,Gene_45
Gene_101,Gene_46
Gene_101,Gene_47
Gene_101,Gene_48
Gene_101,Gene_50
Gene_101,Gene_52
Gene_101,Gene_53
Gene_101,Gene_54
Gene_101,Gene_55
Gene_101,Gene_56
Gene_101,Gene_57
Gene_101,Gene_58
Gene_101,Gene_60
Gene_101,Gene_61
Gene_101,Gene_62
Gene_101,Gene_63
Gene_101,Gene_64
Gene_101,Gene_66
Gene_101,Gene_68
Gene_101,Gene_69
Gene_101,Gene_70
Gene_101,Gene_71
Gene_101,Gene_72
Gene_101,Gene_73
Gene_101,Gene_74
Gene_101,Gene_75
Gene_101,Gene_76
Gene_101,Gene_77
Gene_101,Gene_78
Gene_101,Gene_79
Gene_101,Gene_80
Gene_101,Gene_81
Gene_101,Gene_82
Gene_101,Gene_83
Gene_101,Gene_84
Gene_101,Gene_86
Gene_101,Gene_87
Gene_101,Gene_88
Gene_101,Gene_89
Gene_101,Gene_90
Gene_101,Gene_91
Gene_101,Gene_92
Gene_101,Gene_93
Gene_101,Gene_95
Gene_101,Gene_96
Gene_101,Gene_97
Gene_101,Gene_98
Gene_101,Gene_99
Gene_101,Gene_100
Gene_101,Gene_101
Gene_101,Gene_102
Gene_101,Gene_103
Gene_101,Gene_105
Gene_101,Gene_106
Gene_101,Gene_107
Gene_101,Gene_108
Gene_101,Gene_109
Gene_101,Gene_110
Gene_101,Gene_111
Gene_101,Gene_112
Gene_101,Gene_113
Gene_101,Gene_114
Gene_101,Gene_116
Gene_101,Gene_117
Gene_101,Gene_118
Gene_101,Gene_119
Gene_101,Gene_120
Gene_101,Gene_121
Gene_101,Gene_123
Gene_101,Gene_124
Gene_101,Gene_125
Gene_101,Gene_126
Gene_101,Gene_129
Gene_101,Gene_130
Gene_101,Gene_131
Gene_101,Gene_132
Gene_101,Gene_133
Gene_101,Gene_134
Gene_101,Gene_135
Gene_101,Gene_136
Gene_101,Gene_137
Gene_101,Gene_140
Gene_101,Gene_141
Gene_101,Gene_142
Gene_101,Gene_143
Gene_101,Gene_144
Gene_101,Gene_145
Gene_101,Gene_146
Gene_101,Gene_147
Gene_101,Gene_148
Gene_101,Gene_149
Gene_101,Gene_150
Gene_101,Gene_152
Gene_101,Gene_155
Gene_101,Gene_156
Gene_101,Gene_157
Gene_101,Gene_158
Gene_101,Gene_159
Gene_101,Gene_160
Gene_101,Gene_164
Gene_101,Gene_168
Gene_101,Gene_169
Gene_101,Gene_170
Gene_101,Gene_171
Gene_101,Gene_172
Gene_101,Gene_174
Gene_101,Gene_175
Gene_101,Gene_178
Gene_101,Gene_179
Gene_101,Gene_180
Gene_101,Gene_181
Gene_101,Gene_182
Gene_101,Gene_183
Gene_101,Gene_184
Gene_101,Gene_185
Gene_101,Gene_187
Gene_101,Gene_188
Gene_101,Gene_189
Gene_101,Gene_191
Gene_101,Gene_192
Gene_101,Gene_193
Gene_101,Gene_194
Gene_101,Gene_195
Gene_101,Gene_197
Gene_101,Gene_198
Gene_101,Gene_199
Gene_101,Gene_200
Gene_102,Gene_0
Gene_102,Gene_2
Gene_102,Gene_3
Gene_102,Gene_5
Gene_102,Gene_6
Gene_102,Gene_7
Gene_102,Gene_8
Gene_102,Gene_10
Gene_102,Gene_12
Gene_102,Gene_13
Gene_102,Gene_14
Gene_102,Gene_15
Gene_102,Gene_17
Gene_102,Gene_19
Gene_102,Gene_20
Gene_102,Gene_24
Gene_102,Gene_25
Gene_102,Gene_27
Gene_102,Gene_28
Gene_102,Gene_29
Gene_102,Gene_30
Gene_102,Gene_31
Gene_102,Gene_34
Gene_102,Gene_35
Gene_102,Gene_36
Gene_102,Gene_37
Gene_102,Gene_39
Gene_102,Gene_41
Gene_102,Gene_43
Gene_102,Gene_44
Gene_102,Gene_45
Gene_102,Gene_46
Gene_102,Gene_47
Gene_102,Gene_48
Gene_102,Gene_50
Gene_102,Gene_53
Gene_102,Gene_54
Gene_102,Gene_55
Gene_102,Gene_56
Gene_102,Gene_57
Gene_102,Gene_59
Gene_102,Gene_60
Gene_102,Gene_61
Gene_102,Gene_62
Gene_102,Gene_63
Gene_102,Gene_64
Gene_102,Gene_65
Gene_102,Gene_66
Gene_102,Gene_67
Gene_102,Gene_68
Gene_102,Gene_69
Gene_102,Gene_70
Gene_102,Gene_71
Gene_102,Gene_73
Gene_102,Gene_74
Gene_102,Gene_76
Gene_102,Gene_77
Gene_102,Gene_78
Gene_102,Gene_79
Gene_102,Gene_82
Gene_102,Gene_83
Gene_102,Gene_85
Gene_102,Gene_87
Gene_102,Gene_88
Gene_102,Gene_89
Gene_102,Gene_90
Gene_102,Gene_91
Gene_102,Gene_92
Gene_102,Gene_94
Gene_102,Gene_95
Gene_102,Gene_96
Gene_102,Gene_98
Gene_102,Gene_99
Gene_102,Gene_100
Gene_102,Gene_101
Gene_102,Gene_102
Gene_102,Gene_103
Gene_102,Gene_104
Gene_102,Gene_106
Gene_102,Gene_107
Gene_102,Gene_108
Gene_102,Gene_109
Gene_102,Gene_110
Gene_102,Gene_112
Gene_102,Gene_114
Gene_102,Gene_115
Gene_102,Gene_117
Gene_102,Gene_118
Gene_102,Gene_119
Gene_102,Gene_120
Gene_102,Gene_121
Gene_102,Gene_122
Gene_102,Gene_123
Gene_102,Gene_126
Gene_102,Gene_127
Gene_102,Gene_128
Gene_102,Gene_129
Gene_102,Gene_130
Gene_102,Gene_132
Gene_102,Gene_133
Gene_102,Gene_134
Gene_102,Gene_135
Gene_102,Gene_137
Gene_102,Gene_138
Gene_102,Gene_139
Gene_102,Gene_140
Gene_102,Gene_141
Gene_102,Gene_142
Gene_102,Gene_143
Gene_102,Gene_144
Gene_102,Gene_145
Gene_102,Gene_146
Gene_102,Gene_147
Gene_102,Gene_148
Gene_102,Gene_149
Gene_102,Gene_150
Gene_102,Gene_151
Gene_102,Gene_152
Gene_102,Gene_153
Gene_102,Gene_154
Gene_102,Gene_157
Gene_102,Gene_158
Gene_102,Gene_159
Gene_102,Gene_160
Gene_102,Gene_161
Gene_102,Gene_163
Gene_102,Gene_164
Gene_102,Gene_165
Gene_102,Gene_166
Gene_102,Gene_168
Gene_102,Gene_169
Gene_102,Gene_170
Gene_102,Gene_172
Gene_102,Gene_173
Gene_102,Gene_175
Gene_102,Gene_176
Gene_102,Gene_177
Gene_102,Gene_179
Gene_102,Gene_180
Gene_102,Gene_181
Gene_102,Gene_182
Gene_102,Gene_183
Gene_102,Gene_185
Gene_102,Gene_186
Gene_102,Gene_187
Gene_102,Gene_188
Gene_102,Gene_190
Gene_102,Gene_191
Gene_102,Gene_194
Gene_102,Gene_195
Gene_102,Gene_196
Gene_102,Gene_197
Gene_102,Gene_198
Gene_102,Gene_199
Gene_102,Gene_200
Gene_103,Gene_9
Gene_103,Gene_12
Gene_103,Gene_23
Gene_103,Gene_52
Gene_103,Gene_87
Gene_103,Gene_118
Gene_103,Gene_119
Gene_103,Gene_135
Gene_103,Gene_142
Gene_103,Gene_161
Gene_103,Gene_172
Gene_103,Gene_184
Gene_103,Gene_190
Gene_103,Gene_195
Gene_103,Gene_196
Gene_104,Gene_0
Gene_104,Gene_2
Gene_104,Gene_3
Gene_104,Gene_4
Gene_104,Gene_5
Gene_104,Gene_6
Gene_104,Gene_7
Gene_104,Gene_8
Gene_104,Gene_9
Gene_104,Gene_10
Gene_104,Gene_11
Gene_104,Gene_12
Gene_104,Gene_13
Gene_104,Gene_14
Gene_104,Gene_15
Gene_104,Gene_16
Gene_104,Gene_17
Gene_104,Gene_18
Gene_104,Gene_19
Gene_104,Gene_20
Gene_104,Gene_21
Gene_104,Gene_22
Gene_104,Gene_24
Gene_104,Gene_25
Gene_104,Gene_26
Gene_104,Gene_29
Gene_104,Gene_30
Gene_104,Gene_32
Gene_104,Gene_33
Gene_104,Gene_34
Gene_104,Gene_35
Gene_104,Gene_36
Gene_104,Gene_37
Gene_104,Gene_38
Gene_104,Gene_39
Gene_104,Gene_40
Gene_104,Gene_41
Gene_104,Gene_42
Gene_104,Gene_45
Gene_104,Gene_47
Gene_104,Gene_48
Gene_104,Gene_49
Gene_104,Gene_50
Gene_104,Gene_51
Gene_104,Gene_52
Gene_104,Gene_53
Gene_104,Gene_54
Gene_104,Gene_55
Gene_104,Gene_56
Gene_104,Gene_57
Gene_104,Gene_60
Gene_104,Gene_61
Gene_104,Gene_62
Gene_104,Gene_63
Gene_104,Gene_64
Gene_104,Gene_65
Gene_104,Gene_67
Gene_104,Gene_68
Gene_104,Gene_69
Gene_104,Gene_70
Gene_104,Gene_71
Gene_104,Gene_73
Gene_104,Gene_74
Gene_104,Gene_75
Gene_104,Gene_76
Gene_104,Gene_78
Gene_104,Gene_81
Gene_104,Gene_82
Gene_104,Gene_84
Gene_104,Gene_85
Gene_104,Gene_86
Gene_104,Gene_87
Gene_104,Gene_88
Gene_104,Gene_89
Gene_104,Gene_90
Gene_104,Gene_91
Gene_104,Gene_92
Gene_104,Gene_93
Gene_104,Gene_94
Gene_104,Gene_96
Gene_104,Gene_97
Gene_104,Gene_98
Gene_104,Gene_99
Gene_104,Gene_101
Gene_104,Gene_103
Gene_104,Gene_105
Gene_104,Gene_106
Gene_104,Gene_107
Gene_104,Gene_108
Gene_104,Gene_109
Gene_104,Gene_110
Gene_104,Gene_111
Gene_104,Gene_112
Gene_104,Gene_114
Gene_104,Gene_115
Gene_104,Gene_116
Gene_104,Gene_117
Gene_104,Gene_118
Gene_104,Gene_120
Gene_104,Gene_121
Gene_104,Gene_122
Gene_104,Gene_123
Gene_104,Gene_126
Gene_104,Gene_127
Gene_104,Gene_128
Gene_104,Gene_129
Gene_104,Gene_130
Gene_104,Gene_131
Gene_104,Gene_132
Gene_104,Gene_133
Gene_104,Gene_134
Gene_104,Gene_136
Gene_104,Gene_137
Gene_104,Gene_138
Gene_104,Gene_139
Gene_104,Gene_143
Gene_104,Gene_144
Gene_104,Gene_146
Gene_104,Gene_147
Gene_104,Gene_148
Gene_104,Gene_149
Gene_104,Gene_150
Gene_104,Gene_151
Gene_104,Gene_152
Gene_104,Gene_153
Gene_104,Gene_154
Gene_104,Gene_155
Gene_104,Gene_156
Gene_104,Gene_157
Gene_104,Gene_158
Gene_104,Gene_159
Gene_104,Gene_160
Gene_104,Gene_161
Gene_104,Gene_162
Gene_104,Gene_164
Gene_104,Gene_167
Gene_104,Gene_169
Gene_104,Gene_170
Gene_104,Gene_171
Gene_104,Gene_173
Gene_104,Gene_175
Gene_104,Gene_176
Gene_104,Gene_177
Gene_104,Gene_178
Gene_104,Gene_179
Gene_104,Gene_180
Gene_104,Gene_181
Gene_104,Gene_182
Gene_104,Gene_183
Gene_104,Gene_184
Gene_104,Gene_185
Gene_104,Gene_187
Gene_104,Gene_189
Gene_104,Gene_191
Gene_104,Gene_192
Gene_104,Gene_193
Gene_104,Gene_194
Gene_104,Gene_195
Gene_104,Gene_196
Gene_104,Gene_197
Gene_104,Gene_198
Gene_104,Gene_200
Gene_105,Gene_0
Gene_105,Gene_1
Gene_105,Gene_3
Gene_105,Gene_4
Gene_105,Gene_6
Gene_105,Gene_8
Gene_105,Gene_10
Gene_105,Gene_11
Gene_105,Gene_12
Gene_105,Gene_13
Gene_105,Gene_14
Gene_105,Gene_15
Gene_105,Gene_17
Gene_105,Gene_18
Gene_105,Gene_19
Gene_105,Gene_20
Gene_105,Gene_21
Gene_105,Gene_23
Gene_105,Gene_27
Gene_105,Gene_29
Gene_105,Gene_30
Gene_105,Gene_32
Gene_105,Gene_33
Gene_105,Gene_34
Gene_105,Gene_35
Gene_105,Gene_37
Gene_105,Gene_38
Gene_105,Gene_39
Gene_105,Gene_40
Gene_105,Gene_41
Gene_105,Gene_43
Gene_105,Gene_44
Gene_105,Gene_45
Gene_105,Gene_46
Gene_105,Gene_47
Gene_105,Gene_48
Gene_105,Gene_49
Gene_105,Gene_51
Gene_105,Gene_52
Gene_105,Gene_53
Gene_105,Gene_55
Gene_105,Gene_57
Gene_105,Gene_58
Gene_105,Gene_59
Gene_105,Gene_60
Gene_105,Gene_61
Gene_105,Gene_62
Gene_105,Gene_63
Gene_105,Gene_64
Gene_105,Gene_65
Gene_105,Gene_66
Gene_105,Gene_67
Gene_105,Gene_69
Gene_105,Gene_70
Gene_105,Gene_71
Gene_105,Gene_73
Gene_105,Gene_74
Gene_105,Gene_75
Gene_105,Gene_76
Gene_105,Gene_77
Gene_105,Gene_79
Gene_105,Gene_80
Gene_105,Gene_81
Gene_105,Gene_83
Gene_105,Gene_84
Gene_105,Gene_85
Gene_105,Gene_86
Gene_105,Gene_87
Gene_105,Gene_88
Gene_105,Gene_89
Gene_105,Gene_90
Gene_105,Gene_92
Gene_105,Gene_93
Gene_105,Gene_94
Gene_105,Gene_95
Gene_105,Gene_96
Gene_105,Gene_97
Gene_105,Gene_98
Gene_105,Gene_99
Gene_105,Gene_100
Gene_105,Gene_101
Gene_105,Gene_102
Gene_105,Gene_103
Gene_105,Gene_105
Gene_105,Gene_107
Gene_105,Gene_108
Gene_105,Gene_109
Gene_105,Gene_110
Gene_105,Gene_113
Gene_105,Gene_114
Gene_105,Gene_115
Gene_105,Gene_116
Gene_105,Gene_117
Gene_105,Gene_118
Gene_105,Gene_120
Gene_105,Gene_121
Gene_105,Gene_123
Gene_105,Gene_126
Gene_105,Gene_127
Gene_105,Gene_129
Gene_105,Gene_130
Gene_105,Gene_131
Gene_105,Gene_132
Gene_105,Gene_133
Gene_105,Gene_137
Gene_105,Gene_138
Gene_105,Gene_139
Gene_105,Gene_140
Gene_105,Gene_141
Gene_105,Gene_143
Gene_105,Gene_144
Gene_105,Gene_146
Gene_105,Gene_148
Gene_105,Gene_149
Gene_105,Gene_151
Gene_105,Gene_152
Gene_105,Gene_153
Gene_105,Gene_154
Gene_105,Gene_155
Gene_105,Gene_156
Gene_105,Gene_158
Gene_105,Gene_159
Gene_105,Gene_160
Gene_105,Gene_161
Gene_105,Gene_163
Gene_105,Gene_165
Gene_105,Gene_166
Gene_105,Gene_167
Gene_105,Gene_168
Gene_105,Gene_169
Gene_105,Gene_170
Gene_105,Gene_171
Gene_105,Gene_172
Gene_105,Gene_173
Gene_105,Gene_174
Gene_105,Gene_175
Gene_105,Gene_176
Gene_105,Gene_177
Gene_105,Gene_178
Gene_105,Gene_179
Gene_105,Gene_180
Gene_105,Gene_181
Gene_105,Gene_182
Gene_105,Gene_185
Gene_105,Gene_186
Gene_105,Gene_187
Gene_105,Gene_188
Gene_105,Gene_189
Gene_105,Gene_190
Gene_105,Gene_191
Gene_105,Gene_192
Gene_105,Gene_193
Gene_105,Gene_194
Gene_105,Gene_195
Gene_105,Gene_196
Gene_105,Gene_197
Gene_105,Gene_198
Gene_105,Gene_199
Gene_105,Gene_200
Gene_106,Gene_1
Gene_106,Gene_3
Gene_106,Gene_4
Gene_106,Gene_5
Gene_106,Gene_6
Gene_106,Gene_7
Gene_106,Gene_8
Gene_106,Gene_9
Gene_106,Gene_10
Gene_106,Gene_12
Gene_106,Gene_13
Gene_106,Gene_14
Gene_106,Gene_15
Gene_106,Gene_16
Gene_106,Gene_17
Gene_106,Gene_18
Gene_106,Gene_19
Gene_106,Gene_20
Gene_106,Gene_21
Gene_106,Gene_23
Gene_106,Gene_24
Gene_106,Gene_25
Gene_106,Gene_26
Gene_106,Gene_27
Gene_106,Gene_28
Gene_106,Gene_29
Gene_106,Gene_30
Gene_106,Gene_31
Gene_106,Gene_32
Gene_106,Gene_34
Gene_106,Gene_35
Gene_106,Gene_36
Gene_106,Gene_37
Gene_106,Gene_39
Gene_106,Gene_41
Gene_106,Gene_42
Gene_106,Gene_43
Gene_106,Gene_44
Gene_106,Gene_45
Gene_106,Gene_46
Gene_106,Gene_47
Gene_106,Gene_48
Gene_106,Gene_49
Gene_106,Gene_50
Gene_106,Gene_51
Gene_106,Gene_54
Gene_106,Gene_55
Gene_106,Gene_56
Gene_106,Gene_58
Gene_106,Gene_60
Gene_106,Gene_61
Gene_106,Gene_62
Gene_106,Gene_63
Gene_106,Gene_64
Gene_106,Gene_65
Gene_106,Gene_66
Gene_106,Gene_68
Gene_106,Gene_69
Gene_106,Gene_70
Gene_106,Gene_71
Gene_106,Gene_72
Gene_106,Gene_73
Gene_106,Gene_74
Gene_106,Gene_75
Gene_106,Gene_76
Gene_106,Gene_77
Gene_106,Gene_78
Gene_106,Gene_79
Gene_106,Gene_80
Gene_106,Gene_81
Gene_106,Gene_82
Gene_106,Gene_83
Gene_106,Gene_84
Gene_106,Gene_86
Gene_106,Gene_87
Gene_106,Gene_88
Gene_106,Gene_89
Gene_106,Gene_90
Gene_106,Gene_91
Gene_106,Gene_92
Gene_106,Gene_93
Gene_106,Gene_94
Gene_106,Gene_96
Gene_106,Gene_97
Gene_106,Gene_98
Gene_106,Gene_99
Gene_106,Gene_100
Gene_106,Gene_101
Gene_106,Gene_102
Gene_106,Gene_103
Gene_106,Gene_104
Gene_106,Gene_106
Gene_106,Gene_107
Gene_106,Gene_108
Gene_106,Gene_109
Gene_106,Gene_111
Gene_106,Gene_113
Gene_106,Gene_114
Gene_106,Gene_115
Gene_106,Gene_116
Gene_106,Gene_117
Gene_106,Gene_118
Gene_106,Gene_119
Gene_106,Gene_120
Gene_106,Gene_121
Gene_106,Gene_122
Gene_106,Gene_123
Gene_106,Gene_124
Gene_106,Gene_125
Gene_106,Gene_126
Gene_106,Gene_128
Gene_106,Gene_129
Gene_106,Gene_130
Gene_106,Gene_132
Gene_106,Gene_133
Gene_106,Gene_134
Gene_106,Gene_135
Gene_106,Gene_136
Gene_106,Gene_137
Gene_106,Gene_138
Gene_106,Gene_139
Gene_106,Gene_140
Gene_106,Gene_141
Gene_106,Gene_142
Gene_106,Gene_143
Gene_106,Gene_144
Gene_106,Gene_145
Gene_106,Gene_146
Gene_106,Gene_147
Gene_106,Gene_148
Gene_106,Gene_149
Gene_106,Gene_150
Gene_106,Gene_151
Gene_106,Gene_152
Gene_106,Gene_156
Gene_106,Gene_157
Gene_106,Gene_158
Gene_106,Gene_159
Gene_106,Gene_160
Gene_106,Gene_161
Gene_106,Gene_162
Gene_106,Gene_165
Gene_106,Gene_166
Gene_106,Gene_167
Gene_106,Gene_168
Gene_106,Gene_170
Gene_106,Gene_173
Gene_106,Gene_174
Gene_106,Gene_175
Gene_106,Gene_176
Gene_106,Gene_178
Gene_106,Gene_180
Gene_106,Gene_181
Gene_106,Gene_182
Gene_106,Gene_184
Gene_106,Gene_186
Gene_106,Gene_187
Gene_106,Gene_188
Gene_106,Gene_189
Gene_106,Gene_191
Gene_106,Gene_192
Gene_106,Gene_193
Gene_106,Gene_194
Gene_106,Gene_195
Gene_106,Gene_196
Gene_106,Gene_197
Gene_106,Gene_198
Gene_106,Gene_199
Gene_107,Gene_0
Gene_107,Gene_1
Gene_107,Gene_2
Gene_107,Gene_5
Gene_107,Gene_8
Gene_107,Gene_9
Gene_107,Gene_10
Gene_107,Gene_11
Gene_107,Gene_12
Gene_107,Gene_13
Gene_107,Gene_14
Gene_107,Gene_15
Gene_107,Gene_16
Gene_107,Gene_17
Gene_107,Gene_19
Gene_107,Gene_20
Gene_107,Gene_21
Gene_107,Gene_22
Gene_107,Gene_23
Gene_107,Gene_25
Gene_107,Gene_26
Gene_107,Gene_27
Gene_107,Gene_28
Gene_107,Gene_29
Gene_107,Gene_30
Gene_107,Gene_31
Gene_107,Gene_32
Gene_107,Gene_33
Gene_107,Gene_34
Gene_107,Gene_35
Gene_107,Gene_36
Gene_107,Gene_38
Gene_107,Gene_39
Gene_107,Gene_40
Gene_107,Gene_41
Gene_107,Gene_42
Gene_107,Gene_43
Gene_107,Gene_44
Gene_107,Gene_47
Gene_107,Gene_48
Gene_107,Gene_50
Gene_107,Gene_53
Gene_107,Gene_56
Gene_107,Gene_58
Gene_107,Gene_59
Gene_107,Gene_60
Gene_107,Gene_61
Gene_107,Gene_62
Gene_107,Gene_63
Gene_107,Gene_64
Gene_107,Gene_65
Gene_107,Gene_66
Gene_107,Gene_67
Gene_107,Gene_68
Gene_107,Gene_69
Gene_107,Gene_70
Gene_107,Gene_71
Gene_107,Gene_72
Gene_107,Gene_73
Gene_107,Gene_74
Gene_107,Gene_75
Gene_107,Gene_76
Gene_107,Gene_77
Gene_107,Gene_78
Gene_107,Gene_79
Gene_107,Gene_80
Gene_107,Gene_82
Gene_107,Gene_83
Gene_107,Gene_84
Gene_107,Gene_85
Gene_107,Gene_86
Gene_107,Gene_87
Gene_107,Gene_88
Gene_107,Gene_90
Gene_107,Gene_93
Gene_107,Gene_95
Gene_107,Gene_96
Gene_107,Gene_97
Gene_107,Gene_99
Gene_107,Gene_100
Gene_107,Gene_101
Gene_107,Gene_102
Gene_107,Gene_103
Gene_107,Gene_104
Gene_107,Gene_105
Gene_107,Gene_106
Gene_107,Gene_110
Gene_107,Gene_111
Gene_107,Gene_112
Gene_107,Gene_113
Gene_107,Gene_115
Gene_107,Gene_116
Gene_107,Gene_117
Gene_107,Gene_119
Gene_107,Gene_120
Gene_107,Gene_121
Gene_107,Gene_124
Gene_107,Gene_126
Gene_107,Gene_127
Gene_107,Gene_128
Gene_107,Gene_129
Gene_107,Gene_131
Gene_107,Gene_132
Gene_107,Gene_133
Gene_107,Gene_134
Gene_107,Gene_135
Gene_107,Gene_136
Gene_107,Gene_137
Gene_107,Gene_138
Gene_107,Gene_139
Gene_107,Gene_140
Gene_107,Gene_141
Gene_107,Gene_142
Gene_107,Gene_143
Gene_107,Gene_145
Gene_107,Gene_146
Gene_107,Gene_147
Gene_107,Gene_148
Gene_107,Gene_149
Gene_107,Gene_152
Gene_107,Gene_154
Gene_107,Gene_156
Gene_107,Gene_157
Gene_107,Gene_158
Gene_107,Gene_161
Gene_107,Gene_162
Gene_107,Gene_163
Gene_107,Gene_164
Gene_107,Gene_166
Gene_107,Gene_167
Gene_107,Gene_168
Gene_107,Gene_169
Gene_107,Gene_170
Gene_107,Gene_171
Gene_107,Gene_173
Gene_107,Gene_175
Gene_107,Gene_178
Gene_107,Gene_182
Gene_107,Gene_183
Gene_107,Gene_184
Gene_107,Gene_185
Gene_107,Gene_188
Gene_107,Gene_189
Gene_107,Gene_190
Gene_107,Gene_192
Gene_107,Gene_193
Gene_107,Gene_195
Gene_107,Gene_196
Gene_107,Gene_197
Gene_107,Gene_198
Gene_107,Gene_200
Gene_108,Gene_0
Gene_108,Gene_1
Gene_108,Gene_3
Gene_108,Gene_4
Gene_108,Gene_5
Gene_108,Gene_6
Gene_108,Gene_8
Gene_108,Gene_9
Gene_108,Gene_10
Gene_108,Gene_11
Gene_108,Gene_12
Gene_108,Gene_13
Gene_108,Gene_14
Gene_108,Gene_16
Gene_108,Gene_20
Gene_108,Gene_21
Gene_108,Gene_22
Gene_108,Gene_23
Gene_108,Gene_24
Gene_108,Gene_25
Gene_108,Gene_26
Gene_108,Gene_27
Gene_108,Gene_28
Gene_108,Gene_29
Gene_108,Gene_31
Gene_108,Gene_32
Gene_108,Gene_35
Gene_108,Gene_36
Gene_108,Gene_37
Gene_108,Gene_38
Gene_108,Gene_39
Gene_108,Gene_40
Gene_108,Gene_41
Gene_108,Gene_42
Gene_108,Gene_43
Gene_108,Gene_44
Gene_108,Gene_46
Gene_108,Gene_47
Gene_108,Gene_49
Gene_108,Gene_50
Gene_108,Gene_51
Gene_108,Gene_52
Gene_108,Gene_54
Gene_108,Gene_56
Gene_108,Gene_57
Gene_108,Gene_58
Gene_108,Gene_59
Gene_108,Gene_60
Gene_108,Gene_61
Gene_108,Gene_62
Gene_108,Gene_63
Gene_108,Gene_64
Gene_108,Gene_65
Gene_108,Gene_66
Gene_108,Gene_67
Gene_108,Gene_69
Gene_108,Gene_70
Gene_108,Gene_71
Gene_108,Gene_73
Gene_108,Gene_74
Gene_108,Gene_75
Gene_108,Gene_77
Gene_108,Gene_78
Gene_108,Gene_79
Gene_108,Gene_80
Gene_108,Gene_82
Gene_108,Gene_83
Gene_108,Gene_84
Gene_108,Gene_85
Gene_108,Gene_86
Gene_108,Gene_87
Gene_108,Gene_88
Gene_108,Gene_89
Gene_108,Gene_90
Gene_108,Gene_91
Gene_108,Gene_92
Gene_108,Gene_94
Gene_108,Gene_95
Gene_108,Gene_98
Gene_108,Gene_99
Gene_108,Gene_100
Gene_108,Gene_102
Gene_108,Gene_103
Gene_108,Gene_105
Gene_108,Gene_107
Gene_108,Gene_108
Gene_108,Gene_109
Gene_108,Gene_110
Gene_108,Gene_111
Gene_108,Gene_112
Gene_108,Gene_113
Gene_108,Gene_114
Gene_108,Gene_115
Gene_108,Gene_116
Gene_108,Gene_117
Gene_108,Gene_118
Gene_108,Gene_119
Gene_108,Gene_120
Gene_108,Gene_121
Gene_108,Gene_123
Gene_108,Gene_124
Gene_108,Gene_125
Gene_108,Gene_126
Gene_108,Gene_127
Gene_108,Gene_128
Gene_108,Gene_130
Gene_108,Gene_131
Gene_108,Gene_132
Gene_108,Gene_133
Gene_108,Gene_134
Gene_108,Gene_135
Gene_108,Gene_136
Gene_108,Gene_137
Gene_108,Gene_138
Gene_108,Gene_139
Gene_108,Gene_140
Gene_108,Gene_142
Gene_108,Gene_144
Gene_108,Gene_146
Gene_108,Gene_147
Gene_108,Gene_148
Gene_108,Gene_149
Gene_108,Gene_150
Gene_108,Gene_151
Gene_108,Gene_152
Gene_108,Gene_153
Gene_108,Gene_154
Gene_108,Gene_155
Gene_108,Gene_156
Gene_108,Gene_157
Gene_108,Gene_158
Gene_108,Gene_160
Gene_108,Gene_161
Gene_108,Gene_162
Gene_108,Gene_163
Gene_108,Gene_164
Gene_108,Gene_165
Gene_108,Gene_166
Gene_108,Gene_167
Gene_108,Gene_168
Gene_108,Gene_169
Gene_108,Gene_170
Gene_108,Gene_172
Gene_108,Gene_173
Gene_108,Gene_177
Gene_108,Gene_178
Gene_108,Gene_179
Gene_108,Gene_180
Gene_108,Gene_181
Gene_108,Gene_182
Gene_108,Gene_183
Gene_108,Gene_184
Gene_108,Gene_185
Gene_108,Gene_186
Gene_108,Gene_187
Gene_108,Gene_188
Gene_108,Gene_189
Gene_108,Gene_190
Gene_108,Gene_191
Gene_108,Gene_192
Gene_108,Gene_193
Gene_108,Gene_194
Gene_108,Gene_195
Gene_108,Gene_196
Gene_108,Gene_198
Gene_108,Gene_199
Gene_108,Gene_200
Gene_109,Gene_0
Gene_109,Gene_4
Gene_109,Gene_5
Gene_109,Gene_6
Gene_109,Gene_7
Gene_109,Gene_9
Gene_109,Gene_10
Gene_109,Gene_11
Gene_109,Gene_12
Gene_109,Gene_13
Gene_109,Gene_14
Gene_109,Gene_15
Gene_109,Gene_16
Gene_109,Gene_17
Gene_109,Gene_18
Gene_109,Gene_19
Gene_109,Gene_22
Gene_109,Gene_24
Gene_109,Gene_25
Gene_109,Gene_26
Gene_109,Gene_27
Gene_109,Gene_28
Gene_109,Gene_29
Gene_109,Gene_30
Gene_109,Gene_31
Gene_109,Gene_32
Gene_109,Gene_33
Gene_109,Gene_34
Gene_109,Gene_35
Gene_109,Gene_36
Gene_109,Gene_37
Gene_109,Gene_38
Gene_109,Gene_39
Gene_109,Gene_40
Gene_109,Gene_41
Gene_109,Gene_42
Gene_109,Gene_43
Gene_109,Gene_44
Gene_109,Gene_45
Gene_109,Gene_47
Gene_109,Gene_48
Gene_109,Gene_49
Gene_109,Gene_51
Gene_109,Gene_52
Gene_109,Gene_53
Gene_109,Gene_55
Gene_109,Gene_56
Gene_109,Gene_58
Gene_109,Gene_60
Gene_109,Gene_61
Gene_109,Gene_62
Gene_109,Gene_63
Gene_109,Gene_64
Gene_109,Gene_67
Gene_109,Gene_68
Gene_109,Gene_69
Gene_109,Gene_70
Gene_109,Gene_72
Gene_109,Gene_73
Gene_109,Gene_75
Gene_109,Gene_76
Gene_109,Gene_77
Gene_109,Gene_79
Gene_109,Gene_80
Gene_109,Gene_81
Gene_109,Gene_82
Gene_109,Gene_83
Gene_109,Gene_84
Gene_109,Gene_88
Gene_109,Gene_89
Gene_109,Gene_91
Gene_109,Gene_92
Gene_109,Gene_93
Gene_109,Gene_94
Gene_109,Gene_95
Gene_109,Gene_97
Gene_109,Gene_98
Gene_109,Gene_100
Gene_109,Gene_101
Gene_109,Gene_102
Gene_109,Gene_104
Gene_109,Gene_106
Gene_109,Gene_107
Gene_109,Gene_108
Gene_109,Gene_111
Gene_109,Gene_113
Gene_109,Gene_115
Gene_109,Gene_116
Gene_109,Gene_117
Gene_109,Gene_119
Gene_109,Gene_120
Gene_109,Gene_121
Gene_109,Gene_122
Gene_109,Gene_123
Gene_109,Gene_124
Gene_109,Gene_125
Gene_109,Gene_126
Gene_109,Gene_127
Gene_109,Gene_128
Gene_109,Gene_129
Gene_109,Gene_130
Gene_109,Gene_131
Gene_109,Gene_133
Gene_109,Gene_134
Gene_109,Gene_135
Gene_109,Gene_136
Gene_109,Gene_137
Gene_109,Gene_138
Gene_109,Gene_139
Gene_109,Gene_140
Gene_109,Gene_142
Gene_109,Gene_143
Gene_109,Gene_144
Gene_109,Gene_145
Gene_109,Gene_146
Gene_109,Gene_148
Gene_109,Gene_149
Gene_109,Gene_150
Gene_109,Gene_151
Gene_109,Gene_152
Gene_109,Gene_154
Gene_109,Gene_155
Gene_109,Gene_156
Gene_109,Gene_157
Gene_109,Gene_159
Gene_109,Gene_161
Gene_109,Gene_162
Gene_109,Gene_163
Gene_109,Gene_164
Gene_109,Gene_165
Gene_109,Gene_166
Gene_109,Gene_167
Gene_109,Gene_168
Gene_109,Gene_169
Gene_109,Gene_172
Gene_109,Gene_173
Gene_109,Gene_174
Gene_109,Gene_175
Gene_109,Gene_179
Gene_109,Gene_180
Gene_109,Gene_181
Gene_109,Gene_182
Gene_109,Gene_183
Gene_109,Gene_184
Gene_109,Gene_185
Gene_109,Gene_187
Gene_109,Gene_188
Gene_109,Gene_189
Gene_109,Gene_190
Gene_109,Gene_191
Gene_109,Gene_192
Gene_109,Gene_193
Gene_109,Gene_195
Gene_109,Gene_196
Gene_109,Gene_197
Gene_109,Gene_198
Gene_109,Gene_199
Gene_109,Gene_200
Gene_110,Gene_0
Gene_110,Gene_2
Gene_110,Gene_3
Gene_110,Gene_4
Gene_110,Gene_5
Gene_110,Gene_7
Gene_110,Gene_8
Gene_110,Gene_10
Gene_110,Gene_11
Gene_110,Gene_12
Gene_110,Gene_13
Gene_110,Gene_14
Gene_110,Gene_15
Gene_110,Gene_16
Gene_110,Gene_17
Gene_110,Gene_18
Gene_110,Gene_20
Gene_110,Gene_21
Gene_110,Gene_22
Gene_110,Gene_23
Gene_110,Gene_24
Gene_110,Gene_25
Gene_110,Gene_26
Gene_110,Gene_27
Gene_110,Gene_28
Gene_110,Gene_30
Gene_110,Gene_31
Gene_110,Gene_32
Gene_110,Gene_33
Gene_110,Gene_34
Gene_110,Gene_36
Gene_110,Gene_37
Gene_110,Gene_38
Gene_110,Gene_40
Gene_110,Gene_42
Gene_110,Gene_43
Gene_110,Gene_45
Gene_110,Gene_46
Gene_110,Gene_47
Gene_110,Gene_48
Gene_110,Gene_52
Gene_110,Gene_54
Gene_110,Gene_55
Gene_110,Gene_56
Gene_110,Gene_57
Gene_110,Gene_58
Gene_110,Gene_59
Gene_110,Gene_60
Gene_110,Gene_61
Gene_110,Gene_62
Gene_110,Gene_63
Gene_110,Gene_64
Gene_110,Gene_65
Gene_110,Gene_66
Gene_110,Gene_67
Gene_110,Gene_68
Gene_110,Gene_70
Gene_110,Gene_71
Gene_110,Gene_73
Gene_110,Gene_74
Gene_110,Gene_76
Gene_110,Gene_77
Gene_110,Gene_78
Gene_110,Gene_79
Gene_110,Gene_80
Gene_110,Gene_81
Gene_110,Gene_82
Gene_110,Gene_83
Gene_110,Gene_84
Gene_110,Gene_85
Gene_110,Gene_86
Gene_110,Gene_87
Gene_110,Gene_88
Gene_110,Gene_89
Gene_110,Gene_90
Gene_110,Gene_91
Gene_110,Gene_92
Gene_110,Gene_93
Gene_110,Gene_95
Gene_110,Gene_96
Gene_110,Gene_97
Gene_110,Gene_98
Gene_110,Gene_99
Gene_110,Gene_100
Gene_110,Gene_101
Gene_110,Gene_102
Gene_110,Gene_103
Gene_110,Gene_105
Gene_110,Gene_106
Gene_110,Gene_107
Gene_110,Gene_108
Gene_110,Gene_109
Gene_110,Gene_110
Gene_110,Gene_111
Gene_110,Gene_112
Gene_110,Gene_113
Gene_110,Gene_114
Gene_110,Gene_116
Gene_110,Gene_117
Gene_110,Gene_118
Gene_110,Gene_119
Gene_110,Gene_120
Gene_110,Gene_121
Gene_110,Gene_122
Gene_110,Gene_123
Gene_110,Gene_125
Gene_110,Gene_126
Gene_110,Gene_127
Gene_110,Gene_129
Gene_110,Gene_130
Gene_110,Gene_131
Gene_110,Gene_132
Gene_110,Gene_133
Gene_110,Gene_134
Gene_110,Gene_135
Gene_110,Gene_136
Gene_110,Gene_138
Gene_110,Gene_139
Gene_110,Gene_140
Gene_110,Gene_143
Gene_110,Gene_145
Gene_110,Gene_146
Gene_110,Gene_147
Gene_110,Gene_148
Gene_110,Gene_151
Gene_110,Gene_152
Gene_110,Gene_153
Gene_110,Gene_154
Gene_110,Gene_157
Gene_110,Gene_158
Gene_110,Gene_160
Gene_110,Gene_161
Gene_110,Gene_162
Gene_110,Gene_163
Gene_110,Gene_166
Gene_110,Gene_167
Gene_110,Gene_168
Gene_110,Gene_169
Gene_110,Gene_170
Gene_110,Gene_172
Gene_110,Gene_173
Gene_110,Gene_176
Gene_110,Gene_177
Gene_110,Gene_178
Gene_110,Gene_179
Gene_110,Gene_180
Gene_110,Gene_181
Gene_110,Gene_182
Gene_110,Gene_184
Gene_110,Gene_186
Gene_110,Gene_187
Gene_110,Gene_188
Gene_110,Gene_189
Gene_110,Gene_190
Gene_110,Gene_192
Gene_110,Gene_193
Gene_110,Gene_194
Gene_110,Gene_195
Gene_110,Gene_196
Gene_110,Gene_197
Gene_110,Gene_198
Gene_110,Gene_199
Gene_110,Gene_200
Gene_111,Gene_1
Gene_111,Gene_2
Gene_111,Gene_4
Gene_111,Gene_5
Gene_111,Gene_6
Gene_111,Gene_7
Gene_111,Gene_8
Gene_111,Gene_9
Gene_111,Gene_10
Gene_111,Gene_11
Gene_111,Gene_12
Gene_111,Gene_13
Gene_111,Gene_14
Gene_111,Gene_16
Gene_111,Gene_18
Gene_111,Gene_20
Gene_111,Gene_21
Gene_111,Gene_22
Gene_111,Gene_23
Gene_111,Gene_24
Gene_111,Gene_25
Gene_111,Gene_26
Gene_111,Gene_28
Gene_111,Gene_29
Gene_111,Gene_30
Gene_111,Gene_31
Gene_111,Gene_32
Gene_111,Gene_34
Gene_111,Gene_35
Gene_111,Gene_36
Gene_111,Gene_37
Gene_111,Gene_38
Gene_111,Gene_39
Gene_111,Gene_42
Gene_111,Gene_43
Gene_111,Gene_46
Gene_111,Gene_47
Gene_111,Gene_48
Gene_111,Gene_49
Gene_111,Gene_51
Gene_111,Gene_52
Gene_111,Gene_54
Gene_111,Gene_55
Gene_111,Gene_56
Gene_111,Gene_57
Gene_111,Gene_58
Gene_111,Gene_59
Gene_111,Gene_60
Gene_111,Gene_61
Gene_111,Gene_62
Gene_111,Gene_63
Gene_111,Gene_64
Gene_111,Gene_65
Gene_111,Gene_66
Gene_111,Gene_67
Gene_111,Gene_68
Gene_111,Gene_69
Gene_111,Gene_71
Gene_111,Gene_72
Gene_111,Gene_73
Gene_111,Gene_74
Gene_111,Gene_75
Gene_111,Gene_76
Gene_111,Gene_77
Gene_111,Gene_78
Gene_111,Gene_79
Gene_111,Gene_80
Gene_111,Gene_81
Gene_111,Gene_82
Gene_111,Gene_83
Gene_111,Gene_84
Gene_111,Gene_85
Gene_111,Gene_86
Gene_111,Gene_88
Gene_111,Gene_89
Gene_111,Gene_90
Gene_111,Gene_91
Gene_111,Gene_92
Gene_111,Gene_93
Gene_111,Gene_94
Gene_111,Gene_95
Gene_111,Gene_96
Gene_111,Gene_98
Gene_111,Gene_99
Gene_111,Gene_100
Gene_111,Gene_101
Gene_111,Gene_102
Gene_111,Gene_103
Gene_111,Gene_104
Gene_111,Gene_105
Gene_111,Gene_107
Gene_111,Gene_109
Gene_111,Gene_110
Gene_111,Gene_111
Gene_111,Gene_112
Gene_111,Gene_113
Gene_111,Gene_114
Gene_111,Gene_115
Gene_111,Gene_116
Gene_111,Gene_117
Gene_111,Gene_118
Gene_111,Gene_119
Gene_111,Gene_120
Gene_111,Gene_121
Gene_111,Gene_122
Gene_111,Gene_123
Gene_111,Gene_124
Gene_111,Gene_126
Gene_111,Gene_127
Gene_111,Gene_128
Gene_111,Gene_130
Gene_111,Gene_131
Gene_111,Gene_132
Gene_111,Gene_133
Gene_111,Gene_134
Gene_111,Gene_135
Gene_111,Gene_136
Gene_111,Gene_137
Gene_111,Gene_138
Gene_111,Gene_139
Gene_111,Gene_141
Gene_111,Gene_143
Gene_111,Gene_144
Gene_111,Gene_146
Gene_111,Gene_147
Gene_111,Gene_148
Gene_111,Gene_149
Gene_111,Gene_150
Gene_111,Gene_151
Gene_111,Gene_152
Gene_111,Gene_153
Gene_111,Gene_154
Gene_111,Gene_155
Gene_111,Gene_156
Gene_111,Gene_159
Gene_111,Gene_160
Gene_111,Gene_161
Gene_111,Gene_163
Gene_111,Gene_164
Gene_111,Gene_165
Gene_111,Gene_166
Gene_111,Gene_167
Gene_111,Gene_168
Gene_111,Gene_169
Gene_111,Gene_173
Gene_111,Gene_174
Gene_111,Gene_175
Gene_111,Gene_176
Gene_111,Gene_177
Gene_111,Gene_178
Gene_111,Gene_179
Gene_111,Gene_180
Gene_111,Gene_181
Gene_111,Gene_182
Gene_111,Gene_184
Gene_111,Gene_185
Gene_111,Gene_186
Gene_111,Gene_187
Gene_111,Gene_188
Gene_111,Gene_189
Gene_111,Gene_190
Gene_111,Gene_191
Gene_111,Gene_192
Gene_111,Gene_193
Gene_111,Gene_195
Gene_111,Gene_196
Gene_111,Gene_197
Gene_111,Gene_198
Gene_111,Gene_199
Gene_111,Gene_200
Gene_112,Gene_0
Gene_112,Gene_1
Gene_112,Gene_4
Gene_112,Gene_6
Gene_112,Gene_7
Gene_112,Gene_8
Gene_112,Gene_10
Gene_112,Gene_11
Gene_112,Gene_12
Gene_112,Gene_13
Gene_112,Gene_14
Gene_112,Gene_15
Gene_112,Gene_16
Gene_112,Gene_18
Gene_112,Gene_19
Gene_112,Gene_20
Gene_112,Gene_21
Gene_112,Gene_22
Gene_112,Gene_24
Gene_112,Gene_25
Gene_112,Gene_27
Gene_112,Gene_28
Gene_112,Gene_29
Gene_112,Gene_30
Gene_112,Gene_31
Gene_112,Gene_32
Gene_112,Gene_33
Gene_112,Gene_34
Gene_112,Gene_35
Gene_112,Gene_38
Gene_112,Gene_40
Gene_112,Gene_41
Gene_112,Gene_42
Gene_112,Gene_43
Gene_112,Gene_44
Gene_112,Gene_45
Gene_112,Gene_46
Gene_112,Gene_47
Gene_112,Gene_49
Gene_112,Gene_50
Gene_112,Gene_52
Gene_112,Gene_53
Gene_112,Gene_55
Gene_112,Gene_56
Gene_112,Gene_57
Gene_112,Gene_58
Gene_112,Gene_59
Gene_112,Gene_60
Gene_112,Gene_61
Gene_112,Gene_62
Gene_112,Gene_63
Gene_112,Gene_64
Gene_112,Gene_65
Gene_112,Gene_66
Gene_112,Gene_68
Gene_112,Gene_69
Gene_112,Gene_70
Gene_112,Gene_73
Gene_112,Gene_74
Gene_112,Gene_75
Gene_112,Gene_76
Gene_112,Gene_77
Gene_112,Gene_78
Gene_112,Gene_79
Gene_112,Gene_81
Gene_112,Gene_82
Gene_112,Gene_83
Gene_112,Gene_84
Gene_112,Gene_85
Gene_112,Gene_86
Gene_112,Gene_87
Gene_112,Gene_89
Gene_112,Gene_90
Gene_112,Gene_91
Gene_112,Gene_92
Gene_112,Gene_93
Gene_112,Gene_94
Gene_112,Gene_95
Gene_112,Gene_96
Gene_112,Gene_97
Gene_112,Gene_98
Gene_112,Gene_99
Gene_112,Gene_100
Gene_112,Gene_101
Gene_112,Gene_102
Gene_112,Gene_103
Gene_112,Gene_104
Gene_112,Gene_106
Gene_112,Gene_107
Gene_112,Gene_108
Gene_112,Gene_109
Gene_112,Gene_110
Gene_112,Gene_111
Gene_112,Gene_112
Gene_112,Gene_113
Gene_112,Gene_115
Gene_112,Gene_116
Gene_112,Gene_118
Gene_112,Gene_119
Gene_112,Gene_120
Gene_112,Gene_121
Gene_112,Gene_122
Gene_112,Gene_123
Gene_112,Gene_124
Gene_112,Gene_125
Gene_112,Gene_126
Gene_112,Gene_127
Gene_112,Gene_128
Gene_112,Gene_131
Gene_112,Gene_132
Gene_112,Gene_133
Gene_112,Gene_134
Gene_112,Gene_135
Gene_112,Gene_136
Gene_112,Gene_137
Gene_112,Gene_140
Gene_112,Gene_141
Gene_112,Gene_142
Gene_112,Gene_144
Gene_112,Gene_146
Gene_112,Gene_148
Gene_112,Gene_149
Gene_112,Gene_150
Gene_112,Gene_151
Gene_112,Gene_152
Gene_112,Gene_153
Gene_112,Gene_155
Gene_112,Gene_156
Gene_112,Gene_158
Gene_112,Gene_160
Gene_112,Gene_161
Gene_112,Gene_162
Gene_112,Gene_163
Gene_112,Gene_164
Gene_112,Gene_165
Gene_112,Gene_168
Gene_112,Gene_169
Gene_112,Gene_170
Gene_112,Gene_171
Gene_112,Gene_172
Gene_112,Gene_173
Gene_112,Gene_175
Gene_112,Gene_176
Gene_112,Gene_177
Gene_112,Gene_178
Gene_112,Gene_180
Gene_112,Gene_183
Gene_112,Gene_184
Gene_112,Gene_185
Gene_112,Gene_186
Gene_112,Gene_188
Gene_112,Gene_189
Gene_112,Gene_190
Gene_112,Gene_191
Gene_112,Gene_192
Gene_112,Gene_193
Gene_112,Gene_194
Gene_112,Gene_195
Gene_112,Gene_196
Gene_112,Gene_197
Gene_112,Gene_199
Gene_112,Gene_200
Gene_113,Gene_3
Gene_113,Gene_33
Gene_113,Gene_49
Gene_113,Gene_69
Gene_113,Gene_87
Gene_113,Gene_114
Gene_113,Gene_118
Gene_113,Gene_119
Gene_113,Gene_129
Gene_113,Gene_142
Gene_113,Gene_161
Gene_113,Gene_164
Gene_113,Gene_172
Gene_113,Gene_180
Gene_113,Gene_190
Gene_113,Gene_195
Gene_113,Gene_199
Gene_113,Gene_200
Gene_114,Gene_0
Gene_114,Gene_1
Gene_114,Gene_2
Gene_114,Gene_3
Gene_114,Gene_6
Gene_114,Gene_7
Gene_114,Gene_8
Gene_114,Gene_10
Gene_114,Gene_11
Gene_114,Gene_12
Gene_114,Gene_14
Gene_114,Gene_15
Gene_114,Gene_16
Gene_114,Gene_17
Gene_114,Gene_18
Gene_114,Gene_19
Gene_114,Gene_22
Gene_114,Gene_24
Gene_114,Gene_25
Gene_114,Gene_26
Gene_114,Gene_27
Gene_114,Gene_29
Gene_114,Gene_30
Gene_114,Gene_32
Gene_114,Gene_33
Gene_114,Gene_34
Gene_114,Gene_35
Gene_114,Gene_36
Gene_114,Gene_38
Gene_114,Gene_39
Gene_114,Gene_40
Gene_114,Gene_42
Gene_114,Gene_43
Gene_114,Gene_45
Gene_114,Gene_46
Gene_114,Gene_47
Gene_114,Gene_48
Gene_114,Gene_49
Gene_114,Gene_51
Gene_114,Gene_52
Gene_114,Gene_53
Gene_114,Gene_54
Gene_114,Gene_55
Gene_114,Gene_56
Gene_114,Gene_57
Gene_114,Gene_58
Gene_114,Gene_59
Gene_114,Gene_60
Gene_114,Gene_61
Gene_114,Gene_62
Gene_114,Gene_63
Gene_114,Gene_64
Gene_114,Gene_67
Gene_114,Gene_69
Gene_114,Gene_70
Gene_114,Gene_71
Gene_114,Gene_72
Gene_114,Gene_73
Gene_114,Gene_74
Gene_114,Gene_78
Gene_114,Gene_81
Gene_114,Gene_82
Gene_114,Gene_83
Gene_114,Gene_84
Gene_114,Gene_85
Gene_114,Gene_88
Gene_114,Gene_89
Gene_114,Gene_90
Gene_114,Gene_91
Gene_114,Gene_92
Gene_114,Gene_93
Gene_114,Gene_94
Gene_114,Gene_95
Gene_114,Gene_96
Gene_114,Gene_98
Gene_114,Gene_99
Gene_114,Gene_100
Gene_114,Gene_101
Gene_114,Gene_103
Gene_114,Gene_104
Gene_114,Gene_105
Gene_114,Gene_106
Gene_114,Gene_108
Gene_114,Gene_109
Gene_114,Gene_110
Gene_114,Gene_111
Gene_114,Gene_112
Gene_114,Gene_113
Gene_114,Gene_115
Gene_114,Gene_116
Gene_114,Gene_117
Gene_114,Gene_119
Gene_114,Gene_120
Gene_114,Gene_121
Gene_114,Gene_122
Gene_114,Gene_124
Gene_114,Gene_125
Gene_114,Gene_126
Gene_114,Gene_127
Gene_114,Gene_128
Gene_114,Gene_129
Gene_114,Gene_130
Gene_114,Gene_131
Gene_114,Gene_134
Gene_114,Gene_135
Gene_114,Gene_136
Gene_114,Gene_137
Gene_114,Gene_138
Gene_114,Gene_139
Gene_114,Gene_140
Gene_114,Gene_141
Gene_114,Gene_142
Gene_114,Gene_143
Gene_114,Gene_145
Gene_114,Gene_146
Gene_114,Gene_147
Gene_114,Gene_148
Gene_114,Gene_150
Gene_114,Gene_151
Gene_114,Gene_152
Gene_114,Gene_153
Gene_114,Gene_154
Gene_114,Gene_156
Gene_114,Gene_157
Gene_114,Gene_158
Gene_114,Gene_159
Gene_114,Gene_160
Gene_114,Gene_163
Gene_114,Gene_164
Gene_114,Gene_165
Gene_114,Gene_166
Gene_114,Gene_168
Gene_114,Gene_169
Gene_114,Gene_170
Gene_114,Gene_171
Gene_114,Gene_173
Gene_114,Gene_174
Gene_114,Gene_175
Gene_114,Gene_176
Gene_114,Gene_177
Gene_114,Gene_178
Gene_114,Gene_179
Gene_114,Gene_180
Gene_114,Gene_181
Gene_114,Gene_185
Gene_114,Gene_186
Gene_114,Gene_187
Gene_114,Gene_189
Gene_114,Gene_190
Gene_114,Gene_191
Gene_114,Gene_192
Gene_114,Gene_194
Gene_114,Gene_195
Gene_114,Gene_196
Gene_114,Gene_197
Gene_114,Gene_200
Gene_115,Gene_0
Gene_115,Gene_1
Gene_115,Gene_2
Gene_115,Gene_3
Gene_115,Gene_4
Gene_115,Gene_6
Gene_115,Gene_7
Gene_115,Gene_8
Gene_115,Gene_9
Gene_115,Gene_11
Gene_115,Gene_12
Gene_115,Gene_13
Gene_115,Gene_14
Gene_115,Gene_15
Gene_115,Gene_16
Gene_115,Gene_17
Gene_115,Gene_18
Gene_115,Gene_21
Gene_115,Gene_22
Gene_115,Gene_23
Gene_115,Gene_24
Gene_115,Gene_25
Gene_115,Gene_26
Gene_115,Gene_27
Gene_115,Gene_28
Gene_115,Gene_29
Gene_115,Gene_30
Gene_115,Gene_31
Gene_115,Gene_32
Gene_115,Gene_33
Gene_115,Gene_34
Gene_115,Gene_35
Gene_115,Gene_36
Gene_115,Gene_37
Gene_115,Gene_40
Gene_115,Gene_41
Gene_115,Gene_42
Gene_115,Gene_44
Gene_115,Gene_45
Gene_115,Gene_46
Gene_115,Gene_48
Gene_115,Gene_49
Gene_115,Gene_50
Gene_115,Gene_51
Gene_115,Gene_52
Gene_115,Gene_53
Gene_115,Gene_55
Gene_115,Gene_56
Gene_115,Gene_57
Gene_115,Gene_58
Gene_115,Gene_59
Gene_115,Gene_60
Gene_115,Gene_62
Gene_115,Gene_63
Gene_115,Gene_64
Gene_115,Gene_65
Gene_115,Gene_66
Gene_115,Gene_67
Gene_115,Gene_68
Gene_115,Gene_69
Gene_115,Gene_70
Gene_115,Gene_71
Gene_115,Gene_72
Gene_115,Gene_73
Gene_115,Gene_74
Gene_115,Gene_75
Gene_115,Gene_77
Gene_115,Gene_78
Gene_115,Gene_79
Gene_115,Gene_80
Gene_115,Gene_81
Gene_115,Gene_82
Gene_115,Gene_84
Gene_115,Gene_85
Gene_115,Gene_87
Gene_115,Gene_89
Gene_115,Gene_90
Gene_115,Gene_91
Gene_115,Gene_92
Gene_115,Gene_94
Gene_115,Gene_95
Gene_115,Gene_96
Gene_115,Gene_97
Gene_115,Gene_98
Gene_115,Gene_99
Gene_115,Gene_100
Gene_115,Gene_101
Gene_115,Gene_102
Gene_115,Gene_103
Gene_115,Gene_104
Gene_115,Gene_107
Gene_115,Gene_108
Gene_115,Gene_109
Gene_115,Gene_110
Gene_115,Gene_111
Gene_115,Gene_112
Gene_115,Gene_113
Gene_115,Gene_114
Gene_115,Gene_115
Gene_115,Gene_116
Gene_115,Gene_118
Gene_115,Gene_119
Gene_115,Gene_121
Gene_115,Gene_122
Gene_115,Gene_123
Gene_115,Gene_125
Gene_115,Gene_126
Gene_115,Gene_127
Gene_115,Gene_129
Gene_115,Gene_131
Gene_115,Gene_132
Gene_115,Gene_133
Gene_115,Gene_134
Gene_115,Gene_135
Gene_115,Gene_137
Gene_115,Gene_138
Gene_115,Gene_139
Gene_115,Gene_141
Gene_115,Gene_142
Gene_115,Gene_143
Gene_115,Gene_144
Gene_115,Gene_146
Gene_115,Gene_147
Gene_115,Gene_150
Gene_115,Gene_151
Gene_115,Gene_154
Gene_115,Gene_156
Gene_115,Gene_158
Gene_115,Gene_159
Gene_115,Gene_160
Gene_115,Gene_161
Gene_115,Gene_162
Gene_115,Gene_165
Gene_115,Gene_168
Gene_115,Gene_169
Gene_115,Gene_170
Gene_115,Gene_171
Gene_115,Gene_172
Gene_115,Gene_173
Gene_115,Gene_175
Gene_115,Gene_176
Gene_115,Gene_177
Gene_115,Gene_178
Gene_115,Gene_181
Gene_115,Gene_182
Gene_115,Gene_183
Gene_115,Gene_184
Gene_115,Gene_185
Gene_115,Gene_186
Gene_115,Gene_187
Gene_115,Gene_188
Gene_115,Gene_189
Gene_115,Gene_190
Gene_115,Gene_191
Gene_115,Gene_192
Gene_115,Gene_193
Gene_115,Gene_194
Gene_115,Gene_195
Gene_115,Gene_197
Gene_115,Gene_198
Gene_115,Gene_199
Gene_115,Gene_200
Gene_116,Gene_0
Gene_116,Gene_1
Gene_116,Gene_3
Gene_116,Gene_4
Gene_116,Gene_6
Gene_116,Gene_7
Gene_116,Gene_12
Gene_116,Gene_13
Gene_116,Gene_14
Gene_116,Gene_15
Gene_116,Gene_16
Gene_116,Gene_17
Gene_116,Gene_18
Gene_116,Gene_19
Gene_116,Gene_21
Gene_116,Gene_22
Gene_116,Gene_23
Gene_116,Gene_24
Gene_116,Gene_26
Gene_116,Gene_27
Gene_116,Gene_28
Gene_116,Gene_29
Gene_116,Gene_30
Gene_116,Gene_31
Gene_116,Gene_34
Gene_116,Gene_36
Gene_116,Gene_37
Gene_116,Gene_39
Gene_116,Gene_40
Gene_116,Gene_41
Gene_116,Gene_43
Gene_116,Gene_45
Gene_116,Gene_47
Gene_116,Gene_48
Gene_116,Gene_50
Gene_116,Gene_51
Gene_116,Gene_53
Gene_116,Gene_54
Gene_116,Gene_55
Gene_116,Gene_56
Gene_116,Gene_57
Gene_116,Gene_58
Gene_116,Gene_59
Gene_116,Gene_61
Gene_116,Gene_62
Gene_116,Gene_64
Gene_116,Gene_65
Gene_116,Gene_66
Gene_116,Gene_67
Gene_116,Gene_68
Gene_116,Gene_69
Gene_116,Gene_70
Gene_116,Gene_73
Gene_116,Gene_74
Gene_116,Gene_75
Gene_116,Gene_77
Gene_116,Gene_78
Gene_116,Gene_79
Gene_116,Gene_81
Gene_116,Gene_82
Gene_116,Gene_83
Gene_116,Gene_84
Gene_116,Gene_86
Gene_116,Gene_88
Gene_116,Gene_89
Gene_116,Gene_90
Gene_116,Gene_91
Gene_116,Gene_95
Gene_116,Gene_100
Gene_116,Gene_101
Gene_116,Gene_102
Gene_116,Gene_104
Gene_116,Gene_105
Gene_116,Gene_106
Gene_116,Gene_108
Gene_116,Gene_109
Gene_116,Gene_110
Gene_116,Gene_111
Gene_116,Gene_113
Gene_116,Gene_114
Gene_116,Gene_115
Gene_116,Gene_116
Gene_116,Gene_118
Gene_116,Gene_119
Gene_116,Gene_120
Gene_116,Gene_121
Gene_116,Gene_122
Gene_116,Gene_123
Gene_116,Gene_124
Gene_116,Gene_125
Gene_116,Gene_126
Gene_116,Gene_127
Gene_116,Gene_129
Gene_116,Gene_130
Gene_116,Gene_131
Gene_116,Gene_132
Gene_116,Gene_133
Gene_116,Gene_134
Gene_116,Gene_135
Gene_116,Gene_136
Gene_116,Gene_137
Gene_116,Gene_138
Gene_116,Gene_139
Gene_116,Gene_140
Gene_116,Gene_141
Gene_116,Gene_142
Gene_116,Gene_143
Gene_116,Gene_144
Gene_116,Gene_145
Gene_116,Gene_146
Gene_116,Gene_147
Gene_116,Gene_148
Gene_116,Gene_149
Gene_116,Gene_151
Gene_116,Gene_152
Gene_116,Gene_153
Gene_116,Gene_154
Gene_116,Gene_155
Gene_116,Gene_156
Gene_116,Gene_157
Gene_116,Gene_158
Gene_116,Gene_160
Gene_116,Gene_161
Gene_116,Gene_162
Gene_116,Gene_163
Gene_116,Gene_164
Gene_116,Gene_166
Gene_116,Gene_167
Gene_116,Gene_169
Gene_116,Gene_170
Gene_116,Gene_171
Gene_116,Gene_173
Gene_116,Gene_174
Gene_116,Gene_178
Gene_116,Gene_180
Gene_116,Gene_181
Gene_116,Gene_183
Gene_116,Gene_184
Gene_116,Gene_185
Gene_116,Gene_186
Gene_116,Gene_187
Gene_116,Gene_188
Gene_116,Gene_189
Gene_116,Gene_190
Gene_116,Gene_191
Gene_116,Gene_192
Gene_116,Gene_193
Gene_116,Gene_194
Gene_116,Gene_196
Gene_116,Gene_197
Gene_116,Gene_198
Gene_116,Gene_200
Gene_117,Gene_0
Gene_117,Gene_1
Gene_117,Gene_2
Gene_117,Gene_4
Gene_117,Gene_5
Gene_117,Gene_7
Gene_117,Gene_8
Gene_117,Gene_9
Gene_117,Gene_10
Gene_117,Gene_11
Gene_117,Gene_12
Gene_117,Gene_13
Gene_117,Gene_14
Gene_117,Gene_15
Gene_117,Gene_16
Gene_117,Gene_17
Gene_117,Gene_18
Gene_117,Gene_20
Gene_117,Gene_21
Gene_117,Gene_22
Gene_117,Gene_23
Gene_117,Gene_27
Gene_117,Gene_28
Gene_117,Gene_29
Gene_117,Gene_30
Gene_117,Gene_31
Gene_117,Gene_32
Gene_117,Gene_33
Gene_117,Gene_34
Gene_117,Gene_35
Gene_117,Gene_36
Gene_117,Gene_37
Gene_117,Gene_38
Gene_117,Gene_39
Gene_117,Gene_40
Gene_117,Gene_41
Gene_117,Gene_42
Gene_117,Gene_43
Gene_117,Gene_44
Gene_117,Gene_45
Gene_117,Gene_46
Gene_117,Gene_48
Gene_117,Gene_51
Gene_117,Gene_52
Gene_117,Gene_53
Gene_117,Gene_54
Gene_117,Gene_55
Gene_117,Gene_56
Gene_117,Gene_57
Gene_117,Gene_58
Gene_117,Gene_59
Gene_117,Gene_60
Gene_117,Gene_62
Gene_117,Gene_64
Gene_117,Gene_65
Gene_117,Gene_66
Gene_117,Gene_67
Gene_117,Gene_68
Gene_117,Gene_69
Gene_117,Gene_71
Gene_117,Gene_74
Gene_117,Gene_75
Gene_117,Gene_76
Gene_117,Gene_77
Gene_117,Gene_78
Gene_117,Gene_79
Gene_117,Gene_80
Gene_117,Gene_81
Gene_117,Gene_82
Gene_117,Gene_83
Gene_117,Gene_84
Gene_117,Gene_85
Gene_117,Gene_86
Gene_117,Gene_87
Gene_117,Gene_88
Gene_117,Gene_89
Gene_117,Gene_90
Gene_117,Gene_92
Gene_117,Gene_93
Gene_117,Gene_95
Gene_117,Gene_96
Gene_117,Gene_97
Gene_117,Gene_98
Gene_117,Gene_100
Gene_117,Gene_101
Gene_117,Gene_102
Gene_117,Gene_103
Gene_117,Gene_104
Gene_117,Gene_105
Gene_117,Gene_106
Gene_117,Gene_108
Gene_117,Gene_109
Gene_117,Gene_110
Gene_117,Gene_111
Gene_117,Gene_113
Gene_117,Gene_114
Gene_117,Gene_116
Gene_117,Gene_117
Gene_117,Gene_118
Gene_117,Gene_119
Gene_117,Gene_120
Gene_117,Gene_121
Gene_117,Gene_122
Gene_117,Gene_123
Gene_117,Gene_124
Gene_117,Gene_126
Gene_117,Gene_127
Gene_117,Gene_129
Gene_117,Gene_130
Gene_117,Gene_131
Gene_117,Gene_132
Gene_117,Gene_133
Gene_117,Gene_134
Gene_117,Gene_135
Gene_117,Gene_136
Gene_117,Gene_137
Gene_117,Gene_139
Gene_117,Gene_140
Gene_117,Gene_141
Gene_117,Gene_143
Gene_117,Gene_144
Gene_117,Gene_146
Gene_117,Gene_147
Gene_117,Gene_148
Gene_117,Gene_150
Gene_117,Gene_151
Gene_117,Gene_153
Gene_117,Gene_158
Gene_117,Gene_159
Gene_117,Gene_162
Gene_117,Gene_163
Gene_117,Gene_164
Gene_117,Gene_165
Gene_117,Gene_167
Gene_117,Gene_168
Gene_117,Gene_169
Gene_117,Gene_170
Gene_117,Gene_171
Gene_117,Gene_172
Gene_117,Gene_174
Gene_117,Gene_175
Gene_117,Gene_176
Gene_117,Gene_177
Gene_117,Gene_179
Gene_117,Gene_181
Gene_117,Gene_182
Gene_117,Gene_183
Gene_117,Gene_184
Gene_117,Gene_185
Gene_117,Gene_186
Gene_117,Gene_187
Gene_117,Gene_188
Gene_117,Gene_190
Gene_117,Gene_193
Gene_117,Gene_194
Gene_117,Gene_195
Gene_117,Gene_196
Gene_117,Gene_197
Gene_117,Gene_198
Gene_117,Gene_200
Gene_118,Gene_0
Gene_118,Gene_3
Gene_118,Gene_7
Gene_118,Gene_9
Gene_118,Gene_10
Gene_118,Gene_11
Gene_118,Gene_13
Gene_118,Gene_14
Gene_118,Gene_15
Gene_118,Gene_16
Gene_118,Gene_17
Gene_118,Gene_18
Gene_118,Gene_19
Gene_118,Gene_20
Gene_118,Gene_21
Gene_118,Gene_22
Gene_118,Gene_23
Gene_118,Gene_24
Gene_118,Gene_25
Gene_118,Gene_26
Gene_118,Gene_27
Gene_118,Gene_28
Gene_118,Gene_29
Gene_118,Gene_30
Gene_118,Gene_31
Gene_118,Gene_32
Gene_118,Gene_33
Gene_118,Gene_34
Gene_118,Gene_35
Gene_118,Gene_36
Gene_118,Gene_37
Gene_118,Gene_38
Gene_118,Gene_39
Gene_118,Gene_40
Gene_118,Gene_41
Gene_118,Gene_42
Gene_118,Gene_44
Gene_118,Gene_45
Gene_118,Gene_46
Gene_118,Gene_48
Gene_118,Gene_49
Gene_118,Gene_50
Gene_118,Gene_51
Gene_118,Gene_54
Gene_118,Gene_55
Gene_118,Gene_56
Gene_118,Gene_57
Gene_118,Gene_58
Gene_118,Gene_59
Gene_118,Gene_60
Gene_118,Gene_61
Gene_118,Gene_62
Gene_118,Gene_63
Gene_118,Gene_64
Gene_118,Gene_65
Gene_118,Gene_66
Gene_118,Gene_67
Gene_118,Gene_68
Gene_118,Gene_69
Gene_118,Gene_70
Gene_118,Gene_72
Gene_118,Gene_74
Gene_118,Gene_76
Gene_118,Gene_77
Gene_118,Gene_78
Gene_118,Gene_79
Gene_118,Gene_80
Gene_118,Gene_81
Gene_118,Gene_82
Gene_118,Gene_83
Gene_118,Gene_84
Gene_118,Gene_85
Gene_118,Gene_86
Gene_118,Gene_87
Gene_118,Gene_88
Gene_118,Gene_89
Gene_118,Gene_90
Gene_118,Gene_91
Gene_118,Gene_92
Gene_118,Gene_93
Gene_118,Gene_94
Gene_118,Gene_95
Gene_118,Gene_96
Gene_118,Gene_97
Gene_118,Gene_98
Gene_118,Gene_99
Gene_118,Gene_100
Gene_118,Gene_101
Gene_118,Gene_102
Gene_118,Gene_104
Gene_118,Gene_105
Gene_118,Gene_106
Gene_118,Gene_107
Gene_118,Gene_108
Gene_118,Gene_110
Gene_118,Gene_111
Gene_118,Gene_112
Gene_118,Gene_113
Gene_118,Gene_114
Gene_118,Gene_115
Gene_118,Gene_116
Gene_118,Gene_118
Gene_118,Gene_119
Gene_118,Gene_120
Gene_118,Gene_121
Gene_118,Gene_122
Gene_118,Gene_123
Gene_118,Gene_124
Gene_118,Gene_125
Gene_118,Gene_126
Gene_118,Gene_128
Gene_118,Gene_130
Gene_118,Gene_131
Gene_118,Gene_132
Gene_118,Gene_133
Gene_118,Gene_134
Gene_118,Gene_135
Gene_118,Gene_136
Gene_118,Gene_137
Gene_118,Gene_138
Gene_118,Gene_139
Gene_118,Gene_141
Gene_118,Gene_142
Gene_118,Gene_144
Gene_118,Gene_145
Gene_118,Gene_146
Gene_118,Gene_147
Gene_118,Gene_149
Gene_118,Gene_150
Gene_118,Gene_151
Gene_118,Gene_152
Gene_118,Gene_153
Gene_118,Gene_154
Gene_118,Gene_155
Gene_118,Gene_156
Gene_118,Gene_157
Gene_118,Gene_158
Gene_118,Gene_159
Gene_118,Gene_160
Gene_118,Gene_162
Gene_118,Gene_165
Gene_118,Gene_166
Gene_118,Gene_167
Gene_118,Gene_168
Gene_118,Gene_169
Gene_118,Gene_170
Gene_118,Gene_171
Gene_118,Gene_172
Gene_118,Gene_173
Gene_118,Gene_176
Gene_118,Gene_179
Gene_118,Gene_180
Gene_118,Gene_181
Gene_118,Gene_182
Gene_118,Gene_183
Gene_118,Gene_184
Gene_118,Gene_185
Gene_118,Gene_186
Gene_118,Gene_188
Gene_118,Gene_189
Gene_118,Gene_190
Gene_118,Gene_192
Gene_118,Gene_193
Gene_118,Gene_194
Gene_118,Gene_195
Gene_118,Gene_196
Gene_118,Gene_197
Gene_118,Gene_198
Gene_118,Gene_199
Gene_118,Gene_200
Gene_119,Gene_0
Gene_119,Gene_1
Gene_119,Gene_2
Gene_119,Gene_3
Gene_119,Gene_4
Gene_119,Gene_6
Gene_119,Gene_7
Gene_119,Gene_8
Gene_119,Gene_9
Gene_119,Gene_10
Gene_119,Gene_11
Gene_119,Gene_12
Gene_119,Gene_13
Gene_119,Gene_14
Gene_119,Gene_15
Gene_119,Gene_17
Gene_119,Gene_18
Gene_119,Gene_19
Gene_119,Gene_20
Gene_119,Gene_21
Gene_119,Gene_22
Gene_119,Gene_24
Gene_119,Gene_25
Gene_119,Gene_26
Gene_119,Gene_27
Gene_119,Gene_28
Gene_119,Gene_29
Gene_119,Gene_30
Gene_119,Gene_31
Gene_119,Gene_32
Gene_119,Gene_33
Gene_119,Gene_34
Gene_119,Gene_35
Gene_119,Gene_36
Gene_119,Gene_37
Gene_119,Gene_38
Gene_119,Gene_39
Gene_119,Gene_41
Gene_119,Gene_43
Gene_119,Gene_45
Gene_119,Gene_46
Gene_119,Gene_47
Gene_119,Gene_48
Gene_119,Gene_49
Gene_119,Gene_50
Gene_119,Gene_51
Gene_119,Gene_52
Gene_119,Gene_53
Gene_119,Gene_54
Gene_119,Gene_55
Gene_119,Gene_56
Gene_119,Gene_58
Gene_119,Gene_59
Gene_119,Gene_60
Gene_119,Gene_61
Gene_119,Gene_63
Gene_119,Gene_64
Gene_119,Gene_66
Gene_119,Gene_69
Gene_119,Gene_71
Gene_119,Gene_73
Gene_119,Gene_74
Gene_119,Gene_76
Gene_119,Gene_77
Gene_119,Gene_78
Gene_119,Gene_79
Gene_119,Gene_80
Gene_119,Gene_81
Gene_119,Gene_82
Gene_119,Gene_83
Gene_119,Gene_84
Gene_119,Gene_85
Gene_119,Gene_87
Gene_119,Gene_89
Gene_119,Gene_90
Gene_119,Gene_91
Gene_119,Gene_93
Gene_119,Gene_94
Gene_119,Gene_96
Gene_119,Gene_97
Gene_119,Gene_98
Gene_119,Gene_99
Gene_119,Gene_100
Gene_119,Gene_102
Gene_119,Gene_103
Gene_119,Gene_104
Gene_119,Gene_105
Gene_119,Gene_106
Gene_119,Gene_107
Gene_119,Gene_108
Gene_119,Gene_109
Gene_119,Gene_111
Gene_119,Gene_112
Gene_119,Gene_113
Gene_119,Gene_114
Gene_119,Gene_117
Gene_119,Gene_119
Gene_119,Gene_120
Gene_119,Gene_121
Gene_119,Gene_122
Gene_119,Gene_123
Gene_119,Gene_124
Gene_119,Gene_125
Gene_119,Gene_126
Gene_119,Gene_127
Gene_119,Gene_128
Gene_119,Gene_129
Gene_119,Gene_131
Gene_119,Gene_133
Gene_119,Gene_134
Gene_119,Gene_135
Gene_119,Gene_136
Gene_119,Gene_137
Gene_119,Gene_139
Gene_119,Gene_140
Gene_119,Gene_141
Gene_119,Gene_142
Gene_119,Gene_143
Gene_119,Gene_144
Gene_119,Gene_145
Gene_119,Gene_146
Gene_119,Gene_147
Gene_119,Gene_148
Gene_119,Gene_149
Gene_119,Gene_150
Gene_119,Gene_151
Gene_119,Gene_152
Gene_119,Gene_153
Gene_119,Gene_154
Gene_119,Gene_156
Gene_119,Gene_157
Gene_119,Gene_158
Gene_119,Gene_159
Gene_119,Gene_160
Gene_119,Gene_161
Gene_119,Gene_162
Gene_119,Gene_163
Gene_119,Gene_164
Gene_119,Gene_165
Gene_119,Gene_166
Gene_119,Gene_167
Gene_119,Gene_169
Gene_119,Gene_170
Gene_119,Gene_171
Gene_119,Gene_172
Gene_119,Gene_174
Gene_119,Gene_175
Gene_119,Gene_176
Gene_119,Gene_177
Gene_119,Gene_178
Gene_119,Gene_179
Gene_119,Gene_180
Gene_119,Gene_182
Gene_119,Gene_183
Gene_119,Gene_184
Gene_119,Gene_185
Gene_119,Gene_186
Gene_119,Gene_187
Gene_119,Gene_189
Gene_119,Gene_190
Gene_119,Gene_191
Gene_119,Gene_192
Gene_119,Gene_193
Gene_119,Gene_194
Gene_119,Gene_195
Gene_119,Gene_196
Gene_119,Gene_197
Gene_119,Gene_198
Gene_119,Gene_199
Gene_119,Gene_200
Gene_120,Gene_0
Gene_120,Gene_1
Gene_120,Gene_2
Gene_120,Gene_3
Gene_120,Gene_4
Gene_120,Gene_7
Gene_120,Gene_8
Gene_120,Gene_9
Gene_120,Gene_10
Gene_120,Gene_11
Gene_120,Gene_12
Gene_120,Gene_13
Gene_120,Gene_14
Gene_120,Gene_15
Gene_120,Gene_17
Gene_120,Gene_18
Gene_120,Gene_19
Gene_120,Gene_20
Gene_120,Gene_22
Gene_120,Gene_25
Gene_120,Gene_27
Gene_120,Gene_28
Gene_120,Gene_29
Gene_120,Gene_30
Gene_120,Gene_31
Gene_120,Gene_32
Gene_120,Gene_33
Gene_120,Gene_35
Gene_120,Gene_36
Gene_120,Gene_38
Gene_120,Gene_39
Gene_120,Gene_40
Gene_120,Gene_41
Gene_120,Gene_42
Gene_120,Gene_43
Gene_120,Gene_45
Gene_120,Gene_47
Gene_120,Gene_48
Gene_120,Gene_49
Gene_120,Gene_50
Gene_120,Gene_51
Gene_120,Gene_52
Gene_120,Gene_53
Gene_120,Gene_55
Gene_120,Gene_57
Gene_120,Gene_58
Gene_120,Gene_59
Gene_120,Gene_61
Gene_120,Gene_62
Gene_120,Gene_64
Gene_120,Gene_65
Gene_120,Gene_66
Gene_120,Gene_68
Gene_120,Gene_69
Gene_120,Gene_71
Gene_120,Gene_72
Gene_120,Gene_73
Gene_120,Gene_74
Gene_120,Gene_75
Gene_120,Gene_76
Gene_120,Gene_77
Gene_120,Gene_79
Gene_120,Gene_80
Gene_120,Gene_81
Gene_120,Gene_83
Gene_120,Gene_84
Gene_120,Gene_85
Gene_120,Gene_86
Gene_120,Gene_87
Gene_120,Gene_88
Gene_120,Gene_89
Gene_120,Gene_90
Gene_120,Gene_91
Gene_120,Gene_92
Gene_120,Gene_93
Gene_120,Gene_95
Gene_120,Gene_96
Gene_120,Gene_97
Gene_120,Gene_98
Gene_120,Gene_99
Gene_120,Gene_100
Gene_120,Gene_101
Gene_120,Gene_102
Gene_120,Gene_104
Gene_120,Gene_105
Gene_120,Gene_106
Gene_120,Gene_107
Gene_120,Gene_108
Gene_120,Gene_109
Gene_120,Gene_110
Gene_120,Gene_111
Gene_120,Gene_112
Gene_120,Gene_113
Gene_120,Gene_114
Gene_120,Gene_117
Gene_120,Gene_118
Gene_120,Gene_120
Gene_120,Gene_121
Gene_120,Gene_122
Gene_120,Gene_123
Gene_120,Gene_124
Gene_120,Gene_125
Gene_120,Gene_126
Gene_120,Gene_128
Gene_120,Gene_129
Gene_120,Gene_130
Gene_120,Gene_131
Gene_120,Gene_132
Gene_120,Gene_133
Gene_120,Gene_134
Gene_120,Gene_135
Gene_120,Gene_137
Gene_120,Gene_138
Gene_120,Gene_139
Gene_120,Gene_140
Gene_120,Gene_141
Gene_120,Gene_143
Gene_120,Gene_144
Gene_120,Gene_145
Gene_120,Gene_146
Gene_120,Gene_147
Gene_120,Gene_148
Gene_120,Gene_149
Gene_120,Gene_150
Gene_120,Gene_151
Gene_120,Gene_152
Gene_120,Gene_153
Gene_120,Gene_154
Gene_120,Gene_155
Gene_120,Gene_156
Gene_120,Gene_157
Gene_120,Gene_158
Gene_120,Gene_160
Gene_120,Gene_161
Gene_120,Gene_162
Gene_120,Gene_164
Gene_120,Gene_165
Gene_120,Gene_166
Gene_120,Gene_168
Gene_120,Gene_169
Gene_120,Gene_170
Gene_120,Gene_171
Gene_120,Gene_172
Gene_120,Gene_174
Gene_120,Gene_175
Gene_120,Gene_176
Gene_120,Gene_177
Gene_120,Gene_179
Gene_120,Gene_180
Gene_120,Gene_182
Gene_120,Gene_183
Gene_120,Gene_184
Gene_120,Gene_185
Gene_120,Gene_187
Gene_120,Gene_189
Gene_120,Gene_190
Gene_120,Gene_192
Gene_120,Gene_194
Gene_120,Gene_195
Gene_120,Gene_196
Gene_120,Gene_197
Gene_120,Gene_198
Gene_120,Gene_199
Gene_120,Gene_200
Gene_121,Gene_0
Gene_121,Gene_1
Gene_121,Gene_2
Gene_121,Gene_3
Gene_121,Gene_4
Gene_121,Gene_5
Gene_121,Gene_6
Gene_121,Gene_7
Gene_121,Gene_8
Gene_121,Gene_9
Gene_121,Gene_10
Gene_121,Gene_11
Gene_121,Gene_13
Gene_121,Gene_14
Gene_121,Gene_15
Gene_121,Gene_16
Gene_121,Gene_17
Gene_121,Gene_19
Gene_121,Gene_21
Gene_121,Gene_22
Gene_121,Gene_23
Gene_121,Gene_24
Gene_121,Gene_27
Gene_121,Gene_29
Gene_121,Gene_30
Gene_121,Gene_34
Gene_121,Gene_35
Gene_121,Gene_37
Gene_121,Gene_38
Gene_121,Gene_39
Gene_121,Gene_40
Gene_121,Gene_42
Gene_121,Gene_44
Gene_121,Gene_45
Gene_121,Gene_46
Gene_121,Gene_47
Gene_121,Gene_48
Gene_121,Gene_49
Gene_121,Gene_53
Gene_121,Gene_54
Gene_121,Gene_55
Gene_121,Gene_56
Gene_121,Gene_57
Gene_121,Gene_58
Gene_121,Gene_60
Gene_121,Gene_63
Gene_121,Gene_64
Gene_121,Gene_65
Gene_121,Gene_66
Gene_121,Gene_68
Gene_121,Gene_70
Gene_121,Gene_71
Gene_121,Gene_72
Gene_121,Gene_74
Gene_121,Gene_75
Gene_121,Gene_76
Gene_121,Gene_78
Gene_121,Gene_82
Gene_121,Gene_83
Gene_121,Gene_84
Gene_121,Gene_85
Gene_121,Gene_86
Gene_121,Gene_87
Gene_121,Gene_88
Gene_121,Gene_89
Gene_121,Gene_90
Gene_121,Gene_93
Gene_121,Gene_95
Gene_121,Gene_98
Gene_121,Gene_99
Gene_121,Gene_100
Gene_121,Gene_101
Gene_121,Gene_102
Gene_121,Gene_105
Gene_121,Gene_107
Gene_121,Gene_109
Gene_121,Gene_110
Gene_121,Gene_112
Gene_121,Gene_113
Gene_121,Gene_114
Gene_121,Gene_115
Gene_121,Gene_116
Gene_121,Gene_117
Gene_121,Gene_119
Gene_121,Gene_120
Gene_121,Gene_121
Gene_121,Gene_123
Gene_121,Gene_124
Gene_121,Gene_125
Gene_121,Gene_126
Gene_121,Gene_131
Gene_121,Gene_133
Gene_121,Gene_134
Gene_121,Gene_135
Gene_121,Gene_137
Gene_121,Gene_138
Gene_121,Gene_139
Gene_121,Gene_140
Gene_121,Gene_141
Gene_121,Gene_142
Gene_121,Gene_144
Gene_121,Gene_145
Gene_121,Gene_146
Gene_121,Gene_147
Gene_121,Gene_148
Gene_121,Gene_149
Gene_121,Gene_150
Gene_121,Gene_151
Gene_121,Gene_152
Gene_121,Gene_153
Gene_121,Gene_154
Gene_121,Gene_155
Gene_121,Gene_156
Gene_121,Gene_158
Gene_121,Gene_159
Gene_121,Gene_160
Gene_121,Gene_161
Gene_121,Gene_162
Gene_121,Gene_163
Gene_121,Gene_164
Gene_121,Gene_165
Gene_121,Gene_166
Gene_121,Gene_167
Gene_121,Gene_168
Gene_121,Gene_169
Gene_121,Gene_170
Gene_121,Gene_171
Gene_121,Gene_172
Gene_121,Gene_174
Gene_121,Gene_175
Gene_121,Gene_176
Gene_121,Gene_177
Gene_121,Gene_178
Gene_121,Gene_180
Gene_121,Gene_184
Gene_121,Gene_185
Gene_121,Gene_186
Gene_121,Gene_187
Gene_121,Gene_188
Gene_121,Gene_190
Gene_121,Gene_191
Gene_121,Gene_192
Gene_121,Gene_193
Gene_121,Gene_195
Gene_121,Gene_196
Gene_121,Gene_197
Gene_121,Gene_199
Gene_121,Gene_200
Gene_122,Gene_0
Gene_122,Gene_1
Gene_122,Gene_2
Gene_122,Gene_3
Gene_122,Gene_4
Gene_122,Gene_5
Gene_122,Gene_6
Gene_122,Gene_7
Gene_122,Gene_8
Gene_122,Gene_9
Gene_122,Gene_11
Gene_122,Gene_12
Gene_122,Gene_13
Gene_122,Gene_14
Gene_122,Gene_15
Gene_122,Gene_16
Gene_122,Gene_17
Gene_122,Gene_18
Gene_122,Gene_19
Gene_122,Gene_20
Gene_122,Gene_22
Gene_122,Gene_23
Gene_122,Gene_24
Gene_122,Gene_26
Gene_122,Gene_27
Gene_122,Gene_28
Gene_122,Gene_29
Gene_122,Gene_31
Gene_122,Gene_32
Gene_122,Gene_33
Gene_122,Gene_34
Gene_122,Gene_35
Gene_122,Gene_36
Gene_122,Gene_37
Gene_122,Gene_38
Gene_122,Gene_39
Gene_122,Gene_40
Gene_122,Gene_41
Gene_122,Gene_42
Gene_122,Gene_43
Gene_122,Gene_44
Gene_122,Gene_45
Gene_122,Gene_47
Gene_122,Gene_48
Gene_122,Gene_49
Gene_122,Gene_50
Gene_122,Gene_52
Gene_122,Gene_54
Gene_122,Gene_55
Gene_122,Gene_56
Gene_122,Gene_57
Gene_122,Gene_58
Gene_122,Gene_59
Gene_122,Gene_60
Gene_122,Gene_61
Gene_122,Gene_62
Gene_122,Gene_63
Gene_122,Gene_64
Gene_122,Gene_65
Gene_122,Gene_66
Gene_122,Gene_67
Gene_122,Gene_68
Gene_122,Gene_69
Gene_122,Gene_70
Gene_122,Gene_71
Gene_122,Gene_72
Gene_122,Gene_73
Gene_122,Gene_74
Gene_122,Gene_76
Gene_122,Gene_77
Gene_122,Gene_78
Gene_122,Gene_79
Gene_122,Gene_80
Gene_122,Gene_81
Gene_122,Gene_83
Gene_122,Gene_84
Gene_122,Gene_85
Gene_122,Gene_86
Gene_122,Gene_87
Gene_122,Gene_88
Gene_122,Gene_89
Gene_122,Gene_91
Gene_122,Gene_92
Gene_122,Gene_93
Gene_122,Gene_94
Gene_122,Gene_95
Gene_122,Gene_96
Gene_122,Gene_97
Gene_122,Gene_98
Gene_122,Gene_101
Gene_122,Gene_102
Gene_122,Gene_103
Gene_122,Gene_104
Gene_122,Gene_105
Gene_122,Gene_106
Gene_122,Gene_107
Gene_122,Gene_108
Gene_122,Gene_109
Gene_122,Gene_111
Gene_122,Gene_112
Gene_122,Gene_114
Gene_122,Gene_115
Gene_122,Gene_117
Gene_122,Gene_118
Gene_122,Gene_119
Gene_122,Gene_120
Gene_122,Gene_122
Gene_122,Gene_123
Gene_122,Gene_124
Gene_122,Gene_125
Gene_122,Gene_126
Gene_122,Gene_127
Gene_122,Gene_128
Gene_122,Gene_129
Gene_122,Gene_130
Gene_122,Gene_132
Gene_122,Gene_133
Gene_122,Gene_134
Gene_122,Gene_136
Gene_122,Gene_137
Gene_122,Gene_139
Gene_122,Gene_140
Gene_122,Gene_141
Gene_122,Gene_142
Gene_122,Gene_143
Gene_122,Gene_145
Gene_122,Gene_147
Gene_122,Gene_149
Gene_122,Gene_150
Gene_122,Gene_151
Gene_122,Gene_153
Gene_122,Gene_154
Gene_122,Gene_155
Gene_122,Gene_156
Gene_122,Gene_157
Gene_122,Gene_158
Gene_122,Gene_160
Gene_122,Gene_162
Gene_122,Gene_163
Gene_122,Gene_164
Gene_122,Gene_165
Gene_122,Gene_167
Gene_122,Gene_169
Gene_122,Gene_170
Gene_122,Gene_171
Gene_122,Gene_172
Gene_122,Gene_175
Gene_122,Gene_176
Gene_122,Gene_177
Gene_122,Gene_178
Gene_122,Gene_179
Gene_122,Gene_180
Gene_122,Gene_181
Gene_122,Gene_182
Gene_122,Gene_183
Gene_122,Gene_184
Gene_122,Gene_185
Gene_122,Gene_186
Gene_122,Gene_187
Gene_122,Gene_188
Gene_122,Gene_189
Gene_122,Gene_190
Gene_122,Gene_191
Gene_122,Gene_192
Gene_122,Gene_193
Gene_122,Gene_194
Gene_122,Gene_195
Gene_122,Gene_197
Gene_122,Gene_198
Gene_122,Gene_199
Gene_123,Gene_0
Gene_123,Gene_1
Gene_123,Gene_2
Gene_123,Gene_3
Gene_123,Gene_4
Gene_123,Gene_5
Gene_123,Gene_6
Gene_123,Gene_7
Gene_123,Gene_9
Gene_123,Gene_11
Gene_123,Gene_12
Gene_123,Gene_13
Gene_123,Gene_15
Gene_123,Gene_16
Gene_123,Gene_17
Gene_123,Gene_18
Gene_123,Gene_19
Gene_123,Gene_20
Gene_123,Gene_21
Gene_123,Gene_22
Gene_123,Gene_23
Gene_123,Gene_24
Gene_123,Gene_25
Gene_123,Gene_27
Gene_123,Gene_28
Gene_123,Gene_29
Gene_123,Gene_34
Gene_123,Gene_35
Gene_123,Gene_36
Gene_123,Gene_39
Gene_123,Gene_43
Gene_123,Gene_44
Gene_123,Gene_45
Gene_123,Gene_46
Gene_123,Gene_47
Gene_123,Gene_48
Gene_123,Gene_49
Gene_123,Gene_50
Gene_123,Gene_51
Gene_123,Gene_52
Gene_123,Gene_53
Gene_123,Gene_54
Gene_123,Gene_58
Gene_123,Gene_59
Gene_123,Gene_60
Gene_123,Gene_62
Gene_123,Gene_63
Gene_123,Gene_65
Gene_123,Gene_67
Gene_123,Gene_68
Gene_123,Gene_69
Gene_123,Gene_73
Gene_123,Gene_74
Gene_123,Gene_75
Gene_123,Gene_76
Gene_123,Gene_77
Gene_123,Gene_79
Gene_123,Gene_81
Gene_123,Gene_82
Gene_123,Gene_83
Gene_123,Gene_84
Gene_123,Gene_85
Gene_123,Gene_86
Gene_123,Gene_88
Gene_123,Gene_89
Gene_123,Gene_90
Gene_123,Gene_91
Gene_123,Gene_92
Gene_123,Gene_93
Gene_123,Gene_94
Gene_123,Gene_97
Gene_123,Gene_98
Gene_123,Gene_99
Gene_123,Gene_100
Gene_123,Gene_101
Gene_123,Gene_102
Gene_123,Gene_103
Gene_123,Gene_104
Gene_123,Gene_105
Gene_123,Gene_106
Gene_123,Gene_107
Gene_123,Gene_110
Gene_123,Gene_111
Gene_123,Gene_113
Gene_123,Gene_114
Gene_123,Gene_115
Gene_123,Gene_116
Gene_123,Gene_117
Gene_123,Gene_118
Gene_123,Gene_119
Gene_123,Gene_120
Gene_123,Gene_121
Gene_123,Gene_122
Gene_123,Gene_123
Gene_123,Gene_124
Gene_123,Gene_125
Gene_123,Gene_126
Gene_123,Gene_127
Gene_123,Gene_128
Gene_123,Gene_130
Gene_123,Gene_133
Gene_123,Gene_134
Gene_123,Gene_135
Gene_123,Gene_136
Gene_123,Gene_137
Gene_123,Gene_138
Gene_123,Gene_139
Gene_123,Gene_140
Gene_123,Gene_142
Gene_123,Gene_143
Gene_123,Gene_144
Gene_123,Gene_146
Gene_123,Gene_148
Gene_123,Gene_149
Gene_123,Gene_150
Gene_123,Gene_151
Gene_123,Gene_152
Gene_123,Gene_153
Gene_123,Gene_154
Gene_123,Gene_155
Gene_123,Gene_156
Gene_123,Gene_157
Gene_123,Gene_159
Gene_123,Gene_160
Gene_123,Gene_162
Gene_123,Gene_163
Gene_123,Gene_164
Gene_123,Gene_165
Gene_123,Gene_166
Gene_123,Gene_167
Gene_123,Gene_169
Gene_123,Gene_171
Gene_123,Gene_173
Gene_123,Gene_175
Gene_123,Gene_176
Gene_123,Gene_178
Gene_123,Gene_179
Gene_123,Gene_180
Gene_123,Gene_182
Gene_123,Gene_183
Gene_123,Gene_184
Gene_123,Gene_185
Gene_123,Gene_187
Gene_123,Gene_190
Gene_123,Gene_191
Gene_123,Gene_192
Gene_123,Gene_193
Gene_123,Gene_194
Gene_123,Gene_195
Gene_123,Gene_196
Gene_123,Gene_197
Gene_123,Gene_198
Gene_123,Gene_199
Gene_123,Gene_200
Gene_124,Gene_23
Gene_124,Gene_34
Gene_124,Gene_52
Gene_124,Gene_60
Gene_124,Gene_77
Gene_124,Gene_87
Gene_124,Gene_119
Gene_124,Gene_126
Gene_124,Gene_135
Gene_124,Gene_142
Gene_124,Gene_161
Gene_124,Gene_172
Gene_124,Gene_173
Gene_124,Gene_180
Gene_124,Gene_195
Gene_124,Gene_196
Gene_124,Gene_200
Gene_125,Gene_0
Gene_125,Gene_1
Gene_125,Gene_2
Gene_125,Gene_3
Gene_125,Gene_4
Gene_125,Gene_5
Gene_125,Gene_6
Gene_125,Gene_7
Gene_125,Gene_8
Gene_125,Gene_9
Gene_125,Gene_10
Gene_125,Gene_11
Gene_125,Gene_12
Gene_125,Gene_13
Gene_125,Gene_15
Gene_125,Gene_16
Gene_125,Gene_17
Gene_125,Gene_18
Gene_125,Gene_19
Gene_125,Gene_20
Gene_125,Gene_21
Gene_125,Gene_22
Gene_125,Gene_23
Gene_125,Gene_24
Gene_125,Gene_25
Gene_125,Gene_27
Gene_125,Gene_28
Gene_125,Gene_29
Gene_125,Gene_30
Gene_125,Gene_31
Gene_125,Gene_32
Gene_125,Gene_33
Gene_125,Gene_37
Gene_125,Gene_38
Gene_125,Gene_39
Gene_125,Gene_40
Gene_125,Gene_41
Gene_125,Gene_42
Gene_125,Gene_43
Gene_125,Gene_44
Gene_125,Gene_45
Gene_125,Gene_46
Gene_125,Gene_47
Gene_125,Gene_48
Gene_125,Gene_49
Gene_125,Gene_50
Gene_125,Gene_51
Gene_125,Gene_53
Gene_125,Gene_54
Gene_125,Gene_55
Gene_125,Gene_57
Gene_125,Gene_58
Gene_125,Gene_59
Gene_125,Gene_60
Gene_125,Gene_63
Gene_125,Gene_64
Gene_125,Gene_65
Gene_125,Gene_67
Gene_125,Gene_68
Gene_125,Gene_69
Gene_125,Gene_71
Gene_125,Gene_72
Gene_125,Gene_73
Gene_125,Gene_75
Gene_125,Gene_77
Gene_125,Gene_78
Gene_125,Gene_81
Gene_125,Gene_82
Gene_125,Gene_83
Gene_125,Gene_86
Gene_125,Gene_87
Gene_125,Gene_88
Gene_125,Gene_89
Gene_125,Gene_90
Gene_125,Gene_91
Gene_125,Gene_92
Gene_125,Gene_93
Gene_125,Gene_94
Gene_125,Gene_95
Gene_125,Gene_96
Gene_125,Gene_97
Gene_125,Gene_99
Gene_125,Gene_100
Gene_125,Gene_103
Gene_125,Gene_105
Gene_125,Gene_106
Gene_125,Gene_107
Gene_125,Gene_108
Gene_125,Gene_109
Gene_125,Gene_110
Gene_125,Gene_111
Gene_125,Gene_112
Gene_125,Gene_114
Gene_125,Gene_115
Gene_125,Gene_118
Gene_125,Gene_119
Gene_125,Gene_121
Gene_125,Gene_122
Gene_125,Gene_123
Gene_125,Gene_124
Gene_125,Gene_125
Gene_125,Gene_127
Gene_125,Gene_128
Gene_125,Gene_129
Gene_125,Gene_130
Gene_125,Gene_131
Gene_125,Gene_132
Gene_125,Gene_133
Gene_125,Gene_134
Gene_125,Gene_136
Gene_125,Gene_137
Gene_125,Gene_139
Gene_125,Gene_140
Gene_125,Gene_141
Gene_125,Gene_142
Gene_125,Gene_144
Gene_125,Gene_146
Gene_125,Gene_147
Gene_125,Gene_149
Gene_125,Gene_151
Gene_125,Gene_152
Gene_125,Gene_156
Gene_125,Gene_157
Gene_125,Gene_158
Gene_125,Gene_159
Gene_125,Gene_160
Gene_125,Gene_161
Gene_125,Gene_162
Gene_125,Gene_163
Gene_125,Gene_164
Gene_125,Gene_165
Gene_125,Gene_168
Gene_125,Gene_169
Gene_125,Gene_170
Gene_125,Gene_171
Gene_125,Gene_172
Gene_125,Gene_173
Gene_125,Gene_175
Gene_125,Gene_176
Gene_125,Gene_177
Gene_125,Gene_181
Gene_125,Gene_183
Gene_125,Gene_184
Gene_125,Gene_186
Gene_125,Gene_187
Gene_125,Gene_188
Gene_125,Gene_189
Gene_125,Gene_190
Gene_125,Gene_191
Gene_125,Gene_192
Gene_125,Gene_194
Gene_125,Gene_195
Gene_125,Gene_196
Gene_125,Gene_198
Gene_125,Gene_199
Gene_125,Gene_200
Gene_126,Gene_0
Gene_126,Gene_1
Gene_126,Gene_2
Gene_126,Gene_3
Gene_126,Gene_4
Gene_126,Gene_6
Gene_126,Gene_7
Gene_126,Gene_8
Gene_126,Gene_9
Gene_126,Gene_10
Gene_126,Gene_11
Gene_126,Gene_12
Gene_126,Gene_13
Gene_126,Gene_14
Gene_126,Gene_15
Gene_126,Gene_16
Gene_126,Gene_17
Gene_126,Gene_18
Gene_126,Gene_19
Gene_126,Gene_20
Gene_126,Gene_21
Gene_126,Gene_22
Gene_126,Gene_23
Gene_126,Gene_24
Gene_126,Gene_25
Gene_126,Gene_26
Gene_126,Gene_27
Gene_126,Gene_28
Gene_126,Gene_29
Gene_126,Gene_30
Gene_126,Gene_32
Gene_126,Gene_33
Gene_126,Gene_34
Gene_126,Gene_35
Gene_126,Gene_36
Gene_126,Gene_40
Gene_126,Gene_42
Gene_126,Gene_43
Gene_126,Gene_44
Gene_126,Gene_45
Gene_126,Gene_46
Gene_126,Gene_47
Gene_126,Gene_49
Gene_126,Gene_50
Gene_126,Gene_51
Gene_126,Gene_53
Gene_126,Gene_54
Gene_126,Gene_56
Gene_126,Gene_57
Gene_126,Gene_58
Gene_126,Gene_59
Gene_126,Gene_60
Gene_126,Gene_61
Gene_126,Gene_62
Gene_126,Gene_64
Gene_126,Gene_65
Gene_126,Gene_66
Gene_126,Gene_67
Gene_126,Gene_68
Gene_126,Gene_69
Gene_126,Gene_71
Gene_126,Gene_72
Gene_126,Gene_73
Gene_126,Gene_74
Gene_126,Gene_76
Gene_126,Gene_77
Gene_126,Gene_78
Gene_126,Gene_79
Gene_126,Gene_81
Gene_126,Gene_82
Gene_126,Gene_83
Gene_126,Gene_84
Gene_126,Gene_85
Gene_126,Gene_86
Gene_126,Gene_88
Gene_126,Gene_89
Gene_126,Gene_90
Gene_126,Gene_91
Gene_126,Gene_92
Gene_126,Gene_93
Gene_126,Gene_94
Gene_126,Gene_95
Gene_126,Gene_96
Gene_126,Gene_97
Gene_126,Gene_98
Gene_126,Gene_100
Gene_126,Gene_101
Gene_126,Gene_102
Gene_126,Gene_103
Gene_126,Gene_104
Gene_126,Gene_105
Gene_126,Gene_106
Gene_126,Gene_107
Gene_126,Gene_108
Gene_126,Gene_110
Gene_126,Gene_112
Gene_126,Gene_113
Gene_126,Gene_114
Gene_126,Gene_115
Gene_126,Gene_117
Gene_126,Gene_119
Gene_126,Gene_120
Gene_126,Gene_121
Gene_126,Gene_123
Gene_126,Gene_124
Gene_126,Gene_125
Gene_126,Gene_126
Gene_126,Gene_127
Gene_126,Gene_129
Gene_126,Gene_130
Gene_126,Gene_131
Gene_126,Gene_132
Gene_126,Gene_134
Gene_126,Gene_135
Gene_126,Gene_136
Gene_126,Gene_140
Gene_126,Gene_141
Gene_126,Gene_142
Gene_126,Gene_143
Gene_126,Gene_145
Gene_126,Gene_146
Gene_126,Gene_148
Gene_126,Gene_149
Gene_126,Gene_150
Gene_126,Gene_151
Gene_126,Gene_153
Gene_126,Gene_154
Gene_126,Gene_155
Gene_126,Gene_156
Gene_126,Gene_157
Gene_126,Gene_158
Gene_126,Gene_159
Gene_126,Gene_160
Gene_126,Gene_161
Gene_126,Gene_162
Gene_126,Gene_163
Gene_126,Gene_164
Gene_126,Gene_165
Gene_126,Gene_166
Gene_126,Gene_168
Gene_126,Gene_169
Gene_126,Gene_170
Gene_126,Gene_171
Gene_126,Gene_172
Gene_126,Gene_173
Gene_126,Gene_174
Gene_126,Gene_176
Gene_126,Gene_178
Gene_126,Gene_179
Gene_126,Gene_180
Gene_126,Gene_181
Gene_126,Gene_182
Gene_126,Gene_184
Gene_126,Gene_185
Gene_126,Gene_186
Gene_126,Gene_188
Gene_126,Gene_189
Gene_126,Gene_191
Gene_126,Gene_193
Gene_126,Gene_194
Gene_126,Gene_195
Gene_126,Gene_196
Gene_126,Gene_197
Gene_126,Gene_198
Gene_126,Gene_200
Gene_127,Gene_0
Gene_127,Gene_1
Gene_127,Gene_2
Gene_127,Gene_4
Gene_127,Gene_7
Gene_127,Gene_8
Gene_127,Gene_9
Gene_127,Gene_10
Gene_127,Gene_11
Gene_127,Gene_13
Gene_127,Gene_15
Gene_127,Gene_16
Gene_127,Gene_17
Gene_127,Gene_18
Gene_127,Gene_19
Gene_127,Gene_21
Gene_127,Gene_22
Gene_127,Gene_24
Gene_127,Gene_25
Gene_127,Gene_26
Gene_127,Gene_27
Gene_127,Gene_28
Gene_127,Gene_29
Gene_127,Gene_30
Gene_127,Gene_31
Gene_127,Gene_32
Gene_127,Gene_33
Gene_127,Gene_34
Gene_127,Gene_35
Gene_127,Gene_37
Gene_127,Gene_39
Gene_127,Gene_40
Gene_127,Gene_41
Gene_127,Gene_42
Gene_127,Gene_43
Gene_127,Gene_44
Gene_127,Gene_45
Gene_127,Gene_46
Gene_127,Gene_48
Gene_127,Gene_49
Gene_127,Gene_50
Gene_127,Gene_51
Gene_127,Gene_52
Gene_127,Gene_53
Gene_127,Gene_55
Gene_127,Gene_56
Gene_127,Gene_57
Gene_127,Gene_58
Gene_127,Gene_59
Gene_127,Gene_61
Gene_127,Gene_62
Gene_127,Gene_64
Gene_127,Gene_65
Gene_127,Gene_66
Gene_127,Gene_67
Gene_127,Gene_68
Gene_127,Gene_69
Gene_127,Gene_70
Gene_127,Gene_71
Gene_127,Gene_72
Gene_127,Gene_73
Gene_127,Gene_74
Gene_127,Gene_75
Gene_127,Gene_76
Gene_127,Gene_78
Gene_127,Gene_79
Gene_127,Gene_81
Gene_127,Gene_82
Gene_127,Gene_83
Gene_127,Gene_84
Gene_127,Gene_85
Gene_127,Gene_87
Gene_127,Gene_90
Gene_127,Gene_91
Gene_127,Gene_92
Gene_127,Gene_93
Gene_127,Gene_95
Gene_127,Gene_97
Gene_127,Gene_98
Gene_127,Gene_99
Gene_127,Gene_100
Gene_127,Gene_101
Gene_127,Gene_103
Gene_127,Gene_104
Gene_127,Gene_105
Gene_127,Gene_106
Gene_127,Gene_108
Gene_127,Gene_109
Gene_127,Gene_110
Gene_127,Gene_112
Gene_127,Gene_113
Gene_127,Gene_114
Gene_127,Gene_115
Gene_127,Gene_116
Gene_127,Gene_118
Gene_127,Gene_119
Gene_127,Gene_120
Gene_127,Gene_121
Gene_127,Gene_122
Gene_127,Gene_123
Gene_127,Gene_124
Gene_127,Gene_125
Gene_127,Gene_126
Gene_127,Gene_127
Gene_127,Gene_128
Gene_127,Gene_129
Gene_127,Gene_130
Gene_127,Gene_131
Gene_127,Gene_133
Gene_127,Gene_134
Gene_127,Gene_136
Gene_127,Gene_137
Gene_127,Gene_138
Gene_127,Gene_139
Gene_127,Gene_141
Gene_127,Gene_142
Gene_127,Gene_143
Gene_127,Gene_144
Gene_127,Gene_145
Gene_127,Gene_146
Gene_127,Gene_148
Gene_127,Gene_149
Gene_127,Gene_150
Gene_127,Gene_151
Gene_127,Gene_152
Gene_127,Gene_153
Gene_127,Gene_154
Gene_127,Gene_155
Gene_127,Gene_156
Gene_127,Gene_157
Gene_127,Gene_158
Gene_127,Gene_159
Gene_127,Gene_160
Gene_127,Gene_161
Gene_127,Gene_166
Gene_127,Gene_167
Gene_127,Gene_168
Gene_127,Gene_169
Gene_127,Gene_170
Gene_127,Gene_171
Gene_127,Gene_172
Gene_127,Gene_173
Gene_127,Gene_175
Gene_127,Gene_176
Gene_127,Gene_177
Gene_127,Gene_178
Gene_127,Gene_179
Gene_127,Gene_180
Gene_127,Gene_181
Gene_127,Gene_182
Gene_127,Gene_183
Gene_127,Gene_184
Gene_127,Gene_185
Gene_127,Gene_186
Gene_127,Gene_187
Gene_127,Gene_188
Gene_127,Gene_190
Gene_127,Gene_191
Gene_127,Gene_192
Gene_127,Gene_193
Gene_127,Gene_194
Gene_127,Gene_195
Gene_127,Gene_196
Gene_127,Gene_197
Gene_127,Gene_198
Gene_127,Gene_199
Gene_127,Gene_200
Gene_128,Gene_3
Gene_128,Gene_23
Gene_128,Gene_34
Gene_128,Gene_36
Gene_128,Gene_49
Gene_128,Gene_51
Gene_128,Gene_81
Gene_128,Gene_103
Gene_128,Gene_112
Gene_128,Gene_113
Gene_128,Gene_114
Gene_128,Gene_118
Gene_128,Gene_124
Gene_128,Gene_161
Gene_128,Gene_164
Gene_128,Gene_169
Gene_128,Gene_175
Gene_128,Gene_181
Gene_128,Gene_198
Gene_128,Gene_200
Gene_129,Gene_1
Gene_129,Gene_2
Gene_129,Gene_3
Gene_129,Gene_4
Gene_129,Gene_5
Gene_129,Gene_6
Gene_129,Gene_7
Gene_129,Gene_8
Gene_129,Gene_9
Gene_129,Gene_10
Gene_129,Gene_11
Gene_129,Gene_12
Gene_129,Gene_13
Gene_129,Gene_14
Gene_129,Gene_15
Gene_129,Gene_19
Gene_129,Gene_20
Gene_129,Gene_22
Gene_129,Gene_23
Gene_129,Gene_24
Gene_129,Gene_25
Gene_129,Gene_26
Gene_129,Gene_29
Gene_129,Gene_30
Gene_129,Gene_31
Gene_129,Gene_32
Gene_129,Gene_33
Gene_129,Gene_34
Gene_129,Gene_35
Gene_129,Gene_36
Gene_129,Gene_38
Gene_129,Gene_39
Gene_129,Gene_41
Gene_129,Gene_42
Gene_129,Gene_43
Gene_129,Gene_44
Gene_129,Gene_45
Gene_129,Gene_46
Gene_129,Gene_49
Gene_129,Gene_51
Gene_129,Gene_52
Gene_129,Gene_53
Gene_129,Gene_54
Gene_129,Gene_56
Gene_129,Gene_57
Gene_129,Gene_58
Gene_129,Gene_59
Gene_129,Gene_60
Gene_129,Gene_61
Gene_129,Gene_62
Gene_129,Gene_63
Gene_129,Gene_64
Gene_129,Gene_66
Gene_129,Gene_67
Gene_129,Gene_68
Gene_129,Gene_69
Gene_129,Gene_71
Gene_129,Gene_72
Gene_129,Gene_74
Gene_129,Gene_75
Gene_129,Gene_76
Gene_129,Gene_77
Gene_129,Gene_78
Gene_129,Gene_79
Gene_129,Gene_81
Gene_129,Gene_83
Gene_129,Gene_84
Gene_129,Gene_85
Gene_129,Gene_86
Gene_129,Gene_87
Gene_129,Gene_89
Gene_129,Gene_90
Gene_129,Gene_91
Gene_129,Gene_92
Gene_129,Gene_93
Gene_129,Gene_94
Gene_129,Gene_96
Gene_129,Gene_97
Gene_129,Gene_98
Gene_129,Gene_99
Gene_129,Gene_100
Gene_129,Gene_103
Gene_129,Gene_104
Gene_129,Gene_105
Gene_129,Gene_106
Gene_129,Gene_108
Gene_129,Gene_109
Gene_129,Gene_110
Gene_129,Gene_111
Gene_129,Gene_112
Gene_129,Gene_113
Gene_129,Gene_114
Gene_129,Gene_116
Gene_129,Gene_117
Gene_129,Gene_118
Gene_129,Gene_119
Gene_129,Gene_120
Gene_129,Gene_121
Gene_129,Gene_122
Gene_129,Gene_123
Gene_129,Gene_124
Gene_129,Gene_125
Gene_129,Gene_126
Gene_129,Gene_127
Gene_129,Gene_128
Gene_129,Gene_130
Gene_129,Gene_132
Gene_129,Gene_133
Gene_129,Gene_134
Gene_129,Gene_136
Gene_129,Gene_138
Gene_129,Gene_139
Gene_129,Gene_140
Gene_129,Gene_141
Gene_129,Gene_142
Gene_129,Gene_144
Gene_129,Gene_146
Gene_129,Gene_147
Gene_129,Gene_148
Gene_129,Gene_149
Gene_129,Gene_150
Gene_129,Gene_151
Gene_129,Gene_154
Gene_129,Gene_156
Gene_129,Gene_158
Gene_129,Gene_162
Gene_129,Gene_163
Gene_129,Gene_164
Gene_129,Gene_165
Gene_129,Gene_166
Gene_129,Gene_167
Gene_129,Gene_168
Gene_129,Gene_169
Gene_129,Gene_170
Gene_129,Gene_171
Gene_129,Gene_172
Gene_129,Gene_173
Gene_129,Gene_174
Gene_129,Gene_177
Gene_129,Gene_179
Gene_129,Gene_180
Gene_129,Gene_181
Gene_129,Gene_182
Gene_129,Gene_183
Gene_129,Gene_184
Gene_129,Gene_185
Gene_129,Gene_186
Gene_129,Gene_187
Gene_129,Gene_188
Gene_129,Gene_189
Gene_129,Gene_190
Gene_129,Gene_191
Gene_129,Gene_192
Gene_129,Gene_193
Gene_129,Gene_194
Gene_129,Gene_199
Gene_129,Gene_200
Gene_130,Gene_0
Gene_130,Gene_1
Gene_130,Gene_2
Gene_130,Gene_3
Gene_130,Gene_4
Gene_130,Gene_5
Gene_130,Gene_6
Gene_130,Gene_7
Gene_130,Gene_8
Gene_130,Gene_9
Gene_130,Gene_10
Gene_130,Gene_11
Gene_130,Gene_12
Gene_130,Gene_13
Gene_130,Gene_14
Gene_130,Gene_17
Gene_130,Gene_18
Gene_130,Gene_20
Gene_130,Gene_21
Gene_130,Gene_22
Gene_130,Gene_23
Gene_130,Gene_24
Gene_130,Gene_25
Gene_130,Gene_31
Gene_130,Gene_32
Gene_130,Gene_34
Gene_130,Gene_35
Gene_130,Gene_36
Gene_130,Gene_37
Gene_130,Gene_38
Gene_130,Gene_39
Gene_130,Gene_40
Gene_130,Gene_42
Gene_130,Gene_43
Gene_130,Gene_45
Gene_130,Gene_46
Gene_130,Gene_47
Gene_130,Gene_49
Gene_130,Gene_50
Gene_130,Gene_52
Gene_130,Gene_53
Gene_130,Gene_54
Gene_130,Gene_55
Gene_130,Gene_56
Gene_130,Gene_57
Gene_130,Gene_61
Gene_130,Gene_62
Gene_130,Gene_63
Gene_130,Gene_64
Gene_130,Gene_65
Gene_130,Gene_66
Gene_130,Gene_67
Gene_130,Gene_68
Gene_130,Gene_69
Gene_130,Gene_70
Gene_130,Gene_71
Gene_130,Gene_74
Gene_130,Gene_75
Gene_130,Gene_76
Gene_130,Gene_77
Gene_130,Gene_78
Gene_130,Gene_80
Gene_130,Gene_82
Gene_130,Gene_83
Gene_130,Gene_84
Gene_130,Gene_85
Gene_130,Gene_87
Gene_130,Gene_89
Gene_130,Gene_90
Gene_130,Gene_91
Gene_130,Gene_92
Gene_130,Gene_93
Gene_130,Gene_95
Gene_130,Gene_96
Gene_130,Gene_97
Gene_130,Gene_98
Gene_130,Gene_101
Gene_130,Gene_102
Gene_130,Gene_103
Gene_130,Gene_105
Gene_130,Gene_106
Gene_130,Gene_108
Gene_130,Gene_109
Gene_130,Gene_110
Gene_130,Gene_111
Gene_130,Gene_112
Gene_130,Gene_113
Gene_130,Gene_115
Gene_130,Gene_116
Gene_130,Gene_118
Gene_130,Gene_119
Gene_130,Gene_120
Gene_130,Gene_122
Gene_130,Gene_123
Gene_130,Gene_124
Gene_130,Gene_125
Gene_130,Gene_126
Gene_130,Gene_128
Gene_130,Gene_129
Gene_130,Gene_130
Gene_130,Gene_131
Gene_130,Gene_132
Gene_130,Gene_133
Gene_130,Gene_134
Gene_130,Gene_135
Gene_130,Gene_136
Gene_130,Gene_137
Gene_130,Gene_138
Gene_130,Gene_139
Gene_130,Gene_140
Gene_130,Gene_141
Gene_130,Gene_142
Gene_130,Gene_143
Gene_130,Gene_144
Gene_130,Gene_146
Gene_130,Gene_147
Gene_130,Gene_149
Gene_130,Gene_150
Gene_130,Gene_152
Gene_130,Gene_153
Gene_130,Gene_154
Gene_130,Gene_155
Gene_130,Gene_157
Gene_130,Gene_159
Gene_130,Gene_160
Gene_130,Gene_161
Gene_130,Gene_162
Gene_130,Gene_163
Gene_130,Gene_164
Gene_130,Gene_165
Gene_130,Gene_166
Gene_130,Gene_167
Gene_130,Gene_168
Gene_130,Gene_169
Gene_130,Gene_171
Gene_130,Gene_172
Gene_130,Gene_173
Gene_130,Gene_176
Gene_130,Gene_177
Gene_130,Gene_178
Gene_130,Gene_180
Gene_130,Gene_181
Gene_130,Gene_182
Gene_130,Gene_183
Gene_130,Gene_184
Gene_130,Gene_185
Gene_130,Gene_186
Gene_130,Gene_187
Gene_130,Gene_190
Gene_130,Gene_191
Gene_130,Gene_192
Gene_130,Gene_193
Gene_130,Gene_199
Gene_131,Gene_0
Gene_131,Gene_1
Gene_131,Gene_2
Gene_131,Gene_3
Gene_131,Gene_4
Gene_131,Gene_5
Gene_131,Gene_7
Gene_131,Gene_8
Gene_131,Gene_9
Gene_131,Gene_10
Gene_131,Gene_13
Gene_131,Gene_14
Gene_131,Gene_15
Gene_131,Gene_16
Gene_131,Gene_18
Gene_131,Gene_20
Gene_131,Gene_21
Gene_131,Gene_22
Gene_131,Gene_23
Gene_131,Gene_24
Gene_131,Gene_25
Gene_131,Gene_26
Gene_131,Gene_29
Gene_131,Gene_31
Gene_131,Gene_32
Gene_131,Gene_33
Gene_131,Gene_35
Gene_131,Gene_36
Gene_131,Gene_37
Gene_131,Gene_38
Gene_131,Gene_39
Gene_131,Gene_40
Gene_131,Gene_41
Gene_131,Gene_42
Gene_131,Gene_43
Gene_131,Gene_46
Gene_131,Gene_47
Gene_131,Gene_48
Gene_131,Gene_51
Gene_131,Gene_53
Gene_131,Gene_54
Gene_131,Gene_55
Gene_131,Gene_57
Gene_131,Gene_59
Gene_131,Gene_60
Gene_131,Gene_61
Gene_131,Gene_62
Gene_131,Gene_63
Gene_131,Gene_64
Gene_131,Gene_65
Gene_131,Gene_66
Gene_131,Gene_68
Gene_131,Gene_71
Gene_131,Gene_72
Gene_131,Gene_73
Gene_131,Gene_74
Gene_131,Gene_76
Gene_131,Gene_77
Gene_131,Gene_78
Gene_131,Gene_79
Gene_131,Gene_80
Gene_131,Gene_81
Gene_131,Gene_82
Gene_131,Gene_83
Gene_131,Gene_84
Gene_131,Gene_85
Gene_131,Gene_86
Gene_131,Gene_87
Gene_131,Gene_88
Gene_131,Gene_89
Gene_131,Gene_91
Gene_131,Gene_92
Gene_131,Gene_93
Gene_131,Gene_94
Gene_131,Gene_96
Gene_131,Gene_98
Gene_131,Gene_99
Gene_131,Gene_100
Gene_131,Gene_101
Gene_131,Gene_106
Gene_131,Gene_107
Gene_131,Gene_109
Gene_131,Gene_110
Gene_131,Gene_111
Gene_131,Gene_112
Gene_131,Gene_113
Gene_131,Gene_114
Gene_131,Gene_115
Gene_131,Gene_116
Gene_131,Gene_117
Gene_131,Gene_118
Gene_131,Gene_119
Gene_131,Gene_120
Gene_131,Gene_121
Gene_131,Gene_122
Gene_131,Gene_124
Gene_131,Gene_125
Gene_131,Gene_128
Gene_131,Gene_129
Gene_131,Gene_130
Gene_131,Gene_131
Gene_131,Gene_132
Gene_131,Gene_134
Gene_131,Gene_135
Gene_131,Gene_137
Gene_131,Gene_139
Gene_131,Gene_140
Gene_131,Gene_141
Gene_131,Gene_142
Gene_131,Gene_144
Gene_131,Gene_145
Gene_131,Gene_146
Gene_131,Gene_147
Gene_131,Gene_148
Gene_131,Gene_149
Gene_131,Gene_150
Gene_131,Gene_151
Gene_131,Gene_152
Gene_131,Gene_155
Gene_131,Gene_156
Gene_131,Gene_158
Gene_131,Gene_159
Gene_131,Gene_160
Gene_131,Gene_162
Gene_131,Gene_163
Gene_131,Gene_165
Gene_131,Gene_166
Gene_131,Gene_167
Gene_131,Gene_169
Gene_131,Gene_170
Gene_131,Gene_171
Gene_131,Gene_172
Gene_131,Gene_173
Gene_131,Gene_174
Gene_131,Gene_175
Gene_131,Gene_176
Gene_131,Gene_177
Gene_131,Gene_178
Gene_131,Gene_179
Gene_131,Gene_180
Gene_131,Gene_181
Gene_131,Gene_182
Gene_131,Gene_183
Gene_131,Gene_184
Gene_131,Gene_185
Gene_131,Gene_186
Gene_131,Gene_187
Gene_131,Gene_188
Gene_131,Gene_189
Gene_131,Gene_190
Gene_131,Gene_192
Gene_131,Gene_194
Gene_131,Gene_195
Gene_131,Gene_196
Gene_131,Gene_197
Gene_131,Gene_198
Gene_131,Gene_200
Gene_132,Gene_0
Gene_132,Gene_1
Gene_132,Gene_2
Gene_132,Gene_4
Gene_132,Gene_5
Gene_132,Gene_6
Gene_132,Gene_7
Gene_132,Gene_8
Gene_132,Gene_10
Gene_132,Gene_11
Gene_132,Gene_13
Gene_132,Gene_14
Gene_132,Gene_15
Gene_132,Gene_16
Gene_132,Gene_17
Gene_132,Gene_18
Gene_132,Gene_19
Gene_132,Gene_20
Gene_132,Gene_21
Gene_132,Gene_22
Gene_132,Gene_23
Gene_132,Gene_24
Gene_132,Gene_25
Gene_132,Gene_26
Gene_132,Gene_27
Gene_132,Gene_28
Gene_132,Gene_29
Gene_132,Gene_30
Gene_132,Gene_31
Gene_132,Gene_33
Gene_132,Gene_34
Gene_132,Gene_35
Gene_132,Gene_36
Gene_132,Gene_37
Gene_132,Gene_38
Gene_132,Gene_40
Gene_132,Gene_41
Gene_132,Gene_42
Gene_132,Gene_43
Gene_132,Gene_45
Gene_132,Gene_46
Gene_132,Gene_47
Gene_132,Gene_48
Gene_132,Gene_49
Gene_132,Gene_50
Gene_132,Gene_51
Gene_132,Gene_52
Gene_132,Gene_53
Gene_132,Gene_54
Gene_132,Gene_56
Gene_132,Gene_57
Gene_132,Gene_61
Gene_132,Gene_62
Gene_132,Gene_63
Gene_132,Gene_66
Gene_132,Gene_67
Gene_132,Gene_69
Gene_132,Gene_70
Gene_132,Gene_71
Gene_132,Gene_72
Gene_132,Gene_74
Gene_132,Gene_75
Gene_132,Gene_77
Gene_132,Gene_78
Gene_132,Gene_79
Gene_132,Gene_80
Gene_132,Gene_81
Gene_132,Gene_82
Gene_132,Gene_83
Gene_132,Gene_84
Gene_132,Gene_85
Gene_132,Gene_86
Gene_132,Gene_87
Gene_132,Gene_88
Gene_132,Gene_89
Gene_132,Gene_90
Gene_132,Gene_91
Gene_132,Gene_92
Gene_132,Gene_93
Gene_132,Gene_95
Gene_132,Gene_96
Gene_132,Gene_97
Gene_132,Gene_98
Gene_132,Gene_100
Gene_132,Gene_101
Gene_132,Gene_102
Gene_132,Gene_103
Gene_132,Gene_104
Gene_132,Gene_105
Gene_132,Gene_106
Gene_132,Gene_107
Gene_132,Gene_108
Gene_132,Gene_110
Gene_132,Gene_111
Gene_132,Gene_112
Gene_132,Gene_114
Gene_132,Gene_115
Gene_132,Gene_116
Gene_132,Gene_117
Gene_132,Gene_118
Gene_132,Gene_119
Gene_132,Gene_121
Gene_132,Gene_122
Gene_132,Gene_124
Gene_132,Gene_127
Gene_132,Gene_128
Gene_132,Gene_130
Gene_132,Gene_131
Gene_132,Gene_132
Gene_132,Gene_134
Gene_132,Gene_135
Gene_132,Gene_136
Gene_132,Gene_137
Gene_132,Gene_138
Gene_132,Gene_139
Gene_132,Gene_141
Gene_132,Gene_142
Gene_132,Gene_143
Gene_132,Gene_144
Gene_132,Gene_145
Gene_132,Gene_146
Gene_132,Gene_147
Gene_132,Gene_148
Gene_132,Gene_149
Gene_132,Gene_150
Gene_132,Gene_151
Gene_132,Gene_152
Gene_132,Gene_153
Gene_132,Gene_155
Gene_132,Gene_158
Gene_132,Gene_159
Gene_132,Gene_160
Gene_132,Gene_161
Gene_132,Gene_162
Gene_132,Gene_163
Gene_132,Gene_164
Gene_132,Gene_165
Gene_132,Gene_166
Gene_132,Gene_167
Gene_132,Gene_168
Gene_132,Gene_170
Gene_132,Gene_172
Gene_132,Gene_173
Gene_132,Gene_176
Gene_132,Gene_178
Gene_132,Gene_179
Gene_132,Gene_180
Gene_132,Gene_181
Gene_132,Gene_182
Gene_132,Gene_183
Gene_132,Gene_184
Gene_132,Gene_185
Gene_132,Gene_187
Gene_132,Gene_189
Gene_132,Gene_190
Gene_132,Gene_191
Gene_132,Gene_192
Gene_132,Gene_193
Gene_132,Gene_194
Gene_132,Gene_195
Gene_132,Gene_196
Gene_132,Gene_197
Gene_132,Gene_199
Gene_132,Gene_200
Gene_133,Gene_1
Gene_133,Gene_2
Gene_133,Gene_3
Gene_133,Gene_4
Gene_133,Gene_5
Gene_133,Gene_6
Gene_133,Gene_8
Gene_133,Gene_9
Gene_133,Gene_11
Gene_133,Gene_12
Gene_133,Gene_14
Gene_133,Gene_15
Gene_133,Gene_16
Gene_133,Gene_17
Gene_133,Gene_18
Gene_133,Gene_20
Gene_133,Gene_21
Gene_133,Gene_24
Gene_133,Gene_25
Gene_133,Gene_26
Gene_133,Gene_27
Gene_133,Gene_29
Gene_133,Gene_31
Gene_133,Gene_33
Gene_133,Gene_34
Gene_133,Gene_36
Gene_133,Gene_37
Gene_133,Gene_38
Gene_133,Gene_40
Gene_133,Gene_41
Gene_133,Gene_44
Gene_133,Gene_45
Gene_133,Gene_46
Gene_133,Gene_47
Gene_133,Gene_49
Gene_133,Gene_51
Gene_133,Gene_52
Gene_133,Gene_53
Gene_133,Gene_54
Gene_133,Gene_55
Gene_133,Gene_56
Gene_133,Gene_58
Gene_133,Gene_60
Gene_133,Gene_62
Gene_133,Gene_63
Gene_133,Gene_64
Gene_133,Gene_65
Gene_133,Gene_66
Gene_133,Gene_67
Gene_133,Gene_68
Gene_133,Gene_69
Gene_133,Gene_70
Gene_133,Gene_74
Gene_133,Gene_75
Gene_133,Gene_76
Gene_133,Gene_77
Gene_133,Gene_78
Gene_133,Gene_79
Gene_133,Gene_80
Gene_133,Gene_82
Gene_133,Gene_83
Gene_133,Gene_85
Gene_133,Gene_87
Gene_133,Gene_88
Gene_133,Gene_89
Gene_133,Gene_90
Gene_133,Gene_91
Gene_133,Gene_92
Gene_133,Gene_93
Gene_133,Gene_95
Gene_133,Gene_96
Gene_133,Gene_97
Gene_133,Gene_98
Gene_133,Gene_99
Gene_133,Gene_102
Gene_133,Gene_103
Gene_133,Gene_104
Gene_133,Gene_106
Gene_133,Gene_107
Gene_133,Gene_108
Gene_133,Gene_109
Gene_133,Gene_110
Gene_133,Gene_111
Gene_133,Gene_113
Gene_133,Gene_114
Gene_133,Gene_116
Gene_133,Gene_117
Gene_133,Gene_118
Gene_133,Gene_119
Gene_133,Gene_120
Gene_133,Gene_121
Gene_133,Gene_122
Gene_133,Gene_123
Gene_133,Gene_124
Gene_133,Gene_125
Gene_133,Gene_126
Gene_133,Gene_129
Gene_133,Gene_130
Gene_133,Gene_131
Gene_133,Gene_132
Gene_133,Gene_133
Gene_133,Gene_134
Gene_133,Gene_135
Gene_133,Gene_136
Gene_133,Gene_137
Gene_133,Gene_138
Gene_133,Gene_139
Gene_133,Gene_140
Gene_133,Gene_141
Gene_133,Gene_142
Gene_133,Gene_144
Gene_133,Gene_145
Gene_133,Gene_146
Gene_133,Gene_148
Gene_133,Gene_149
Gene_133,Gene_150
Gene_133,Gene_151
Gene_133,Gene_153
Gene_133,Gene_154
Gene_133,Gene_155
Gene_133,Gene_156
Gene_133,Gene_157
Gene_133,Gene_158
Gene_133,Gene_159
Gene_133,Gene_160
Gene_133,Gene_161
Gene_133,Gene_162
Gene_133,Gene_164
Gene_133,Gene_165
Gene_133,Gene_166
Gene_133,Gene_167
Gene_133,Gene_168
Gene_133,Gene_169
Gene_133,Gene_170
Gene_133,Gene_171
Gene_133,Gene_173
Gene_133,Gene_174
Gene_133,Gene_175
Gene_133,Gene_176
Gene_133,Gene_177
Gene_133,Gene_178
Gene_133,Gene_179
Gene_133,Gene_182
Gene_133,Gene_183
Gene_133,Gene_184
Gene_133,Gene_185
Gene_133,Gene_186
Gene_133,Gene_188
Gene_133,Gene_189
Gene_133,Gene_190
Gene_133,Gene_191
Gene_133,Gene_192
Gene_133,Gene_193
Gene_133,Gene_194
Gene_133,Gene_195
Gene_133,Gene_196
Gene_133,Gene_197
Gene_133,Gene_198
Gene_133,Gene_199
Gene_133,Gene_200
Gene_134,Gene_1
Gene_134,Gene_2
Gene_134,Gene_5
Gene_134,Gene_7
Gene_134,Gene_8
Gene_134,Gene_9
Gene_134,Gene_10
Gene_134,Gene_12
Gene_134,Gene_14
Gene_134,Gene_16
Gene_134,Gene_17
Gene_134,Gene_19
Gene_134,Gene_20
Gene_134,Gene_21
Gene_134,Gene_22
Gene_134,Gene_23
Gene_134,Gene_24
Gene_134,Gene_25
Gene_134,Gene_26
Gene_134,Gene_27
Gene_134,Gene_28
Gene_134,Gene_30
Gene_134,Gene_31
Gene_134,Gene_34
Gene_134,Gene_35
Gene_134,Gene_36
Gene_134,Gene_38
Gene_134,Gene_39
Gene_134,Gene_40
Gene_134,Gene_41
Gene_134,Gene_42
Gene_134,Gene_43
Gene_134,Gene_44
Gene_134,Gene_45
Gene_134,Gene_46
Gene_134,Gene_47
Gene_134,Gene_48
Gene_134,Gene_50
Gene_134,Gene_51
Gene_134,Gene_52
Gene_134,Gene_53
Gene_134,Gene_54
Gene_134,Gene_56
Gene_134,Gene_57
Gene_134,Gene_59
Gene_134,Gene_61
Gene_134,Gene_62
Gene_134,Gene_63
Gene_134,Gene_65
Gene_134,Gene_66
Gene_134,Gene_67
Gene_134,Gene_68
Gene_134,Gene_69
Gene_134,Gene_71
Gene_134,Gene_72
Gene_134,Gene_74
Gene_134,Gene_75
Gene_134,Gene_76
Gene_134,Gene_77
Gene_134,Gene_78
Gene_134,Gene_79
Gene_134,Gene_80
Gene_134,Gene_81
Gene_134,Gene_84
Gene_134,Gene_85
Gene_134,Gene_86
Gene_134,Gene_88
Gene_134,Gene_89
Gene_134,Gene_90
Gene_134,Gene_92
Gene_134,Gene_93
Gene_134,Gene_94
Gene_134,Gene_95
Gene_134,Gene_96
Gene_134,Gene_97
Gene_134,Gene_100
Gene_134,Gene_101
Gene_134,Gene_102
Gene_134,Gene_103
Gene_134,Gene_104
Gene_134,Gene_105
Gene_134,Gene_107
Gene_134,Gene_108
Gene_134,Gene_109
Gene_134,Gene_112
Gene_134,Gene_113
Gene_134,Gene_114
Gene_134,Gene_117
Gene_134,Gene_118
Gene_134,Gene_119
Gene_134,Gene_120
Gene_134,Gene_121
Gene_134,Gene_122
Gene_134,Gene_123
Gene_134,Gene_124
Gene_134,Gene_125
Gene_134,Gene_126
Gene_134,Gene_127
Gene_134,Gene_128
Gene_134,Gene_129
Gene_134,Gene_130
Gene_134,Gene_131
Gene_134,Gene_133
Gene_134,Gene_134
Gene_134,Gene_135
Gene_134,Gene_136
Gene_134,Gene_137
Gene_134,Gene_139
Gene_134,Gene_140
Gene_134,Gene_141
Gene_134,Gene_142
Gene_134,Gene_143
Gene_134,Gene_146
Gene_134,Gene_148
Gene_134,Gene_150
Gene_134,Gene_151
Gene_134,Gene_152
Gene_134,Gene_153
Gene_134,Gene_155
Gene_134,Gene_156
Gene_134,Gene_157
Gene_134,Gene_158
Gene_134,Gene_159
Gene_134,Gene_160
Gene_134,Gene_162
Gene_134,Gene_163
Gene_134,Gene_164
Gene_134,Gene_165
Gene_134,Gene_167
Gene_134,Gene_168
Gene_134,Gene_169
Gene_134,Gene_170
Gene_134,Gene_171
Gene_134,Gene_172
Gene_134,Gene_173
Gene_134,Gene_174
Gene_134,Gene_175
Gene_134,Gene_176
Gene_134,Gene_178
Gene_134,Gene_179
Gene_134,Gene_180
Gene_134,Gene_181
Gene_134,Gene_183
Gene_134,Gene_184
Gene_134,Gene_185
Gene_134,Gene_187
Gene_134,Gene_188
Gene_134,Gene_189
Gene_134,Gene_190
Gene_134,Gene_191
Gene_134,Gene_192
Gene_134,Gene_193
Gene_134,Gene_194
Gene_134,Gene_195
Gene_134,Gene_196
Gene_134,Gene_197
Gene_134,Gene_198
Gene_134,Gene_199
Gene_134,Gene_200
Gene_135,Gene_0
Gene_135,Gene_2
Gene_135,Gene_3
Gene_135,Gene_4
Gene_135,Gene_5
Gene_135,Gene_6
Gene_135,Gene_9
Gene_135,Gene_11
Gene_135,Gene_12
Gene_135,Gene_13
Gene_135,Gene_14
Gene_135,Gene_15
Gene_135,Gene_18
Gene_135,Gene_20
Gene_135,Gene_22
Gene_135,Gene_23
Gene_135,Gene_24
Gene_135,Gene_25
Gene_135,Gene_26
Gene_135,Gene_27
Gene_135,Gene_28
Gene_135,Gene_29
Gene_135,Gene_31
Gene_135,Gene_32
Gene_135,Gene_33
Gene_135,Gene_34
Gene_135,Gene_35
Gene_135,Gene_36
Gene_135,Gene_37
Gene_135,Gene_38
Gene_135,Gene_39
Gene_135,Gene_42
Gene_135,Gene_43
Gene_135,Gene_44
Gene_135,Gene_45
Gene_135,Gene_46
Gene_135,Gene_47
Gene_135,Gene_48
Gene_135,Gene_49
Gene_135,Gene_50
Gene_135,Gene_51
Gene_135,Gene_52
Gene_135,Gene_53
Gene_135,Gene_54
Gene_135,Gene_56
Gene_135,Gene_57
Gene_135,Gene_58
Gene_135,Gene_59
Gene_135,Gene_61
Gene_135,Gene_62
Gene_135,Gene_63
Gene_135,Gene_64
Gene_135,Gene_65
Gene_135,Gene_67
Gene_135,Gene_69
Gene_135,Gene_70
Gene_135,Gene_71
Gene_135,Gene_72
Gene_135,Gene_73
Gene_135,Gene_74
Gene_135,Gene_76
Gene_135,Gene_77
Gene_135,Gene_78
Gene_135,Gene_79
Gene_135,Gene_80
Gene_135,Gene_81
Gene_135,Gene_82
Gene_135,Gene_83
Gene_135,Gene_84
Gene_135,Gene_87
Gene_135,Gene_88
Gene_135,Gene_89
Gene_135,Gene_90
Gene_135,Gene_92
Gene_135,Gene_94
Gene_135,Gene_95
Gene_135,Gene_96
Gene_135,Gene_97
Gene_135,Gene_99
Gene_135,Gene_100
Gene_135,Gene_103
Gene_135,Gene_104
Gene_135,Gene_105
Gene_135,Gene_106
Gene_135,Gene_107
Gene_135,Gene_108
Gene_135,Gene_109
Gene_135,Gene_110
Gene_135,Gene_112
Gene_135,Gene_113
Gene_135,Gene_115
Gene_135,Gene_116
Gene_135,Gene_117
Gene_135,Gene_119
Gene_135,Gene_120
Gene_135,Gene_121
Gene_135,Gene_122
Gene_135,Gene_124
Gene_135,Gene_125
Gene_135,Gene_126
Gene_135,Gene_127
Gene_135,Gene_129
Gene_135,Gene_131
Gene_135,Gene_132
Gene_135,Gene_133
Gene_135,Gene_134
Gene_135,Gene_135
Gene_135,Gene_136
Gene_135,Gene_138
Gene_135,Gene_139
Gene_135,Gene_140
Gene_135,Gene_144
Gene_135,Gene_145
Gene_135,Gene_146
Gene_135,Gene_148
Gene_135,Gene_149
Gene_135,Gene_150
Gene_135,Gene_151
Gene_135,Gene_152
Gene_135,Gene_154
Gene_135,Gene_157
Gene_135,Gene_158
Gene_135,Gene_161
Gene_135,Gene_162
Gene_135,Gene_163
Gene_135,Gene_164
Gene_135,Gene_165
Gene_135,Gene_166
Gene_135,Gene_167
Gene_135,Gene_168
Gene_135,Gene_169
Gene_135,Gene_170
Gene_135,Gene_172
Gene_135,Gene_173
Gene_135,Gene_174
Gene_135,Gene_175
Gene_135,Gene_176
Gene_135,Gene_177
Gene_135,Gene_178
Gene_135,Gene_180
Gene_135,Gene_181
Gene_135,Gene_183
Gene_135,Gene_185
Gene_135,Gene_187
Gene_135,Gene_188
Gene_135,Gene_190
Gene_135,Gene_191
Gene_135,Gene_192
Gene_135,Gene_193
Gene_135,Gene_194
Gene_135,Gene_196
Gene_135,Gene_197
Gene_135,Gene_199
Gene_135,Gene_200
Gene_136,Gene_0
Gene_136,Gene_1
Gene_136,Gene_2
Gene_136,Gene_3
Gene_136,Gene_4
Gene_136,Gene_5
Gene_136,Gene_6
Gene_136,Gene_7
Gene_136,Gene_8
Gene_136,Gene_9
Gene_136,Gene_11
Gene_136,Gene_13
Gene_136,Gene_14
Gene_136,Gene_16
Gene_136,Gene_18
Gene_136,Gene_19
Gene_136,Gene_21
Gene_136,Gene_22
Gene_136,Gene_24
Gene_136,Gene_26
Gene_136,Gene_27
Gene_136,Gene_28
Gene_136,Gene_29
Gene_136,Gene_30
Gene_136,Gene_31
Gene_136,Gene_33
Gene_136,Gene_34
Gene_136,Gene_35
Gene_136,Gene_36
Gene_136,Gene_37
Gene_136,Gene_38
Gene_136,Gene_39
Gene_136,Gene_40
Gene_136,Gene_41
Gene_136,Gene_42
Gene_136,Gene_43
Gene_136,Gene_44
Gene_136,Gene_45
Gene_136,Gene_47
Gene_136,Gene_48
Gene_136,Gene_49
Gene_136,Gene_53
Gene_136,Gene_54
Gene_136,Gene_55
Gene_136,Gene_56
Gene_136,Gene_57
Gene_136,Gene_58
Gene_136,Gene_59
Gene_136,Gene_60
Gene_136,Gene_61
Gene_136,Gene_63
Gene_136,Gene_66
Gene_136,Gene_67
Gene_136,Gene_68
Gene_136,Gene_71
Gene_136,Gene_72
Gene_136,Gene_73
Gene_136,Gene_75
Gene_136,Gene_76
Gene_136,Gene_78
Gene_136,Gene_79
Gene_136,Gene_80
Gene_136,Gene_81
Gene_136,Gene_82
Gene_136,Gene_83
Gene_136,Gene_84
Gene_136,Gene_85
Gene_136,Gene_86
Gene_136,Gene_88
Gene_136,Gene_90
Gene_136,Gene_91
Gene_136,Gene_92
Gene_136,Gene_93
Gene_136,Gene_94
Gene_136,Gene_95
Gene_136,Gene_96
Gene_136,Gene_97
Gene_136,Gene_98
Gene_136,Gene_99
Gene_136,Gene_100
Gene_136,Gene_102
Gene_136,Gene_103
Gene_136,Gene_105
Gene_136,Gene_106
Gene_136,Gene_107
Gene_136,Gene_108
Gene_136,Gene_111
Gene_136,Gene_112
Gene_136,Gene_113
Gene_136,Gene_114
Gene_136,Gene_116
Gene_136,Gene_117
Gene_136,Gene_118
Gene_136,Gene_119
Gene_136,Gene_120
Gene_136,Gene_121
Gene_136,Gene_122
Gene_136,Gene_123
Gene_136,Gene_124
Gene_136,Gene_125
Gene_136,Gene_126
Gene_136,Gene_127
Gene_136,Gene_129
Gene_136,Gene_130
Gene_136,Gene_131
Gene_136,Gene_132
Gene_136,Gene_133
Gene_136,Gene_134
Gene_136,Gene_137
Gene_136,Gene_138
Gene_136,Gene_140
Gene_136,Gene_141
Gene_136,Gene_143
Gene_136,Gene_144
Gene_136,Gene_145
Gene_136,Gene_147
Gene_136,Gene_148
Gene_136,Gene_151
Gene_136,Gene_153
Gene_136,Gene_154
Gene_136,Gene_155
Gene_136,Gene_156
Gene_136,Gene_157
Gene_136,Gene_158
Gene_136,Gene_159
Gene_136,Gene_163
Gene_136,Gene_164
Gene_136,Gene_165
Gene_136,Gene_166
Gene_136,Gene_167
Gene_136,Gene_168
Gene_136,Gene_169
Gene_136,Gene_172
Gene_136,Gene_173
Gene_136,Gene_175
Gene_136,Gene_176
Gene_136,Gene_177
Gene_136,Gene_178
Gene_136,Gene_179
Gene_136,Gene_180
Gene_136,Gene_181
Gene_136,Gene_183
Gene_136,Gene_184
Gene_136,Gene_185
Gene_136,Gene_186
Gene_136,Gene_187
Gene_136,Gene_188
Gene_136,Gene_189
Gene_136,Gene_190
Gene_136,Gene_191
Gene_136,Gene_192
Gene_136,Gene_195
Gene_136,Gene_196
Gene_136,Gene_197
Gene_136,Gene_198
Gene_136,Gene_199
Gene_136,Gene_200
Gene_137,Gene_0
Gene_137,Gene_1
Gene_137,Gene_2
Gene_137,Gene_3
Gene_137,Gene_5
Gene_137,Gene_6
Gene_137,Gene_9
Gene_137,Gene_10
Gene_137,Gene_11
Gene_137,Gene_12
Gene_137,Gene_13
Gene_137,Gene_14
Gene_137,Gene_16
Gene_137,Gene_17
Gene_137,Gene_20
Gene_137,Gene_21
Gene_137,Gene_22
Gene_137,Gene_23
Gene_137,Gene_24
Gene_137,Gene_25
Gene_137,Gene_26
Gene_137,Gene_27
Gene_137,Gene_28
Gene_137,Gene_30
Gene_137,Gene_31
Gene_137,Gene_32
Gene_137,Gene_33
Gene_137,Gene_34
Gene_137,Gene_35
Gene_137,Gene_36
Gene_137,Gene_38
Gene_137,Gene_39
Gene_137,Gene_40
Gene_137,Gene_41
Gene_137,Gene_42
Gene_137,Gene_43
Gene_137,Gene_44
Gene_137,Gene_45
Gene_137,Gene_47
Gene_137,Gene_48
Gene_137,Gene_49
Gene_137,Gene_52
Gene_137,Gene_53
Gene_137,Gene_54
Gene_137,Gene_55
Gene_137,Gene_56
Gene_137,Gene_57
Gene_137,Gene_59
Gene_137,Gene_60
Gene_137,Gene_61
Gene_137,Gene_62
Gene_137,Gene_63
Gene_137,Gene_64
Gene_137,Gene_65
Gene_137,Gene_66
Gene_137,Gene_67
Gene_137,Gene_68
Gene_137,Gene_71
Gene_137,Gene_72
Gene_137,Gene_73
Gene_137,Gene_74
Gene_137,Gene_75
Gene_137,Gene_76
Gene_137,Gene_77
Gene_137,Gene_79
Gene_137,Gene_80
Gene_137,Gene_81
Gene_137,Gene_82
Gene_137,Gene_85
Gene_137,Gene_86
Gene_137,Gene_87
Gene_137,Gene_89
Gene_137,Gene_90
Gene_137,Gene_91
Gene_137,Gene_92
Gene_137,Gene_93
Gene_137,Gene_94
Gene_137,Gene_95
Gene_137,Gene_96
Gene_137,Gene_97
Gene_137,Gene_98
Gene_137,Gene_99
Gene_137,Gene_100
Gene_137,Gene_101
Gene_137,Gene_103
Gene_137,Gene_104
Gene_137,Gene_105
Gene_137,Gene_106
Gene_137,Gene_107
Gene_137,Gene_109
Gene_137,Gene_111
Gene_137,Gene_112
Gene_137,Gene_113
Gene_137,Gene_114
Gene_137,Gene_116
Gene_137,Gene_117
Gene_137,Gene_118
Gene_137,Gene_119
Gene_137,Gene_120
Gene_137,Gene_121
Gene_137,Gene_122
Gene_137,Gene_125
Gene_137,Gene_126
Gene_137,Gene_128
Gene_137,Gene_131
Gene_137,Gene_132
Gene_137,Gene_134
Gene_137,Gene_135
Gene_137,Gene_136
Gene_137,Gene_137
Gene_137,Gene_138
Gene_137,Gene_139
Gene_137,Gene_140
Gene_137,Gene_141
Gene_137,Gene_142
Gene_137,Gene_145
Gene_137,Gene_147
Gene_137,Gene_148
Gene_137,Gene_149
Gene_137,Gene_150
Gene_137,Gene_151
Gene_137,Gene_152
Gene_137,Gene_153
Gene_137,Gene_155
Gene_137,Gene_157
Gene_137,Gene_159
Gene_137,Gene_160
Gene_137,Gene_161
Gene_137,Gene_162
Gene_137,Gene_163
Gene_137,Gene_164
Gene_137,Gene_166
Gene_137,Gene_167
Gene_137,Gene_168
Gene_137,Gene_169
Gene_137,Gene_170
Gene_137,Gene_171
Gene_137,Gene_172
Gene_137,Gene_173
Gene_137,Gene_174
Gene_137,Gene_175
Gene_137,Gene_177
Gene_137,Gene_178
Gene_137,Gene_179
Gene_137,Gene_180
Gene_137,Gene_181
Gene_137,Gene_182
Gene_137,Gene_185
Gene_137,Gene_186
Gene_137,Gene_188
Gene_137,Gene_189
Gene_137,Gene_190
Gene_137,Gene_192
Gene_137,Gene_194
Gene_137,Gene_195
Gene_137,Gene_196
Gene_137,Gene_197
Gene_137,Gene_198
Gene_137,Gene_199
Gene_137,Gene_200
Gene_138,Gene_0
Gene_138,Gene_1
Gene_138,Gene_2
Gene_138,Gene_3
Gene_138,Gene_4
Gene_138,Gene_5
Gene_138,Gene_6
Gene_138,Gene_7
Gene_138,Gene_8
Gene_138,Gene_11
Gene_138,Gene_14
Gene_138,Gene_17
Gene_138,Gene_18
Gene_138,Gene_19
Gene_138,Gene_20
Gene_138,Gene_21
Gene_138,Gene_23
Gene_138,Gene_24
Gene_138,Gene_25
Gene_138,Gene_26
Gene_138,Gene_28
Gene_138,Gene_29
Gene_138,Gene_30
Gene_138,Gene_31
Gene_138,Gene_32
Gene_138,Gene_33
Gene_138,Gene_34
Gene_138,Gene_35
Gene_138,Gene_36
Gene_138,Gene_37
Gene_138,Gene_38
Gene_138,Gene_39
Gene_138,Gene_41
Gene_138,Gene_42
Gene_138,Gene_44
Gene_138,Gene_45
Gene_138,Gene_47
Gene_138,Gene_48
Gene_138,Gene_50
Gene_138,Gene_51
Gene_138,Gene_53
Gene_138,Gene_54
Gene_138,Gene_55
Gene_138,Gene_56
Gene_138,Gene_57
Gene_138,Gene_58
Gene_138,Gene_59
Gene_138,Gene_60
Gene_138,Gene_62
Gene_138,Gene_64
Gene_138,Gene_65
Gene_138,Gene_66
Gene_138,Gene_67
Gene_138,Gene_69
Gene_138,Gene_70
Gene_138,Gene_71
Gene_138,Gene_72
Gene_138,Gene_73
Gene_138,Gene_74
Gene_138,Gene_76
Gene_138,Gene_77
Gene_138,Gene_78
Gene_138,Gene_79
Gene_138,Gene_81
Gene_138,Gene_82
Gene_138,Gene_83
Gene_138,Gene_84
Gene_138,Gene_85
Gene_138,Gene_86
Gene_138,Gene_87
Gene_138,Gene_88
Gene_138,Gene_89
Gene_138,Gene_90
Gene_138,Gene_91
Gene_138,Gene_92
Gene_138,Gene_94
Gene_138,Gene_95
Gene_138,Gene_96
Gene_138,Gene_97
Gene_138,Gene_98
Gene_138,Gene_99
Gene_138,Gene_101
Gene_138,Gene_102
Gene_138,Gene_104
Gene_138,Gene_105
Gene_138,Gene_106
Gene_138,Gene_107
Gene_138,Gene_108
Gene_138,Gene_109
Gene_138,Gene_110
Gene_138,Gene_111
Gene_138,Gene_112
Gene_138,Gene_113
Gene_138,Gene_114
Gene_138,Gene_115
Gene_138,Gene_116
Gene_138,Gene_118
Gene_138,Gene_119
Gene_138,Gene_121
Gene_138,Gene_122
Gene_138,Gene_123
Gene_138,Gene_124
Gene_138,Gene_128
Gene_138,Gene_129
Gene_138,Gene_130
Gene_138,Gene_131
Gene_138,Gene_132
Gene_138,Gene_133
Gene_138,Gene_134
Gene_138,Gene_135
Gene_138,Gene_137
Gene_138,Gene_138
Gene_138,Gene_139
Gene_138,Gene_140
Gene_138,Gene_141
Gene_138,Gene_142
Gene_138,Gene_144
Gene_138,Gene_145
Gene_138,Gene_146
Gene_138,Gene_147
Gene_138,Gene_149
Gene_138,Gene_151
Gene_138,Gene_153
Gene_138,Gene_154
Gene_138,Gene_155
Gene_138,Gene_156
Gene_138,Gene_159
Gene_138,Gene_160
Gene_138,Gene_162
Gene_138,Gene_163
Gene_138,Gene_164
Gene_138,Gene_165
Gene_138,Gene_166
Gene_138,Gene_167
Gene_138,Gene_169
Gene_138,Gene_172
Gene_138,Gene_173
Gene_138,Gene_174
Gene_138,Gene_175
Gene_138,Gene_176
Gene_138,Gene_178
Gene_138,Gene_179
Gene_138,Gene_180
Gene_138,Gene_181
Gene_138,Gene_182
Gene_138,Gene_183
Gene_138,Gene_184
Gene_138,Gene_185
Gene_138,Gene_186
Gene_138,Gene_187
Gene_138,Gene_189
Gene_138,Gene_191
Gene_138,Gene_192
Gene_138,Gene_193
Gene_138,Gene_194
Gene_138,Gene_196
Gene_138,Gene_197
Gene_138,Gene_198
Gene_139,Gene_0
Gene_139,Gene_2
Gene_139,Gene_4
Gene_139,Gene_5
Gene_139,Gene_6
Gene_139,Gene_8
Gene_139,Gene_9
Gene_139,Gene_10
Gene_139,Gene_11
Gene_139,Gene_12
Gene_139,Gene_13
Gene_139,Gene_14
Gene_139,Gene_17
Gene_139,Gene_19
Gene_139,Gene_20
Gene_139,Gene_21
Gene_139,Gene_22
Gene_139,Gene_23
Gene_139,Gene_24
Gene_139,Gene_25
Gene_139,Gene_26
Gene_139,Gene_27
Gene_139,Gene_28
Gene_139,Gene_30
Gene_139,Gene_31
Gene_139,Gene_32
Gene_139,Gene_33
Gene_139,Gene_34
Gene_139,Gene_35
Gene_139,Gene_36
Gene_139,Gene_37
Gene_139,Gene_38
Gene_139,Gene_39
Gene_139,Gene_40
Gene_139,Gene_41
Gene_139,Gene_42
Gene_139,Gene_43
Gene_139,Gene_45
Gene_139,Gene_46
Gene_139,Gene_47
Gene_139,Gene_48
Gene_139,Gene_49
Gene_139,Gene_50
Gene_139,Gene_51
Gene_139,Gene_52
Gene_139,Gene_53
Gene_139,Gene_54
Gene_139,Gene_55
Gene_139,Gene_56
Gene_139,Gene_58
Gene_139,Gene_59
Gene_139,Gene_61
Gene_139,Gene_62
Gene_139,Gene_64
Gene_139,Gene_65
Gene_139,Gene_66
Gene_139,Gene_67
Gene_139,Gene_68
Gene_139,Gene_70
Gene_139,Gene_71
Gene_139,Gene_72
Gene_139,Gene_73
Gene_139,Gene_74
Gene_139,Gene_75
Gene_139,Gene_77
Gene_139,Gene_79
Gene_139,Gene_80
Gene_139,Gene_81
Gene_139,Gene_83
Gene_139,Gene_84
Gene_139,Gene_85
Gene_139,Gene_86
Gene_139,Gene_87
Gene_139,Gene_88
Gene_139,Gene_90
Gene_139,Gene_91
Gene_139,Gene_93
Gene_139,Gene_94
Gene_139,Gene_95
Gene_139,Gene_96
Gene_139,Gene_97
Gene_139,Gene_98
Gene_139,Gene_99
Gene_139,Gene_100
Gene_139,Gene_101
Gene_139,Gene_102
Gene_139,Gene_103
Gene_139,Gene_104
Gene_139,Gene_105
Gene_139,Gene_107
Gene_139,Gene_108
Gene_139,Gene_109
Gene_139,Gene_110
Gene_139,Gene_111
Gene_139,Gene_112
Gene_139,Gene_114
Gene_139,Gene_115
Gene_139,Gene_116
Gene_139,Gene_117
Gene_139,Gene_118
Gene_139,Gene_119
Gene_139,Gene_120
Gene_139,Gene_121
Gene_139,Gene_122
Gene_139,Gene_123
Gene_139,Gene_124
Gene_139,Gene_125
Gene_139,Gene_126
Gene_139,Gene_127
Gene_139,Gene_131
Gene_139,Gene_133
Gene_139,Gene_134
Gene_139,Gene_136
Gene_139,Gene_137
Gene_139,Gene_138
Gene_139,Gene_140
Gene_139,Gene_143
Gene_139,Gene_144
Gene_139,Gene_146
Gene_139,Gene_147
Gene_139,Gene_149
Gene_139,Gene_151
Gene_139,Gene_152
Gene_139,Gene_153
Gene_139,Gene_155
Gene_139,Gene_156
Gene_139,Gene_157
Gene_139,Gene_162
Gene_139,Gene_163
Gene_139,Gene_165
Gene_139,Gene_168
Gene_139,Gene_169
Gene_139,Gene_170
Gene_139,Gene_171
Gene_139,Gene_172
Gene_139,Gene_173
Gene_139,Gene_174
Gene_139,Gene_175
Gene_139,Gene_176
Gene_139,Gene_177
Gene_139,Gene_180
Gene_139,Gene_181
Gene_139,Gene_182
Gene_139,Gene_183
Gene_139,Gene_184
Gene_139,Gene_186
Gene_139,Gene_187
Gene_139,Gene_188
Gene_139,Gene_189
Gene_139,Gene_190
Gene_139,Gene_191
Gene_139,Gene_192
Gene_139,Gene_193
Gene_139,Gene_194
Gene_139,Gene_195
Gene_139,Gene_196
Gene_139,Gene_197
Gene_139,Gene_198
Gene_139,Gene_199
Gene_139,Gene_200
Gene_140,Gene_0
Gene_140,Gene_1
Gene_140,Gene_2
Gene_140,Gene_3
Gene_140,Gene_4
Gene_140,Gene_5
Gene_140,Gene_6
Gene_140,Gene_7
Gene_140,Gene_9
Gene_140,Gene_10
Gene_140,Gene_11
Gene_140,Gene_12
Gene_140,Gene_13
Gene_140,Gene_14
Gene_140,Gene_15
Gene_140,Gene_16
Gene_140,Gene_17
Gene_140,Gene_18
Gene_140,Gene_21
Gene_140,Gene_22
Gene_140,Gene_24
Gene_140,Gene_25
Gene_140,Gene_26
Gene_140,Gene_27
Gene_140,Gene_28
Gene_140,Gene_29
Gene_140,Gene_30
Gene_140,Gene_31
Gene_140,Gene_34
Gene_140,Gene_36
Gene_140,Gene_37
Gene_140,Gene_40
Gene_140,Gene_41
Gene_140,Gene_43
Gene_140,Gene_44
Gene_140,Gene_45
Gene_140,Gene_46
Gene_140,Gene_47
Gene_140,Gene_49
Gene_140,Gene_50
Gene_140,Gene_51
Gene_140,Gene_52
Gene_140,Gene_53
Gene_140,Gene_54
Gene_140,Gene_55
Gene_140,Gene_56
Gene_140,Gene_57
Gene_140,Gene_58
Gene_140,Gene_59
Gene_140,Gene_60
Gene_140,Gene_61
Gene_140,Gene_63
Gene_140,Gene_64
Gene_140,Gene_65
Gene_140,Gene_66
Gene_140,Gene_67
Gene_140,Gene_68
Gene_140,Gene_69
Gene_140,Gene_70
Gene_140,Gene_71
Gene_140,Gene_72
Gene_140,Gene_73
Gene_140,Gene_74
Gene_140,Gene_75
Gene_140,Gene_76
Gene_140,Gene_77
Gene_140,Gene_78
Gene_140,Gene_79
Gene_140,Gene_81
Gene_140,Gene_82
Gene_140,Gene_83
Gene_140,Gene_84
Gene_140,Gene_85
Gene_140,Gene_86
Gene_140,Gene_88
Gene_140,Gene_89
Gene_140,Gene_90
Gene_140,Gene_91
Gene_140,Gene_94
Gene_140,Gene_95
Gene_140,Gene_96
Gene_140,Gene_97
Gene_140,Gene_98
Gene_140,Gene_99
Gene_140,Gene_100
Gene_140,Gene_101
Gene_140,Gene_102
Gene_140,Gene_103
Gene_140,Gene_105
Gene_140,Gene_106
Gene_140,Gene_107
Gene_140,Gene_108
Gene_140,Gene_109
Gene_140,Gene_110
Gene_140,Gene_111
Gene_140,Gene_112
Gene_140,Gene_113
Gene_140,Gene_114
Gene_140,Gene_115
Gene_140,Gene_116
Gene_140,Gene_117
Gene_140,Gene_120
Gene_140,Gene_121
Gene_140,Gene_122
Gene_140,Gene_123
Gene_140,Gene_124
Gene_140,Gene_125
Gene_140,Gene_126
Gene_140,Gene_127
Gene_140,Gene_128
Gene_140,Gene_129
Gene_140,Gene_130
Gene_140,Gene_131
Gene_140,Gene_132
Gene_140,Gene_133
Gene_140,Gene_134
Gene_140,Gene_135
Gene_140,Gene_136
Gene_140,Gene_137
Gene_140,Gene_138
Gene_140,Gene_139
Gene_140,Gene_140
Gene_140,Gene_141
Gene_140,Gene_142
Gene_140,Gene_143
Gene_140,Gene_144
Gene_140,Gene_145
Gene_140,Gene_146
Gene_140,Gene_147
Gene_140,Gene_148
Gene_140,Gene_150
Gene_140,Gene_153
Gene_140,Gene_154
Gene_140,Gene_155
Gene_140,Gene_156
Gene_140,Gene_157
Gene_140,Gene_158
Gene_140,Gene_159
Gene_140,Gene_160
Gene_140,Gene_161
Gene_140,Gene_163
Gene_140,Gene_164
Gene_140,Gene_165
Gene_140,Gene_166
Gene_140,Gene_167
Gene_140,Gene_168
Gene_140,Gene_170
Gene_140,Gene_172
Gene_140,Gene_173
Gene_140,Gene_174
Gene_140,Gene_176
Gene_140,Gene_177
Gene_140,Gene_178
Gene_140,Gene_179
Gene_140,Gene_180
Gene_140,Gene_181
Gene_140,Gene_182
Gene_140,Gene_183
Gene_140,Gene_184
Gene_140,Gene_185
Gene_140,Gene_186
Gene_140,Gene_187
Gene_140,Gene_188
Gene_140,Gene_189
Gene_140,Gene_190
Gene_140,Gene_192
Gene_140,Gene_194
Gene_140,Gene_196
Gene_140,Gene_197
Gene_140,Gene_198
Gene_140,Gene_199
Gene_140,Gene_200
Gene_141,Gene_0
Gene_141,Gene_1
Gene_141,Gene_2
Gene_141,Gene_6
Gene_141,Gene_7
Gene_141,Gene_8
Gene_141,Gene_9
Gene_141,Gene_12
Gene_141,Gene_13
Gene_141,Gene_14
Gene_141,Gene_15
Gene_141,Gene_16
Gene_141,Gene_17
Gene_141,Gene_18
Gene_141,Gene_19
Gene_141,Gene_20
Gene_141,Gene_21
Gene_141,Gene_22
Gene_141,Gene_23
Gene_141,Gene_24
Gene_141,Gene_25
Gene_141,Gene_26
Gene_141,Gene_27
Gene_141,Gene_28
Gene_141,Gene_29
Gene_141,Gene_30
Gene_141,Gene_31
Gene_141,Gene_32
Gene_141,Gene_33
Gene_141,Gene_34
Gene_141,Gene_35
Gene_141,Gene_36
Gene_141,Gene_37
Gene_141,Gene_38
Gene_141,Gene_41
Gene_141,Gene_42
Gene_141,Gene_43
Gene_141,Gene_46
Gene_141,Gene_48
Gene_141,Gene_49
Gene_141,Gene_50
Gene_141,Gene_51
Gene_141,Gene_53
Gene_141,Gene_54
Gene_141,Gene_55
Gene_141,Gene_56
Gene_141,Gene_57
Gene_141,Gene_58
Gene_141,Gene_59
Gene_141,Gene_60
Gene_141,Gene_61
Gene_141,Gene_63
Gene_141,Gene_64
Gene_141,Gene_66
Gene_141,Gene_69
Gene_141,Gene_70
Gene_141,Gene_73
Gene_141,Gene_74
Gene_141,Gene_75
Gene_141,Gene_76
Gene_141,Gene_77
Gene_141,Gene_78
Gene_141,Gene_79
Gene_141,Gene_80
Gene_141,Gene_81
Gene_141,Gene_85
Gene_141,Gene_86
Gene_141,Gene_87
Gene_141,Gene_89
Gene_141,Gene_90
Gene_141,Gene_91
Gene_141,Gene_93
Gene_141,Gene_94
Gene_141,Gene_95
Gene_141,Gene_97
Gene_141,Gene_98
Gene_141,Gene_99
Gene_141,Gene_101
Gene_141,Gene_102
Gene_141,Gene_103
Gene_141,Gene_104
Gene_141,Gene_105
Gene_141,Gene_106
Gene_141,Gene_107
Gene_141,Gene_110
Gene_141,Gene_111
Gene_141,Gene_112
Gene_141,Gene_113
Gene_141,Gene_116
Gene_141,Gene_117
Gene_141,Gene_118
Gene_141,Gene_119
Gene_141,Gene_120
Gene_141,Gene_122
Gene_141,Gene_123
Gene_141,Gene_124
Gene_141,Gene_126
Gene_141,Gene_127
Gene_141,Gene_128
Gene_141,Gene_129
Gene_141,Gene_130
Gene_141,Gene_131
Gene_141,Gene_132
Gene_141,Gene_134
Gene_141,Gene_135
Gene_141,Gene_137
Gene_141,Gene_138
Gene_141,Gene_140
Gene_141,Gene_141
Gene_141,Gene_142
Gene_141,Gene_144
Gene_141,Gene_145
Gene_141,Gene_146
Gene_141,Gene_147
Gene_141,Gene_149
Gene_141,Gene_150
Gene_141,Gene_151
Gene_141,Gene_152
Gene_141,Gene_153
Gene_141,Gene_154
Gene_141,Gene_155
Gene_141,Gene_156
Gene_141,Gene_157
Gene_141,Gene_158
Gene_141,Gene_160
Gene_141,Gene_161
Gene_141,Gene_162
Gene_141,Gene_163
Gene_141,Gene_164
Gene_141,Gene_166
Gene_141,Gene_167
Gene_141,Gene_169
Gene_141,Gene_171
Gene_141,Gene_172
Gene_141,Gene_173
Gene_141,Gene_174
Gene_141,Gene_175
Gene_141,Gene_176
Gene_141,Gene_177
Gene_141,Gene_178
Gene_141,Gene_179
Gene_141,Gene_180
Gene_141,Gene_181
Gene_141,Gene_182
Gene_141,Gene_184
Gene_141,Gene_185
Gene_141,Gene_186
Gene_141,Gene_187
Gene_141,Gene_188
Gene_141,Gene_189
Gene_141,Gene_190
Gene_141,Gene_192
Gene_141,Gene_193
Gene_141,Gene_194
Gene_141,Gene_195
Gene_141,Gene_196
Gene_141,Gene_199
Gene_141,Gene_200
Gene_142,Gene_1
Gene_142,Gene_3
Gene_142,Gene_4
Gene_142,Gene_5
Gene_142,Gene_6
Gene_142,Gene_7
Gene_142,Gene_8
Gene_142,Gene_9
Gene_142,Gene_10
Gene_142,Gene_11
Gene_142,Gene_12
Gene_142,Gene_13
Gene_142,Gene_14
Gene_142,Gene_15
Gene_142,Gene_16
Gene_142,Gene_17
Gene_142,Gene_18
Gene_142,Gene_19
Gene_142,Gene_20
Gene_142,Gene_21
Gene_142,Gene_22
Gene_142,Gene_24
Gene_142,Gene_26
Gene_142,Gene_27
Gene_142,Gene_30
Gene_142,Gene_31
Gene_142,Gene_32
Gene_142,Gene_33
Gene_142,Gene_34
Gene_142,Gene_36
Gene_142,Gene_37
Gene_142,Gene_39
Gene_142,Gene_40
Gene_142,Gene_41
Gene_142,Gene_42
Gene_142,Gene_43
Gene_142,Gene_44
Gene_142,Gene_45
Gene_142,Gene_46
Gene_142,Gene_47
Gene_142,Gene_48
Gene_142,Gene_49
Gene_142,Gene_50
Gene_142,Gene_51
Gene_142,Gene_53
Gene_142,Gene_55
Gene_142,Gene_57
Gene_142,Gene_60
Gene_142,Gene_61
Gene_142,Gene_62
Gene_142,Gene_63
Gene_142,Gene_64
Gene_142,Gene_65
Gene_142,Gene_68
Gene_142,Gene_69
Gene_142,Gene_70
Gene_142,Gene_71
Gene_142,Gene_72
Gene_142,Gene_73
Gene_142,Gene_74
Gene_142,Gene_75
Gene_142,Gene_78
Gene_142,Gene_79
Gene_142,Gene_80
Gene_142,Gene_81
Gene_142,Gene_82
Gene_142,Gene_83
Gene_142,Gene_84
Gene_142,Gene_86
Gene_142,Gene_87
Gene_142,Gene_88
Gene_142,Gene_89
Gene_142,Gene_90
Gene_142,Gene_91
Gene_142,Gene_92
Gene_142,Gene_93
Gene_142,Gene_94
Gene_142,Gene_95
Gene_142,Gene_96
Gene_142,Gene_97
Gene_142,Gene_98
Gene_142,Gene_99
Gene_142,Gene_100
Gene_142,Gene_101
Gene_142,Gene_102
Gene_142,Gene_103
Gene_142,Gene_104
Gene_142,Gene_105
Gene_142,Gene_106
Gene_142,Gene_107
Gene_142,Gene_108
Gene_142,Gene_109
Gene_142,Gene_110
Gene_142,Gene_111
Gene_142,Gene_112
Gene_142,Gene_113
Gene_142,Gene_114
Gene_142,Gene_115
Gene_142,Gene_116
Gene_142,Gene_118
Gene_142,Gene_121
Gene_142,Gene_122
Gene_142,Gene_123
Gene_142,Gene_124
Gene_142,Gene_125
Gene_142,Gene_126
Gene_142,Gene_127
Gene_142,Gene_128
Gene_142,Gene_129
Gene_142,Gene_130
Gene_142,Gene_131
Gene_142,Gene_132
Gene_142,Gene_133
Gene_142,Gene_134
Gene_142,Gene_136
Gene_142,Gene_137
Gene_142,Gene_139
Gene_142,Gene_140
Gene_142,Gene_141
Gene_142,Gene_142
Gene_142,Gene_143
Gene_142,Gene_144
Gene_142,Gene_146
Gene_142,Gene_148
Gene_142,Gene_149
Gene_142,Gene_151
Gene_142,Gene_152
Gene_142,Gene_153
Gene_142,Gene_155
Gene_142,Gene_156
Gene_142,Gene_157
Gene_142,Gene_158
Gene_142,Gene_161
Gene_142,Gene_162
Gene_142,Gene_163
Gene_142,Gene_164
Gene_142,Gene_165
Gene_142,Gene_166
Gene_142,Gene_168
Gene_142,Gene_170
Gene_142,Gene_171
Gene_142,Gene_172
Gene_142,Gene_173
Gene_142,Gene_174
Gene_142,Gene_175
Gene_142,Gene_178
Gene_142,Gene_180
Gene_142,Gene_182
Gene_142,Gene_183
Gene_142,Gene_184
Gene_142,Gene_185
Gene_142,Gene_186
Gene_142,Gene_187
Gene_142,Gene_189
Gene_142,Gene_190
Gene_142,Gene_192
Gene_142,Gene_193
Gene_142,Gene_194
Gene_142,Gene_195
Gene_142,Gene_196
Gene_142,Gene_197
Gene_142,Gene_198
Gene_142,Gene_199
Gene_142,Gene_200
Gene_143,Gene_0
Gene_143,Gene_1
Gene_143,Gene_3
Gene_143,Gene_4
Gene_143,Gene_5
Gene_143,Gene_6
Gene_143,Gene_7
Gene_143,Gene_8
Gene_143,Gene_9
Gene_143,Gene_11
Gene_143,Gene_12
Gene_143,Gene_13
Gene_143,Gene_14
Gene_143,Gene_16
Gene_143,Gene_17
Gene_143,Gene_18
Gene_143,Gene_19
Gene_143,Gene_21
Gene_143,Gene_23
Gene_143,Gene_25
Gene_143,Gene_26
Gene_143,Gene_27
Gene_143,Gene_28
Gene_143,Gene_29
Gene_143,Gene_30
Gene_143,Gene_31
Gene_143,Gene_32
Gene_143,Gene_33
Gene_143,Gene_34
Gene_143,Gene_35
Gene_143,Gene_36
Gene_143,Gene_37
Gene_143,Gene_38
Gene_143,Gene_40
Gene_143,Gene_41
Gene_143,Gene_42
Gene_143,Gene_43
Gene_143,Gene_44
Gene_143,Gene_46
Gene_143,Gene_47
Gene_143,Gene_48
Gene_143,Gene_49
Gene_143,Gene_50
Gene_143,Gene_52
Gene_143,Gene_53
Gene_143,Gene_54
Gene_143,Gene_55
Gene_143,Gene_56
Gene_143,Gene_57
Gene_143,Gene_58
Gene_143,Gene_59
Gene_143,Gene_60
Gene_143,Gene_61
Gene_143,Gene_64
Gene_143,Gene_65
Gene_143,Gene_66
Gene_143,Gene_67
Gene_143,Gene_69
Gene_143,Gene_71
Gene_143,Gene_72
Gene_143,Gene_73
Gene_143,Gene_74
Gene_143,Gene_75
Gene_143,Gene_76
Gene_143,Gene_78
Gene_143,Gene_79
Gene_143,Gene_80
Gene_143,Gene_81
Gene_143,Gene_82
Gene_143,Gene_83
Gene_143,Gene_84
Gene_143,Gene_85
Gene_143,Gene_87
Gene_143,Gene_88
Gene_143,Gene_90
Gene_143,Gene_91
Gene_143,Gene_92
Gene_143,Gene_93
Gene_143,Gene_94
Gene_143,Gene_95
Gene_143,Gene_96
Gene_143,Gene_98
Gene_143,Gene_99
Gene_143,Gene_100
Gene_143,Gene_102
Gene_143,Gene_103
Gene_143,Gene_104
Gene_143,Gene_105
Gene_143,Gene_106
Gene_143,Gene_107
Gene_143,Gene_108
Gene_143,Gene_109
Gene_143,Gene_110
Gene_143,Gene_112
Gene_143,Gene_113
Gene_143,Gene_114
Gene_143,Gene_115
Gene_143,Gene_116
Gene_143,Gene_118
Gene_143,Gene_120
Gene_143,Gene_121
Gene_143,Gene_123
Gene_143,Gene_124
Gene_143,Gene_125
Gene_143,Gene_126
Gene_143,Gene_127
Gene_143,Gene_128
Gene_143,Gene_130
Gene_143,Gene_131
Gene_143,Gene_132
Gene_143,Gene_133
Gene_143,Gene_134
Gene_143,Gene_135
Gene_143,Gene_136
Gene_143,Gene_138
Gene_143,Gene_139
Gene_143,Gene_141
Gene_143,Gene_142
Gene_143,Gene_144
Gene_143,Gene_145
Gene_143,Gene_146
Gene_143,Gene_147
Gene_143,Gene_148
Gene_143,Gene_150
Gene_143,Gene_151
Gene_143,Gene_152
Gene_143,Gene_154
Gene_143,Gene_156
Gene_143,Gene_157
Gene_143,Gene_158
Gene_143,Gene_159
Gene_143,Gene_160
Gene_143,Gene_161
Gene_143,Gene_163
Gene_143,Gene_164
Gene_143,Gene_166
Gene_143,Gene_167
Gene_143,Gene_168
Gene_143,Gene_170
Gene_143,Gene_171
Gene_143,Gene_172
Gene_143,Gene_173
Gene_143,Gene_174
Gene_143,Gene_175
Gene_143,Gene_176
Gene_143,Gene_177
Gene_143,Gene_178
Gene_143,Gene_179
Gene_143,Gene_181
Gene_143,Gene_182
Gene_143,Gene_183
Gene_143,Gene_184
Gene_143,Gene_185
Gene_143,Gene_186
Gene_143,Gene_187
Gene_143,Gene_188
Gene_143,Gene_189
Gene_143,Gene_190
Gene_143,Gene_191
Gene_143,Gene_192
Gene_143,Gene_193
Gene_143,Gene_194
Gene_143,Gene_196
Gene_143,Gene_197
Gene_143,Gene_198
Gene_143,Gene_200
Gene_144,Gene_0
Gene_144,Gene_1
Gene_144,Gene_3
Gene_144,Gene_4
Gene_144,Gene_5
Gene_144,Gene_6
Gene_144,Gene_11
Gene_144,Gene_12
Gene_144,Gene_13
Gene_144,Gene_14
Gene_144,Gene_15
Gene_144,Gene_17
Gene_144,Gene_18
Gene_144,Gene_19
Gene_144,Gene_20
Gene_144,Gene_21
Gene_144,Gene_24
Gene_144,Gene_27
Gene_144,Gene_28
Gene_144,Gene_29
Gene_144,Gene_30
Gene_144,Gene_32
Gene_144,Gene_33
Gene_144,Gene_34
Gene_144,Gene_35
Gene_144,Gene_36
Gene_144,Gene_37
Gene_144,Gene_42
Gene_144,Gene_43
Gene_144,Gene_44
Gene_144,Gene_46
Gene_144,Gene_49
Gene_144,Gene_50
Gene_144,Gene_51
Gene_144,Gene_53
Gene_144,Gene_56
Gene_144,Gene_57
Gene_144,Gene_58
Gene_144,Gene_59
Gene_144,Gene_60
Gene_144,Gene_61
Gene_144,Gene_62
Gene_144,Gene_63
Gene_144,Gene_64
Gene_144,Gene_67
Gene_144,Gene_69
Gene_144,Gene_70
Gene_144,Gene_71
Gene_144,Gene_74
Gene_144,Gene_75
Gene_144,Gene_76
Gene_144,Gene_77
Gene_144,Gene_78
Gene_144,Gene_79
Gene_144,Gene_81
Gene_144,Gene_83
Gene_144,Gene_85
Gene_144,Gene_86
Gene_144,Gene_87
Gene_144,Gene_88
Gene_144,Gene_89
Gene_144,Gene_90
Gene_144,Gene_91
Gene_144,Gene_93
Gene_144,Gene_94
Gene_144,Gene_95
Gene_144,Gene_96
Gene_144,Gene_97
Gene_144,Gene_100
Gene_144,Gene_101
Gene_144,Gene_102
Gene_144,Gene_103
Gene_144,Gene_104
Gene_144,Gene_106
Gene_144,Gene_107
Gene_144,Gene_108
Gene_144,Gene_109
Gene_144,Gene_110
Gene_144,Gene_111
Gene_144,Gene_114
Gene_144,Gene_116
Gene_144,Gene_118
Gene_144,Gene_119
Gene_144,Gene_120
Gene_144,Gene_121
Gene_144,Gene_122
Gene_144,Gene_126
Gene_144,Gene_127
Gene_144,Gene_128
Gene_144,Gene_129
Gene_144,Gene_133
Gene_144,Gene_134
Gene_144,Gene_136
Gene_144,Gene_137
Gene_144,Gene_140
Gene_144,Gene_141
Gene_144,Gene_142
Gene_144,Gene_145
Gene_144,Gene_146
Gene_144,Gene_147
Gene_144,Gene_148
Gene_144,Gene_150
Gene_144,Gene_151
Gene_144,Gene_153
Gene_144,Gene_156
Gene_144,Gene_158
Gene_144,Gene_161
Gene_144,Gene_162
Gene_144,Gene_163
Gene_144,Gene_164
Gene_144,Gene_166
Gene_144,Gene_168
Gene_144,Gene_169
Gene_144,Gene_170
Gene_144,Gene_171
Gene_144,Gene_172
Gene_144,Gene_174
Gene_144,Gene_175
Gene_144,Gene_176
Gene_144,Gene_177
Gene_144,Gene_179
Gene_144,Gene_181
Gene_144,Gene_183
Gene_144,Gene_184
Gene_144,Gene_186
Gene_144,Gene_189
Gene_144,Gene_192
Gene_144,Gene_193
Gene_144,Gene_194
Gene_144,Gene_195
Gene_144,Gene_198
Gene_144,Gene_199
Gene_145,Gene_3
Gene_145,Gene_4
Gene_145,Gene_5
Gene_145,Gene_6
Gene_145,Gene_7
Gene_145,Gene_9
Gene_145,Gene_10
Gene_145,Gene_13
Gene_145,Gene_14
Gene_145,Gene_15
Gene_145,Gene_16
Gene_145,Gene_17
Gene_145,Gene_18
Gene_145,Gene_19
Gene_145,Gene_20
Gene_145,Gene_21
Gene_145,Gene_24
Gene_145,Gene_25
Gene_145,Gene_26
Gene_145,Gene_27
Gene_145,Gene_29
Gene_145,Gene_30
Gene_145,Gene_31
Gene_145,Gene_32
Gene_145,Gene_34
Gene_145,Gene_35
Gene_145,Gene_36
Gene_145,Gene_37
Gene_145,Gene_39
Gene_145,Gene_40
Gene_145,Gene_43
Gene_145,Gene_44
Gene_145,Gene_46
Gene_145,Gene_47
Gene_145,Gene_48
Gene_145,Gene_49
Gene_145,Gene_50
Gene_145,Gene_51
Gene_145,Gene_55
Gene_145,Gene_56
Gene_145,Gene_57
Gene_145,Gene_58
Gene_145,Gene_59
Gene_145,Gene_60
Gene_145,Gene_61
Gene_145,Gene_62
Gene_145,Gene_65
Gene_145,Gene_67
Gene_145,Gene_68
Gene_145,Gene_69
Gene_145,Gene_70
Gene_145,Gene_71
Gene_145,Gene_72
Gene_145,Gene_73
Gene_145,Gene_75
Gene_145,Gene_76
Gene_145,Gene_79
Gene_145,Gene_80
Gene_145,Gene_81
Gene_145,Gene_82
Gene_145,Gene_83
Gene_145,Gene_86
Gene_145,Gene_87
Gene_145,Gene_88
Gene_145,Gene_89
Gene_145,Gene_91
Gene_145,Gene_92
Gene_145,Gene_94
Gene_145,Gene_95
Gene_145,Gene_97
Gene_145,Gene_98
Gene_145,Gene_99
Gene_145,Gene_101
Gene_145,Gene_102
Gene_145,Gene_103
Gene_145,Gene_104
Gene_145,Gene_105
Gene_145,Gene_106
Gene_145,Gene_107
Gene_145,Gene_108
Gene_145,Gene_109
Gene_145,Gene_111
Gene_145,Gene_112
Gene_145,Gene_113
Gene_145,Gene_115
Gene_145,Gene_116
Gene_145,Gene_117
Gene_145,Gene_119
Gene_145,Gene_120
Gene_145,Gene_121
Gene_145,Gene_122
Gene_145,Gene_123
Gene_145,Gene_124
Gene_145,Gene_126
Gene_145,Gene_128
Gene_145,Gene_129
Gene_145,Gene_130
Gene_145,Gene_132
Gene_145,Gene_135
Gene_145,Gene_136
Gene_145,Gene_137
Gene_145,Gene_138
Gene_145,Gene_139
Gene_145,Gene_140
Gene_145,Gene_141
Gene_145,Gene_143
Gene_145,Gene_144
Gene_145,Gene_145
Gene_145,Gene_146
Gene_145,Gene_148
Gene_145,Gene_149
Gene_145,Gene_150
Gene_145,Gene_152
Gene_145,Gene_153
Gene_145,Gene_154
Gene_145,Gene_155
Gene_145,Gene_156
Gene_145,Gene_157
Gene_145,Gene_159
Gene_145,Gene_160
Gene_145,Gene_162
Gene_145,Gene_164
Gene_145,Gene_166
Gene_145,Gene_168
Gene_145,Gene_169
Gene_145,Gene_170
Gene_145,Gene_171
Gene_145,Gene_172
Gene_145,Gene_173
Gene_145,Gene_174
Gene_145,Gene_175
Gene_145,Gene_176
Gene_145,Gene_177
Gene_145,Gene_178
Gene_145,Gene_179
Gene_145,Gene_180
Gene_145,Gene_181
Gene_145,Gene_182
Gene_145,Gene_183
Gene_145,Gene_184
Gene_145,Gene_185
Gene_145,Gene_186
Gene_145,Gene_187
Gene_145,Gene_188
Gene_145,Gene_190
Gene_145,Gene_191
Gene_145,Gene_192
Gene_145,Gene_194
Gene_145,Gene_195
Gene_145,Gene_196
Gene_145,Gene_197
Gene_145,Gene_199
Gene_145,Gene_200
Gene_146,Gene_12
Gene_146,Gene_13
Gene_146,Gene_23
Gene_146,Gene_33
Gene_146,Gene_43
Gene_146,Gene_55
Gene_146,Gene_67
Gene_146,Gene_77
Gene_146,Gene_98
Gene_146,Gene_103
Gene_146,Gene_106
Gene_146,Gene_112
Gene_146,Gene_113
Gene_146,Gene_142
Gene_146,Gene_152
Gene_146,Gene_164
Gene_146,Gene_166
Gene_146,Gene_169
Gene_146,Gene_176
Gene_146,Gene_199
Gene_146,Gene_200
Gene_147,Gene_0
Gene_147,Gene_2
Gene_147,Gene_3
Gene_147,Gene_4
Gene_147,Gene_5
Gene_147,Gene_7
Gene_147,Gene_8
Gene_147,Gene_9
Gene_147,Gene_10
Gene_147,Gene_11
Gene_147,Gene_12
Gene_147,Gene_13
Gene_147,Gene_15
Gene_147,Gene_16
Gene_147,Gene_19
Gene_147,Gene_20
Gene_147,Gene_21
Gene_147,Gene_22
Gene_147,Gene_24
Gene_147,Gene_25
Gene_147,Gene_26
Gene_147,Gene_28
Gene_147,Gene_29
Gene_147,Gene_30
Gene_147,Gene_31
Gene_147,Gene_32
Gene_147,Gene_33
Gene_147,Gene_36
Gene_147,Gene_38
Gene_147,Gene_40
Gene_147,Gene_44
Gene_147,Gene_45
Gene_147,Gene_46
Gene_147,Gene_49
Gene_147,Gene_50
Gene_147,Gene_51
Gene_147,Gene_52
Gene_147,Gene_53
Gene_147,Gene_54
Gene_147,Gene_56
Gene_147,Gene_57
Gene_147,Gene_59
Gene_147,Gene_60
Gene_147,Gene_63
Gene_147,Gene_64
Gene_147,Gene_65
Gene_147,Gene_66
Gene_147,Gene_67
Gene_147,Gene_68
Gene_147,Gene_69
Gene_147,Gene_70
Gene_147,Gene_71
Gene_147,Gene_72
Gene_147,Gene_73
Gene_147,Gene_74
Gene_147,Gene_76
Gene_147,Gene_77
Gene_147,Gene_78
Gene_147,Gene_79
Gene_147,Gene_80
Gene_147,Gene_81
Gene_147,Gene_82
Gene_147,Gene_83
Gene_147,Gene_84
Gene_147,Gene_85
Gene_147,Gene_86
Gene_147,Gene_87
Gene_147,Gene_88
Gene_147,Gene_90
Gene_147,Gene_92
Gene_147,Gene_93
Gene_147,Gene_94
Gene_147,Gene_95
Gene_147,Gene_96
Gene_147,Gene_97
Gene_147,Gene_98
Gene_147,Gene_99
Gene_147,Gene_101
Gene_147,Gene_102
Gene_147,Gene_103
Gene_147,Gene_104
Gene_147,Gene_106
Gene_147,Gene_107
Gene_147,Gene_108
Gene_147,Gene_110
Gene_147,Gene_111
Gene_147,Gene_115
Gene_147,Gene_116
Gene_147,Gene_117
Gene_147,Gene_119
Gene_147,Gene_120
Gene_147,Gene_122
Gene_147,Gene_123
Gene_147,Gene_124
Gene_147,Gene_125
Gene_147,Gene_126
Gene_147,Gene_128
Gene_147,Gene_129
Gene_147,Gene_130
Gene_147,Gene_131
Gene_147,Gene_132
Gene_147,Gene_133
Gene_147,Gene_136
Gene_147,Gene_137
Gene_147,Gene_138
Gene_147,Gene_139
Gene_147,Gene_140
Gene_147,Gene_142
Gene_147,Gene_143
Gene_147,Gene_144
Gene_147,Gene_145
Gene_147,Gene_146
Gene_147,Gene_147
Gene_147,Gene_148
Gene_147,Gene_152
Gene_147,Gene_153
Gene_147,Gene_154
Gene_147,Gene_155
Gene_147,Gene_156
Gene_147,Gene_157
Gene_147,Gene_158
Gene_147,Gene_160
Gene_147,Gene_161
Gene_147,Gene_162
Gene_147,Gene_163
Gene_147,Gene_164
Gene_147,Gene_165
Gene_147,Gene_166
Gene_147,Gene_167
Gene_147,Gene_168
Gene_147,Gene_169
Gene_147,Gene_171
Gene_147,Gene_172
Gene_147,Gene_173
Gene_147,Gene_174
Gene_147,Gene_175
Gene_147,Gene_176
Gene_147,Gene_177
Gene_147,Gene_178
Gene_147,Gene_179
Gene_147,Gene_180
Gene_147,Gene_181
Gene_147,Gene_183
Gene_147,Gene_184
Gene_147,Gene_186
Gene_147,Gene_188
Gene_147,Gene_189
Gene_147,Gene_191
Gene_147,Gene_192
Gene_147,Gene_193
Gene_147,Gene_194
Gene_147,Gene_195
Gene_147,Gene_196
Gene_147,Gene_197
Gene_147,Gene_199
Gene_147,Gene_200
Gene_148,Gene_1
Gene_148,Gene_2
Gene_148,Gene_4
Gene_148,Gene_5
Gene_148,Gene_6
Gene_148,Gene_7
Gene_148,Gene_8
Gene_148,Gene_10
Gene_148,Gene_11
Gene_148,Gene_12
Gene_148,Gene_13
Gene_148,Gene_14
Gene_148,Gene_15
Gene_148,Gene_17
Gene_148,Gene_19
Gene_148,Gene_20
Gene_148,Gene_22
Gene_148,Gene_26
Gene_148,Gene_27
Gene_148,Gene_28
Gene_148,Gene_29
Gene_148,Gene_31
Gene_148,Gene_33
Gene_148,Gene_34
Gene_148,Gene_35
Gene_148,Gene_36
Gene_148,Gene_37
Gene_148,Gene_38
Gene_148,Gene_39
Gene_148,Gene_40
Gene_148,Gene_41
Gene_148,Gene_42
Gene_148,Gene_43
Gene_148,Gene_44
Gene_148,Gene_45
Gene_148,Gene_46
Gene_148,Gene_49
Gene_148,Gene_50
Gene_148,Gene_51
Gene_148,Gene_52
Gene_148,Gene_53
Gene_148,Gene_54
Gene_148,Gene_55
Gene_148,Gene_56
Gene_148,Gene_57
Gene_148,Gene_58
Gene_148,Gene_59
Gene_148,Gene_60
Gene_148,Gene_61
Gene_148,Gene_62
Gene_148,Gene_63
Gene_148,Gene_65
Gene_148,Gene_66
Gene_148,Gene_67
Gene_148,Gene_69
Gene_148,Gene_70
Gene_148,Gene_71
Gene_148,Gene_72
Gene_148,Gene_73
Gene_148,Gene_75
Gene_148,Gene_78
Gene_148,Gene_80
Gene_148,Gene_81
Gene_148,Gene_82
Gene_148,Gene_83
Gene_148,Gene_85
Gene_148,Gene_86
Gene_148,Gene_87
Gene_148,Gene_88
Gene_148,Gene_89
Gene_148,Gene_90
Gene_148,Gene_91
Gene_148,Gene_92
Gene_148,Gene_93
Gene_148,Gene_94
Gene_148,Gene_95
Gene_148,Gene_96
Gene_148,Gene_97
Gene_148,Gene_99
Gene_148,Gene_100
Gene_148,Gene_101
Gene_148,Gene_102
Gene_148,Gene_103
Gene_148,Gene_105
Gene_148,Gene_106
Gene_148,Gene_107
Gene_148,Gene_108
Gene_148,Gene_110
Gene_148,Gene_111
Gene_148,Gene_112
Gene_148,Gene_115
Gene_148,Gene_117
Gene_148,Gene_118
Gene_148,Gene_119
Gene_148,Gene_120
Gene_148,Gene_121
Gene_148,Gene_122
Gene_148,Gene_123
Gene_148,Gene_124
Gene_148,Gene_126
Gene_148,Gene_127
Gene_148,Gene_128
Gene_148,Gene_129
Gene_148,Gene_130
Gene_148,Gene_131
Gene_148,Gene_133
Gene_148,Gene_134
Gene_148,Gene_136
Gene_148,Gene_137
Gene_148,Gene_138
Gene_148,Gene_139
Gene_148,Gene_140
Gene_148,Gene_141
Gene_148,Gene_142
Gene_148,Gene_143
Gene_148,Gene_144
Gene_148,Gene_145
Gene_148,Gene_146
Gene_148,Gene_147
Gene_148,Gene_148
Gene_148,Gene_151
Gene_148,Gene_152
Gene_148,Gene_153
Gene_148,Gene_155
Gene_148,Gene_156
Gene_148,Gene_158
Gene_148,Gene_159
Gene_148,Gene_161
Gene_148,Gene_162
Gene_148,Gene_163
Gene_148,Gene_164
Gene_148,Gene_165
Gene_148,Gene_166
Gene_148,Gene_167
Gene_148,Gene_168
Gene_148,Gene_169
Gene_148,Gene_171
Gene_148,Gene_172
Gene_148,Gene_174
Gene_148,Gene_175
Gene_148,Gene_177
Gene_148,Gene_180
Gene_148,Gene_181
Gene_148,Gene_182
Gene_148,Gene_183
Gene_148,Gene_184
Gene_148,Gene_186
Gene_148,Gene_187
Gene_148,Gene_188
Gene_148,Gene_189
Gene_148,Gene_190
Gene_148,Gene_191
Gene_148,Gene_193
Gene_148,Gene_194
Gene_148,Gene_195
Gene_148,Gene_199
Gene_148,Gene_200
Gene_149,Gene_0
Gene_149,Gene_3
Gene_149,Gene_4
Gene_149,Gene_5
Gene_149,Gene_6
Gene_149,Gene_7
Gene_149,Gene_8
Gene_149,Gene_9
Gene_149,Gene_10
Gene_149,Gene_12
Gene_149,Gene_13
Gene_149,Gene_17
Gene_149,Gene_18
Gene_149,Gene_19
Gene_149,Gene_21
Gene_149,Gene_23
Gene_149,Gene_24
Gene_149,Gene_25
Gene_149,Gene_26
Gene_149,Gene_27
Gene_149,Gene_28
Gene_149,Gene_29
Gene_149,Gene_30
Gene_149,Gene_33
Gene_149,Gene_34
Gene_149,Gene_35
Gene_149,Gene_36
Gene_149,Gene_38
Gene_149,Gene_39
Gene_149,Gene_40
Gene_149,Gene_41
Gene_149,Gene_42
Gene_149,Gene_44
Gene_149,Gene_45
Gene_149,Gene_46
Gene_149,Gene_47
Gene_149,Gene_48
Gene_149,Gene_49
Gene_149,Gene_50
Gene_149,Gene_53
Gene_149,Gene_55
Gene_149,Gene_56
Gene_149,Gene_58
Gene_149,Gene_60
Gene_149,Gene_61
Gene_149,Gene_63
Gene_149,Gene_66
Gene_149,Gene_68
Gene_149,Gene_69
Gene_149,Gene_70
Gene_149,Gene_71
Gene_149,Gene_72
Gene_149,Gene_73
Gene_149,Gene_75
Gene_149,Gene_76
Gene_149,Gene_78
Gene_149,Gene_79
Gene_149,Gene_80
Gene_149,Gene_81
Gene_149,Gene_82
Gene_149,Gene_83
Gene_149,Gene_84
Gene_149,Gene_86
Gene_149,Gene_87
Gene_149,Gene_88
Gene_149,Gene_89
Gene_149,Gene_90
Gene_149,Gene_91
Gene_149,Gene_92
Gene_149,Gene_94
Gene_149,Gene_96
Gene_149,Gene_98
Gene_149,Gene_99
Gene_149,Gene_101
Gene_149,Gene_102
Gene_149,Gene_103
Gene_149,Gene_104
Gene_149,Gene_105
Gene_149,Gene_106
Gene_149,Gene_107
Gene_149,Gene_108
Gene_149,Gene_109
Gene_149,Gene_110
Gene_149,Gene_112
Gene_149,Gene_113
Gene_149,Gene_114
Gene_149,Gene_115
Gene_149,Gene_116
Gene_149,Gene_117
Gene_149,Gene_118
Gene_149,Gene_119
Gene_149,Gene_120
Gene_149,Gene_121
Gene_149,Gene_122
Gene_149,Gene_123
Gene_149,Gene_124
Gene_149,Gene_125
Gene_149,Gene_127
Gene_149,Gene_128
Gene_149,Gene_129
Gene_149,Gene_130
Gene_149,Gene_131
Gene_149,Gene_132
Gene_149,Gene_133
Gene_149,Gene_134
Gene_149,Gene_135
Gene_149,Gene_136
Gene_149,Gene_137
Gene_149,Gene_139
Gene_149,Gene_140
Gene_149,Gene_141
Gene_149,Gene_142
Gene_149,Gene_143
Gene_149,Gene_144
Gene_149,Gene_145
Gene_149,Gene_146
Gene_149,Gene_147
Gene_149,Gene_148
Gene_149,Gene_149
Gene_149,Gene_150
Gene_149,Gene_151
Gene_149,Gene_152
Gene_149,Gene_153
Gene_149,Gene_155
Gene_149,Gene_157
Gene_149,Gene_158
Gene_149,Gene_160
Gene_149,Gene_161
Gene_149,Gene_163
Gene_149,Gene_165
Gene_149,Gene_166
Gene_149,Gene_167
Gene_149,Gene_168
Gene_149,Gene_169
Gene_149,Gene_170
Gene_149,Gene_172
Gene_149,Gene_173
Gene_149,Gene_174
Gene_149,Gene_175
Gene_149,Gene_176
Gene_149,Gene_177
Gene_149,Gene_179
Gene_149,Gene_180
Gene_149,Gene_181
Gene_149,Gene_182
Gene_149,Gene_183
Gene_149,Gene_184
Gene_149,Gene_185
Gene_149,Gene_186
Gene_149,Gene_187
Gene_149,Gene_189
Gene_149,Gene_190
Gene_149,Gene_191
Gene_149,Gene_192
Gene_149,Gene_193
Gene_149,Gene_194
Gene_149,Gene_195
Gene_149,Gene_196
Gene_149,Gene_197
Gene_149,Gene_198
Gene_149,Gene_199
Gene_149,Gene_200
Gene_150,Gene_0
Gene_150,Gene_2
Gene_150,Gene_3
Gene_150,Gene_4
Gene_150,Gene_5
Gene_150,Gene_6
Gene_150,Gene_7
Gene_150,Gene_8
Gene_150,Gene_9
Gene_150,Gene_10
Gene_150,Gene_12
Gene_150,Gene_13
Gene_150,Gene_14
Gene_150,Gene_15
Gene_150,Gene_16
Gene_150,Gene_18
Gene_150,Gene_20
Gene_150,Gene_21
Gene_150,Gene_22
Gene_150,Gene_23
Gene_150,Gene_25
Gene_150,Gene_26
Gene_150,Gene_27
Gene_150,Gene_29
Gene_150,Gene_33
Gene_150,Gene_34
Gene_150,Gene_35
Gene_150,Gene_36
Gene_150,Gene_37
Gene_150,Gene_38
Gene_150,Gene_40
Gene_150,Gene_41
Gene_150,Gene_42
Gene_150,Gene_43
Gene_150,Gene_44
Gene_150,Gene_45
Gene_150,Gene_46
Gene_150,Gene_47
Gene_150,Gene_48
Gene_150,Gene_49
Gene_150,Gene_50
Gene_150,Gene_52
Gene_150,Gene_53
Gene_150,Gene_54
Gene_150,Gene_55
Gene_150,Gene_56
Gene_150,Gene_57
Gene_150,Gene_58
Gene_150,Gene_59
Gene_150,Gene_60
Gene_150,Gene_61
Gene_150,Gene_62
Gene_150,Gene_63
Gene_150,Gene_64
Gene_150,Gene_65
Gene_150,Gene_66
Gene_150,Gene_67
Gene_150,Gene_68
Gene_150,Gene_69
Gene_150,Gene_70
Gene_150,Gene_71
Gene_150,Gene_73
Gene_150,Gene_74
Gene_150,Gene_75
Gene_150,Gene_76
Gene_150,Gene_77
Gene_150,Gene_78
Gene_150,Gene_79
Gene_150,Gene_81
Gene_150,Gene_83
Gene_150,Gene_84
Gene_150,Gene_85
Gene_150,Gene_90
Gene_150,Gene_91
Gene_150,Gene_92
Gene_150,Gene_93
Gene_150,Gene_97
Gene_150,Gene_100
Gene_150,Gene_101
Gene_150,Gene_102
Gene_150,Gene_103
Gene_150,Gene_104
Gene_150,Gene_105
Gene_150,Gene_106
Gene_150,Gene_107
Gene_150,Gene_108
Gene_150,Gene_109
Gene_150,Gene_110
Gene_150,Gene_112
Gene_150,Gene_113
Gene_150,Gene_115
Gene_150,Gene_116
Gene_150,Gene_117
Gene_150,Gene_118
Gene_150,Gene_119
Gene_150,Gene_120
Gene_150,Gene_121
Gene_150,Gene_123
Gene_150,Gene_124
Gene_150,Gene_125
Gene_150,Gene_127
Gene_150,Gene_129
Gene_150,Gene_131
Gene_150,Gene_132
Gene_150,Gene_133
Gene_150,Gene_134
Gene_150,Gene_135
Gene_150,Gene_136
Gene_150,Gene_137
Gene_150,Gene_139
Gene_150,Gene_140
Gene_150,Gene_141
Gene_150,Gene_142
Gene_150,Gene_143
Gene_150,Gene_144
Gene_150,Gene_147
Gene_150,Gene_148
Gene_150,Gene_149
Gene_150,Gene_150
Gene_150,Gene_153
Gene_150,Gene_154
Gene_150,Gene_155
Gene_150,Gene_156
Gene_150,Gene_157
Gene_150,Gene_158
Gene_150,Gene_160
Gene_150,Gene_161
Gene_150,Gene_162
Gene_150,Gene_163
Gene_150,Gene_164
Gene_150,Gene_169
Gene_150,Gene_170
Gene_150,Gene_171
Gene_150,Gene_172
Gene_150,Gene_173
Gene_150,Gene_175
Gene_150,Gene_176
Gene_150,Gene_177
Gene_150,Gene_178
Gene_150,Gene_179
Gene_150,Gene_180
Gene_150,Gene_181
Gene_150,Gene_182
Gene_150,Gene_183
Gene_150,Gene_184
Gene_150,Gene_185
Gene_150,Gene_186
Gene_150,Gene_187
Gene_150,Gene_188
Gene_150,Gene_189
Gene_150,Gene_190
Gene_150,Gene_191
Gene_150,Gene_193
Gene_150,Gene_194
Gene_150,Gene_195
Gene_150,Gene_196
Gene_150,Gene_197
Gene_150,Gene_198
Gene_150,Gene_200
Gene_151,Gene_0
Gene_151,Gene_1
Gene_151,Gene_2
Gene_151,Gene_3
Gene_151,Gene_4
Gene_151,Gene_5
Gene_151,Gene_6
Gene_151,Gene_8
Gene_151,Gene_9
Gene_151,Gene_11
Gene_151,Gene_12
Gene_151,Gene_13
Gene_151,Gene_14
Gene_151,Gene_15
Gene_151,Gene_16
Gene_151,Gene_17
Gene_151,Gene_19
Gene_151,Gene_20
Gene_151,Gene_22
Gene_151,Gene_23
Gene_151,Gene_24
Gene_151,Gene_25
Gene_151,Gene_27
Gene_151,Gene_28
Gene_151,Gene_30
Gene_151,Gene_31
Gene_151,Gene_33
Gene_151,Gene_35
Gene_151,Gene_36
Gene_151,Gene_37
Gene_151,Gene_39
Gene_151,Gene_40
Gene_151,Gene_41
Gene_151,Gene_42
Gene_151,Gene_43
Gene_151,Gene_44
Gene_151,Gene_45
Gene_151,Gene_46
Gene_151,Gene_47
Gene_151,Gene_48
Gene_151,Gene_50
Gene_151,Gene_51
Gene_151,Gene_52
Gene_151,Gene_54
Gene_151,Gene_55
Gene_151,Gene_56
Gene_151,Gene_57
Gene_151,Gene_59
Gene_151,Gene_60
Gene_151,Gene_61
Gene_151,Gene_62
Gene_151,Gene_63
Gene_151,Gene_64
Gene_151,Gene_67
Gene_151,Gene_68
Gene_151,Gene_69
Gene_151,Gene_70
Gene_151,Gene_72
Gene_151,Gene_73
Gene_151,Gene_74
Gene_151,Gene_75
Gene_151,Gene_76
Gene_151,Gene_77
Gene_151,Gene_78
Gene_151,Gene_79
Gene_151,Gene_81
Gene_151,Gene_82
Gene_151,Gene_84
Gene_151,Gene_85
Gene_151,Gene_86
Gene_151,Gene_87
Gene_151,Gene_88
Gene_151,Gene_89
Gene_151,Gene_90
Gene_151,Gene_91
Gene_151,Gene_92
Gene_151,Gene_93
Gene_151,Gene_94
Gene_151,Gene_95
Gene_151,Gene_97
Gene_151,Gene_98
Gene_151,Gene_100
Gene_151,Gene_102
Gene_151,Gene_103
Gene_151,Gene_105
Gene_151,Gene_106
Gene_151,Gene_107
Gene_151,Gene_108
Gene_151,Gene_110
Gene_151,Gene_111
Gene_151,Gene_112
Gene_151,Gene_113
Gene_151,Gene_114
Gene_151,Gene_116
Gene_151,Gene_118
Gene_151,Gene_120
Gene_151,Gene_121
Gene_151,Gene_123
Gene_151,Gene_124
Gene_151,Gene_125
Gene_151,Gene_126
Gene_151,Gene_127
Gene_151,Gene_129
Gene_151,Gene_131
Gene_151,Gene_133
Gene_151,Gene_134
Gene_151,Gene_135
Gene_151,Gene_136
Gene_151,Gene_137
Gene_151,Gene_139
Gene_151,Gene_140
Gene_151,Gene_142
Gene_151,Gene_143
Gene_151,Gene_144
Gene_151,Gene_145
Gene_151,Gene_146
Gene_151,Gene_147
Gene_151,Gene_148
Gene_151,Gene_149
Gene_151,Gene_150
Gene_151,Gene_151
Gene_151,Gene_152
Gene_151,Gene_153
Gene_151,Gene_154
Gene_151,Gene_156
Gene_151,Gene_157
Gene_151,Gene_158
Gene_151,Gene_160
Gene_151,Gene_161
Gene_151,Gene_162
Gene_151,Gene_163
Gene_151,Gene_164
Gene_151,Gene_166
Gene_151,Gene_167
Gene_151,Gene_168
Gene_151,Gene_169
Gene_151,Gene_170
Gene_151,Gene_171
Gene_151,Gene_172
Gene_151,Gene_173
Gene_151,Gene_174
Gene_151,Gene_175
Gene_151,Gene_176
Gene_151,Gene_177
Gene_151,Gene_178
Gene_151,Gene_179
Gene_151,Gene_180
Gene_151,Gene_181
Gene_151,Gene_182
Gene_151,Gene_183
Gene_151,Gene_184
Gene_151,Gene_185
Gene_151,Gene_186
Gene_151,Gene_188
Gene_151,Gene_189
Gene_151,Gene_190
Gene_151,Gene_191
Gene_151,Gene_192
Gene_151,Gene_193
Gene_151,Gene_195
Gene_151,Gene_196
Gene_151,Gene_198
Gene_151,Gene_199
Gene_151,Gene_200
Gene_152,Gene_0
Gene_152,Gene_1
Gene_152,Gene_3
Gene_152,Gene_6
Gene_152,Gene_9
Gene_152,Gene_17
Gene_152,Gene_18
Gene_152,Gene_19
Gene_152,Gene_21
Gene_152,Gene_25
Gene_152,Gene_27
Gene_152,Gene_28
Gene_152,Gene_29
Gene_152,Gene_32
Gene_152,Gene_34
Gene_152,Gene_35
Gene_152,Gene_36
Gene_152,Gene_39
Gene_152,Gene_40
Gene_152,Gene_43
Gene_152,Gene_44
Gene_152,Gene_45
Gene_152,Gene_52
Gene_152,Gene_53
Gene_152,Gene_56
Gene_152,Gene_59
Gene_152,Gene_60
Gene_152,Gene_65
Gene_152,Gene_66
Gene_152,Gene_67
Gene_152,Gene_69
Gene_152,Gene_75
Gene_152,Gene_77
Gene_152,Gene_80
Gene_152,Gene_85
Gene_152,Gene_86
Gene_152,Gene_89
Gene_152,Gene_91
Gene_152,Gene_92
Gene_152,Gene_94
Gene_152,Gene_96
Gene_152,Gene_97
Gene_152,Gene_98
Gene_152,Gene_110
Gene_152,Gene_112
Gene_152,Gene_114
Gene_152,Gene_117
Gene_152,Gene_118
Gene_152,Gene_119
Gene_152,Gene_120
Gene_152,Gene_121
Gene_152,Gene_125
Gene_152,Gene_126
Gene_152,Gene_127
Gene_152,Gene_128
Gene_152,Gene_129
Gene_152,Gene_135
Gene_152,Gene_137
Gene_152,Gene_139
Gene_152,Gene_141
Gene_152,Gene_142
Gene_152,Gene_143
Gene_152,Gene_147
Gene_152,Gene_148
Gene_152,Gene_154
Gene_152,Gene_155
Gene_152,Gene_158
Gene_152,Gene_159
Gene_152,Gene_160
Gene_152,Gene_161
Gene_152,Gene_163
Gene_152,Gene_164
Gene_152,Gene_168
Gene_152,Gene_172
Gene_152,Gene_175
Gene_152,Gene_176
Gene_152,Gene_180
Gene_152,Gene_183
Gene_152,Gene_184
Gene_152,Gene_186
Gene_152,Gene_190
Gene_152,Gene_198
Gene_152,Gene_199
Gene_152,Gene_200
Gene_153,Gene_0
Gene_153,Gene_1
Gene_153,Gene_2
Gene_153,Gene_3
Gene_153,Gene_4
Gene_153,Gene_5
Gene_153,Gene_6
Gene_153,Gene_7
Gene_153,Gene_8
Gene_153,Gene_9
Gene_153,Gene_11
Gene_153,Gene_14
Gene_153,Gene_15
Gene_153,Gene_16
Gene_153,Gene_17
Gene_153,Gene_18
Gene_153,Gene_19
Gene_153,Gene_20
Gene_153,Gene_21
Gene_153,Gene_22
Gene_153,Gene_23
Gene_153,Gene_24
Gene_153,Gene_25
Gene_153,Gene_26
Gene_153,Gene_27
Gene_153,Gene_28
Gene_153,Gene_29
Gene_153,Gene_30
Gene_153,Gene_31
Gene_153,Gene_32
Gene_153,Gene_33
Gene_153,Gene_34
Gene_153,Gene_35
Gene_153,Gene_36
Gene_153,Gene_37
Gene_153,Gene_38
Gene_153,Gene_39
Gene_153,Gene_41
Gene_153,Gene_42
Gene_153,Gene_44
Gene_153,Gene_45
Gene_153,Gene_46
Gene_153,Gene_47
Gene_153,Gene_48
Gene_153,Gene_50
Gene_153,Gene_51
Gene_153,Gene_52
Gene_153,Gene_53
Gene_153,Gene_54
Gene_153,Gene_55
Gene_153,Gene_56
Gene_153,Gene_57
Gene_153,Gene_58
Gene_153,Gene_59
Gene_153,Gene_62
Gene_153,Gene_65
Gene_153,Gene_66
Gene_153,Gene_67
Gene_153,Gene_68
Gene_153,Gene_70
Gene_153,Gene_71
Gene_153,Gene_73
Gene_153,Gene_74
Gene_153,Gene_75
Gene_153,Gene_78
Gene_153,Gene_79
Gene_153,Gene_80
Gene_153,Gene_81
Gene_153,Gene_82
Gene_153,Gene_83
Gene_153,Gene_84
Gene_153,Gene_85
Gene_153,Gene_86
Gene_153,Gene_88
Gene_153,Gene_89
Gene_153,Gene_90
Gene_153,Gene_91
Gene_153,Gene_93
Gene_153,Gene_94
Gene_153,Gene_96
Gene_153,Gene_97
Gene_153,Gene_99
Gene_153,Gene_101
Gene_153,Gene_102
Gene_153,Gene_103
Gene_153,Gene_104
Gene_153,Gene_105
Gene_153,Gene_106
Gene_153,Gene_107
Gene_153,Gene_108
Gene_153,Gene_111
Gene_153,Gene_112
Gene_153,Gene_113
Gene_153,Gene_116
Gene_153,Gene_117
Gene_153,Gene_118
Gene_153,Gene_119
Gene_153,Gene_120
Gene_153,Gene_121
Gene_153,Gene_122
Gene_153,Gene_123
Gene_153,Gene_124
Gene_153,Gene_125
Gene_153,Gene_126
Gene_153,Gene_129
Gene_153,Gene_132
Gene_153,Gene_133
Gene_153,Gene_134
Gene_153,Gene_135
Gene_153,Gene_138
Gene_153,Gene_140
Gene_153,Gene_141
Gene_153,Gene_143
Gene_153,Gene_144
Gene_153,Gene_145
Gene_153,Gene_146
Gene_153,Gene_147
Gene_153,Gene_148
Gene_153,Gene_150
Gene_153,Gene_151
Gene_153,Gene_153
Gene_153,Gene_154
Gene_153,Gene_155
Gene_153,Gene_156
Gene_153,Gene_157
Gene_153,Gene_159
Gene_153,Gene_160
Gene_153,Gene_161
Gene_153,Gene_162
Gene_153,Gene_163
Gene_153,Gene_164
Gene_153,Gene_166
Gene_153,Gene_167
Gene_153,Gene_168
Gene_153,Gene_169
Gene_153,Gene_170
Gene_153,Gene_171
Gene_153,Gene_172
Gene_153,Gene_173
Gene_153,Gene_175
Gene_153,Gene_176
Gene_153,Gene_177
Gene_153,Gene_178
Gene_153,Gene_179
Gene_153,Gene_180
Gene_153,Gene_181
Gene_153,Gene_182
Gene_153,Gene_184
Gene_153,Gene_185
Gene_153,Gene_186
Gene_153,Gene_187
Gene_153,Gene_188
Gene_153,Gene_189
Gene_153,Gene_190
Gene_153,Gene_191
Gene_153,Gene_192
Gene_153,Gene_193
Gene_153,Gene_195
Gene_153,Gene_196
Gene_153,Gene_198
Gene_154,Gene_0
Gene_154,Gene_1
Gene_154,Gene_2
Gene_154,Gene_4
Gene_154,Gene_5
Gene_154,Gene_6
Gene_154,Gene_7
Gene_154,Gene_8
Gene_154,Gene_9
Gene_154,Gene_10
Gene_154,Gene_11
Gene_154,Gene_12
Gene_154,Gene_13
Gene_154,Gene_14
Gene_154,Gene_15
Gene_154,Gene_16
Gene_154,Gene_17
Gene_154,Gene_18
Gene_154,Gene_19
Gene_154,Gene_20
Gene_154,Gene_21
Gene_154,Gene_22
Gene_154,Gene_23
Gene_154,Gene_24
Gene_154,Gene_25
Gene_154,Gene_26
Gene_154,Gene_27
Gene_154,Gene_30
Gene_154,Gene_31
Gene_154,Gene_32
Gene_154,Gene_33
Gene_154,Gene_34
Gene_154,Gene_35
Gene_154,Gene_36
Gene_154,Gene_37
Gene_154,Gene_38
Gene_154,Gene_39
Gene_154,Gene_40
Gene_154,Gene_41
Gene_154,Gene_42
Gene_154,Gene_44
Gene_154,Gene_45
Gene_154,Gene_46
Gene_154,Gene_47
Gene_154,Gene_48
Gene_154,Gene_49
Gene_154,Gene_50
Gene_154,Gene_51
Gene_154,Gene_52
Gene_154,Gene_53
Gene_154,Gene_54
Gene_154,Gene_55
Gene_154,Gene_56
Gene_154,Gene_57
Gene_154,Gene_58
Gene_154,Gene_59
Gene_154,Gene_60
Gene_154,Gene_61
Gene_154,Gene_62
Gene_154,Gene_63
Gene_154,Gene_64
Gene_154,Gene_66
Gene_154,Gene_67
Gene_154,Gene_68
Gene_154,Gene_71
Gene_154,Gene_72
Gene_154,Gene_73
Gene_154,Gene_75
Gene_154,Gene_76
Gene_154,Gene_77
Gene_154,Gene_78
Gene_154,Gene_79
Gene_154,Gene_80
Gene_154,Gene_81
Gene_154,Gene_82
Gene_154,Gene_83
Gene_154,Gene_84
Gene_154,Gene_86
Gene_154,Gene_87
Gene_154,Gene_88
Gene_154,Gene_89
Gene_154,Gene_90
Gene_154,Gene_91
Gene_154,Gene_92
Gene_154,Gene_93
Gene_154,Gene_95
Gene_154,Gene_96
Gene_154,Gene_98
Gene_154,Gene_99
Gene_154,Gene_100
Gene_154,Gene_101
Gene_154,Gene_103
Gene_154,Gene_105
Gene_154,Gene_107
Gene_154,Gene_108
Gene_154,Gene_110
Gene_154,Gene_112
Gene_154,Gene_113
Gene_154,Gene_115
Gene_154,Gene_116
Gene_154,Gene_119
Gene_154,Gene_120
Gene_154,Gene_121
Gene_154,Gene_122
Gene_154,Gene_123
Gene_154,Gene_124
Gene_154,Gene_126
Gene_154,Gene_127
Gene_154,Gene_130
Gene_154,Gene_131
Gene_154,Gene_133
Gene_154,Gene_134
Gene_154,Gene_135
Gene_154,Gene_137
Gene_154,Gene_139
Gene_154,Gene_140
Gene_154,Gene_141
Gene_154,Gene_142
Gene_154,Gene_143
Gene_154,Gene_144
Gene_154,Gene_145
Gene_154,Gene_146
Gene_154,Gene_147
Gene_154,Gene_150
Gene_154,Gene_151
Gene_154,Gene_152
Gene_154,Gene_153
Gene_154,Gene_154
Gene_154,Gene_155
Gene_154,Gene_156
Gene_154,Gene_157
Gene_154,Gene_159
Gene_154,Gene_160
Gene_154,Gene_162
Gene_154,Gene_163
Gene_154,Gene_167
Gene_154,Gene_168
Gene_154,Gene_169
Gene_154,Gene_170
Gene_154,Gene_172
Gene_154,Gene_173
Gene_154,Gene_174
Gene_154,Gene_175
Gene_154,Gene_176
Gene_154,Gene_177
Gene_154,Gene_178
Gene_154,Gene_179
Gene_154,Gene_180
Gene_154,Gene_181
Gene_154,Gene_182
Gene_154,Gene_183
Gene_154,Gene_184
Gene_154,Gene_186
Gene_154,Gene_187
Gene_154,Gene_188
Gene_154,Gene_189
Gene_154,Gene_190
Gene_154,Gene_192
Gene_154,Gene_193
Gene_154,Gene_195
Gene_154,Gene_196
Gene_154,Gene_197
Gene_154,Gene_198
Gene_154,Gene_199
Gene_154,Gene_200
Gene_155,Gene_0
Gene_155,Gene_1
Gene_155,Gene_5
Gene_155,Gene_6
Gene_155,Gene_7
Gene_155,Gene_9
Gene_155,Gene_10
Gene_155,Gene_11
Gene_155,Gene_12
Gene_155,Gene_13
Gene_155,Gene_14
Gene_155,Gene_15
Gene_155,Gene_16
Gene_155,Gene_17
Gene_155,Gene_19
Gene_155,Gene_20
Gene_155,Gene_21
Gene_155,Gene_22
Gene_155,Gene_23
Gene_155,Gene_25
Gene_155,Gene_26
Gene_155,Gene_27
Gene_155,Gene_28
Gene_155,Gene_29
Gene_155,Gene_30
Gene_155,Gene_31
Gene_155,Gene_32
Gene_155,Gene_33
Gene_155,Gene_34
Gene_155,Gene_35
Gene_155,Gene_36
Gene_155,Gene_37
Gene_155,Gene_38
Gene_155,Gene_39
Gene_155,Gene_40
Gene_155,Gene_41
Gene_155,Gene_42
Gene_155,Gene_43
Gene_155,Gene_44
Gene_155,Gene_45
Gene_155,Gene_46
Gene_155,Gene_48
Gene_155,Gene_49
Gene_155,Gene_50
Gene_155,Gene_51
Gene_155,Gene_52
Gene_155,Gene_54
Gene_155,Gene_55
Gene_155,Gene_56
Gene_155,Gene_57
Gene_155,Gene_58
Gene_155,Gene_59
Gene_155,Gene_61
Gene_155,Gene_62
Gene_155,Gene_63
Gene_155,Gene_64
Gene_155,Gene_65
Gene_155,Gene_66
Gene_155,Gene_67
Gene_155,Gene_68
Gene_155,Gene_69
Gene_155,Gene_70
Gene_155,Gene_71
Gene_155,Gene_72
Gene_155,Gene_74
Gene_155,Gene_76
Gene_155,Gene_77
Gene_155,Gene_78
Gene_155,Gene_79
Gene_155,Gene_81
Gene_155,Gene_82
Gene_155,Gene_85
Gene_155,Gene_86
Gene_155,Gene_87
Gene_155,Gene_88
Gene_155,Gene_89
Gene_155,Gene_90
Gene_155,Gene_91
Gene_155,Gene_93
Gene_155,Gene_95
Gene_155,Gene_96
Gene_155,Gene_97
Gene_155,Gene_98
Gene_155,Gene_99
Gene_155,Gene_100
Gene_155,Gene_101
Gene_155,Gene_104
Gene_155,Gene_105
Gene_155,Gene_106
Gene_155,Gene_107
Gene_155,Gene_108
Gene_155,Gene_109
Gene_155,Gene_110
Gene_155,Gene_113
Gene_155,Gene_114
Gene_155,Gene_115
Gene_155,Gene_116
Gene_155,Gene_117
Gene_155,Gene_118
Gene_155,Gene_119
Gene_155,Gene_120
Gene_155,Gene_121
Gene_155,Gene_122
Gene_155,Gene_123
Gene_155,Gene_125
Gene_155,Gene_126
Gene_155,Gene_127
Gene_155,Gene_130
Gene_155,Gene_131
Gene_155,Gene_133
Gene_155,Gene_134
Gene_155,Gene_135
Gene_155,Gene_138
Gene_155,Gene_139
Gene_155,Gene_140
Gene_155,Gene_141
Gene_155,Gene_142
Gene_155,Gene_145
Gene_155,Gene_146
Gene_155,Gene_147
Gene_155,Gene_148
Gene_155,Gene_149
Gene_155,Gene_151
Gene_155,Gene_152
Gene_155,Gene_153
Gene_155,Gene_154
Gene_155,Gene_155
Gene_155,Gene_157
Gene_155,Gene_158
Gene_155,Gene_159
Gene_155,Gene_160
Gene_155,Gene_161
Gene_155,Gene_162
Gene_155,Gene_163
Gene_155,Gene_164
Gene_155,Gene_165
Gene_155,Gene_166
Gene_155,Gene_167
Gene_155,Gene_168
Gene_155,Gene_169
Gene_155,Gene_171
Gene_155,Gene_172
Gene_155,Gene_174
Gene_155,Gene_175
Gene_155,Gene_176
Gene_155,Gene_177
Gene_155,Gene_178
Gene_155,Gene_179
Gene_155,Gene_180
Gene_155,Gene_181
Gene_155,Gene_183
Gene_155,Gene_184
Gene_155,Gene_185
Gene_155,Gene_186
Gene_155,Gene_187
Gene_155,Gene_188
Gene_155,Gene_189
Gene_155,Gene_190
Gene_155,Gene_193
Gene_155,Gene_194
Gene_155,Gene_195
Gene_155,Gene_197
Gene_155,Gene_198
Gene_155,Gene_199
Gene_155,Gene_200
Gene_156,Gene_0
Gene_156,Gene_1
Gene_156,Gene_3
Gene_156,Gene_4
Gene_156,Gene_5
Gene_156,Gene_6
Gene_156,Gene_7
Gene_156,Gene_8
Gene_156,Gene_9
Gene_156,Gene_10
Gene_156,Gene_11
Gene_156,Gene_12
Gene_156,Gene_13
Gene_156,Gene_14
Gene_156,Gene_15
Gene_156,Gene_16
Gene_156,Gene_17
Gene_156,Gene_18
Gene_156,Gene_19
Gene_156,Gene_20
Gene_156,Gene_22
Gene_156,Gene_23
Gene_156,Gene_24
Gene_156,Gene_25
Gene_156,Gene_26
Gene_156,Gene_27
Gene_156,Gene_28
Gene_156,Gene_29
Gene_156,Gene_31
Gene_156,Gene_32
Gene_156,Gene_33
Gene_156,Gene_34
Gene_156,Gene_35
Gene_156,Gene_40
Gene_156,Gene_42
Gene_156,Gene_43
Gene_156,Gene_45
Gene_156,Gene_46
Gene_156,Gene_47
Gene_156,Gene_48
Gene_156,Gene_49
Gene_156,Gene_50
Gene_156,Gene_51
Gene_156,Gene_52
Gene_156,Gene_54
Gene_156,Gene_55
Gene_156,Gene_56
Gene_156,Gene_58
Gene_156,Gene_59
Gene_156,Gene_60
Gene_156,Gene_61
Gene_156,Gene_62
Gene_156,Gene_63
Gene_156,Gene_65
Gene_156,Gene_67
Gene_156,Gene_68
Gene_156,Gene_69
Gene_156,Gene_70
Gene_156,Gene_71
Gene_156,Gene_72
Gene_156,Gene_73
Gene_156,Gene_74
Gene_156,Gene_75
Gene_156,Gene_76
Gene_156,Gene_77
Gene_156,Gene_78
Gene_156,Gene_79
Gene_156,Gene_80
Gene_156,Gene_82
Gene_156,Gene_83
Gene_156,Gene_84
Gene_156,Gene_87
Gene_156,Gene_89
Gene_156,Gene_90
Gene_156,Gene_91
Gene_156,Gene_93
Gene_156,Gene_94
Gene_156,Gene_95
Gene_156,Gene_96
Gene_156,Gene_98
Gene_156,Gene_99
Gene_156,Gene_100
Gene_156,Gene_101
Gene_156,Gene_102
Gene_156,Gene_104
Gene_156,Gene_105
Gene_156,Gene_106
Gene_156,Gene_107
Gene_156,Gene_108
Gene_156,Gene_109
Gene_156,Gene_110
Gene_156,Gene_113
Gene_156,Gene_114
Gene_156,Gene_115
Gene_156,Gene_116
Gene_156,Gene_117
Gene_156,Gene_118
Gene_156,Gene_119
Gene_156,Gene_120
Gene_156,Gene_121
Gene_156,Gene_123
Gene_156,Gene_125
Gene_156,Gene_126
Gene_156,Gene_127
Gene_156,Gene_128
Gene_156,Gene_129
Gene_156,Gene_130
Gene_156,Gene_132
Gene_156,Gene_133
Gene_156,Gene_134
Gene_156,Gene_135
Gene_156,Gene_137
Gene_156,Gene_138
Gene_156,Gene_139
Gene_156,Gene_140
Gene_156,Gene_141
Gene_156,Gene_143
Gene_156,Gene_144
Gene_156,Gene_145
Gene_156,Gene_147
Gene_156,Gene_148
Gene_156,Gene_150
Gene_156,Gene_151
Gene_156,Gene_153
Gene_156,Gene_154
Gene_156,Gene_155
Gene_156,Gene_157
Gene_156,Gene_159
Gene_156,Gene_160
Gene_156,Gene_162
Gene_156,Gene_163
Gene_156,Gene_164
Gene_156,Gene_165
Gene_156,Gene_167
Gene_156,Gene_169
Gene_156,Gene_170
Gene_156,Gene_172
Gene_156,Gene_173
Gene_156,Gene_175
Gene_156,Gene_176
Gene_156,Gene_177
Gene_156,Gene_178
Gene_156,Gene_179
Gene_156,Gene_180
Gene_156,Gene_181
Gene_156,Gene_182
Gene_156,Gene_183
Gene_156,Gene_184
Gene_156,Gene_185
Gene_156,Gene_186
Gene_156,Gene_187
Gene_156,Gene_189
Gene_156,Gene_190
Gene_156,Gene_191
Gene_156,Gene_192
Gene_156,Gene_193
Gene_156,Gene_194
Gene_156,Gene_195
Gene_156,Gene_197
Gene_156,Gene_198
Gene_156,Gene_199
Gene_157,Gene_0
Gene_157,Gene_1
Gene_157,Gene_2
Gene_157,Gene_3
Gene_157,Gene_4
Gene_157,Gene_5
Gene_157,Gene_6
Gene_157,Gene_7
Gene_157,Gene_8
Gene_157,Gene_9
Gene_157,Gene_10
Gene_157,Gene_12
Gene_157,Gene_13
Gene_157,Gene_14
Gene_157,Gene_15
Gene_157,Gene_16
Gene_157,Gene_17
Gene_157,Gene_18
Gene_157,Gene_19
Gene_157,Gene_20
Gene_157,Gene_21
Gene_157,Gene_23
Gene_157,Gene_24
Gene_157,Gene_25
Gene_157,Gene_26
Gene_157,Gene_28
Gene_157,Gene_29
Gene_157,Gene_30
Gene_157,Gene_31
Gene_157,Gene_32
Gene_157,Gene_33
Gene_157,Gene_34
Gene_157,Gene_37
Gene_157,Gene_38
Gene_157,Gene_39
Gene_157,Gene_40
Gene_157,Gene_41
Gene_157,Gene_42
Gene_157,Gene_43
Gene_157,Gene_44
Gene_157,Gene_45
Gene_157,Gene_47
Gene_157,Gene_48
Gene_157,Gene_51
Gene_157,Gene_52
Gene_157,Gene_55
Gene_157,Gene_56
Gene_157,Gene_57
Gene_157,Gene_58
Gene_157,Gene_59
Gene_157,Gene_60
Gene_157,Gene_61
Gene_157,Gene_62
Gene_157,Gene_64
Gene_157,Gene_65
Gene_157,Gene_66
Gene_157,Gene_68
Gene_157,Gene_69
Gene_157,Gene_70
Gene_157,Gene_71
Gene_157,Gene_73
Gene_157,Gene_74
Gene_157,Gene_75
Gene_157,Gene_76
Gene_157,Gene_77
Gene_157,Gene_78
Gene_157,Gene_79
Gene_157,Gene_82
Gene_157,Gene_83
Gene_157,Gene_84
Gene_157,Gene_85
Gene_157,Gene_86
Gene_157,Gene_87
Gene_157,Gene_88
Gene_157,Gene_90
Gene_157,Gene_91
Gene_157,Gene_92
Gene_157,Gene_93
Gene_157,Gene_94
Gene_157,Gene_95
Gene_157,Gene_96
Gene_157,Gene_99
Gene_157,Gene_100
Gene_157,Gene_101
Gene_157,Gene_104
Gene_157,Gene_105
Gene_157,Gene_107
Gene_157,Gene_108
Gene_157,Gene_110
Gene_157,Gene_111
Gene_157,Gene_113
Gene_157,Gene_114
Gene_157,Gene_115
Gene_157,Gene_116
Gene_157,Gene_117
Gene_157,Gene_118
Gene_157,Gene_120
Gene_157,Gene_121
Gene_157,Gene_122
Gene_157,Gene_124
Gene_157,Gene_125
Gene_157,Gene_127
Gene_157,Gene_128
Gene_157,Gene_129
Gene_157,Gene_130
Gene_157,Gene_131
Gene_157,Gene_133
Gene_157,Gene_135
Gene_157,Gene_136
Gene_157,Gene_137
Gene_157,Gene_138
Gene_157,Gene_139
Gene_157,Gene_140
Gene_157,Gene_141
Gene_157,Gene_142
Gene_157,Gene_143
Gene_157,Gene_144
Gene_157,Gene_145
Gene_157,Gene_146
Gene_157,Gene_147
Gene_157,Gene_148
Gene_157,Gene_149
Gene_157,Gene_150
Gene_157,Gene_153
Gene_157,Gene_154
Gene_157,Gene_155
Gene_157,Gene_157
Gene_157,Gene_158
Gene_157,Gene_159
Gene_157,Gene_160
Gene_157,Gene_161
Gene_157,Gene_162
Gene_157,Gene_163
Gene_157,Gene_164
Gene_157,Gene_166
Gene_157,Gene_167
Gene_157,Gene_168
Gene_157,Gene_169
Gene_157,Gene_170
Gene_157,Gene_172
Gene_157,Gene_173
Gene_157,Gene_175
Gene_157,Gene_176
Gene_157,Gene_178
Gene_157,Gene_179
Gene_157,Gene_180
Gene_157,Gene_181
Gene_157,Gene_182
Gene_157,Gene_184
Gene_157,Gene_185
Gene_157,Gene_186
Gene_157,Gene_188
Gene_157,Gene_189
Gene_157,Gene_190
Gene_157,Gene_191
Gene_157,Gene_192
Gene_157,Gene_193
Gene_157,Gene_194
Gene_157,Gene_195
Gene_157,Gene_196
Gene_157,Gene_197
Gene_157,Gene_198
Gene_157,Gene_200
Gene_158,Gene_0
Gene_158,Gene_1
Gene_158,Gene_2
Gene_158,Gene_3
Gene_158,Gene_4
Gene_158,Gene_5
Gene_158,Gene_6
Gene_158,Gene_7
Gene_158,Gene_8
Gene_158,Gene_9
Gene_158,Gene_10
Gene_158,Gene_11
Gene_158,Gene_13
Gene_158,Gene_15
Gene_158,Gene_16
Gene_158,Gene_17
Gene_158,Gene_18
Gene_158,Gene_19
Gene_158,Gene_21
Gene_158,Gene_22
Gene_158,Gene_23
Gene_158,Gene_24
Gene_158,Gene_25
Gene_158,Gene_26
Gene_158,Gene_29
Gene_158,Gene_30
Gene_158,Gene_31
Gene_158,Gene_32
Gene_158,Gene_34
Gene_158,Gene_35
Gene_158,Gene_36
Gene_158,Gene_37
Gene_158,Gene_38
Gene_158,Gene_39
Gene_158,Gene_40
Gene_158,Gene_41
Gene_158,Gene_42
Gene_158,Gene_43
Gene_158,Gene_44
Gene_158,Gene_46
Gene_158,Gene_47
Gene_158,Gene_48
Gene_158,Gene_49
Gene_158,Gene_50
Gene_158,Gene_51
Gene_158,Gene_54
Gene_158,Gene_57
Gene_158,Gene_58
Gene_158,Gene_59
Gene_158,Gene_60
Gene_158,Gene_61
Gene_158,Gene_63
Gene_158,Gene_64
Gene_158,Gene_65
Gene_158,Gene_66
Gene_158,Gene_67
Gene_158,Gene_69
Gene_158,Gene_71
Gene_158,Gene_74
Gene_158,Gene_75
Gene_158,Gene_76
Gene_158,Gene_77
Gene_158,Gene_78
Gene_158,Gene_80
Gene_158,Gene_82
Gene_158,Gene_83
Gene_158,Gene_84
Gene_158,Gene_85
Gene_158,Gene_86
Gene_158,Gene_87
Gene_158,Gene_88
Gene_158,Gene_89
Gene_158,Gene_90
Gene_158,Gene_91
Gene_158,Gene_92
Gene_158,Gene_94
Gene_158,Gene_95
Gene_158,Gene_96
Gene_158,Gene_97
Gene_158,Gene_98
Gene_158,Gene_99
Gene_158,Gene_100
Gene_158,Gene_101
Gene_158,Gene_102
Gene_158,Gene_103
Gene_158,Gene_104
Gene_158,Gene_107
Gene_158,Gene_108
Gene_158,Gene_109
Gene_158,Gene_110
Gene_158,Gene_111
Gene_158,Gene_112
Gene_158,Gene_113
Gene_158,Gene_114
Gene_158,Gene_116
Gene_158,Gene_117
Gene_158,Gene_119
Gene_158,Gene_122
Gene_158,Gene_123
Gene_158,Gene_124
Gene_158,Gene_125
Gene_158,Gene_126
Gene_158,Gene_127
Gene_158,Gene_128
Gene_158,Gene_131
Gene_158,Gene_132
Gene_158,Gene_133
Gene_158,Gene_135
Gene_158,Gene_136
Gene_158,Gene_137
Gene_158,Gene_138
Gene_158,Gene_140
Gene_158,Gene_141
Gene_158,Gene_142
Gene_158,Gene_143
Gene_158,Gene_145
Gene_158,Gene_146
Gene_158,Gene_147
Gene_158,Gene_149
Gene_158,Gene_151
Gene_158,Gene_152
Gene_158,Gene_154
Gene_158,Gene_155
Gene_158,Gene_156
Gene_158,Gene_157
Gene_158,Gene_160
Gene_158,Gene_161
Gene_158,Gene_162
Gene_158,Gene_165
Gene_158,Gene_166
Gene_158,Gene_167
Gene_158,Gene_168
Gene_158,Gene_169
Gene_158,Gene_170
Gene_158,Gene_171
Gene_158,Gene_172
Gene_158,Gene_173
Gene_158,Gene_175
Gene_158,Gene_180
Gene_158,Gene_181
Gene_158,Gene_182
Gene_158,Gene_183
Gene_158,Gene_184
Gene_158,Gene_185
Gene_158,Gene_186
Gene_158,Gene_187
Gene_158,Gene_188
Gene_158,Gene_189
Gene_158,Gene_190
Gene_158,Gene_191
Gene_158,Gene_192
Gene_158,Gene_193
Gene_158,Gene_194
Gene_158,Gene_195
Gene_158,Gene_196
Gene_158,Gene_197
Gene_158,Gene_198
Gene_158,Gene_199
Gene_158,Gene_200
Gene_159,Gene_0
Gene_159,Gene_2
Gene_159,Gene_4
Gene_159,Gene_5
Gene_159,Gene_8
Gene_159,Gene_9
Gene_159,Gene_10
Gene_159,Gene_11
Gene_159,Gene_13
Gene_159,Gene_14
Gene_159,Gene_16
Gene_159,Gene_17
Gene_159,Gene_18
Gene_159,Gene_19
Gene_159,Gene_20
Gene_159,Gene_21
Gene_159,Gene_23
Gene_159,Gene_24
Gene_159,Gene_25
Gene_159,Gene_26
Gene_159,Gene_27
Gene_159,Gene_28
Gene_159,Gene_29
Gene_159,Gene_30
Gene_159,Gene_32
Gene_159,Gene_34
Gene_159,Gene_36
Gene_159,Gene_37
Gene_159,Gene_39
Gene_159,Gene_40
Gene_159,Gene_43
Gene_159,Gene_44
Gene_159,Gene_45
Gene_159,Gene_46
Gene_159,Gene_47
Gene_159,Gene_48
Gene_159,Gene_49
Gene_159,Gene_50
Gene_159,Gene_53
Gene_159,Gene_55
Gene_159,Gene_56
Gene_159,Gene_57
Gene_159,Gene_58
Gene_159,Gene_59
Gene_159,Gene_60
Gene_159,Gene_61
Gene_159,Gene_62
Gene_159,Gene_63
Gene_159,Gene_64
Gene_159,Gene_65
Gene_159,Gene_66
Gene_159,Gene_68
Gene_159,Gene_69
Gene_159,Gene_70
Gene_159,Gene_73
Gene_159,Gene_74
Gene_159,Gene_75
Gene_159,Gene_76
Gene_159,Gene_77
Gene_159,Gene_79
Gene_159,Gene_80
Gene_159,Gene_82
Gene_159,Gene_83
Gene_159,Gene_84
Gene_159,Gene_86
Gene_159,Gene_87
Gene_159,Gene_88
Gene_159,Gene_89
Gene_159,Gene_90
Gene_159,Gene_91
Gene_159,Gene_92
Gene_159,Gene_94
Gene_159,Gene_95
Gene_159,Gene_96
Gene_159,Gene_97
Gene_159,Gene_98
Gene_159,Gene_100
Gene_159,Gene_103
Gene_159,Gene_104
Gene_159,Gene_105
Gene_159,Gene_106
Gene_159,Gene_108
Gene_159,Gene_110
Gene_159,Gene_111
Gene_159,Gene_112
Gene_159,Gene_113
Gene_159,Gene_114
Gene_159,Gene_115
Gene_159,Gene_116
Gene_159,Gene_117
Gene_159,Gene_119
Gene_159,Gene_120
Gene_159,Gene_121
Gene_159,Gene_122
Gene_159,Gene_123
Gene_159,Gene_125
Gene_159,Gene_126
Gene_159,Gene_127
Gene_159,Gene_128
Gene_159,Gene_130
Gene_159,Gene_131
Gene_159,Gene_132
Gene_159,Gene_133
Gene_159,Gene_134
Gene_159,Gene_135
Gene_159,Gene_136
Gene_159,Gene_137
Gene_159,Gene_139
Gene_159,Gene_140
Gene_159,Gene_142
Gene_159,Gene_144
Gene_159,Gene_146
Gene_159,Gene_147
Gene_159,Gene_148
Gene_159,Gene_149
Gene_159,Gene_150
Gene_159,Gene_151
Gene_159,Gene_152
Gene_159,Gene_153
Gene_159,Gene_154
Gene_159,Gene_155
Gene_159,Gene_156
Gene_159,Gene_158
Gene_159,Gene_159
Gene_159,Gene_161
Gene_159,Gene_162
Gene_159,Gene_163
Gene_159,Gene_164
Gene_159,Gene_165
Gene_159,Gene_166
Gene_159,Gene_167
Gene_159,Gene_168
Gene_159,Gene_171
Gene_159,Gene_173
Gene_159,Gene_175
Gene_159,Gene_176
Gene_159,Gene_177
Gene_159,Gene_178
Gene_159,Gene_179
Gene_159,Gene_180
Gene_159,Gene_181
Gene_159,Gene_182
Gene_159,Gene_183
Gene_159,Gene_184
Gene_159,Gene_186
Gene_159,Gene_187
Gene_159,Gene_188
Gene_159,Gene_190
Gene_159,Gene_191
Gene_159,Gene_192
Gene_159,Gene_193
Gene_159,Gene_194
Gene_159,Gene_195
Gene_159,Gene_196
Gene_159,Gene_197
Gene_159,Gene_198
Gene_159,Gene_199
Gene_159,Gene_200
Gene_160,Gene_2
Gene_160,Gene_3
Gene_160,Gene_4
Gene_160,Gene_5
Gene_160,Gene_6
Gene_160,Gene_8
Gene_160,Gene_9
Gene_160,Gene_10
Gene_160,Gene_12
Gene_160,Gene_13
Gene_160,Gene_14
Gene_160,Gene_15
Gene_160,Gene_16
Gene_160,Gene_17
Gene_160,Gene_18
Gene_160,Gene_20
Gene_160,Gene_21
Gene_160,Gene_22
Gene_160,Gene_24
Gene_160,Gene_25
Gene_160,Gene_26
Gene_160,Gene_27
Gene_160,Gene_28
Gene_160,Gene_29
Gene_160,Gene_32
Gene_160,Gene_34
Gene_160,Gene_35
Gene_160,Gene_36
Gene_160,Gene_37
Gene_160,Gene_38
Gene_160,Gene_39
Gene_160,Gene_40
Gene_160,Gene_41
Gene_160,Gene_43
Gene_160,Gene_44
Gene_160,Gene_45
Gene_160,Gene_46
Gene_160,Gene_48
Gene_160,Gene_50
Gene_160,Gene_51
Gene_160,Gene_52
Gene_160,Gene_53
Gene_160,Gene_54
Gene_160,Gene_55
Gene_160,Gene_56
Gene_160,Gene_57
Gene_160,Gene_58
Gene_160,Gene_59
Gene_160,Gene_60
Gene_160,Gene_61
Gene_160,Gene_63
Gene_160,Gene_65
Gene_160,Gene_66
Gene_160,Gene_67
Gene_160,Gene_68
Gene_160,Gene_69
Gene_160,Gene_70
Gene_160,Gene_71
Gene_160,Gene_72
Gene_160,Gene_76
Gene_160,Gene_77
Gene_160,Gene_78
Gene_160,Gene_79
Gene_160,Gene_80
Gene_160,Gene_83
Gene_160,Gene_85
Gene_160,Gene_89
Gene_160,Gene_91
Gene_160,Gene_92
Gene_160,Gene_95
Gene_160,Gene_96
Gene_160,Gene_97
Gene_160,Gene_100
Gene_160,Gene_101
Gene_160,Gene_102
Gene_160,Gene_103
Gene_160,Gene_104
Gene_160,Gene_105
Gene_160,Gene_106
Gene_160,Gene_107
Gene_160,Gene_108
Gene_160,Gene_110
Gene_160,Gene_112
Gene_160,Gene_113
Gene_160,Gene_114
Gene_160,Gene_115
Gene_160,Gene_116
Gene_160,Gene_117
Gene_160,Gene_118
Gene_160,Gene_119
Gene_160,Gene_120
Gene_160,Gene_121
Gene_160,Gene_123
Gene_160,Gene_125
Gene_160,Gene_126
Gene_160,Gene_127
Gene_160,Gene_128
Gene_160,Gene_129
Gene_160,Gene_130
Gene_160,Gene_131
Gene_160,Gene_132
Gene_160,Gene_133
Gene_160,Gene_134
Gene_160,Gene_135
Gene_160,Gene_136
Gene_160,Gene_137
Gene_160,Gene_138
Gene_160,Gene_139
Gene_160,Gene_140
Gene_160,Gene_141
Gene_160,Gene_144
Gene_160,Gene_146
Gene_160,Gene_147
Gene_160,Gene_148
Gene_160,Gene_150
Gene_160,Gene_152
Gene_160,Gene_153
Gene_160,Gene_154
Gene_160,Gene_155
Gene_160,Gene_156
Gene_160,Gene_158
Gene_160,Gene_159
Gene_160,Gene_160
Gene_160,Gene_161
Gene_160,Gene_163
Gene_160,Gene_164
Gene_160,Gene_165
Gene_160,Gene_166
Gene_160,Gene_168
Gene_160,Gene_169
Gene_160,Gene_172
Gene_160,Gene_176
Gene_160,Gene_177
Gene_160,Gene_178
Gene_160,Gene_179
Gene_160,Gene_180
Gene_160,Gene_182
Gene_160,Gene_183
Gene_160,Gene_184
Gene_160,Gene_185
Gene_160,Gene_186
Gene_160,Gene_187
Gene_160,Gene_188
Gene_160,Gene_189
Gene_160,Gene_190
Gene_160,Gene_191
Gene_160,Gene_192
Gene_160,Gene_193
Gene_160,Gene_194
Gene_160,Gene_195
Gene_160,Gene_196
Gene_160,Gene_198
Gene_160,Gene_199
Gene_161,Gene_0
Gene_161,Gene_3
Gene_161,Gene_4
Gene_161,Gene_5
Gene_161,Gene_6
Gene_161,Gene_7
Gene_161,Gene_10
Gene_161,Gene_11
Gene_161,Gene_12
Gene_161,Gene_14
Gene_161,Gene_15
Gene_161,Gene_16
Gene_161,Gene_17
Gene_161,Gene_18
Gene_161,Gene_19
Gene_161,Gene_20
Gene_161,Gene_21
Gene_161,Gene_22
Gene_161,Gene_23
Gene_161,Gene_25
Gene_161,Gene_26
Gene_161,Gene_27
Gene_161,Gene_28
Gene_161,Gene_29
Gene_161,Gene_31
Gene_161,Gene_32
Gene_161,Gene_35
Gene_161,Gene_36
Gene_161,Gene_38
Gene_161,Gene_41
Gene_161,Gene_42
Gene_161,Gene_43
Gene_161,Gene_44
Gene_161,Gene_45
Gene_161,Gene_46
Gene_161,Gene_47
Gene_161,Gene_48
Gene_161,Gene_50
Gene_161,Gene_51
Gene_161,Gene_52
Gene_161,Gene_53
Gene_161,Gene_54
Gene_161,Gene_55
Gene_161,Gene_56
Gene_161,Gene_58
Gene_161,Gene_59
Gene_161,Gene_60
Gene_161,Gene_61
Gene_161,Gene_62
Gene_161,Gene_63
Gene_161,Gene_64
Gene_161,Gene_65
Gene_161,Gene_66
Gene_161,Gene_67
Gene_161,Gene_69
Gene_161,Gene_71
Gene_161,Gene_72
Gene_161,Gene_73
Gene_161,Gene_74
Gene_161,Gene_76
Gene_161,Gene_77
Gene_161,Gene_78
Gene_161,Gene_79
Gene_161,Gene_80
Gene_161,Gene_81
Gene_161,Gene_82
Gene_161,Gene_83
Gene_161,Gene_84
Gene_161,Gene_85
Gene_161,Gene_86
Gene_161,Gene_87
Gene_161,Gene_88
Gene_161,Gene_89
Gene_161,Gene_90
Gene_161,Gene_91
Gene_161,Gene_92
Gene_161,Gene_93
Gene_161,Gene_94
Gene_161,Gene_95
Gene_161,Gene_97
Gene_161,Gene_98
Gene_161,Gene_99
Gene_161,Gene_100
Gene_161,Gene_101
Gene_161,Gene_102
Gene_161,Gene_103
Gene_161,Gene_105
Gene_161,Gene_106
Gene_161,Gene_107
Gene_161,Gene_111
Gene_161,Gene_113
Gene_161,Gene_115
Gene_161,Gene_116
Gene_161,Gene_118
Gene_161,Gene_119
Gene_161,Gene_120
Gene_161,Gene_121
Gene_161,Gene_122
Gene_161,Gene_123
Gene_161,Gene_126
Gene_161,Gene_127
Gene_161,Gene_128
Gene_161,Gene_129
Gene_161,Gene_130
Gene_161,Gene_132
Gene_161,Gene_134
Gene_161,Gene_135
Gene_161,Gene_136
Gene_161,Gene_137
Gene_161,Gene_138
Gene_161,Gene_139
Gene_161,Gene_140
Gene_161,Gene_141
Gene_161,Gene_142
Gene_161,Gene_143
Gene_161,Gene_144
Gene_161,Gene_145
Gene_161,Gene_146
Gene_161,Gene_147
Gene_161,Gene_148
Gene_161,Gene_149
Gene_161,Gene_150
Gene_161,Gene_151
Gene_161,Gene_155
Gene_161,Gene_156
Gene_161,Gene_158
Gene_161,Gene_160
Gene_161,Gene_161
Gene_161,Gene_162
Gene_161,Gene_163
Gene_161,Gene_164
Gene_161,Gene_165
Gene_161,Gene_166
Gene_161,Gene_168
Gene_161,Gene_169
Gene_161,Gene_170
Gene_161,Gene_171
Gene_161,Gene_173
Gene_161,Gene_175
Gene_161,Gene_178
Gene_161,Gene_179
Gene_161,Gene_180
Gene_161,Gene_181
Gene_161,Gene_182
Gene_161,Gene_183
Gene_161,Gene_187
Gene_161,Gene_188
Gene_161,Gene_189
Gene_161,Gene_190
Gene_161,Gene_191
Gene_161,Gene_192
Gene_161,Gene_193
Gene_161,Gene_194
Gene_161,Gene_195
Gene_161,Gene_196
Gene_161,Gene_197
Gene_161,Gene_198
Gene_161,Gene_200
Gene_162,Gene_0
Gene_162,Gene_1
Gene_162,Gene_2
Gene_162,Gene_3
Gene_162,Gene_4
Gene_162,Gene_5
Gene_162,Gene_6
Gene_162,Gene_7
Gene_162,Gene_8
Gene_162,Gene_9
Gene_162,Gene_11
Gene_162,Gene_12
Gene_162,Gene_13
Gene_162,Gene_14
Gene_162,Gene_15
Gene_162,Gene_16
Gene_162,Gene_17
Gene_162,Gene_18
Gene_162,Gene_19
Gene_162,Gene_20
Gene_162,Gene_21
Gene_162,Gene_22
Gene_162,Gene_23
Gene_162,Gene_24
Gene_162,Gene_25
Gene_162,Gene_26
Gene_162,Gene_27
Gene_162,Gene_28
Gene_162,Gene_31
Gene_162,Gene_33
Gene_162,Gene_34
Gene_162,Gene_35
Gene_162,Gene_36
Gene_162,Gene_37
Gene_162,Gene_38
Gene_162,Gene_39
Gene_162,Gene_40
Gene_162,Gene_41
Gene_162,Gene_42
Gene_162,Gene_43
Gene_162,Gene_44
Gene_162,Gene_45
Gene_162,Gene_46
Gene_162,Gene_47
Gene_162,Gene_48
Gene_162,Gene_49
Gene_162,Gene_50
Gene_162,Gene_51
Gene_162,Gene_53
Gene_162,Gene_54
Gene_162,Gene_55
Gene_162,Gene_56
Gene_162,Gene_57
Gene_162,Gene_58
Gene_162,Gene_59
Gene_162,Gene_60
Gene_162,Gene_61
Gene_162,Gene_63
Gene_162,Gene_64
Gene_162,Gene_65
Gene_162,Gene_66
Gene_162,Gene_67
Gene_162,Gene_68
Gene_162,Gene_69
Gene_162,Gene_71
Gene_162,Gene_73
Gene_162,Gene_74
Gene_162,Gene_75
Gene_162,Gene_77
Gene_162,Gene_79
Gene_162,Gene_83
Gene_162,Gene_84
Gene_162,Gene_85
Gene_162,Gene_86
Gene_162,Gene_87
Gene_162,Gene_89
Gene_162,Gene_91
Gene_162,Gene_92
Gene_162,Gene_93
Gene_162,Gene_95
Gene_162,Gene_96
Gene_162,Gene_97
Gene_162,Gene_98
Gene_162,Gene_99
Gene_162,Gene_100
Gene_162,Gene_102
Gene_162,Gene_103
Gene_162,Gene_104
Gene_162,Gene_106
Gene_162,Gene_107
Gene_162,Gene_108
Gene_162,Gene_109
Gene_162,Gene_110
Gene_162,Gene_111
Gene_162,Gene_112
Gene_162,Gene_113
Gene_162,Gene_114
Gene_162,Gene_115
Gene_162,Gene_116
Gene_162,Gene_117
Gene_162,Gene_118
Gene_162,Gene_119
Gene_162,Gene_120
Gene_162,Gene_121
Gene_162,Gene_122
Gene_162,Gene_123
Gene_162,Gene_125
Gene_162,Gene_126
Gene_162,Gene_127
Gene_162,Gene_129
Gene_162,Gene_130
Gene_162,Gene_131
Gene_162,Gene_132
Gene_162,Gene_133
Gene_162,Gene_134
Gene_162,Gene_135
Gene_162,Gene_136
Gene_162,Gene_137
Gene_162,Gene_138
Gene_162,Gene_139
Gene_162,Gene_142
Gene_162,Gene_143
Gene_162,Gene_145
Gene_162,Gene_146
Gene_162,Gene_147
Gene_162,Gene_148
Gene_162,Gene_149
Gene_162,Gene_150
Gene_162,Gene_151
Gene_162,Gene_152
Gene_162,Gene_153
Gene_162,Gene_154
Gene_162,Gene_155
Gene_162,Gene_156
Gene_162,Gene_157
Gene_162,Gene_158
Gene_162,Gene_159
Gene_162,Gene_160
Gene_162,Gene_161
Gene_162,Gene_162
Gene_162,Gene_163
Gene_162,Gene_164
Gene_162,Gene_165
Gene_162,Gene_166
Gene_162,Gene_167
Gene_162,Gene_170
Gene_162,Gene_171
Gene_162,Gene_172
Gene_162,Gene_173
Gene_162,Gene_174
Gene_162,Gene_175
Gene_162,Gene_176
Gene_162,Gene_177
Gene_162,Gene_178
Gene_162,Gene_179
Gene_162,Gene_180
Gene_162,Gene_181
Gene_162,Gene_182
Gene_162,Gene_184
Gene_162,Gene_185
Gene_162,Gene_186
Gene_162,Gene_187
Gene_162,Gene_188
Gene_162,Gene_189
Gene_162,Gene_191
Gene_162,Gene_193
Gene_162,Gene_194
Gene_162,Gene_195
Gene_162,Gene_196
Gene_162,Gene_197
Gene_162,Gene_198
Gene_162,Gene_199
Gene_162,Gene_200
Gene_163,Gene_3
Gene_163,Gene_5
Gene_163,Gene_7
Gene_163,Gene_8
Gene_163,Gene_9
Gene_163,Gene_10
Gene_163,Gene_11
Gene_163,Gene_12
Gene_163,Gene_13
Gene_163,Gene_14
Gene_163,Gene_15
Gene_163,Gene_16
Gene_163,Gene_17
Gene_163,Gene_18
Gene_163,Gene_20
Gene_163,Gene_21
Gene_163,Gene_22
Gene_163,Gene_25
Gene_163,Gene_26
Gene_163,Gene_27
Gene_163,Gene_28
Gene_163,Gene_29
Gene_163,Gene_30
Gene_163,Gene_31
Gene_163,Gene_33
Gene_163,Gene_36
Gene_163,Gene_37
Gene_163,Gene_38
Gene_163,Gene_40
Gene_163,Gene_41
Gene_163,Gene_42
Gene_163,Gene_43
Gene_163,Gene_44
Gene_163,Gene_45
Gene_163,Gene_46
Gene_163,Gene_47
Gene_163,Gene_48
Gene_163,Gene_49
Gene_163,Gene_50
Gene_163,Gene_51
Gene_163,Gene_52
Gene_163,Gene_53
Gene_163,Gene_54
Gene_163,Gene_55
Gene_163,Gene_56
Gene_163,Gene_57
Gene_163,Gene_58
Gene_163,Gene_59
Gene_163,Gene_64
Gene_163,Gene_66
Gene_163,Gene_67
Gene_163,Gene_68
Gene_163,Gene_69
Gene_163,Gene_70
Gene_163,Gene_71
Gene_163,Gene_72
Gene_163,Gene_73
Gene_163,Gene_74
Gene_163,Gene_75
Gene_163,Gene_76
Gene_163,Gene_77
Gene_163,Gene_78
Gene_163,Gene_79
Gene_163,Gene_80
Gene_163,Gene_81
Gene_163,Gene_82
Gene_163,Gene_83
Gene_163,Gene_84
Gene_163,Gene_85
Gene_163,Gene_86
Gene_163,Gene_87
Gene_163,Gene_88
Gene_163,Gene_90
Gene_163,Gene_91
Gene_163,Gene_94
Gene_163,Gene_95
Gene_163,Gene_96
Gene_163,Gene_98
Gene_163,Gene_99
Gene_163,Gene_100
Gene_163,Gene_101
Gene_163,Gene_102
Gene_163,Gene_103
Gene_163,Gene_104
Gene_163,Gene_105
Gene_163,Gene_106
Gene_163,Gene_107
Gene_163,Gene_109
Gene_163,Gene_110
Gene_163,Gene_112
Gene_163,Gene_113
Gene_163,Gene_114
Gene_163,Gene_116
Gene_163,Gene_119
Gene_163,Gene_121
Gene_163,Gene_122
Gene_163,Gene_123
Gene_163,Gene_125
Gene_163,Gene_126
Gene_163,Gene_128
Gene_163,Gene_129
Gene_163,Gene_130
Gene_163,Gene_132
Gene_163,Gene_134
Gene_163,Gene_135
Gene_163,Gene_136
Gene_163,Gene_137
Gene_163,Gene_138
Gene_163,Gene_139
Gene_163,Gene_140
Gene_163,Gene_141
Gene_163,Gene_143
Gene_163,Gene_144
Gene_163,Gene_145
Gene_163,Gene_146
Gene_163,Gene_147
Gene_163,Gene_148
Gene_163,Gene_149
Gene_163,Gene_151
Gene_163,Gene_152
Gene_163,Gene_153
Gene_163,Gene_156
Gene_163,Gene_158
Gene_163,Gene_160
Gene_163,Gene_161
Gene_163,Gene_162
Gene_163,Gene_163
Gene_163,Gene_164
Gene_163,Gene_166
Gene_163,Gene_167
Gene_163,Gene_169
Gene_163,Gene_170
Gene_163,Gene_171
Gene_163,Gene_172
Gene_163,Gene_175
Gene_163,Gene_176
Gene_163,Gene_178
Gene_163,Gene_179
Gene_163,Gene_180
Gene_163,Gene_181
Gene_163,Gene_182
Gene_163,Gene_184
Gene_163,Gene_185
Gene_163,Gene_186
Gene_163,Gene_188
Gene_163,Gene_191
Gene_163,Gene_192
Gene_163,Gene_193
Gene_163,Gene_194
Gene_163,Gene_195
Gene_163,Gene_196
Gene_163,Gene_198
Gene_163,Gene_199
Gene_163,Gene_200
Gene_164,Gene_0
Gene_164,Gene_1
Gene_164,Gene_3
Gene_164,Gene_4
Gene_164,Gene_5
Gene_164,Gene_6
Gene_164,Gene_7
Gene_164,Gene_8
Gene_164,Gene_9
Gene_164,Gene_11
Gene_164,Gene_12
Gene_164,Gene_13
Gene_164,Gene_14
Gene_164,Gene_15
Gene_164,Gene_16
Gene_164,Gene_17
Gene_164,Gene_18
Gene_164,Gene_19
Gene_164,Gene_20
Gene_164,Gene_21
Gene_164,Gene_22
Gene_164,Gene_24
Gene_164,Gene_25
Gene_164,Gene_26
Gene_164,Gene_28
Gene_164,Gene_29
Gene_164,Gene_30
Gene_164,Gene_31
Gene_164,Gene_33
Gene_164,Gene_35
Gene_164,Gene_36
Gene_164,Gene_37
Gene_164,Gene_38
Gene_164,Gene_39
Gene_164,Gene_40
Gene_164,Gene_41
Gene_164,Gene_44
Gene_164,Gene_45
Gene_164,Gene_46
Gene_164,Gene_47
Gene_164,Gene_49
Gene_164,Gene_50
Gene_164,Gene_52
Gene_164,Gene_53
Gene_164,Gene_54
Gene_164,Gene_55
Gene_164,Gene_57
Gene_164,Gene_58
Gene_164,Gene_59
Gene_164,Gene_60
Gene_164,Gene_61
Gene_164,Gene_62
Gene_164,Gene_63
Gene_164,Gene_64
Gene_164,Gene_65
Gene_164,Gene_66
Gene_164,Gene_67
Gene_164,Gene_68
Gene_164,Gene_70
Gene_164,Gene_71
Gene_164,Gene_73
Gene_164,Gene_75
Gene_164,Gene_77
Gene_164,Gene_78
Gene_164,Gene_79
Gene_164,Gene_80
Gene_164,Gene_81
Gene_164,Gene_82
Gene_164,Gene_83
Gene_164,Gene_84
Gene_164,Gene_85
Gene_164,Gene_86
Gene_164,Gene_87
Gene_164,Gene_88
Gene_164,Gene_89
Gene_164,Gene_91
Gene_164,Gene_93
Gene_164,Gene_94
Gene_164,Gene_95
Gene_164,Gene_96
Gene_164,Gene_97
Gene_164,Gene_98
Gene_164,Gene_99
Gene_164,Gene_100
Gene_164,Gene_101
Gene_164,Gene_102
Gene_164,Gene_103
Gene_164,Gene_105
Gene_164,Gene_106
Gene_164,Gene_107
Gene_164,Gene_108
Gene_164,Gene_109
Gene_164,Gene_110
Gene_164,Gene_111
Gene_164,Gene_113
Gene_164,Gene_114
Gene_164,Gene_116
Gene_164,Gene_117
Gene_164,Gene_118
Gene_164,Gene_120
Gene_164,Gene_121
Gene_164,Gene_122
Gene_164,Gene_123
Gene_164,Gene_124
Gene_164,Gene_125
Gene_164,Gene_126
Gene_164,Gene_127
Gene_164,Gene_128
Gene_164,Gene_129
Gene_164,Gene_130
Gene_164,Gene_131
Gene_164,Gene_132
Gene_164,Gene_133
Gene_164,Gene_134
Gene_164,Gene_135
Gene_164,Gene_136
Gene_164,Gene_137
Gene_164,Gene_138
Gene_164,Gene_140
Gene_164,Gene_141
Gene_164,Gene_142
Gene_164,Gene_143
Gene_164,Gene_144
Gene_164,Gene_145
Gene_164,Gene_146
Gene_164,Gene_147
Gene_164,Gene_149
Gene_164,Gene_150
Gene_164,Gene_151
Gene_164,Gene_152
Gene_164,Gene_153
Gene_164,Gene_154
Gene_164,Gene_155
Gene_164,Gene_156
Gene_164,Gene_157
Gene_164,Gene_158
Gene_164,Gene_159
Gene_164,Gene_160
Gene_164,Gene_161
Gene_164,Gene_162
Gene_164,Gene_163
Gene_164,Gene_165
Gene_164,Gene_166
Gene_164,Gene_167
Gene_164,Gene_168
Gene_164,Gene_170
Gene_164,Gene_171
Gene_164,Gene_172
Gene_164,Gene_173
Gene_164,Gene_174
Gene_164,Gene_176
Gene_164,Gene_177
Gene_164,Gene_178
Gene_164,Gene_179
Gene_164,Gene_180
Gene_164,Gene_181
Gene_164,Gene_182
Gene_164,Gene_183
Gene_164,Gene_186
Gene_164,Gene_187
Gene_164,Gene_188
Gene_164,Gene_189
Gene_164,Gene_190
Gene_164,Gene_191
Gene_164,Gene_192
Gene_164,Gene_193
Gene_164,Gene_195
Gene_164,Gene_197
Gene_164,Gene_198
Gene_164,Gene_199
Gene_165,Gene_0
Gene_165,Gene_1
Gene_165,Gene_3
Gene_165,Gene_4
Gene_165,Gene_5
Gene_165,Gene_7
Gene_165,Gene_8
Gene_165,Gene_9
Gene_165,Gene_11
Gene_165,Gene_12
Gene_165,Gene_13
Gene_165,Gene_14
Gene_165,Gene_15
Gene_165,Gene_16
Gene_165,Gene_17
Gene_165,Gene_19
Gene_165,Gene_21
Gene_165,Gene_22
Gene_165,Gene_23
Gene_165,Gene_24
Gene_165,Gene_25
Gene_165,Gene_26
Gene_165,Gene_27
Gene_165,Gene_28
Gene_165,Gene_29
Gene_165,Gene_31
Gene_165,Gene_32
Gene_165,Gene_33
Gene_165,Gene_34
Gene_165,Gene_35
Gene_165,Gene_36
Gene_165,Gene_37
Gene_165,Gene_38
Gene_165,Gene_39
Gene_165,Gene_40
Gene_165,Gene_42
Gene_165,Gene_43
Gene_165,Gene_44
Gene_165,Gene_45
Gene_165,Gene_47
Gene_165,Gene_48
Gene_165,Gene_49
Gene_165,Gene_51
Gene_165,Gene_52
Gene_165,Gene_53
Gene_165,Gene_54
Gene_165,Gene_55
Gene_165,Gene_56
Gene_165,Gene_57
Gene_165,Gene_59
Gene_165,Gene_60
Gene_165,Gene_61
Gene_165,Gene_62
Gene_165,Gene_63
Gene_165,Gene_64
Gene_165,Gene_65
Gene_165,Gene_67
Gene_165,Gene_68
Gene_165,Gene_69
Gene_165,Gene_70
Gene_165,Gene_72
Gene_165,Gene_73
Gene_165,Gene_74
Gene_165,Gene_75
Gene_165,Gene_76
Gene_165,Gene_77
Gene_165,Gene_79
Gene_165,Gene_80
Gene_165,Gene_81
Gene_165,Gene_82
Gene_165,Gene_83
Gene_165,Gene_84
Gene_165,Gene_85
Gene_165,Gene_86
Gene_165,Gene_87
Gene_165,Gene_88
Gene_165,Gene_90
Gene_165,Gene_91
Gene_165,Gene_93
Gene_165,Gene_94
Gene_165,Gene_95
Gene_165,Gene_96
Gene_165,Gene_97
Gene_165,Gene_98
Gene_165,Gene_99
Gene_165,Gene_100
Gene_165,Gene_101
Gene_165,Gene_102
Gene_165,Gene_104
Gene_165,Gene_105
Gene_165,Gene_106
Gene_165,Gene_108
Gene_165,Gene_109
Gene_165,Gene_110
Gene_165,Gene_111
Gene_165,Gene_112
Gene_165,Gene_114
Gene_165,Gene_115
Gene_165,Gene_116
Gene_165,Gene_117
Gene_165,Gene_118
Gene_165,Gene_119
Gene_165,Gene_120
Gene_165,Gene_121
Gene_165,Gene_122
Gene_165,Gene_124
Gene_165,Gene_125
Gene_165,Gene_126
Gene_165,Gene_127
Gene_165,Gene_128
Gene_165,Gene_129
Gene_165,Gene_130
Gene_165,Gene_132
Gene_165,Gene_135
Gene_165,Gene_136
Gene_165,Gene_137
Gene_165,Gene_138
Gene_165,Gene_139
Gene_165,Gene_140
Gene_165,Gene_141
Gene_165,Gene_142
Gene_165,Gene_143
Gene_165,Gene_146
Gene_165,Gene_147
Gene_165,Gene_148
Gene_165,Gene_149
Gene_165,Gene_150
Gene_165,Gene_151
Gene_165,Gene_152
Gene_165,Gene_153
Gene_165,Gene_155
Gene_165,Gene_156
Gene_165,Gene_157
Gene_165,Gene_159
Gene_165,Gene_160
Gene_165,Gene_161
Gene_165,Gene_163
Gene_165,Gene_164
Gene_165,Gene_165
Gene_165,Gene_166
Gene_165,Gene_169
Gene_165,Gene_170
Gene_165,Gene_171
Gene_165,Gene_172
Gene_165,Gene_173
Gene_165,Gene_174
Gene_165,Gene_175
Gene_165,Gene_176
Gene_165,Gene_177
Gene_165,Gene_178
Gene_165,Gene_180
Gene_165,Gene_181
Gene_165,Gene_182
Gene_165,Gene_184
Gene_165,Gene_187
Gene_165,Gene_188
Gene_165,Gene_189
Gene_165,Gene_190
Gene_165,Gene_192
Gene_165,Gene_193
Gene_165,Gene_194
Gene_165,Gene_195
Gene_165,Gene_196
Gene_165,Gene_197
Gene_165,Gene_198
Gene_165,Gene_199
Gene_165,Gene_200
Gene_166,Gene_0
Gene_166,Gene_1
Gene_166,Gene_2
Gene_166,Gene_3
Gene_166,Gene_5
Gene_166,Gene_6
Gene_166,Gene_7
Gene_166,Gene_9
Gene_166,Gene_10
Gene_166,Gene_11
Gene_166,Gene_12
Gene_166,Gene_13
Gene_166,Gene_14
Gene_166,Gene_15
Gene_166,Gene_16
Gene_166,Gene_17
Gene_166,Gene_21
Gene_166,Gene_22
Gene_166,Gene_23
Gene_166,Gene_24
Gene_166,Gene_25
Gene_166,Gene_27
Gene_166,Gene_28
Gene_166,Gene_29
Gene_166,Gene_31
Gene_166,Gene_32
Gene_166,Gene_33
Gene_166,Gene_34
Gene_166,Gene_37
Gene_166,Gene_38
Gene_166,Gene_39
Gene_166,Gene_40
Gene_166,Gene_41
Gene_166,Gene_42
Gene_166,Gene_43
Gene_166,Gene_45
Gene_166,Gene_46
Gene_166,Gene_47
Gene_166,Gene_48
Gene_166,Gene_49
Gene_166,Gene_50
Gene_166,Gene_52
Gene_166,Gene_53
Gene_166,Gene_54
Gene_166,Gene_55
Gene_166,Gene_56
Gene_166,Gene_57
Gene_166,Gene_58
Gene_166,Gene_59
Gene_166,Gene_60
Gene_166,Gene_61
Gene_166,Gene_62
Gene_166,Gene_64
Gene_166,Gene_67
Gene_166,Gene_68
Gene_166,Gene_69
Gene_166,Gene_70
Gene_166,Gene_72
Gene_166,Gene_73
Gene_166,Gene_74
Gene_166,Gene_76
Gene_166,Gene_82
Gene_166,Gene_83
Gene_166,Gene_84
Gene_166,Gene_86
Gene_166,Gene_87
Gene_166,Gene_89
Gene_166,Gene_90
Gene_166,Gene_91
Gene_166,Gene_92
Gene_166,Gene_93
Gene_166,Gene_94
Gene_166,Gene_95
Gene_166,Gene_96
Gene_166,Gene_97
Gene_166,Gene_98
Gene_166,Gene_99
Gene_166,Gene_101
Gene_166,Gene_102
Gene_166,Gene_103
Gene_166,Gene_104
Gene_166,Gene_105
Gene_166,Gene_107
Gene_166,Gene_108
Gene_166,Gene_109
Gene_166,Gene_110
Gene_166,Gene_111
Gene_166,Gene_113
Gene_166,Gene_115
Gene_166,Gene_116
Gene_166,Gene_117
Gene_166,Gene_118
Gene_166,Gene_119
Gene_166,Gene_120
Gene_166,Gene_121
Gene_166,Gene_122
Gene_166,Gene_123
Gene_166,Gene_124
Gene_166,Gene_126
Gene_166,Gene_127
Gene_166,Gene_128
Gene_166,Gene_129
Gene_166,Gene_130
Gene_166,Gene_131
Gene_166,Gene_132
Gene_166,Gene_133
Gene_166,Gene_134
Gene_166,Gene_135
Gene_166,Gene_136
Gene_166,Gene_137
Gene_166,Gene_140
Gene_166,Gene_141
Gene_166,Gene_142
Gene_166,Gene_143
Gene_166,Gene_144
Gene_166,Gene_145
Gene_166,Gene_146
Gene_166,Gene_148
Gene_166,Gene_149
Gene_166,Gene_150
Gene_166,Gene_151
Gene_166,Gene_152
Gene_166,Gene_153
Gene_166,Gene_155
Gene_166,Gene_156
Gene_166,Gene_157
Gene_166,Gene_158
Gene_166,Gene_160
Gene_166,Gene_162
Gene_166,Gene_163
Gene_166,Gene_164
Gene_166,Gene_165
Gene_166,Gene_166
Gene_166,Gene_168
Gene_166,Gene_169
Gene_166,Gene_171
Gene_166,Gene_172
Gene_166,Gene_173
Gene_166,Gene_175
Gene_166,Gene_176
Gene_166,Gene_177
Gene_166,Gene_178
Gene_166,Gene_179
Gene_166,Gene_180
Gene_166,Gene_181
Gene_166,Gene_182
Gene_166,Gene_183
Gene_166,Gene_184
Gene_166,Gene_185
Gene_166,Gene_186
Gene_166,Gene_187
Gene_166,Gene_188
Gene_166,Gene_189
Gene_166,Gene_192
Gene_166,Gene_193
Gene_166,Gene_194
Gene_166,Gene_195
Gene_166,Gene_196
Gene_166,Gene_197
Gene_166,Gene_198
Gene_166,Gene_199
Gene_166,Gene_200
Gene_167,Gene_0
Gene_167,Gene_1
Gene_167,Gene_2
Gene_167,Gene_3
Gene_167,Gene_4
Gene_167,Gene_6
Gene_167,Gene_7
Gene_167,Gene_8
Gene_167,Gene_10
Gene_167,Gene_11
Gene_167,Gene_12
Gene_167,Gene_13
Gene_167,Gene_14
Gene_167,Gene_15
Gene_167,Gene_16
Gene_167,Gene_17
Gene_167,Gene_18
Gene_167,Gene_19
Gene_167,Gene_20
Gene_167,Gene_21
Gene_167,Gene_22
Gene_167,Gene_23
Gene_167,Gene_24
Gene_167,Gene_25
Gene_167,Gene_27
Gene_167,Gene_28
Gene_167,Gene_29
Gene_167,Gene_30
Gene_167,Gene_31
Gene_167,Gene_33
Gene_167,Gene_35
Gene_167,Gene_36
Gene_167,Gene_38
Gene_167,Gene_39
Gene_167,Gene_40
Gene_167,Gene_41
Gene_167,Gene_42
Gene_167,Gene_43
Gene_167,Gene_44
Gene_167,Gene_45
Gene_167,Gene_46
Gene_167,Gene_49
Gene_167,Gene_50
Gene_167,Gene_51
Gene_167,Gene_52
Gene_167,Gene_53
Gene_167,Gene_54
Gene_167,Gene_55
Gene_167,Gene_56
Gene_167,Gene_57
Gene_167,Gene_58
Gene_167,Gene_59
Gene_167,Gene_61
Gene_167,Gene_62
Gene_167,Gene_63
Gene_167,Gene_64
Gene_167,Gene_65
Gene_167,Gene_67
Gene_167,Gene_68
Gene_167,Gene_69
Gene_167,Gene_70
Gene_167,Gene_71
Gene_167,Gene_72
Gene_167,Gene_73
Gene_167,Gene_74
Gene_167,Gene_76
Gene_167,Gene_77
Gene_167,Gene_78
Gene_167,Gene_79
Gene_167,Gene_80
Gene_167,Gene_81
Gene_167,Gene_83
Gene_167,Gene_84
Gene_167,Gene_85
Gene_167,Gene_86
Gene_167,Gene_87
Gene_167,Gene_88
Gene_167,Gene_89
Gene_167,Gene_90
Gene_167,Gene_91
Gene_167,Gene_92
Gene_167,Gene_93
Gene_167,Gene_94
Gene_167,Gene_95
Gene_167,Gene_96
Gene_167,Gene_97
Gene_167,Gene_98
Gene_167,Gene_100
Gene_167,Gene_102
Gene_167,Gene_103
Gene_167,Gene_105
Gene_167,Gene_106
Gene_167,Gene_107
Gene_167,Gene_108
Gene_167,Gene_109
Gene_167,Gene_110
Gene_167,Gene_111
Gene_167,Gene_112
Gene_167,Gene_114
Gene_167,Gene_115
Gene_167,Gene_116
Gene_167,Gene_117
Gene_167,Gene_119
Gene_167,Gene_120
Gene_167,Gene_122
Gene_167,Gene_123
Gene_167,Gene_124
Gene_167,Gene_125
Gene_167,Gene_126
Gene_167,Gene_127
Gene_167,Gene_128
Gene_167,Gene_129
Gene_167,Gene_130
Gene_167,Gene_132
Gene_167,Gene_133
Gene_167,Gene_134
Gene_167,Gene_135
Gene_167,Gene_136
Gene_167,Gene_137
Gene_167,Gene_138
Gene_167,Gene_140
Gene_167,Gene_141
Gene_167,Gene_142
Gene_167,Gene_143
Gene_167,Gene_144
Gene_167,Gene_146
Gene_167,Gene_148
Gene_167,Gene_149
Gene_167,Gene_150
Gene_167,Gene_153
Gene_167,Gene_154
Gene_167,Gene_155
Gene_167,Gene_156
Gene_167,Gene_157
Gene_167,Gene_159
Gene_167,Gene_160
Gene_167,Gene_161
Gene_167,Gene_162
Gene_167,Gene_164
Gene_167,Gene_165
Gene_167,Gene_167
Gene_167,Gene_168
Gene_167,Gene_169
Gene_167,Gene_170
Gene_167,Gene_171
Gene_167,Gene_172
Gene_167,Gene_173
Gene_167,Gene_174
Gene_167,Gene_175
Gene_167,Gene_176
Gene_167,Gene_177
Gene_167,Gene_178
Gene_167,Gene_179
Gene_167,Gene_181
Gene_167,Gene_182
Gene_167,Gene_184
Gene_167,Gene_185
Gene_167,Gene_187
Gene_167,Gene_188
Gene_167,Gene_189
Gene_167,Gene_191
Gene_167,Gene_193
Gene_167,Gene_194
Gene_167,Gene_195
Gene_167,Gene_196
Gene_167,Gene_197
Gene_167,Gene_198
Gene_167,Gene_199
Gene_167,Gene_200
Gene_168,Gene_3
Gene_168,Gene_4
Gene_168,Gene_5
Gene_168,Gene_6
Gene_168,Gene_7
Gene_168,Gene_8
Gene_168,Gene_10
Gene_168,Gene_11
Gene_168,Gene_12
Gene_168,Gene_13
Gene_168,Gene_14
Gene_168,Gene_15
Gene_168,Gene_16
Gene_168,Gene_17
Gene_168,Gene_18
Gene_168,Gene_19
Gene_168,Gene_20
Gene_168,Gene_21
Gene_168,Gene_22
Gene_168,Gene_23
Gene_168,Gene_25
Gene_168,Gene_26
Gene_168,Gene_27
Gene_168,Gene_28
Gene_168,Gene_29
Gene_168,Gene_30
Gene_168,Gene_31
Gene_168,Gene_32
Gene_168,Gene_33
Gene_168,Gene_34
Gene_168,Gene_35
Gene_168,Gene_36
Gene_168,Gene_37
Gene_168,Gene_38
Gene_168,Gene_39
Gene_168,Gene_40
Gene_168,Gene_42
Gene_168,Gene_43
Gene_168,Gene_44
Gene_168,Gene_45
Gene_168,Gene_47
Gene_168,Gene_48
Gene_168,Gene_49
Gene_168,Gene_50
Gene_168,Gene_51
Gene_168,Gene_52
Gene_168,Gene_53
Gene_168,Gene_54
Gene_168,Gene_57
Gene_168,Gene_58
Gene_168,Gene_59
Gene_168,Gene_60
Gene_168,Gene_61
Gene_168,Gene_64
Gene_168,Gene_65
Gene_168,Gene_68
Gene_168,Gene_69
Gene_168,Gene_71
Gene_168,Gene_72
Gene_168,Gene_75
Gene_168,Gene_76
Gene_168,Gene_78
Gene_168,Gene_79
Gene_168,Gene_80
Gene_168,Gene_82
Gene_168,Gene_83
Gene_168,Gene_84
Gene_168,Gene_85
Gene_168,Gene_88
Gene_168,Gene_89
Gene_168,Gene_90
Gene_168,Gene_91
Gene_168,Gene_92
Gene_168,Gene_93
Gene_168,Gene_94
Gene_168,Gene_96
Gene_168,Gene_97
Gene_168,Gene_98
Gene_168,Gene_99
Gene_168,Gene_100
Gene_168,Gene_101
Gene_168,Gene_102
Gene_168,Gene_103
Gene_168,Gene_104
Gene_168,Gene_105
Gene_168,Gene_106
Gene_168,Gene_108
Gene_168,Gene_109
Gene_168,Gene_110
Gene_168,Gene_111
Gene_168,Gene_112
Gene_168,Gene_113
Gene_168,Gene_114
Gene_168,Gene_115
Gene_168,Gene_116
Gene_168,Gene_117
Gene_168,Gene_118
Gene_168,Gene_120
Gene_168,Gene_121
Gene_168,Gene_122
Gene_168,Gene_123
Gene_168,Gene_124
Gene_168,Gene_125
Gene_168,Gene_126
Gene_168,Gene_128
Gene_168,Gene_129
Gene_168,Gene_130
Gene_168,Gene_131
Gene_168,Gene_132
Gene_168,Gene_134
Gene_168,Gene_135
Gene_168,Gene_136
Gene_168,Gene_138
Gene_168,Gene_139
Gene_168,Gene_141
Gene_168,Gene_142
Gene_168,Gene_143
Gene_168,Gene_145
Gene_168,Gene_146
Gene_168,Gene_149
Gene_168,Gene_150
Gene_168,Gene_151
Gene_168,Gene_152
Gene_168,Gene_153
Gene_168,Gene_154
Gene_168,Gene_155
Gene_168,Gene_157
Gene_168,Gene_158
Gene_168,Gene_159
Gene_168,Gene_161
Gene_168,Gene_162
Gene_168,Gene_163
Gene_168,Gene_164
Gene_168,Gene_167
Gene_168,Gene_168
Gene_168,Gene_169
Gene_168,Gene_170
Gene_168,Gene_171
Gene_168,Gene_172
Gene_168,Gene_173
Gene_168,Gene_174
Gene_168,Gene_175
Gene_168,Gene_177
Gene_168,Gene_178
Gene_168,Gene_179
Gene_168,Gene_181
Gene_168,Gene_182
Gene_168,Gene_183
Gene_168,Gene_184
Gene_168,Gene_186
Gene_168,Gene_187
Gene_168,Gene_188
Gene_168,Gene_189
Gene_168,Gene_190
Gene_168,Gene_191
Gene_168,Gene_192
Gene_168,Gene_193
Gene_168,Gene_194
Gene_168,Gene_195
Gene_168,Gene_197
Gene_168,Gene_198
Gene_168,Gene_199
Gene_168,Gene_200
Gene_169,Gene_0
Gene_169,Gene_1
Gene_169,Gene_3
Gene_169,Gene_4
Gene_169,Gene_5
Gene_169,Gene_6
Gene_169,Gene_7
Gene_169,Gene_9
Gene_169,Gene_10
Gene_169,Gene_11
Gene_169,Gene_12
Gene_169,Gene_13
Gene_169,Gene_14
Gene_169,Gene_15
Gene_169,Gene_16
Gene_169,Gene_18
Gene_169,Gene_19
Gene_169,Gene_21
Gene_169,Gene_22
Gene_169,Gene_23
Gene_169,Gene_24
Gene_169,Gene_26
Gene_169,Gene_27
Gene_169,Gene_28
Gene_169,Gene_29
Gene_169,Gene_30
Gene_169,Gene_32
Gene_169,Gene_33
Gene_169,Gene_34
Gene_169,Gene_35
Gene_169,Gene_36
Gene_169,Gene_39
Gene_169,Gene_40
Gene_169,Gene_41
Gene_169,Gene_42
Gene_169,Gene_45
Gene_169,Gene_46
Gene_169,Gene_47
Gene_169,Gene_48
Gene_169,Gene_49
Gene_169,Gene_50
Gene_169,Gene_51
Gene_169,Gene_52
Gene_169,Gene_54
Gene_169,Gene_56
Gene_169,Gene_57
Gene_169,Gene_58
Gene_169,Gene_60
Gene_169,Gene_61
Gene_169,Gene_62
Gene_169,Gene_63
Gene_169,Gene_64
Gene_169,Gene_65
Gene_169,Gene_66
Gene_169,Gene_67
Gene_169,Gene_68
Gene_169,Gene_70
Gene_169,Gene_71
Gene_169,Gene_73
Gene_169,Gene_74
Gene_169,Gene_76
Gene_169,Gene_77
Gene_169,Gene_78
Gene_169,Gene_80
Gene_169,Gene_81
Gene_169,Gene_82
Gene_169,Gene_83
Gene_169,Gene_85
Gene_169,Gene_86
Gene_169,Gene_87
Gene_169,Gene_88
Gene_169,Gene_90
Gene_169,Gene_91
Gene_169,Gene_92
Gene_169,Gene_94
Gene_169,Gene_95
Gene_169,Gene_96
Gene_169,Gene_97
Gene_169,Gene_98
Gene_169,Gene_99
Gene_169,Gene_100
Gene_169,Gene_101
Gene_169,Gene_102
Gene_169,Gene_103
Gene_169,Gene_105
Gene_169,Gene_106
Gene_169,Gene_107
Gene_169,Gene_108
Gene_169,Gene_109
Gene_169,Gene_111
Gene_169,Gene_112
Gene_169,Gene_113
Gene_169,Gene_114
Gene_169,Gene_115
Gene_169,Gene_117
Gene_169,Gene_118
Gene_169,Gene_119
Gene_169,Gene_120
Gene_169,Gene_121
Gene_169,Gene_122
Gene_169,Gene_123
Gene_169,Gene_124
Gene_169,Gene_125
Gene_169,Gene_126
Gene_169,Gene_127
Gene_169,Gene_129
Gene_169,Gene_130
Gene_169,Gene_131
Gene_169,Gene_132
Gene_169,Gene_134
Gene_169,Gene_135
Gene_169,Gene_136
Gene_169,Gene_137
Gene_169,Gene_138
Gene_169,Gene_139
Gene_169,Gene_140
Gene_169,Gene_141
Gene_169,Gene_142
Gene_169,Gene_143
Gene_169,Gene_144
Gene_169,Gene_146
Gene_169,Gene_147
Gene_169,Gene_148
Gene_169,Gene_150
Gene_169,Gene_153
Gene_169,Gene_154
Gene_169,Gene_155
Gene_169,Gene_156
Gene_169,Gene_157
Gene_169,Gene_160
Gene_169,Gene_162
Gene_169,Gene_163
Gene_169,Gene_164
Gene_169,Gene_165
Gene_169,Gene_166
Gene_169,Gene_167
Gene_169,Gene_169
Gene_169,Gene_170
Gene_169,Gene_171
Gene_169,Gene_172
Gene_169,Gene_173
Gene_169,Gene_175
Gene_169,Gene_176
Gene_169,Gene_177
Gene_169,Gene_178
Gene_169,Gene_179
Gene_169,Gene_180
Gene_169,Gene_181
Gene_169,Gene_182
Gene_169,Gene_183
Gene_169,Gene_184
Gene_169,Gene_185
Gene_169,Gene_186
Gene_169,Gene_187
Gene_169,Gene_188
Gene_169,Gene_190
Gene_169,Gene_191
Gene_169,Gene_192
Gene_169,Gene_194
Gene_169,Gene_195
Gene_169,Gene_196
Gene_169,Gene_197
Gene_169,Gene_199
Gene_170,Gene_0
Gene_170,Gene_1
Gene_170,Gene_2
Gene_170,Gene_3
Gene_170,Gene_5
Gene_170,Gene_6
Gene_170,Gene_7
Gene_170,Gene_8
Gene_170,Gene_9
Gene_170,Gene_10
Gene_170,Gene_12
Gene_170,Gene_13
Gene_170,Gene_14
Gene_170,Gene_15
Gene_170,Gene_16
Gene_170,Gene_17
Gene_170,Gene_18
Gene_170,Gene_19
Gene_170,Gene_20
Gene_170,Gene_22
Gene_170,Gene_23
Gene_170,Gene_24
Gene_170,Gene_25
Gene_170,Gene_26
Gene_170,Gene_27
Gene_170,Gene_28
Gene_170,Gene_29
Gene_170,Gene_30
Gene_170,Gene_31
Gene_170,Gene_32
Gene_170,Gene_33
Gene_170,Gene_34
Gene_170,Gene_35
Gene_170,Gene_36
Gene_170,Gene_37
Gene_170,Gene_38
Gene_170,Gene_39
Gene_170,Gene_40
Gene_170,Gene_41
Gene_170,Gene_42
Gene_170,Gene_43
Gene_170,Gene_44
Gene_170,Gene_45
Gene_170,Gene_46
Gene_170,Gene_47
Gene_170,Gene_48
Gene_170,Gene_49
Gene_170,Gene_50
Gene_170,Gene_51
Gene_170,Gene_52
Gene_170,Gene_53
Gene_170,Gene_54
Gene_170,Gene_55
Gene_170,Gene_56
Gene_170,Gene_57
Gene_170,Gene_58
Gene_170,Gene_59
Gene_170,Gene_60
Gene_170,Gene_61
Gene_170,Gene_62
Gene_170,Gene_63
Gene_170,Gene_64
Gene_170,Gene_65
Gene_170,Gene_66
Gene_170,Gene_67
Gene_170,Gene_68
Gene_170,Gene_69
Gene_170,Gene_70
Gene_170,Gene_71
Gene_170,Gene_72
Gene_170,Gene_73
Gene_170,Gene_75
Gene_170,Gene_76
Gene_170,Gene_79
Gene_170,Gene_80
Gene_170,Gene_81
Gene_170,Gene_82
Gene_170,Gene_84
Gene_170,Gene_85
Gene_170,Gene_86
Gene_170,Gene_87
Gene_170,Gene_88
Gene_170,Gene_89
Gene_170,Gene_90
Gene_170,Gene_92
Gene_170,Gene_94
Gene_170,Gene_96
Gene_170,Gene_97
Gene_170,Gene_99
Gene_170,Gene_100
Gene_170,Gene_101
Gene_170,Gene_103
Gene_170,Gene_104
Gene_170,Gene_105
Gene_170,Gene_106
Gene_170,Gene_107
Gene_170,Gene_108
Gene_170,Gene_109
Gene_170,Gene_110
Gene_170,Gene_111
Gene_170,Gene_112
Gene_170,Gene_113
Gene_170,Gene_114
Gene_170,Gene_117
Gene_170,Gene_118
Gene_170,Gene_119
Gene_170,Gene_120
Gene_170,Gene_121
Gene_170,Gene_122
Gene_170,Gene_123
Gene_170,Gene_124
Gene_170,Gene_125
Gene_170,Gene_126
Gene_170,Gene_127
Gene_170,Gene_128
Gene_170,Gene_129
Gene_170,Gene_130
Gene_170,Gene_131
Gene_170,Gene_132
Gene_170,Gene_134
Gene_170,Gene_135
Gene_170,Gene_136
Gene_170,Gene_137
Gene_170,Gene_138
Gene_170,Gene_139
Gene_170,Gene_140
Gene_170,Gene_142
Gene_170,Gene_143
Gene_170,Gene_145
Gene_170,Gene_146
Gene_170,Gene_147
Gene_170,Gene_148
Gene_170,Gene_149
Gene_170,Gene_150
Gene_170,Gene_152
Gene_170,Gene_153
Gene_170,Gene_154
Gene_170,Gene_155
Gene_170,Gene_156
Gene_170,Gene_157
Gene_170,Gene_159
Gene_170,Gene_160
Gene_170,Gene_161
Gene_170,Gene_162
Gene_170,Gene_163
Gene_170,Gene_164
Gene_170,Gene_165
Gene_170,Gene_166
Gene_170,Gene_167
Gene_170,Gene_169
Gene_170,Gene_170
Gene_170,Gene_171
Gene_170,Gene_172
Gene_170,Gene_173
Gene_170,Gene_175
Gene_170,Gene_176
Gene_170,Gene_177
Gene_170,Gene_178
Gene_170,Gene_179
Gene_170,Gene_180
Gene_170,Gene_181
Gene_170,Gene_182
Gene_170,Gene_185
Gene_170,Gene_188
Gene_170,Gene_189
Gene_170,Gene_190
Gene_170,Gene_191
Gene_170,Gene_192
Gene_170,Gene_193
Gene_170,Gene_196
Gene_170,Gene_197
Gene_170,Gene_198
Gene_170,Gene_200
Gene_171,Gene_0
Gene_171,Gene_1
Gene_171,Gene_2
Gene_171,Gene_3
Gene_171,Gene_4
Gene_171,Gene_5
Gene_171,Gene_6
Gene_171,Gene_7
Gene_171,Gene_8
Gene_171,Gene_9
Gene_171,Gene_10
Gene_171,Gene_12
Gene_171,Gene_15
Gene_171,Gene_16
Gene_171,Gene_17
Gene_171,Gene_19
Gene_171,Gene_21
Gene_171,Gene_22
Gene_171,Gene_23
Gene_171,Gene_26
Gene_171,Gene_27
Gene_171,Gene_28
Gene_171,Gene_29
Gene_171,Gene_30
Gene_171,Gene_32
Gene_171,Gene_33
Gene_171,Gene_34
Gene_171,Gene_38
Gene_171,Gene_39
Gene_171,Gene_40
Gene_171,Gene_42
Gene_171,Gene_43
Gene_171,Gene_44
Gene_171,Gene_46
Gene_171,Gene_48
Gene_171,Gene_49
Gene_171,Gene_50
Gene_171,Gene_51
Gene_171,Gene_53
Gene_171,Gene_54
Gene_171,Gene_55
Gene_171,Gene_56
Gene_171,Gene_57
Gene_171,Gene_58
Gene_171,Gene_59
Gene_171,Gene_61
Gene_171,Gene_63
Gene_171,Gene_64
Gene_171,Gene_66
Gene_171,Gene_67
Gene_171,Gene_68
Gene_171,Gene_69
Gene_171,Gene_70
Gene_171,Gene_72
Gene_171,Gene_73
Gene_171,Gene_75
Gene_171,Gene_76
Gene_171,Gene_77
Gene_171,Gene_78
Gene_171,Gene_79
Gene_171,Gene_80
Gene_171,Gene_81
Gene_171,Gene_83
Gene_171,Gene_84
Gene_171,Gene_85
Gene_171,Gene_87
Gene_171,Gene_88
Gene_171,Gene_89
Gene_171,Gene_90
Gene_171,Gene_91
Gene_171,Gene_92
Gene_171,Gene_93
Gene_171,Gene_95
Gene_171,Gene_96
Gene_171,Gene_97
Gene_171,Gene_98
Gene_171,Gene_99
Gene_171,Gene_100
Gene_171,Gene_102
Gene_171,Gene_103
Gene_171,Gene_104
Gene_171,Gene_106
Gene_171,Gene_107
Gene_171,Gene_108
Gene_171,Gene_109
Gene_171,Gene_110
Gene_171,Gene_111
Gene_171,Gene_112
Gene_171,Gene_113
Gene_171,Gene_116
Gene_171,Gene_119
Gene_171,Gene_120
Gene_171,Gene_121
Gene_171,Gene_122
Gene_171,Gene_123
Gene_171,Gene_124
Gene_171,Gene_126
Gene_171,Gene_128
Gene_171,Gene_130
Gene_171,Gene_131
Gene_171,Gene_132
Gene_171,Gene_133
Gene_171,Gene_134
Gene_171,Gene_135
Gene_171,Gene_137
Gene_171,Gene_138
Gene_171,Gene_139
Gene_171,Gene_141
Gene_171,Gene_142
Gene_171,Gene_145
Gene_171,Gene_147
Gene_171,Gene_148
Gene_171,Gene_149
Gene_171,Gene_150
Gene_171,Gene_151
Gene_171,Gene_152
Gene_171,Gene_153
Gene_171,Gene_154
Gene_171,Gene_155
Gene_171,Gene_156
Gene_171,Gene_157
Gene_171,Gene_159
Gene_171,Gene_160
Gene_171,Gene_161
Gene_171,Gene_162
Gene_171,Gene_163
Gene_171,Gene_166
Gene_171,Gene_167
Gene_171,Gene_168
Gene_171,Gene_172
Gene_171,Gene_173
Gene_171,Gene_174
Gene_171,Gene_176
Gene_171,Gene_177
Gene_171,Gene_178
Gene_171,Gene_179
Gene_171,Gene_180
Gene_171,Gene_182
Gene_171,Gene_183
Gene_171,Gene_184
Gene_171,Gene_185
Gene_171,Gene_186
Gene_171,Gene_187
Gene_171,Gene_188
Gene_171,Gene_190
Gene_171,Gene_191
Gene_171,Gene_193
Gene_171,Gene_194
Gene_171,Gene_195
Gene_171,Gene_196
Gene_171,Gene_197
Gene_171,Gene_198
Gene_171,Gene_199
Gene_171,Gene_200
Gene_172,Gene_0
Gene_172,Gene_1
Gene_172,Gene_2
Gene_172,Gene_3
Gene_172,Gene_4
Gene_172,Gene_5
Gene_172,Gene_6
Gene_172,Gene_8
Gene_172,Gene_10
Gene_172,Gene_11
Gene_172,Gene_12
Gene_172,Gene_13
Gene_172,Gene_14
Gene_172,Gene_15
Gene_172,Gene_16
Gene_172,Gene_18
Gene_172,Gene_19
Gene_172,Gene_20
Gene_172,Gene_21
Gene_172,Gene_23
Gene_172,Gene_25
Gene_172,Gene_27
Gene_172,Gene_28
Gene_172,Gene_29
Gene_172,Gene_31
Gene_172,Gene_32
Gene_172,Gene_33
Gene_172,Gene_34
Gene_172,Gene_37
Gene_172,Gene_38
Gene_172,Gene_40
Gene_172,Gene_41
Gene_172,Gene_42
Gene_172,Gene_43
Gene_172,Gene_44
Gene_172,Gene_45
Gene_172,Gene_46
Gene_172,Gene_47
Gene_172,Gene_48
Gene_172,Gene_49
Gene_172,Gene_51
Gene_172,Gene_52
Gene_172,Gene_53
Gene_172,Gene_54
Gene_172,Gene_56
Gene_172,Gene_58
Gene_172,Gene_60
Gene_172,Gene_61
Gene_172,Gene_62
Gene_172,Gene_63
Gene_172,Gene_64
Gene_172,Gene_66
Gene_172,Gene_67
Gene_172,Gene_68
Gene_172,Gene_69
Gene_172,Gene_70
Gene_172,Gene_71
Gene_172,Gene_72
Gene_172,Gene_73
Gene_172,Gene_74
Gene_172,Gene_75
Gene_172,Gene_76
Gene_172,Gene_78
Gene_172,Gene_79
Gene_172,Gene_80
Gene_172,Gene_81
Gene_172,Gene_83
Gene_172,Gene_85
Gene_172,Gene_86
Gene_172,Gene_88
Gene_172,Gene_91
Gene_172,Gene_92
Gene_172,Gene_93
Gene_172,Gene_94
Gene_172,Gene_95
Gene_172,Gene_96
Gene_172,Gene_97
Gene_172,Gene_98
Gene_172,Gene_100
Gene_172,Gene_102
Gene_172,Gene_103
Gene_172,Gene_104
Gene_172,Gene_105
Gene_172,Gene_106
Gene_172,Gene_107
Gene_172,Gene_108
Gene_172,Gene_109
Gene_172,Gene_110
Gene_172,Gene_112
Gene_172,Gene_113
Gene_172,Gene_115
Gene_172,Gene_116
Gene_172,Gene_118
Gene_172,Gene_119
Gene_172,Gene_121
Gene_172,Gene_122
Gene_172,Gene_125
Gene_172,Gene_126
Gene_172,Gene_127
Gene_172,Gene_128
Gene_172,Gene_129
Gene_172,Gene_130
Gene_172,Gene_131
Gene_172,Gene_132
Gene_172,Gene_133
Gene_172,Gene_134
Gene_172,Gene_135
Gene_172,Gene_138
Gene_172,Gene_139
Gene_172,Gene_140
Gene_172,Gene_141
Gene_172,Gene_143
Gene_172,Gene_144
Gene_172,Gene_145
Gene_172,Gene_147
Gene_172,Gene_148
Gene_172,Gene_149
Gene_172,Gene_150
Gene_172,Gene_151
Gene_172,Gene_152
Gene_172,Gene_155
Gene_172,Gene_156
Gene_172,Gene_157
Gene_172,Gene_158
Gene_172,Gene_159
Gene_172,Gene_160
Gene_172,Gene_163
Gene_172,Gene_164
Gene_172,Gene_165
Gene_172,Gene_166
Gene_172,Gene_167
Gene_172,Gene_168
Gene_172,Gene_169
Gene_172,Gene_170
Gene_172,Gene_172
Gene_172,Gene_173
Gene_172,Gene_174
Gene_172,Gene_176
Gene_172,Gene_177
Gene_172,Gene_178
Gene_172,Gene_179
Gene_172,Gene_180
Gene_172,Gene_181
Gene_172,Gene_182
Gene_172,Gene_183
Gene_172,Gene_184
Gene_172,Gene_185
Gene_172,Gene_188
Gene_172,Gene_189
Gene_172,Gene_190
Gene_172,Gene_191
Gene_172,Gene_193
Gene_172,Gene_195
Gene_172,Gene_196
Gene_172,Gene_197
Gene_172,Gene_198
Gene_172,Gene_199
Gene_173,Gene_0
Gene_173,Gene_1
Gene_173,Gene_2
Gene_173,Gene_3
Gene_173,Gene_5
Gene_173,Gene_6
Gene_173,Gene_7
Gene_173,Gene_8
Gene_173,Gene_10
Gene_173,Gene_11
Gene_173,Gene_12
Gene_173,Gene_15
Gene_173,Gene_16
Gene_173,Gene_23
Gene_173,Gene_24
Gene_173,Gene_26
Gene_173,Gene_27
Gene_173,Gene_29
Gene_173,Gene_30
Gene_173,Gene_31
Gene_173,Gene_32
Gene_173,Gene_34
Gene_173,Gene_35
Gene_173,Gene_36
Gene_173,Gene_37
Gene_173,Gene_38
Gene_173,Gene_39
Gene_173,Gene_40
Gene_173,Gene_41
Gene_173,Gene_42
Gene_173,Gene_43
Gene_173,Gene_44
Gene_173,Gene_45
Gene_173,Gene_46
Gene_173,Gene_47
Gene_173,Gene_49
Gene_173,Gene_50
Gene_173,Gene_51
Gene_173,Gene_52
Gene_173,Gene_53
Gene_173,Gene_54
Gene_173,Gene_55
Gene_173,Gene_56
Gene_173,Gene_57
Gene_173,Gene_59
Gene_173,Gene_60
Gene_173,Gene_61
Gene_173,Gene_62
Gene_173,Gene_63
Gene_173,Gene_65
Gene_173,Gene_66
Gene_173,Gene_68
Gene_173,Gene_69
Gene_173,Gene_70
Gene_173,Gene_72
Gene_173,Gene_73
Gene_173,Gene_74
Gene_173,Gene_75
Gene_173,Gene_76
Gene_173,Gene_77
Gene_173,Gene_78
Gene_173,Gene_79
Gene_173,Gene_80
Gene_173,Gene_81
Gene_173,Gene_82
Gene_173,Gene_83
Gene_173,Gene_84
Gene_173,Gene_85
Gene_173,Gene_86
Gene_173,Gene_89
Gene_173,Gene_91
Gene_173,Gene_92
Gene_173,Gene_93
Gene_173,Gene_94
Gene_173,Gene_95
Gene_173,Gene_96
Gene_173,Gene_97
Gene_173,Gene_98
Gene_173,Gene_102
Gene_173,Gene_103
Gene_173,Gene_104
Gene_173,Gene_105
Gene_173,Gene_106
Gene_173,Gene_107
Gene_173,Gene_108
Gene_173,Gene_109
Gene_173,Gene_110
Gene_173,Gene_111
Gene_173,Gene_112
Gene_173,Gene_113
Gene_173,Gene_114
Gene_173,Gene_115
Gene_173,Gene_116
Gene_173,Gene_118
Gene_173,Gene_119
Gene_173,Gene_120
Gene_173,Gene_121
Gene_173,Gene_123
Gene_173,Gene_124
Gene_173,Gene_125
Gene_173,Gene_126
Gene_173,Gene_127
Gene_173,Gene_128
Gene_173,Gene_129
Gene_173,Gene_131
Gene_173,Gene_132
Gene_173,Gene_134
Gene_173,Gene_135
Gene_173,Gene_137
Gene_173,Gene_138
Gene_173,Gene_140
Gene_173,Gene_141
Gene_173,Gene_143
Gene_173,Gene_144
Gene_173,Gene_145
Gene_173,Gene_146
Gene_173,Gene_147
Gene_173,Gene_148
Gene_173,Gene_149
Gene_173,Gene_150
Gene_173,Gene_151
Gene_173,Gene_152
Gene_173,Gene_153
Gene_173,Gene_154
Gene_173,Gene_155
Gene_173,Gene_156
Gene_173,Gene_158
Gene_173,Gene_159
Gene_173,Gene_160
Gene_173,Gene_161
Gene_173,Gene_163
Gene_173,Gene_164
Gene_173,Gene_165
Gene_173,Gene_167
Gene_173,Gene_168
Gene_173,Gene_169
Gene_173,Gene_170
Gene_173,Gene_171
Gene_173,Gene_173
Gene_173,Gene_174
Gene_173,Gene_175
Gene_173,Gene_176
Gene_173,Gene_178
Gene_173,Gene_179
Gene_173,Gene_180
Gene_173,Gene_182
Gene_173,Gene_183
Gene_173,Gene_186
Gene_173,Gene_187
Gene_173,Gene_188
Gene_173,Gene_189
Gene_173,Gene_190
Gene_173,Gene_192
Gene_173,Gene_193
Gene_173,Gene_194
Gene_173,Gene_195
Gene_173,Gene_197
Gene_173,Gene_198
Gene_174,Gene_0
Gene_174,Gene_1
Gene_174,Gene_3
Gene_174,Gene_4
Gene_174,Gene_5
Gene_174,Gene_6
Gene_174,Gene_7
Gene_174,Gene_8
Gene_174,Gene_9
Gene_174,Gene_10
Gene_174,Gene_11
Gene_174,Gene_12
Gene_174,Gene_13
Gene_174,Gene_14
Gene_174,Gene_15
Gene_174,Gene_16
Gene_174,Gene_18
Gene_174,Gene_19
Gene_174,Gene_20
Gene_174,Gene_21
Gene_174,Gene_22
Gene_174,Gene_23
Gene_174,Gene_24
Gene_174,Gene_26
Gene_174,Gene_27
Gene_174,Gene_28
Gene_174,Gene_29
Gene_174,Gene_31
Gene_174,Gene_32
Gene_174,Gene_33
Gene_174,Gene_34
Gene_174,Gene_35
Gene_174,Gene_36
Gene_174,Gene_37
Gene_174,Gene_38
Gene_174,Gene_39
Gene_174,Gene_40
Gene_174,Gene_41
Gene_174,Gene_42
Gene_174,Gene_43
Gene_174,Gene_44
Gene_174,Gene_45
Gene_174,Gene_47
Gene_174,Gene_48
Gene_174,Gene_49
Gene_174,Gene_50
Gene_174,Gene_52
Gene_174,Gene_53
Gene_174,Gene_54
Gene_174,Gene_55
Gene_174,Gene_56
Gene_174,Gene_57
Gene_174,Gene_58
Gene_174,Gene_59
Gene_174,Gene_60
Gene_174,Gene_61
Gene_174,Gene_62
Gene_174,Gene_63
Gene_174,Gene_65
Gene_174,Gene_66
Gene_174,Gene_68
Gene_174,Gene_69
Gene_174,Gene_70
Gene_174,Gene_71
Gene_174,Gene_72
Gene_174,Gene_73
Gene_174,Gene_74
Gene_174,Gene_76
Gene_174,Gene_77
Gene_174,Gene_78
Gene_174,Gene_81
Gene_174,Gene_82
Gene_174,Gene_83
Gene_174,Gene_84
Gene_174,Gene_85
Gene_174,Gene_86
Gene_174,Gene_87
Gene_174,Gene_88
Gene_174,Gene_89
Gene_174,Gene_90
Gene_174,Gene_91
Gene_174,Gene_92
Gene_174,Gene_95
Gene_174,Gene_97
Gene_174,Gene_99
Gene_174,Gene_101
Gene_174,Gene_102
Gene_174,Gene_103
Gene_174,Gene_104
Gene_174,Gene_105
Gene_174,Gene_107
Gene_174,Gene_108
Gene_174,Gene_109
Gene_174,Gene_111
Gene_174,Gene_112
Gene_174,Gene_113
Gene_174,Gene_114
Gene_174,Gene_115
Gene_174,Gene_116
Gene_174,Gene_117
Gene_174,Gene_119
Gene_174,Gene_121
Gene_174,Gene_122
Gene_174,Gene_123
Gene_174,Gene_124
Gene_174,Gene_125
Gene_174,Gene_126
Gene_174,Gene_128
Gene_174,Gene_129
Gene_174,Gene_130
Gene_174,Gene_131
Gene_174,Gene_132
Gene_174,Gene_133
Gene_174,Gene_136
Gene_174,Gene_137
Gene_174,Gene_138
Gene_174,Gene_139
Gene_174,Gene_140
Gene_174,Gene_141
Gene_174,Gene_144
Gene_174,Gene_145
Gene_174,Gene_146
Gene_174,Gene_147
Gene_174,Gene_148
Gene_174,Gene_150
Gene_174,Gene_152
Gene_174,Gene_153
Gene_174,Gene_154
Gene_174,Gene_155
Gene_174,Gene_156
Gene_174,Gene_157
Gene_174,Gene_158
Gene_174,Gene_159
Gene_174,Gene_160
Gene_174,Gene_161
Gene_174,Gene_162
Gene_174,Gene_163
Gene_174,Gene_164
Gene_174,Gene_165
Gene_174,Gene_167
Gene_174,Gene_168
Gene_174,Gene_169
Gene_174,Gene_170
Gene_174,Gene_171
Gene_174,Gene_172
Gene_174,Gene_173
Gene_174,Gene_174
Gene_174,Gene_175
Gene_174,Gene_179
Gene_174,Gene_180
Gene_174,Gene_182
Gene_174,Gene_183
Gene_174,Gene_184
Gene_174,Gene_185
Gene_174,Gene_186
Gene_174,Gene_188
Gene_174,Gene_189
Gene_174,Gene_190
Gene_174,Gene_194
Gene_174,Gene_195
Gene_174,Gene_196
Gene_174,Gene_197
Gene_174,Gene_198
Gene_174,Gene_200
Gene_175,Gene_0
Gene_175,Gene_1
Gene_175,Gene_2
Gene_175,Gene_4
Gene_175,Gene_5
Gene_175,Gene_6
Gene_175,Gene_7
Gene_175,Gene_8
Gene_175,Gene_9
Gene_175,Gene_10
Gene_175,Gene_11
Gene_175,Gene_13
Gene_175,Gene_14
Gene_175,Gene_15
Gene_175,Gene_17
Gene_175,Gene_18
Gene_175,Gene_19
Gene_175,Gene_21
Gene_175,Gene_22
Gene_175,Gene_24
Gene_175,Gene_25
Gene_175,Gene_27
Gene_175,Gene_29
Gene_175,Gene_30
Gene_175,Gene_31
Gene_175,Gene_33
Gene_175,Gene_35
Gene_175,Gene_36
Gene_175,Gene_38
Gene_175,Gene_39
Gene_175,Gene_41
Gene_175,Gene_43
Gene_175,Gene_46
Gene_175,Gene_48
Gene_175,Gene_49
Gene_175,Gene_50
Gene_175,Gene_51
Gene_175,Gene_53
Gene_175,Gene_54
Gene_175,Gene_55
Gene_175,Gene_57
Gene_175,Gene_58
Gene_175,Gene_59
Gene_175,Gene_60
Gene_175,Gene_61
Gene_175,Gene_62
Gene_175,Gene_63
Gene_175,Gene_64
Gene_175,Gene_65
Gene_175,Gene_66
Gene_175,Gene_67
Gene_175,Gene_69
Gene_175,Gene_70
Gene_175,Gene_72
Gene_175,Gene_73
Gene_175,Gene_74
Gene_175,Gene_75
Gene_175,Gene_77
Gene_175,Gene_78
Gene_175,Gene_79
Gene_175,Gene_80
Gene_175,Gene_81
Gene_175,Gene_82
Gene_175,Gene_83
Gene_175,Gene_84
Gene_175,Gene_85
Gene_175,Gene_88
Gene_175,Gene_89
Gene_175,Gene_90
Gene_175,Gene_91
Gene_175,Gene_92
Gene_175,Gene_93
Gene_175,Gene_94
Gene_175,Gene_96
Gene_175,Gene_97
Gene_175,Gene_98
Gene_175,Gene_99
Gene_175,Gene_100
Gene_175,Gene_102
Gene_175,Gene_104
Gene_175,Gene_105
Gene_175,Gene_106
Gene_175,Gene_107
Gene_175,Gene_108
Gene_175,Gene_109
Gene_175,Gene_110
Gene_175,Gene_111
Gene_175,Gene_112
Gene_175,Gene_114
Gene_175,Gene_116
Gene_175,Gene_117
Gene_175,Gene_118
Gene_175,Gene_119
Gene_175,Gene_121
Gene_175,Gene_122
Gene_175,Gene_123
Gene_175,Gene_124
Gene_175,Gene_126
Gene_175,Gene_127
Gene_175,Gene_128
Gene_175,Gene_129
Gene_175,Gene_130
Gene_175,Gene_132
Gene_175,Gene_133
Gene_175,Gene_134
Gene_175,Gene_135
Gene_175,Gene_136
Gene_175,Gene_137
Gene_175,Gene_139
Gene_175,Gene_140
Gene_175,Gene_142
Gene_175,Gene_143
Gene_175,Gene_144
Gene_175,Gene_145
Gene_175,Gene_146
Gene_175,Gene_147
Gene_175,Gene_150
Gene_175,Gene_152
Gene_175,Gene_153
Gene_175,Gene_156
Gene_175,Gene_157
Gene_175,Gene_158
Gene_175,Gene_159
Gene_175,Gene_161
Gene_175,Gene_162
Gene_175,Gene_164
Gene_175,Gene_165
Gene_175,Gene_166
Gene_175,Gene_167
Gene_175,Gene_168
Gene_175,Gene_169
Gene_175,Gene_170
Gene_175,Gene_171
Gene_175,Gene_172
Gene_175,Gene_173
Gene_175,Gene_174
Gene_175,Gene_175
Gene_175,Gene_177
Gene_175,Gene_180
Gene_175,Gene_181
Gene_175,Gene_182
Gene_175,Gene_183
Gene_175,Gene_184
Gene_175,Gene_185
Gene_175,Gene_186
Gene_175,Gene_187
Gene_175,Gene_188
Gene_175,Gene_190
Gene_175,Gene_191
Gene_175,Gene_192
Gene_175,Gene_193
Gene_175,Gene_194
Gene_175,Gene_195
Gene_175,Gene_196
Gene_175,Gene_197
Gene_175,Gene_198
Gene_175,Gene_199
Gene_176,Gene_2
Gene_176,Gene_3
Gene_176,Gene_5
Gene_176,Gene_6
Gene_176,Gene_9
Gene_176,Gene_12
Gene_176,Gene_15
Gene_176,Gene_17
Gene_176,Gene_23
Gene_176,Gene_24
Gene_176,Gene_27
Gene_176,Gene_28
Gene_176,Gene_30
Gene_176,Gene_32
Gene_176,Gene_33
Gene_176,Gene_34
Gene_176,Gene_36
Gene_176,Gene_38
Gene_176,Gene_40
Gene_176,Gene_45
Gene_176,Gene_51
Gene_176,Gene_52
Gene_176,Gene_55
Gene_176,Gene_57
Gene_176,Gene_59
Gene_176,Gene_60
Gene_176,Gene_61
Gene_176,Gene_62
Gene_176,Gene_63
Gene_176,Gene_66
Gene_176,Gene_67
Gene_176,Gene_69
Gene_176,Gene_75
Gene_176,Gene_77
Gene_176,Gene_80
Gene_176,Gene_85
Gene_176,Gene_89
Gene_176,Gene_91
Gene_176,Gene_92
Gene_176,Gene_97
Gene_176,Gene_98
Gene_176,Gene_100
Gene_176,Gene_103
Gene_176,Gene_106
Gene_176,Gene_110
Gene_176,Gene_111
Gene_176,Gene_112
Gene_176,Gene_117
Gene_176,Gene_119
Gene_176,Gene_120
Gene_176,Gene_124
Gene_176,Gene_125
Gene_176,Gene_126
Gene_176,Gene_128
Gene_176,Gene_129
Gene_176,Gene_131
Gene_176,Gene_133
Gene_176,Gene_135
Gene_176,Gene_136
Gene_176,Gene_138
Gene_176,Gene_142
Gene_176,Gene_143
Gene_176,Gene_144
Gene_176,Gene_145
Gene_176,Gene_146
Gene_176,Gene_148
Gene_176,Gene_149
Gene_176,Gene_150
Gene_176,Gene_152
Gene_176,Gene_158
Gene_176,Gene_162
Gene_176,Gene_164
Gene_176,Gene_169
Gene_176,Gene_172
Gene_176,Gene_173
Gene_176,Gene_175
Gene_176,Gene_181
Gene_176,Gene_183
Gene_176,Gene_184
Gene_176,Gene_185
Gene_176,Gene_186
Gene_176,Gene_196
Gene_176,Gene_198
Gene_176,Gene_200
Gene_177,Gene_0
Gene_177,Gene_1
Gene_177,Gene_2
Gene_177,Gene_3
Gene_177,Gene_4
Gene_177,Gene_5
Gene_177,Gene_8
Gene_177,Gene_9
Gene_177,Gene_10
Gene_177,Gene_11
Gene_177,Gene_12
Gene_177,Gene_13
Gene_177,Gene_14
Gene_177,Gene_15
Gene_177,Gene_18
Gene_177,Gene_19
Gene_177,Gene_20
Gene_177,Gene_21
Gene_177,Gene_23
Gene_177,Gene_24
Gene_177,Gene_26
Gene_177,Gene_27
Gene_177,Gene_28
Gene_177,Gene_29
Gene_177,Gene_30
Gene_177,Gene_31
Gene_177,Gene_33
Gene_177,Gene_34
Gene_177,Gene_36
Gene_177,Gene_38
Gene_177,Gene_39
Gene_177,Gene_40
Gene_177,Gene_41
Gene_177,Gene_42
Gene_177,Gene_43
Gene_177,Gene_44
Gene_177,Gene_45
Gene_177,Gene_46
Gene_177,Gene_47
Gene_177,Gene_48
Gene_177,Gene_49
Gene_177,Gene_50
Gene_177,Gene_51
Gene_177,Gene_52
Gene_177,Gene_54
Gene_177,Gene_56
Gene_177,Gene_57
Gene_177,Gene_59
Gene_177,Gene_60
Gene_177,Gene_61
Gene_177,Gene_63
Gene_177,Gene_65
Gene_177,Gene_66
Gene_177,Gene_67
Gene_177,Gene_69
Gene_177,Gene_70
Gene_177,Gene_71
Gene_177,Gene_72
Gene_177,Gene_74
Gene_177,Gene_75
Gene_177,Gene_76
Gene_177,Gene_77
Gene_177,Gene_79
Gene_177,Gene_80
Gene_177,Gene_81
Gene_177,Gene_82
Gene_177,Gene_83
Gene_177,Gene_85
Gene_177,Gene_86
Gene_177,Gene_87
Gene_177,Gene_88
Gene_177,Gene_89
Gene_177,Gene_90
Gene_177,Gene_91
Gene_177,Gene_92
Gene_177,Gene_93
Gene_177,Gene_95
Gene_177,Gene_96
Gene_177,Gene_98
Gene_177,Gene_99
Gene_177,Gene_100
Gene_177,Gene_101
Gene_177,Gene_102
Gene_177,Gene_103
Gene_177,Gene_104
Gene_177,Gene_105
Gene_177,Gene_106
Gene_177,Gene_107
Gene_177,Gene_108
Gene_177,Gene_109
Gene_177,Gene_110
Gene_177,Gene_111
Gene_177,Gene_113
Gene_177,Gene_114
Gene_177,Gene_115
Gene_177,Gene_116
Gene_177,Gene_117
Gene_177,Gene_118
Gene_177,Gene_119
Gene_177,Gene_120
Gene_177,Gene_124
Gene_177,Gene_125
Gene_177,Gene_126
Gene_177,Gene_127
Gene_177,Gene_129
Gene_177,Gene_130
Gene_177,Gene_131
Gene_177,Gene_132
Gene_177,Gene_133
Gene_177,Gene_134
Gene_177,Gene_136
Gene_177,Gene_137
Gene_177,Gene_138
Gene_177,Gene_139
Gene_177,Gene_140
Gene_177,Gene_141
Gene_177,Gene_142
Gene_177,Gene_144
Gene_177,Gene_145
Gene_177,Gene_147
Gene_177,Gene_148
Gene_177,Gene_149
Gene_177,Gene_150
Gene_177,Gene_151
Gene_177,Gene_152
Gene_177,Gene_153
Gene_177,Gene_154
Gene_177,Gene_155
Gene_177,Gene_156
Gene_177,Gene_158
Gene_177,Gene_159
Gene_177,Gene_161
Gene_177,Gene_162
Gene_177,Gene_163
Gene_177,Gene_164
Gene_177,Gene_165
Gene_177,Gene_166
Gene_177,Gene_167
Gene_177,Gene_168
Gene_177,Gene_169
Gene_177,Gene_170
Gene_177,Gene_172
Gene_177,Gene_173
Gene_177,Gene_174
Gene_177,Gene_175
Gene_177,Gene_176
Gene_177,Gene_177
Gene_177,Gene_178
Gene_177,Gene_179
Gene_177,Gene_180
Gene_177,Gene_181
Gene_177,Gene_182
Gene_177,Gene_183
Gene_177,Gene_184
Gene_177,Gene_185
Gene_177,Gene_186
Gene_177,Gene_187
Gene_177,Gene_188
Gene_177,Gene_189
Gene_177,Gene_190
Gene_177,Gene_191
Gene_177,Gene_192
Gene_177,Gene_193
Gene_177,Gene_194
Gene_177,Gene_196
Gene_177,Gene_197
Gene_177,Gene_198
Gene_177,Gene_200
Gene_178,Gene_1
Gene_178,Gene_2
Gene_178,Gene_3
Gene_178,Gene_5
Gene_178,Gene_6
Gene_178,Gene_7
Gene_178,Gene_8
Gene_178,Gene_9
Gene_178,Gene_10
Gene_178,Gene_11
Gene_178,Gene_12
Gene_178,Gene_13
Gene_178,Gene_14
Gene_178,Gene_16
Gene_178,Gene_17
Gene_178,Gene_19
Gene_178,Gene_20
Gene_178,Gene_21
Gene_178,Gene_22
Gene_178,Gene_23
Gene_178,Gene_24
Gene_178,Gene_25
Gene_178,Gene_26
Gene_178,Gene_27
Gene_178,Gene_28
Gene_178,Gene_31
Gene_178,Gene_32
Gene_178,Gene_33
Gene_178,Gene_34
Gene_178,Gene_35
Gene_178,Gene_36
Gene_178,Gene_37
Gene_178,Gene_38
Gene_178,Gene_39
Gene_178,Gene_40
Gene_178,Gene_41
Gene_178,Gene_42
Gene_178,Gene_43
Gene_178,Gene_44
Gene_178,Gene_45
Gene_178,Gene_47
Gene_178,Gene_48
Gene_178,Gene_49
Gene_178,Gene_50
Gene_178,Gene_51
Gene_178,Gene_52
Gene_178,Gene_53
Gene_178,Gene_54
Gene_178,Gene_55
Gene_178,Gene_56
Gene_178,Gene_57
Gene_178,Gene_59
Gene_178,Gene_60
Gene_178,Gene_61
Gene_178,Gene_62
Gene_178,Gene_64
Gene_178,Gene_65
Gene_178,Gene_66
Gene_178,Gene_68
Gene_178,Gene_69
Gene_178,Gene_70
Gene_178,Gene_71
Gene_178,Gene_75
Gene_178,Gene_76
Gene_178,Gene_77
Gene_178,Gene_79
Gene_178,Gene_80
Gene_178,Gene_83
Gene_178,Gene_84
Gene_178,Gene_85
Gene_178,Gene_86
Gene_178,Gene_87
Gene_178,Gene_88
Gene_178,Gene_90
Gene_178,Gene_91
Gene_178,Gene_92
Gene_178,Gene_94
Gene_178,Gene_95
Gene_178,Gene_96
Gene_178,Gene_97
Gene_178,Gene_99
Gene_178,Gene_100
Gene_178,Gene_101
Gene_178,Gene_102
Gene_178,Gene_103
Gene_178,Gene_104
Gene_178,Gene_105
Gene_178,Gene_106
Gene_178,Gene_109
Gene_178,Gene_110
Gene_178,Gene_111
Gene_178,Gene_113
Gene_178,Gene_114
Gene_178,Gene_115
Gene_178,Gene_116
Gene_178,Gene_117
Gene_178,Gene_118
Gene_178,Gene_119
Gene_178,Gene_121
Gene_178,Gene_122
Gene_178,Gene_123
Gene_178,Gene_124
Gene_178,Gene_125
Gene_178,Gene_126
Gene_178,Gene_128
Gene_178,Gene_129
Gene_178,Gene_130
Gene_178,Gene_131
Gene_178,Gene_133
Gene_178,Gene_134
Gene_178,Gene_136
Gene_178,Gene_137
Gene_178,Gene_138
Gene_178,Gene_139
Gene_178,Gene_142
Gene_178,Gene_143
Gene_178,Gene_144
Gene_178,Gene_146
Gene_178,Gene_148
Gene_178,Gene_149
Gene_178,Gene_150
Gene_178,Gene_151
Gene_178,Gene_152
Gene_178,Gene_153
Gene_178,Gene_154
Gene_178,Gene_155
Gene_178,Gene_156
Gene_178,Gene_157
Gene_178,Gene_158
Gene_178,Gene_159
Gene_178,Gene_160
Gene_178,Gene_162
Gene_178,Gene_163
Gene_178,Gene_164
Gene_178,Gene_165
Gene_178,Gene_166
Gene_178,Gene_167
Gene_178,Gene_168
Gene_178,Gene_169
Gene_178,Gene_170
Gene_178,Gene_171
Gene_178,Gene_172
Gene_178,Gene_173
Gene_178,Gene_174
Gene_178,Gene_175
Gene_178,Gene_178
Gene_178,Gene_181
Gene_178,Gene_182
Gene_178,Gene_183
Gene_178,Gene_185
Gene_178,Gene_186
Gene_178,Gene_187
Gene_178,Gene_188
Gene_178,Gene_189
Gene_178,Gene_190
Gene_178,Gene_191
Gene_178,Gene_192
Gene_178,Gene_193
Gene_178,Gene_194
Gene_178,Gene_195
Gene_178,Gene_196
Gene_178,Gene_198
Gene_178,Gene_199
Gene_179,Gene_0
Gene_179,Gene_1
Gene_179,Gene_2
Gene_179,Gene_3
Gene_179,Gene_4
Gene_179,Gene_6
Gene_179,Gene_7
Gene_179,Gene_8
Gene_179,Gene_10
Gene_179,Gene_11
Gene_179,Gene_12
Gene_179,Gene_13
Gene_179,Gene_14
Gene_179,Gene_16
Gene_179,Gene_17
Gene_179,Gene_19
Gene_179,Gene_20
Gene_179,Gene_24
Gene_179,Gene_25
Gene_179,Gene_26
Gene_179,Gene_27
Gene_179,Gene_28
Gene_179,Gene_31
Gene_179,Gene_32
Gene_179,Gene_34
Gene_179,Gene_35
Gene_179,Gene_36
Gene_179,Gene_38
Gene_179,Gene_39
Gene_179,Gene_40
Gene_179,Gene_42
Gene_179,Gene_43
Gene_179,Gene_44
Gene_179,Gene_45
Gene_179,Gene_46
Gene_179,Gene_48
Gene_179,Gene_49
Gene_179,Gene_51
Gene_179,Gene_52
Gene_179,Gene_53
Gene_179,Gene_54
Gene_179,Gene_56
Gene_179,Gene_57
Gene_179,Gene_58
Gene_179,Gene_59
Gene_179,Gene_60
Gene_179,Gene_62
Gene_179,Gene_63
Gene_179,Gene_65
Gene_179,Gene_66
Gene_179,Gene_67
Gene_179,Gene_68
Gene_179,Gene_70
Gene_179,Gene_71
Gene_179,Gene_72
Gene_179,Gene_73
Gene_179,Gene_74
Gene_179,Gene_75
Gene_179,Gene_76
Gene_179,Gene_77
Gene_179,Gene_78
Gene_179,Gene_79
Gene_179,Gene_80
Gene_179,Gene_83
Gene_179,Gene_84
Gene_179,Gene_87
Gene_179,Gene_89
Gene_179,Gene_90
Gene_179,Gene_91
Gene_179,Gene_94
Gene_179,Gene_95
Gene_179,Gene_96
Gene_179,Gene_97
Gene_179,Gene_98
Gene_179,Gene_99
Gene_179,Gene_100
Gene_179,Gene_102
Gene_179,Gene_103
Gene_179,Gene_104
Gene_179,Gene_105
Gene_179,Gene_106
Gene_179,Gene_109
Gene_179,Gene_110
Gene_179,Gene_111
Gene_179,Gene_112
Gene_179,Gene_114
Gene_179,Gene_116
Gene_179,Gene_118
Gene_179,Gene_119
Gene_179,Gene_121
Gene_179,Gene_122
Gene_179,Gene_123
Gene_179,Gene_124
Gene_179,Gene_125
Gene_179,Gene_127
Gene_179,Gene_128
Gene_179,Gene_129
Gene_179,Gene_130
Gene_179,Gene_131
Gene_179,Gene_132
Gene_179,Gene_133
Gene_179,Gene_134
Gene_179,Gene_136
Gene_179,Gene_137
Gene_179,Gene_138
Gene_179,Gene_139
Gene_179,Gene_140
Gene_179,Gene_141
Gene_179,Gene_142
Gene_179,Gene_143
Gene_179,Gene_144
Gene_179,Gene_145
Gene_179,Gene_146
Gene_179,Gene_147
Gene_179,Gene_148
Gene_179,Gene_150
Gene_179,Gene_151
Gene_179,Gene_154
Gene_179,Gene_155
Gene_179,Gene_156
Gene_179,Gene_157
Gene_179,Gene_158
Gene_179,Gene_160
Gene_179,Gene_162
Gene_179,Gene_163
Gene_179,Gene_165
Gene_179,Gene_166
Gene_179,Gene_167
Gene_179,Gene_169
Gene_179,Gene_170
Gene_179,Gene_171
Gene_179,Gene_172
Gene_179,Gene_173
Gene_179,Gene_174
Gene_179,Gene_175
Gene_179,Gene_176
Gene_179,Gene_177
Gene_179,Gene_178
Gene_179,Gene_180
Gene_179,Gene_181
Gene_179,Gene_182
Gene_179,Gene_183
Gene_179,Gene_184
Gene_179,Gene_185
Gene_179,Gene_186
Gene_179,Gene_187
Gene_179,Gene_189
Gene_179,Gene_192
Gene_179,Gene_193
Gene_179,Gene_194
Gene_179,Gene_195
Gene_179,Gene_196
Gene_179,Gene_197
Gene_179,Gene_198
Gene_179,Gene_199
Gene_179,Gene_200
Gene_180,Gene_0
Gene_180,Gene_1
Gene_180,Gene_2
Gene_180,Gene_3
Gene_180,Gene_5
Gene_180,Gene_8
Gene_180,Gene_9
Gene_180,Gene_11
Gene_180,Gene_12
Gene_180,Gene_13
Gene_180,Gene_15
Gene_180,Gene_16
Gene_180,Gene_17
Gene_180,Gene_18
Gene_180,Gene_19
Gene_180,Gene_20
Gene_180,Gene_21
Gene_180,Gene_23
Gene_180,Gene_25
Gene_180,Gene_26
Gene_180,Gene_27
Gene_180,Gene_29
Gene_180,Gene_30
Gene_180,Gene_32
Gene_180,Gene_33
Gene_180,Gene_34
Gene_180,Gene_35
Gene_180,Gene_36
Gene_180,Gene_37
Gene_180,Gene_39
Gene_180,Gene_40
Gene_180,Gene_41
Gene_180,Gene_42
Gene_180,Gene_43
Gene_180,Gene_45
Gene_180,Gene_52
Gene_180,Gene_53
Gene_180,Gene_54
Gene_180,Gene_55
Gene_180,Gene_57
Gene_180,Gene_58
Gene_180,Gene_59
Gene_180,Gene_60
Gene_180,Gene_61
Gene_180,Gene_62
Gene_180,Gene_64
Gene_180,Gene_66
Gene_180,Gene_68
Gene_180,Gene_69
Gene_180,Gene_70
Gene_180,Gene_71
Gene_180,Gene_72
Gene_180,Gene_73
Gene_180,Gene_74
Gene_180,Gene_75
Gene_180,Gene_77
Gene_180,Gene_79
Gene_180,Gene_80
Gene_180,Gene_81
Gene_180,Gene_84
Gene_180,Gene_85
Gene_180,Gene_86
Gene_180,Gene_87
Gene_180,Gene_89
Gene_180,Gene_90
Gene_180,Gene_91
Gene_180,Gene_93
Gene_180,Gene_94
Gene_180,Gene_96
Gene_180,Gene_97
Gene_180,Gene_98
Gene_180,Gene_99
Gene_180,Gene_100
Gene_180,Gene_101
Gene_180,Gene_103
Gene_180,Gene_105
Gene_180,Gene_106
Gene_180,Gene_107
Gene_180,Gene_108
Gene_180,Gene_110
Gene_180,Gene_112
Gene_180,Gene_113
Gene_180,Gene_114
Gene_180,Gene_115
Gene_180,Gene_117
Gene_180,Gene_118
Gene_180,Gene_119
Gene_180,Gene_122
Gene_180,Gene_124
Gene_180,Gene_126
Gene_180,Gene_127
Gene_180,Gene_128
Gene_180,Gene_130
Gene_180,Gene_131
Gene_180,Gene_132
Gene_180,Gene_133
Gene_180,Gene_134
Gene_180,Gene_135
Gene_180,Gene_136
Gene_180,Gene_137
Gene_180,Gene_138
Gene_180,Gene_139
Gene_180,Gene_141
Gene_180,Gene_142
Gene_180,Gene_145
Gene_180,Gene_147
Gene_180,Gene_151
Gene_180,Gene_153
Gene_180,Gene_154
Gene_180,Gene_155
Gene_180,Gene_156
Gene_180,Gene_157
Gene_180,Gene_158
Gene_180,Gene_159
Gene_180,Gene_160
Gene_180,Gene_161
Gene_180,Gene_162
Gene_180,Gene_163
Gene_180,Gene_165
Gene_180,Gene_166
Gene_180,Gene_167
Gene_180,Gene_168
Gene_180,Gene_169
Gene_180,Gene_170
Gene_180,Gene_171
Gene_180,Gene_172
Gene_180,Gene_173
Gene_180,Gene_174
Gene_180,Gene_175
Gene_180,Gene_176
Gene_180,Gene_177
Gene_180,Gene_178
Gene_180,Gene_179
Gene_180,Gene_181
Gene_180,Gene_182
Gene_180,Gene_183
Gene_180,Gene_185
Gene_180,Gene_186
Gene_180,Gene_187
Gene_180,Gene_188
Gene_180,Gene_189
Gene_180,Gene_190
Gene_180,Gene_192
Gene_180,Gene_194
Gene_180,Gene_195
Gene_180,Gene_196
Gene_180,Gene_197
Gene_180,Gene_198
Gene_180,Gene_200
Gene_181,Gene_0
Gene_181,Gene_5
Gene_181,Gene_6
Gene_181,Gene_7
Gene_181,Gene_8
Gene_181,Gene_10
Gene_181,Gene_12
Gene_181,Gene_13
Gene_181,Gene_14
Gene_181,Gene_15
Gene_181,Gene_16
Gene_181,Gene_17
Gene_181,Gene_18
Gene_181,Gene_19
Gene_181,Gene_20
Gene_181,Gene_21
Gene_181,Gene_22
Gene_181,Gene_23
Gene_181,Gene_24
Gene_181,Gene_25
Gene_181,Gene_26
Gene_181,Gene_27
Gene_181,Gene_29
Gene_181,Gene_31
Gene_181,Gene_32
Gene_181,Gene_34
Gene_181,Gene_37
Gene_181,Gene_38
Gene_181,Gene_40
Gene_181,Gene_42
Gene_181,Gene_43
Gene_181,Gene_44
Gene_181,Gene_47
Gene_181,Gene_48
Gene_181,Gene_52
Gene_181,Gene_54
Gene_181,Gene_56
Gene_181,Gene_60
Gene_181,Gene_61
Gene_181,Gene_62
Gene_181,Gene_64
Gene_181,Gene_65
Gene_181,Gene_66
Gene_181,Gene_67
Gene_181,Gene_68
Gene_181,Gene_69
Gene_181,Gene_70
Gene_181,Gene_71
Gene_181,Gene_72
Gene_181,Gene_73
Gene_181,Gene_75
Gene_181,Gene_76
Gene_181,Gene_77
Gene_181,Gene_78
Gene_181,Gene_80
Gene_181,Gene_82
Gene_181,Gene_83
Gene_181,Gene_84
Gene_181,Gene_85
Gene_181,Gene_86
Gene_181,Gene_88
Gene_181,Gene_89
Gene_181,Gene_91
Gene_181,Gene_92
Gene_181,Gene_93
Gene_181,Gene_96
Gene_181,Gene_97
Gene_181,Gene_98
Gene_181,Gene_100
Gene_181,Gene_102
Gene_181,Gene_103
Gene_181,Gene_104
Gene_181,Gene_106
Gene_181,Gene_107
Gene_181,Gene_108
Gene_181,Gene_109
Gene_181,Gene_110
Gene_181,Gene_111
Gene_181,Gene_112
Gene_181,Gene_113
Gene_181,Gene_114
Gene_181,Gene_115
Gene_181,Gene_116
Gene_181,Gene_119
Gene_181,Gene_120
Gene_181,Gene_121
Gene_181,Gene_122
Gene_181,Gene_125
Gene_181,Gene_126
Gene_181,Gene_128
Gene_181,Gene_129
Gene_181,Gene_131
Gene_181,Gene_132
Gene_181,Gene_133
Gene_181,Gene_134
Gene_181,Gene_135
Gene_181,Gene_136
Gene_181,Gene_137
Gene_181,Gene_138
Gene_181,Gene_139
Gene_181,Gene_140
Gene_181,Gene_141
Gene_181,Gene_142
Gene_181,Gene_145
Gene_181,Gene_146
Gene_181,Gene_147
Gene_181,Gene_148
Gene_181,Gene_149
Gene_181,Gene_150
Gene_181,Gene_151
Gene_181,Gene_152
Gene_181,Gene_153
Gene_181,Gene_154
Gene_181,Gene_155
Gene_181,Gene_156
Gene_181,Gene_157
Gene_181,Gene_158
Gene_181,Gene_159
Gene_181,Gene_160
Gene_181,Gene_161
Gene_181,Gene_162
Gene_181,Gene_165
Gene_181,Gene_166
Gene_181,Gene_167
Gene_181,Gene_168
Gene_181,Gene_169
Gene_181,Gene_170
Gene_181,Gene_171
Gene_181,Gene_172
Gene_181,Gene_173
Gene_181,Gene_174
Gene_181,Gene_175
Gene_181,Gene_176
Gene_181,Gene_177
Gene_181,Gene_178
Gene_181,Gene_179
Gene_181,Gene_180
Gene_181,Gene_181
Gene_181,Gene_182
Gene_181,Gene_183
Gene_181,Gene_185
Gene_181,Gene_187
Gene_181,Gene_188
Gene_181,Gene_189
Gene_181,Gene_190
Gene_181,Gene_191
Gene_181,Gene_193
Gene_181,Gene_194
Gene_181,Gene_195
Gene_181,Gene_197
Gene_181,Gene_198
Gene_181,Gene_199
Gene_181,Gene_200
Gene_182,Gene_0
Gene_182,Gene_1
Gene_182,Gene_3
Gene_182,Gene_5
Gene_182,Gene_6
Gene_182,Gene_7
Gene_182,Gene_8
Gene_182,Gene_10
Gene_182,Gene_11
Gene_182,Gene_12
Gene_182,Gene_14
Gene_182,Gene_15
Gene_182,Gene_16
Gene_182,Gene_17
Gene_182,Gene_18
Gene_182,Gene_19
Gene_182,Gene_20
Gene_182,Gene_21
Gene_182,Gene_22
Gene_182,Gene_23
Gene_182,Gene_24
Gene_182,Gene_25
Gene_182,Gene_26
Gene_182,Gene_27
Gene_182,Gene_28
Gene_182,Gene_29
Gene_182,Gene_30
Gene_182,Gene_31
Gene_182,Gene_33
Gene_182,Gene_34
Gene_182,Gene_35
Gene_182,Gene_36
Gene_182,Gene_37
Gene_182,Gene_38
Gene_182,Gene_39
Gene_182,Gene_41
Gene_182,Gene_42
Gene_182,Gene_44
Gene_182,Gene_45
Gene_182,Gene_46
Gene_182,Gene_47
Gene_182,Gene_48
Gene_182,Gene_50
Gene_182,Gene_51
Gene_182,Gene_52
Gene_182,Gene_53
Gene_182,Gene_54
Gene_182,Gene_55
Gene_182,Gene_56
Gene_182,Gene_57
Gene_182,Gene_58
Gene_182,Gene_59
Gene_182,Gene_60
Gene_182,Gene_61
Gene_182,Gene_62
Gene_182,Gene_63
Gene_182,Gene_64
Gene_182,Gene_67
Gene_182,Gene_68
Gene_182,Gene_70
Gene_182,Gene_71
Gene_182,Gene_72
Gene_182,Gene_73
Gene_182,Gene_74
Gene_182,Gene_76
Gene_182,Gene_77
Gene_182,Gene_82
Gene_182,Gene_83
Gene_182,Gene_84
Gene_182,Gene_85
Gene_182,Gene_86
Gene_182,Gene_87
Gene_182,Gene_88
Gene_182,Gene_89
Gene_182,Gene_90
Gene_182,Gene_92
Gene_182,Gene_93
Gene_182,Gene_94
Gene_182,Gene_95
Gene_182,Gene_96
Gene_182,Gene_97
Gene_182,Gene_98
Gene_182,Gene_99
Gene_182,Gene_100
Gene_182,Gene_101
Gene_182,Gene_103
Gene_182,Gene_104
Gene_182,Gene_106
Gene_182,Gene_109
Gene_182,Gene_110
Gene_182,Gene_111
Gene_182,Gene_112
Gene_182,Gene_114
Gene_182,Gene_116
Gene_182,Gene_119
Gene_182,Gene_120
Gene_182,Gene_121
Gene_182,Gene_122
Gene_182,Gene_123
Gene_182,Gene_124
Gene_182,Gene_126
Gene_182,Gene_127
Gene_182,Gene_128
Gene_182,Gene_129
Gene_182,Gene_130
Gene_182,Gene_131
Gene_182,Gene_132
Gene_182,Gene_133
Gene_182,Gene_134
Gene_182,Gene_135
Gene_182,Gene_138
Gene_182,Gene_140
Gene_182,Gene_141
Gene_182,Gene_142
Gene_182,Gene_143
Gene_182,Gene_144
Gene_182,Gene_145
Gene_182,Gene_146
Gene_182,Gene_147
Gene_182,Gene_148
Gene_182,Gene_149
Gene_182,Gene_150
Gene_182,Gene_151
Gene_182,Gene_152
Gene_182,Gene_153
Gene_182,Gene_154
Gene_182,Gene_155
Gene_182,Gene_156
Gene_182,Gene_157
Gene_182,Gene_158
Gene_182,Gene_159
Gene_182,Gene_160
Gene_182,Gene_162
Gene_182,Gene_163
Gene_182,Gene_164
Gene_182,Gene_165
Gene_182,Gene_166
Gene_182,Gene_167
Gene_182,Gene_169
Gene_182,Gene_170
Gene_182,Gene_171
Gene_182,Gene_173
Gene_182,Gene_174
Gene_182,Gene_177
Gene_182,Gene_178
Gene_182,Gene_179
Gene_182,Gene_180
Gene_182,Gene_181
Gene_182,Gene_182
Gene_182,Gene_184
Gene_182,Gene_186
Gene_182,Gene_187
Gene_182,Gene_189
Gene_182,Gene_190
Gene_182,Gene_191
Gene_182,Gene_192
Gene_182,Gene_193
Gene_182,Gene_194
Gene_182,Gene_196
Gene_182,Gene_197
Gene_182,Gene_199
Gene_182,Gene_200
Gene_183,Gene_0
Gene_183,Gene_2
Gene_183,Gene_4
Gene_183,Gene_5
Gene_183,Gene_7
Gene_183,Gene_8
Gene_183,Gene_9
Gene_183,Gene_10
Gene_183,Gene_11
Gene_183,Gene_12
Gene_183,Gene_14
Gene_183,Gene_15
Gene_183,Gene_16
Gene_183,Gene_17
Gene_183,Gene_18
Gene_183,Gene_19
Gene_183,Gene_21
Gene_183,Gene_22
Gene_183,Gene_23
Gene_183,Gene_24
Gene_183,Gene_25
Gene_183,Gene_26
Gene_183,Gene_27
Gene_183,Gene_29
Gene_183,Gene_32
Gene_183,Gene_36
Gene_183,Gene_37
Gene_183,Gene_40
Gene_183,Gene_41
Gene_183,Gene_42
Gene_183,Gene_46
Gene_183,Gene_47
Gene_183,Gene_49
Gene_183,Gene_53
Gene_183,Gene_55
Gene_183,Gene_56
Gene_183,Gene_57
Gene_183,Gene_58
Gene_183,Gene_59
Gene_183,Gene_60
Gene_183,Gene_61
Gene_183,Gene_62
Gene_183,Gene_64
Gene_183,Gene_65
Gene_183,Gene_66
Gene_183,Gene_67
Gene_183,Gene_68
Gene_183,Gene_69
Gene_183,Gene_70
Gene_183,Gene_71
Gene_183,Gene_72
Gene_183,Gene_73
Gene_183,Gene_74
Gene_183,Gene_75
Gene_183,Gene_77
Gene_183,Gene_78
Gene_183,Gene_79
Gene_183,Gene_80
Gene_183,Gene_81
Gene_183,Gene_82
Gene_183,Gene_83
Gene_183,Gene_84
Gene_183,Gene_85
Gene_183,Gene_86
Gene_183,Gene_88
Gene_183,Gene_90
Gene_183,Gene_91
Gene_183,Gene_92
Gene_183,Gene_93
Gene_183,Gene_94
Gene_183,Gene_97
Gene_183,Gene_98
Gene_183,Gene_99
Gene_183,Gene_100
Gene_183,Gene_101
Gene_183,Gene_102
Gene_183,Gene_103
Gene_183,Gene_104
Gene_183,Gene_107
Gene_183,Gene_108
Gene_183,Gene_110
Gene_183,Gene_112
Gene_183,Gene_113
Gene_183,Gene_114
Gene_183,Gene_115
Gene_183,Gene_117
Gene_183,Gene_118
Gene_183,Gene_119
Gene_183,Gene_120
Gene_183,Gene_121
Gene_183,Gene_122
Gene_183,Gene_123
Gene_183,Gene_124
Gene_183,Gene_125
Gene_183,Gene_126
Gene_183,Gene_127
Gene_183,Gene_129
Gene_183,Gene_130
Gene_183,Gene_132
Gene_183,Gene_134
Gene_183,Gene_135
Gene_183,Gene_136
Gene_183,Gene_137
Gene_183,Gene_138
Gene_183,Gene_139
Gene_183,Gene_140
Gene_183,Gene_142
Gene_183,Gene_143
Gene_183,Gene_144
Gene_183,Gene_145
Gene_183,Gene_147
Gene_183,Gene_148
Gene_183,Gene_149
Gene_183,Gene_150
Gene_183,Gene_151
Gene_183,Gene_153
Gene_183,Gene_154
Gene_183,Gene_155
Gene_183,Gene_156
Gene_183,Gene_157
Gene_183,Gene_158
Gene_183,Gene_159
Gene_183,Gene_160
Gene_183,Gene_161
Gene_183,Gene_162
Gene_183,Gene_164
Gene_183,Gene_166
Gene_183,Gene_167
Gene_183,Gene_168
Gene_183,Gene_170
Gene_183,Gene_171
Gene_183,Gene_173
Gene_183,Gene_174
Gene_183,Gene_175
Gene_183,Gene_176
Gene_183,Gene_178
Gene_183,Gene_179
Gene_183,Gene_181
Gene_183,Gene_183
Gene_183,Gene_184
Gene_183,Gene_185
Gene_183,Gene_187
Gene_183,Gene_188
Gene_183,Gene_189
Gene_183,Gene_190
Gene_183,Gene_191
Gene_183,Gene_192
Gene_183,Gene_193
Gene_183,Gene_194
Gene_183,Gene_195
Gene_183,Gene_196
Gene_183,Gene_197
Gene_183,Gene_198
Gene_183,Gene_199
Gene_184,Gene_0
Gene_184,Gene_1
Gene_184,Gene_2
Gene_184,Gene_4
Gene_184,Gene_5
Gene_184,Gene_6
Gene_184,Gene_7
Gene_184,Gene_8
Gene_184,Gene_9
Gene_184,Gene_10
Gene_184,Gene_12
Gene_184,Gene_13
Gene_184,Gene_14
Gene_184,Gene_15
Gene_184,Gene_16
Gene_184,Gene_17
Gene_184,Gene_18
Gene_184,Gene_19
Gene_184,Gene_20
Gene_184,Gene_22
Gene_184,Gene_23
Gene_184,Gene_24
Gene_184,Gene_25
Gene_184,Gene_26
Gene_184,Gene_27
Gene_184,Gene_28
Gene_184,Gene_29
Gene_184,Gene_30
Gene_184,Gene_32
Gene_184,Gene_33
Gene_184,Gene_34
Gene_184,Gene_35
Gene_184,Gene_36
Gene_184,Gene_37
Gene_184,Gene_39
Gene_184,Gene_40
Gene_184,Gene_41
Gene_184,Gene_43
Gene_184,Gene_44
Gene_184,Gene_45
Gene_184,Gene_47
Gene_184,Gene_48
Gene_184,Gene_49
Gene_184,Gene_51
Gene_184,Gene_52
Gene_184,Gene_55
Gene_184,Gene_56
Gene_184,Gene_57
Gene_184,Gene_58
Gene_184,Gene_59
Gene_184,Gene_61
Gene_184,Gene_63
Gene_184,Gene_64
Gene_184,Gene_65
Gene_184,Gene_67
Gene_184,Gene_68
Gene_184,Gene_69
Gene_184,Gene_70
Gene_184,Gene_71
Gene_184,Gene_72
Gene_184,Gene_73
Gene_184,Gene_74
Gene_184,Gene_75
Gene_184,Gene_76
Gene_184,Gene_77
Gene_184,Gene_78
Gene_184,Gene_79
Gene_184,Gene_80
Gene_184,Gene_81
Gene_184,Gene_82
Gene_184,Gene_83
Gene_184,Gene_84
Gene_184,Gene_85
Gene_184,Gene_86
Gene_184,Gene_87
Gene_184,Gene_88
Gene_184,Gene_89
Gene_184,Gene_90
Gene_184,Gene_91
Gene_184,Gene_92
Gene_184,Gene_94
Gene_184,Gene_95
Gene_184,Gene_98
Gene_184,Gene_99
Gene_184,Gene_100
Gene_184,Gene_102
Gene_184,Gene_104
Gene_184,Gene_105
Gene_184,Gene_106
Gene_184,Gene_107
Gene_184,Gene_108
Gene_184,Gene_109
Gene_184,Gene_110
Gene_184,Gene_111
Gene_184,Gene_113
Gene_184,Gene_115
Gene_184,Gene_116
Gene_184,Gene_117
Gene_184,Gene_118
Gene_184,Gene_119
Gene_184,Gene_120
Gene_184,Gene_121
Gene_184,Gene_122
Gene_184,Gene_123
Gene_184,Gene_125
Gene_184,Gene_126
Gene_184,Gene_128
Gene_184,Gene_129
Gene_184,Gene_130
Gene_184,Gene_131
Gene_184,Gene_132
Gene_184,Gene_133
Gene_184,Gene_134
Gene_184,Gene_136
Gene_184,Gene_137
Gene_184,Gene_139
Gene_184,Gene_140
Gene_184,Gene_141
Gene_184,Gene_142
Gene_184,Gene_143
Gene_184,Gene_144
Gene_184,Gene_145
Gene_184,Gene_146
Gene_184,Gene_147
Gene_184,Gene_148
Gene_184,Gene_149
Gene_184,Gene_150
Gene_184,Gene_151
Gene_184,Gene_153
Gene_184,Gene_154
Gene_184,Gene_155
Gene_184,Gene_156
Gene_184,Gene_157
Gene_184,Gene_158
Gene_184,Gene_159
Gene_184,Gene_160
Gene_184,Gene_163
Gene_184,Gene_164
Gene_184,Gene_165
Gene_184,Gene_166
Gene_184,Gene_167
Gene_184,Gene_168
Gene_184,Gene_169
Gene_184,Gene_170
Gene_184,Gene_171
Gene_184,Gene_173
Gene_184,Gene_174
Gene_184,Gene_175
Gene_184,Gene_177
Gene_184,Gene_178
Gene_184,Gene_180
Gene_184,Gene_182
Gene_184,Gene_183
Gene_184,Gene_184
Gene_184,Gene_185
Gene_184,Gene_186
Gene_184,Gene_187
Gene_184,Gene_189
Gene_184,Gene_190
Gene_184,Gene_191
Gene_184,Gene_192
Gene_184,Gene_193
Gene_184,Gene_195
Gene_184,Gene_196
Gene_184,Gene_197
Gene_184,Gene_198
Gene_184,Gene_199
Gene_184,Gene_200
Gene_185,Gene_0
Gene_185,Gene_1
Gene_185,Gene_2
Gene_185,Gene_3
Gene_185,Gene_5
Gene_185,Gene_6
Gene_185,Gene_7
Gene_185,Gene_8
Gene_185,Gene_10
Gene_185,Gene_11
Gene_185,Gene_13
Gene_185,Gene_14
Gene_185,Gene_15
Gene_185,Gene_16
Gene_185,Gene_17
Gene_185,Gene_18
Gene_185,Gene_19
Gene_185,Gene_20
Gene_185,Gene_21
Gene_185,Gene_22
Gene_185,Gene_23
Gene_185,Gene_24
Gene_185,Gene_25
Gene_185,Gene_26
Gene_185,Gene_27
Gene_185,Gene_29
Gene_185,Gene_30
Gene_185,Gene_31
Gene_185,Gene_33
Gene_185,Gene_34
Gene_185,Gene_35
Gene_185,Gene_36
Gene_185,Gene_37
Gene_185,Gene_38
Gene_185,Gene_39
Gene_185,Gene_41
Gene_185,Gene_43
Gene_185,Gene_44
Gene_185,Gene_45
Gene_185,Gene_46
Gene_185,Gene_47
Gene_185,Gene_48
Gene_185,Gene_49
Gene_185,Gene_51
Gene_185,Gene_52
Gene_185,Gene_53
Gene_185,Gene_54
Gene_185,Gene_55
Gene_185,Gene_57
Gene_185,Gene_58
Gene_185,Gene_59
Gene_185,Gene_60
Gene_185,Gene_61
Gene_185,Gene_62
Gene_185,Gene_63
Gene_185,Gene_64
Gene_185,Gene_66
Gene_185,Gene_67
Gene_185,Gene_68
Gene_185,Gene_70
Gene_185,Gene_71
Gene_185,Gene_72
Gene_185,Gene_73
Gene_185,Gene_74
Gene_185,Gene_75
Gene_185,Gene_76
Gene_185,Gene_77
Gene_185,Gene_78
Gene_185,Gene_79
Gene_185,Gene_80
Gene_185,Gene_81
Gene_185,Gene_82
Gene_185,Gene_83
Gene_185,Gene_86
Gene_185,Gene_87
Gene_185,Gene_88
Gene_185,Gene_89
Gene_185,Gene_90
Gene_185,Gene_91
Gene_185,Gene_92
Gene_185,Gene_93
Gene_185,Gene_95
Gene_185,Gene_96
Gene_185,Gene_98
Gene_185,Gene_99
Gene_185,Gene_101
Gene_185,Gene_102
Gene_185,Gene_103
Gene_185,Gene_104
Gene_185,Gene_105
Gene_185,Gene_107
Gene_185,Gene_108
Gene_185,Gene_109
Gene_185,Gene_110
Gene_185,Gene_111
Gene_185,Gene_112
Gene_185,Gene_113
Gene_185,Gene_114
Gene_185,Gene_115
Gene_185,Gene_116
Gene_185,Gene_117
Gene_185,Gene_118
Gene_185,Gene_119
Gene_185,Gene_121
Gene_185,Gene_122
Gene_185,Gene_123
Gene_185,Gene_124
Gene_185,Gene_125
Gene_185,Gene_126
Gene_185,Gene_127
Gene_185,Gene_129
Gene_185,Gene_130
Gene_185,Gene_131
Gene_185,Gene_132
Gene_185,Gene_133
Gene_185,Gene_134
Gene_185,Gene_135
Gene_185,Gene_136
Gene_185,Gene_137
Gene_185,Gene_138
Gene_185,Gene_139
Gene_185,Gene_140
Gene_185,Gene_142
Gene_185,Gene_143
Gene_185,Gene_144
Gene_185,Gene_145
Gene_185,Gene_146
Gene_185,Gene_147
Gene_185,Gene_148
Gene_185,Gene_150
Gene_185,Gene_151
Gene_185,Gene_152
Gene_185,Gene_153
Gene_185,Gene_159
Gene_185,Gene_160
Gene_185,Gene_162
Gene_185,Gene_163
Gene_185,Gene_164
Gene_185,Gene_165
Gene_185,Gene_166
Gene_185,Gene_168
Gene_185,Gene_170
Gene_185,Gene_171
Gene_185,Gene_172
Gene_185,Gene_173
Gene_185,Gene_174
Gene_185,Gene_175
Gene_185,Gene_176
Gene_185,Gene_177
Gene_185,Gene_178
Gene_185,Gene_179
Gene_185,Gene_180
Gene_185,Gene_181
Gene_185,Gene_182
Gene_185,Gene_184
Gene_185,Gene_185
Gene_185,Gene_186
Gene_185,Gene_187
Gene_185,Gene_189
Gene_185,Gene_190
Gene_185,Gene_191
Gene_185,Gene_192
Gene_185,Gene_194
Gene_185,Gene_195
Gene_185,Gene_196
Gene_185,Gene_198
Gene_185,Gene_199
Gene_185,Gene_200
Gene_186,Gene_1
Gene_186,Gene_2
Gene_186,Gene_3
Gene_186,Gene_4
Gene_186,Gene_5
Gene_186,Gene_8
Gene_186,Gene_9
Gene_186,Gene_10
Gene_186,Gene_11
Gene_186,Gene_12
Gene_186,Gene_14
Gene_186,Gene_15
Gene_186,Gene_16
Gene_186,Gene_17
Gene_186,Gene_18
Gene_186,Gene_19
Gene_186,Gene_22
Gene_186,Gene_23
Gene_186,Gene_24
Gene_186,Gene_25
Gene_186,Gene_26
Gene_186,Gene_27
Gene_186,Gene_28
Gene_186,Gene_29
Gene_186,Gene_32
Gene_186,Gene_33
Gene_186,Gene_35
Gene_186,Gene_37
Gene_186,Gene_38
Gene_186,Gene_39
Gene_186,Gene_40
Gene_186,Gene_41
Gene_186,Gene_44
Gene_186,Gene_45
Gene_186,Gene_47
Gene_186,Gene_48
Gene_186,Gene_51
Gene_186,Gene_53
Gene_186,Gene_55
Gene_186,Gene_56
Gene_186,Gene_57
Gene_186,Gene_58
Gene_186,Gene_60
Gene_186,Gene_61
Gene_186,Gene_62
Gene_186,Gene_64
Gene_186,Gene_66
Gene_186,Gene_67
Gene_186,Gene_70
Gene_186,Gene_71
Gene_186,Gene_72
Gene_186,Gene_73
Gene_186,Gene_75
Gene_186,Gene_76
Gene_186,Gene_77
Gene_186,Gene_78
Gene_186,Gene_79
Gene_186,Gene_80
Gene_186,Gene_81
Gene_186,Gene_82
Gene_186,Gene_83
Gene_186,Gene_84
Gene_186,Gene_85
Gene_186,Gene_86
Gene_186,Gene_87
Gene_186,Gene_88
Gene_186,Gene_89
Gene_186,Gene_90
Gene_186,Gene_91
Gene_186,Gene_92
Gene_186,Gene_93
Gene_186,Gene_94
Gene_186,Gene_95
Gene_186,Gene_96
Gene_186,Gene_99
Gene_186,Gene_100
Gene_186,Gene_101
Gene_186,Gene_102
Gene_186,Gene_103
Gene_186,Gene_104
Gene_186,Gene_105
Gene_186,Gene_108
Gene_186,Gene_109
Gene_186,Gene_110
Gene_186,Gene_111
Gene_186,Gene_113
Gene_186,Gene_114
Gene_186,Gene_115
Gene_186,Gene_117
Gene_186,Gene_118
Gene_186,Gene_119
Gene_186,Gene_120
Gene_186,Gene_121
Gene_186,Gene_123
Gene_186,Gene_124
Gene_186,Gene_125
Gene_186,Gene_126
Gene_186,Gene_127
Gene_186,Gene_131
Gene_186,Gene_132
Gene_186,Gene_133
Gene_186,Gene_134
Gene_186,Gene_135
Gene_186,Gene_136
Gene_186,Gene_138
Gene_186,Gene_139
Gene_186,Gene_140
Gene_186,Gene_141
Gene_186,Gene_142
Gene_186,Gene_143
Gene_186,Gene_144
Gene_186,Gene_145
Gene_186,Gene_147
Gene_186,Gene_148
Gene_186,Gene_149
Gene_186,Gene_150
Gene_186,Gene_152
Gene_186,Gene_153
Gene_186,Gene_154
Gene_186,Gene_155
Gene_186,Gene_156
Gene_186,Gene_157
Gene_186,Gene_158
Gene_186,Gene_159
Gene_186,Gene_160
Gene_186,Gene_161
Gene_186,Gene_162
Gene_186,Gene_163
Gene_186,Gene_164
Gene_186,Gene_165
Gene_186,Gene_166
Gene_186,Gene_167
Gene_186,Gene_170
Gene_186,Gene_171
Gene_186,Gene_172
Gene_186,Gene_173
Gene_186,Gene_175
Gene_186,Gene_176
Gene_186,Gene_177
Gene_186,Gene_178
Gene_186,Gene_180
Gene_186,Gene_182
Gene_186,Gene_183
Gene_186,Gene_184
Gene_186,Gene_185
Gene_186,Gene_186
Gene_186,Gene_187
Gene_186,Gene_188
Gene_186,Gene_189
Gene_186,Gene_190
Gene_186,Gene_191
Gene_186,Gene_193
Gene_186,Gene_195
Gene_186,Gene_196
Gene_186,Gene_198
Gene_186,Gene_199
Gene_186,Gene_200
Gene_187,Gene_0
Gene_187,Gene_1
Gene_187,Gene_2
Gene_187,Gene_3
Gene_187,Gene_4
Gene_187,Gene_5
Gene_187,Gene_6
Gene_187,Gene_7
Gene_187,Gene_8
Gene_187,Gene_9
Gene_187,Gene_10
Gene_187,Gene_11
Gene_187,Gene_12
Gene_187,Gene_13
Gene_187,Gene_15
Gene_187,Gene_16
Gene_187,Gene_17
Gene_187,Gene_18
Gene_187,Gene_19
Gene_187,Gene_20
Gene_187,Gene_21
Gene_187,Gene_22
Gene_187,Gene_23
Gene_187,Gene_24
Gene_187,Gene_25
Gene_187,Gene_26
Gene_187,Gene_27
Gene_187,Gene_29
Gene_187,Gene_31
Gene_187,Gene_32
Gene_187,Gene_33
Gene_187,Gene_34
Gene_187,Gene_36
Gene_187,Gene_37
Gene_187,Gene_38
Gene_187,Gene_39
Gene_187,Gene_40
Gene_187,Gene_41
Gene_187,Gene_42
Gene_187,Gene_43
Gene_187,Gene_45
Gene_187,Gene_46
Gene_187,Gene_47
Gene_187,Gene_48
Gene_187,Gene_50
Gene_187,Gene_51
Gene_187,Gene_52
Gene_187,Gene_53
Gene_187,Gene_54
Gene_187,Gene_56
Gene_187,Gene_57
Gene_187,Gene_58
Gene_187,Gene_59
Gene_187,Gene_60
Gene_187,Gene_62
Gene_187,Gene_64
Gene_187,Gene_65
Gene_187,Gene_67
Gene_187,Gene_68
Gene_187,Gene_69
Gene_187,Gene_71
Gene_187,Gene_72
Gene_187,Gene_73
Gene_187,Gene_74
Gene_187,Gene_75
Gene_187,Gene_76
Gene_187,Gene_77
Gene_187,Gene_78
Gene_187,Gene_79
Gene_187,Gene_80
Gene_187,Gene_81
Gene_187,Gene_82
Gene_187,Gene_83
Gene_187,Gene_84
Gene_187,Gene_85
Gene_187,Gene_86
Gene_187,Gene_88
Gene_187,Gene_89
Gene_187,Gene_90
Gene_187,Gene_91
Gene_187,Gene_92
Gene_187,Gene_93
Gene_187,Gene_94
Gene_187,Gene_95
Gene_187,Gene_96
Gene_187,Gene_97
Gene_187,Gene_99
Gene_187,Gene_100
Gene_187,Gene_101
Gene_187,Gene_102
Gene_187,Gene_103
Gene_187,Gene_105
Gene_187,Gene_106
Gene_187,Gene_107
Gene_187,Gene_108
Gene_187,Gene_109
Gene_187,Gene_110
Gene_187,Gene_111
Gene_187,Gene_112
Gene_187,Gene_113
Gene_187,Gene_114
Gene_187,Gene_115
Gene_187,Gene_116
Gene_187,Gene_117
Gene_187,Gene_118
Gene_187,Gene_119
Gene_187,Gene_120
Gene_187,Gene_121
Gene_187,Gene_122
Gene_187,Gene_124
Gene_187,Gene_125
Gene_187,Gene_126
Gene_187,Gene_127
Gene_187,Gene_128
Gene_187,Gene_129
Gene_187,Gene_130
Gene_187,Gene_131
Gene_187,Gene_132
Gene_187,Gene_133
Gene_187,Gene_134
Gene_187,Gene_135
Gene_187,Gene_136
Gene_187,Gene_137
Gene_187,Gene_139
Gene_187,Gene_140
Gene_187,Gene_141
Gene_187,Gene_142
Gene_187,Gene_143
Gene_187,Gene_144
Gene_187,Gene_145
Gene_187,Gene_146
Gene_187,Gene_147
Gene_187,Gene_148
Gene_187,Gene_150
Gene_187,Gene_151
Gene_187,Gene_152
Gene_187,Gene_153
Gene_187,Gene_154
Gene_187,Gene_156
Gene_187,Gene_157
Gene_187,Gene_158
Gene_187,Gene_159
Gene_187,Gene_160
Gene_187,Gene_162
Gene_187,Gene_163
Gene_187,Gene_164
Gene_187,Gene_165
Gene_187,Gene_166
Gene_187,Gene_167
Gene_187,Gene_169
Gene_187,Gene_170
Gene_187,Gene_171
Gene_187,Gene_172
Gene_187,Gene_173
Gene_187,Gene_174
Gene_187,Gene_175
Gene_187,Gene_176
Gene_187,Gene_177
Gene_187,Gene_178
Gene_187,Gene_180
Gene_187,Gene_181
Gene_187,Gene_182
Gene_187,Gene_183
Gene_187,Gene_184
Gene_187,Gene_185
Gene_187,Gene_187
Gene_187,Gene_188
Gene_187,Gene_189
Gene_187,Gene_190
Gene_187,Gene_193
Gene_187,Gene_194
Gene_187,Gene_195
Gene_187,Gene_196
Gene_187,Gene_199
Gene_187,Gene_200
Gene_188,Gene_0
Gene_188,Gene_1
Gene_188,Gene_3
Gene_188,Gene_4
Gene_188,Gene_6
Gene_188,Gene_7
Gene_188,Gene_8
Gene_188,Gene_11
Gene_188,Gene_13
Gene_188,Gene_14
Gene_188,Gene_15
Gene_188,Gene_17
Gene_188,Gene_18
Gene_188,Gene_19
Gene_188,Gene_21
Gene_188,Gene_22
Gene_188,Gene_23
Gene_188,Gene_24
Gene_188,Gene_25
Gene_188,Gene_26
Gene_188,Gene_27
Gene_188,Gene_28
Gene_188,Gene_29
Gene_188,Gene_31
Gene_188,Gene_32
Gene_188,Gene_33
Gene_188,Gene_34
Gene_188,Gene_35
Gene_188,Gene_36
Gene_188,Gene_37
Gene_188,Gene_38
Gene_188,Gene_39
Gene_188,Gene_40
Gene_188,Gene_41
Gene_188,Gene_42
Gene_188,Gene_44
Gene_188,Gene_47
Gene_188,Gene_48
Gene_188,Gene_49
Gene_188,Gene_50
Gene_188,Gene_52
Gene_188,Gene_53
Gene_188,Gene_54
Gene_188,Gene_55
Gene_188,Gene_57
Gene_188,Gene_58
Gene_188,Gene_59
Gene_188,Gene_60
Gene_188,Gene_62
Gene_188,Gene_63
Gene_188,Gene_65
Gene_188,Gene_66
Gene_188,Gene_69
Gene_188,Gene_70
Gene_188,Gene_71
Gene_188,Gene_72
Gene_188,Gene_73
Gene_188,Gene_74
Gene_188,Gene_75
Gene_188,Gene_76
Gene_188,Gene_77
Gene_188,Gene_78
Gene_188,Gene_80
Gene_188,Gene_81
Gene_188,Gene_83
Gene_188,Gene_88
Gene_188,Gene_89
Gene_188,Gene_91
Gene_188,Gene_92
Gene_188,Gene_94
Gene_188,Gene_95
Gene_188,Gene_96
Gene_188,Gene_97
Gene_188,Gene_98
Gene_188,Gene_99
Gene_188,Gene_100
Gene_188,Gene_101
Gene_188,Gene_102
Gene_188,Gene_103
Gene_188,Gene_104
Gene_188,Gene_105
Gene_188,Gene_106
Gene_188,Gene_107
Gene_188,Gene_108
Gene_188,Gene_109
Gene_188,Gene_110
Gene_188,Gene_111
Gene_188,Gene_112
Gene_188,Gene_113
Gene_188,Gene_115
Gene_188,Gene_116
Gene_188,Gene_117
Gene_188,Gene_118
Gene_188,Gene_119
Gene_188,Gene_120
Gene_188,Gene_121
Gene_188,Gene_123
Gene_188,Gene_124
Gene_188,Gene_126
Gene_188,Gene_127
Gene_188,Gene_128
Gene_188,Gene_129
Gene_188,Gene_130
Gene_188,Gene_131
Gene_188,Gene_132
Gene_188,Gene_133
Gene_188,Gene_134
Gene_188,Gene_135
Gene_188,Gene_136
Gene_188,Gene_137
Gene_188,Gene_138
Gene_188,Gene_139
Gene_188,Gene_140
Gene_188,Gene_141
Gene_188,Gene_144
Gene_188,Gene_145
Gene_188,Gene_146
Gene_188,Gene_147
Gene_188,Gene_148
Gene_188,Gene_150
Gene_188,Gene_151
Gene_188,Gene_152
Gene_188,Gene_153
Gene_188,Gene_154
Gene_188,Gene_156
Gene_188,Gene_158
Gene_188,Gene_159
Gene_188,Gene_160
Gene_188,Gene_161
Gene_188,Gene_163
Gene_188,Gene_164
Gene_188,Gene_165
Gene_188,Gene_166
Gene_188,Gene_168
Gene_188,Gene_169
Gene_188,Gene_170
Gene_188,Gene_172
Gene_188,Gene_173
Gene_188,Gene_174
Gene_188,Gene_175
Gene_188,Gene_176
Gene_188,Gene_178
Gene_188,Gene_180
Gene_188,Gene_182
Gene_188,Gene_184
Gene_188,Gene_185
Gene_188,Gene_186
Gene_188,Gene_187
Gene_188,Gene_188
Gene_188,Gene_189
Gene_188,Gene_190
Gene_188,Gene_191
Gene_188,Gene_192
Gene_188,Gene_195
Gene_188,Gene_198
Gene_188,Gene_199
Gene_188,Gene_200
Gene_189,Gene_0
Gene_189,Gene_1
Gene_189,Gene_2
Gene_189,Gene_3
Gene_189,Gene_4
Gene_189,Gene_5
Gene_189,Gene_6
Gene_189,Gene_8
Gene_189,Gene_9
Gene_189,Gene_10
Gene_189,Gene_12
Gene_189,Gene_13
Gene_189,Gene_14
Gene_189,Gene_15
Gene_189,Gene_16
Gene_189,Gene_17
Gene_189,Gene_18
Gene_189,Gene_19
Gene_189,Gene_20
Gene_189,Gene_21
Gene_189,Gene_22
Gene_189,Gene_23
Gene_189,Gene_24
Gene_189,Gene_25
Gene_189,Gene_26
Gene_189,Gene_27
Gene_189,Gene_28
Gene_189,Gene_29
Gene_189,Gene_30
Gene_189,Gene_31
Gene_189,Gene_34
Gene_189,Gene_35
Gene_189,Gene_38
Gene_189,Gene_39
Gene_189,Gene_40
Gene_189,Gene_41
Gene_189,Gene_42
Gene_189,Gene_43
Gene_189,Gene_44
Gene_189,Gene_45
Gene_189,Gene_46
Gene_189,Gene_47
Gene_189,Gene_48
Gene_189,Gene_49
Gene_189,Gene_51
Gene_189,Gene_52
Gene_189,Gene_54
Gene_189,Gene_55
Gene_189,Gene_57
Gene_189,Gene_58
Gene_189,Gene_59
Gene_189,Gene_60
Gene_189,Gene_62
Gene_189,Gene_63
Gene_189,Gene_65
Gene_189,Gene_66
Gene_189,Gene_68
Gene_189,Gene_69
Gene_189,Gene_70
Gene_189,Gene_72
Gene_189,Gene_74
Gene_189,Gene_76
Gene_189,Gene_77
Gene_189,Gene_78
Gene_189,Gene_79
Gene_189,Gene_80
Gene_189,Gene_82
Gene_189,Gene_84
Gene_189,Gene_85
Gene_189,Gene_86
Gene_189,Gene_88
Gene_189,Gene_89
Gene_189,Gene_93
Gene_189,Gene_94
Gene_189,Gene_95
Gene_189,Gene_96
Gene_189,Gene_98
Gene_189,Gene_99
Gene_189,Gene_100
Gene_189,Gene_101
Gene_189,Gene_102
Gene_189,Gene_103
Gene_189,Gene_104
Gene_189,Gene_105
Gene_189,Gene_106
Gene_189,Gene_107
Gene_189,Gene_108
Gene_189,Gene_109
Gene_189,Gene_110
Gene_189,Gene_112
Gene_189,Gene_113
Gene_189,Gene_114
Gene_189,Gene_115
Gene_189,Gene_116
Gene_189,Gene_117
Gene_189,Gene_118
Gene_189,Gene_120
Gene_189,Gene_121
Gene_189,Gene_122
Gene_189,Gene_123
Gene_189,Gene_124
Gene_189,Gene_125
Gene_189,Gene_127
Gene_189,Gene_128
Gene_189,Gene_129
Gene_189,Gene_130
Gene_189,Gene_131
Gene_189,Gene_133
Gene_189,Gene_134
Gene_189,Gene_135
Gene_189,Gene_136
Gene_189,Gene_137
Gene_189,Gene_138
Gene_189,Gene_139
Gene_189,Gene_142
Gene_189,Gene_143
Gene_189,Gene_145
Gene_189,Gene_146
Gene_189,Gene_147
Gene_189,Gene_148
Gene_189,Gene_149
Gene_189,Gene_150
Gene_189,Gene_151
Gene_189,Gene_152
Gene_189,Gene_153
Gene_189,Gene_154
Gene_189,Gene_155
Gene_189,Gene_156
Gene_189,Gene_157
Gene_189,Gene_158
Gene_189,Gene_159
Gene_189,Gene_162
Gene_189,Gene_163
Gene_189,Gene_164
Gene_189,Gene_165
Gene_189,Gene_167
Gene_189,Gene_168
Gene_189,Gene_169
Gene_189,Gene_170
Gene_189,Gene_171
Gene_189,Gene_172
Gene_189,Gene_173
Gene_189,Gene_174
Gene_189,Gene_177
Gene_189,Gene_179
Gene_189,Gene_180
Gene_189,Gene_182
Gene_189,Gene_183
Gene_189,Gene_184
Gene_189,Gene_186
Gene_189,Gene_187
Gene_189,Gene_188
Gene_189,Gene_189
Gene_189,Gene_190
Gene_189,Gene_192
Gene_189,Gene_193
Gene_189,Gene_194
Gene_189,Gene_196
Gene_189,Gene_197
Gene_189,Gene_198
Gene_189,Gene_199
Gene_189,Gene_200
Gene_190,Gene_0
Gene_190,Gene_1
Gene_190,Gene_4
Gene_190,Gene_6
Gene_190,Gene_7
Gene_190,Gene_8
Gene_190,Gene_10
Gene_190,Gene_11
Gene_190,Gene_12
Gene_190,Gene_13
Gene_190,Gene_14
Gene_190,Gene_15
Gene_190,Gene_16
Gene_190,Gene_17
Gene_190,Gene_18
Gene_190,Gene_19
Gene_190,Gene_20
Gene_190,Gene_21
Gene_190,Gene_23
Gene_190,Gene_24
Gene_190,Gene_25
Gene_190,Gene_26
Gene_190,Gene_27
Gene_190,Gene_28
Gene_190,Gene_29
Gene_190,Gene_30
Gene_190,Gene_31
Gene_190,Gene_32
Gene_190,Gene_33
Gene_190,Gene_36
Gene_190,Gene_37
Gene_190,Gene_38
Gene_190,Gene_39
Gene_190,Gene_41
Gene_190,Gene_42
Gene_190,Gene_44
Gene_190,Gene_46
Gene_190,Gene_48
Gene_190,Gene_49
Gene_190,Gene_50
Gene_190,Gene_51
Gene_190,Gene_52
Gene_190,Gene_53
Gene_190,Gene_54
Gene_190,Gene_55
Gene_190,Gene_56
Gene_190,Gene_57
Gene_190,Gene_60
Gene_190,Gene_61
Gene_190,Gene_62
Gene_190,Gene_63
Gene_190,Gene_64
Gene_190,Gene_65
Gene_190,Gene_66
Gene_190,Gene_67
Gene_190,Gene_68
Gene_190,Gene_69
Gene_190,Gene_70
Gene_190,Gene_72
Gene_190,Gene_73
Gene_190,Gene_74
Gene_190,Gene_75
Gene_190,Gene_76
Gene_190,Gene_77
Gene_190,Gene_78
Gene_190,Gene_79
Gene_190,Gene_80
Gene_190,Gene_81
Gene_190,Gene_82
Gene_190,Gene_84
Gene_190,Gene_86
Gene_190,Gene_88
Gene_190,Gene_89
Gene_190,Gene_90
Gene_190,Gene_91
Gene_190,Gene_92
Gene_190,Gene_93
Gene_190,Gene_94
Gene_190,Gene_95
Gene_190,Gene_96
Gene_190,Gene_97
Gene_190,Gene_99
Gene_190,Gene_100
Gene_190,Gene_102
Gene_190,Gene_103
Gene_190,Gene_104
Gene_190,Gene_106
Gene_190,Gene_107
Gene_190,Gene_108
Gene_190,Gene_109
Gene_190,Gene_110
Gene_190,Gene_111
Gene_190,Gene_112
Gene_190,Gene_113
Gene_190,Gene_115
Gene_190,Gene_116
Gene_190,Gene_117
Gene_190,Gene_118
Gene_190,Gene_119
Gene_190,Gene_120
Gene_190,Gene_121
Gene_190,Gene_122
Gene_190,Gene_123
Gene_190,Gene_124
Gene_190,Gene_125
Gene_190,Gene_126
Gene_190,Gene_128
Gene_190,Gene_129
Gene_190,Gene_130
Gene_190,Gene_131
Gene_190,Gene_132
Gene_190,Gene_133
Gene_190,Gene_134
Gene_190,Gene_136
Gene_190,Gene_137
Gene_190,Gene_139
Gene_190,Gene_140
Gene_190,Gene_142
Gene_190,Gene_144
Gene_190,Gene_145
Gene_190,Gene_146
Gene_190,Gene_147
Gene_190,Gene_148
Gene_190,Gene_149
Gene_190,Gene_150
Gene_190,Gene_151
Gene_190,Gene_152
Gene_190,Gene_153
Gene_190,Gene_154
Gene_190,Gene_155
Gene_190,Gene_156
Gene_190,Gene_157
Gene_190,Gene_158
Gene_190,Gene_160
Gene_190,Gene_161
Gene_190,Gene_163
Gene_190,Gene_167
Gene_190,Gene_168
Gene_190,Gene_169
Gene_190,Gene_173
Gene_190,Gene_175
Gene_190,Gene_176
Gene_190,Gene_177
Gene_190,Gene_178
Gene_190,Gene_179
Gene_190,Gene_181
Gene_190,Gene_182
Gene_190,Gene_187
Gene_190,Gene_189
Gene_190,Gene_191
Gene_190,Gene_192
Gene_190,Gene_193
Gene_190,Gene_194
Gene_190,Gene_195
Gene_190,Gene_196
Gene_190,Gene_197
Gene_190,Gene_200
Gene_191,Gene_0
Gene_191,Gene_1
Gene_191,Gene_2
Gene_191,Gene_3
Gene_191,Gene_4
Gene_191,Gene_5
Gene_191,Gene_6
Gene_191,Gene_7
Gene_191,Gene_10
Gene_191,Gene_11
Gene_191,Gene_12
Gene_191,Gene_13
Gene_191,Gene_14
Gene_191,Gene_15
Gene_191,Gene_16
Gene_191,Gene_17
Gene_191,Gene_18
Gene_191,Gene_20
Gene_191,Gene_22
Gene_191,Gene_23
Gene_191,Gene_24
Gene_191,Gene_25
Gene_191,Gene_26
Gene_191,Gene_27
Gene_191,Gene_28
Gene_191,Gene_30
Gene_191,Gene_34
Gene_191,Gene_36
Gene_191,Gene_37
Gene_191,Gene_38
Gene_191,Gene_40
Gene_191,Gene_41
Gene_191,Gene_42
Gene_191,Gene_43
Gene_191,Gene_45
Gene_191,Gene_46
Gene_191,Gene_47
Gene_191,Gene_48
Gene_191,Gene_49
Gene_191,Gene_50
Gene_191,Gene_52
Gene_191,Gene_53
Gene_191,Gene_54
Gene_191,Gene_55
Gene_191,Gene_56
Gene_191,Gene_58
Gene_191,Gene_59
Gene_191,Gene_60
Gene_191,Gene_61
Gene_191,Gene_62
Gene_191,Gene_63
Gene_191,Gene_64
Gene_191,Gene_65
Gene_191,Gene_68
Gene_191,Gene_69
Gene_191,Gene_70
Gene_191,Gene_71
Gene_191,Gene_73
Gene_191,Gene_74
Gene_191,Gene_75
Gene_191,Gene_76
Gene_191,Gene_77
Gene_191,Gene_79
Gene_191,Gene_80
Gene_191,Gene_81
Gene_191,Gene_82
Gene_191,Gene_85
Gene_191,Gene_86
Gene_191,Gene_87
Gene_191,Gene_88
Gene_191,Gene_89
Gene_191,Gene_90
Gene_191,Gene_91
Gene_191,Gene_93
Gene_191,Gene_95
Gene_191,Gene_96
Gene_191,Gene_98
Gene_191,Gene_99
Gene_191,Gene_100
Gene_191,Gene_102
Gene_191,Gene_103
Gene_191,Gene_104
Gene_191,Gene_105
Gene_191,Gene_106
Gene_191,Gene_108
Gene_191,Gene_109
Gene_191,Gene_110
Gene_191,Gene_111
Gene_191,Gene_113
Gene_191,Gene_114
Gene_191,Gene_115
Gene_191,Gene_116
Gene_191,Gene_117
Gene_191,Gene_118
Gene_191,Gene_120
Gene_191,Gene_121
Gene_191,Gene_122
Gene_191,Gene_123
Gene_191,Gene_124
Gene_191,Gene_125
Gene_191,Gene_126
Gene_191,Gene_127
Gene_191,Gene_128
Gene_191,Gene_129
Gene_191,Gene_130
Gene_191,Gene_131
Gene_191,Gene_132
Gene_191,Gene_133
Gene_191,Gene_134
Gene_191,Gene_136
Gene_191,Gene_138
Gene_191,Gene_139
Gene_191,Gene_140
Gene_191,Gene_141
Gene_191,Gene_143
Gene_191,Gene_144
Gene_191,Gene_145
Gene_191,Gene_146
Gene_191,Gene_147
Gene_191,Gene_148
Gene_191,Gene_149
Gene_191,Gene_150
Gene_191,Gene_151
Gene_191,Gene_152
Gene_191,Gene_154
Gene_191,Gene_155
Gene_191,Gene_156
Gene_191,Gene_158
Gene_191,Gene_160
Gene_191,Gene_162
Gene_191,Gene_163
Gene_191,Gene_164
Gene_191,Gene_165
Gene_191,Gene_167
Gene_191,Gene_168
Gene_191,Gene_169
Gene_191,Gene_170
Gene_191,Gene_171
Gene_191,Gene_172
Gene_191,Gene_173
Gene_191,Gene_174
Gene_191,Gene_175
Gene_191,Gene_177
Gene_191,Gene_179
Gene_191,Gene_180
Gene_191,Gene_181
Gene_191,Gene_182
Gene_191,Gene_183
Gene_191,Gene_184
Gene_191,Gene_185
Gene_191,Gene_186
Gene_191,Gene_187
Gene_191,Gene_190
Gene_191,Gene_191
Gene_191,Gene_192
Gene_191,Gene_193
Gene_191,Gene_194
Gene_191,Gene_195
Gene_191,Gene_196
Gene_191,Gene_197
Gene_191,Gene_198
Gene_191,Gene_199
Gene_192,Gene_0
Gene_192,Gene_2
Gene_192,Gene_4
Gene_192,Gene_7
Gene_192,Gene_8
Gene_192,Gene_9
Gene_192,Gene_10
Gene_192,Gene_11
Gene_192,Gene_12
Gene_192,Gene_13
Gene_192,Gene_14
Gene_192,Gene_15
Gene_192,Gene_16
Gene_192,Gene_17
Gene_192,Gene_18
Gene_192,Gene_19
Gene_192,Gene_20
Gene_192,Gene_21
Gene_192,Gene_22
Gene_192,Gene_27
Gene_192,Gene_28
Gene_192,Gene_29
Gene_192,Gene_30
Gene_192,Gene_32
Gene_192,Gene_33
Gene_192,Gene_34
Gene_192,Gene_35
Gene_192,Gene_36
Gene_192,Gene_37
Gene_192,Gene_38
Gene_192,Gene_39
Gene_192,Gene_40
Gene_192,Gene_41
Gene_192,Gene_42
Gene_192,Gene_43
Gene_192,Gene_44
Gene_192,Gene_45
Gene_192,Gene_48
Gene_192,Gene_49
Gene_192,Gene_50
Gene_192,Gene_51
Gene_192,Gene_53
Gene_192,Gene_54
Gene_192,Gene_55
Gene_192,Gene_56
Gene_192,Gene_57
Gene_192,Gene_58
Gene_192,Gene_60
Gene_192,Gene_61
Gene_192,Gene_63
Gene_192,Gene_64
Gene_192,Gene_65
Gene_192,Gene_66
Gene_192,Gene_67
Gene_192,Gene_69
Gene_192,Gene_70
Gene_192,Gene_72
Gene_192,Gene_73
Gene_192,Gene_76
Gene_192,Gene_78
Gene_192,Gene_79
Gene_192,Gene_80
Gene_192,Gene_81
Gene_192,Gene_83
Gene_192,Gene_84
Gene_192,Gene_85
Gene_192,Gene_86
Gene_192,Gene_87
Gene_192,Gene_88
Gene_192,Gene_89
Gene_192,Gene_91
Gene_192,Gene_92
Gene_192,Gene_93
Gene_192,Gene_94
Gene_192,Gene_95
Gene_192,Gene_97
Gene_192,Gene_98
Gene_192,Gene_99
Gene_192,Gene_100
Gene_192,Gene_101
Gene_192,Gene_102
Gene_192,Gene_103
Gene_192,Gene_104
Gene_192,Gene_105
Gene_192,Gene_106
Gene_192,Gene_107
Gene_192,Gene_108
Gene_192,Gene_109
Gene_192,Gene_110
Gene_192,Gene_112
Gene_192,Gene_113
Gene_192,Gene_114
Gene_192,Gene_115
Gene_192,Gene_116
Gene_192,Gene_117
Gene_192,Gene_118
Gene_192,Gene_119
Gene_192,Gene_121
Gene_192,Gene_122
Gene_192,Gene_123
Gene_192,Gene_125
Gene_192,Gene_126
Gene_192,Gene_128
Gene_192,Gene_129
Gene_192,Gene_131
Gene_192,Gene_133
Gene_192,Gene_134
Gene_192,Gene_135
Gene_192,Gene_136
Gene_192,Gene_137
Gene_192,Gene_140
Gene_192,Gene_142
Gene_192,Gene_144
Gene_192,Gene_145
Gene_192,Gene_147
Gene_192,Gene_148
Gene_192,Gene_149
Gene_192,Gene_151
Gene_192,Gene_152
Gene_192,Gene_153
Gene_192,Gene_154
Gene_192,Gene_156
Gene_192,Gene_157
Gene_192,Gene_158
Gene_192,Gene_159
Gene_192,Gene_161
Gene_192,Gene_162
Gene_192,Gene_163
Gene_192,Gene_164
Gene_192,Gene_165
Gene_192,Gene_166
Gene_192,Gene_167
Gene_192,Gene_168
Gene_192,Gene_169
Gene_192,Gene_171
Gene_192,Gene_173
Gene_192,Gene_174
Gene_192,Gene_175
Gene_192,Gene_176
Gene_192,Gene_178
Gene_192,Gene_179
Gene_192,Gene_180
Gene_192,Gene_181
Gene_192,Gene_182
Gene_192,Gene_184
Gene_192,Gene_185
Gene_192,Gene_186
Gene_192,Gene_188
Gene_192,Gene_189
Gene_192,Gene_191
Gene_192,Gene_192
Gene_192,Gene_193
Gene_192,Gene_195
Gene_192,Gene_196
Gene_192,Gene_197
Gene_192,Gene_198
Gene_192,Gene_199
Gene_192,Gene_200
Gene_193,Gene_0
Gene_193,Gene_2
Gene_193,Gene_3
Gene_193,Gene_4
Gene_193,Gene_5
Gene_193,Gene_7
Gene_193,Gene_8
Gene_193,Gene_9
Gene_193,Gene_10
Gene_193,Gene_11
Gene_193,Gene_12
Gene_193,Gene_14
Gene_193,Gene_15
Gene_193,Gene_16
Gene_193,Gene_17
Gene_193,Gene_18
Gene_193,Gene_19
Gene_193,Gene_21
Gene_193,Gene_22
Gene_193,Gene_23
Gene_193,Gene_24
Gene_193,Gene_25
Gene_193,Gene_26
Gene_193,Gene_27
Gene_193,Gene_28
Gene_193,Gene_31
Gene_193,Gene_32
Gene_193,Gene_33
Gene_193,Gene_35
Gene_193,Gene_36
Gene_193,Gene_37
Gene_193,Gene_39
Gene_193,Gene_41
Gene_193,Gene_44
Gene_193,Gene_45
Gene_193,Gene_46
Gene_193,Gene_47
Gene_193,Gene_48
Gene_193,Gene_49
Gene_193,Gene_50
Gene_193,Gene_51
Gene_193,Gene_53
Gene_193,Gene_54
Gene_193,Gene_55
Gene_193,Gene_56
Gene_193,Gene_57
Gene_193,Gene_58
Gene_193,Gene_59
Gene_193,Gene_60
Gene_193,Gene_61
Gene_193,Gene_62
Gene_193,Gene_63
Gene_193,Gene_65
Gene_193,Gene_66
Gene_193,Gene_67
Gene_193,Gene_68
Gene_193,Gene_69
Gene_193,Gene_70
Gene_193,Gene_71
Gene_193,Gene_72
Gene_193,Gene_73
Gene_193,Gene_75
Gene_193,Gene_76
Gene_193,Gene_77
Gene_193,Gene_78
Gene_193,Gene_80
Gene_193,Gene_81
Gene_193,Gene_82
Gene_193,Gene_83
Gene_193,Gene_84
Gene_193,Gene_85
Gene_193,Gene_86
Gene_193,Gene_87
Gene_193,Gene_88
Gene_193,Gene_89
Gene_193,Gene_90
Gene_193,Gene_93
Gene_193,Gene_94
Gene_193,Gene_95
Gene_193,Gene_96
Gene_193,Gene_97
Gene_193,Gene_98
Gene_193,Gene_101
Gene_193,Gene_102
Gene_193,Gene_103
Gene_193,Gene_105
Gene_193,Gene_106
Gene_193,Gene_107
Gene_193,Gene_108
Gene_193,Gene_109
Gene_193,Gene_110
Gene_193,Gene_111
Gene_193,Gene_112
Gene_193,Gene_114
Gene_193,Gene_115
Gene_193,Gene_116
Gene_193,Gene_117
Gene_193,Gene_118
Gene_193,Gene_119
Gene_193,Gene_120
Gene_193,Gene_121
Gene_193,Gene_122
Gene_193,Gene_123
Gene_193,Gene_124
Gene_193,Gene_125
Gene_193,Gene_126
Gene_193,Gene_127
Gene_193,Gene_128
Gene_193,Gene_129
Gene_193,Gene_130
Gene_193,Gene_132
Gene_193,Gene_133
Gene_193,Gene_134
Gene_193,Gene_135
Gene_193,Gene_136
Gene_193,Gene_137
Gene_193,Gene_138
Gene_193,Gene_139
Gene_193,Gene_140
Gene_193,Gene_141
Gene_193,Gene_142
Gene_193,Gene_144
Gene_193,Gene_146
Gene_193,Gene_147
Gene_193,Gene_148
Gene_193,Gene_149
Gene_193,Gene_150
Gene_193,Gene_151
Gene_193,Gene_152
Gene_193,Gene_153
Gene_193,Gene_154
Gene_193,Gene_155
Gene_193,Gene_156
Gene_193,Gene_157
Gene_193,Gene_158
Gene_193,Gene_159
Gene_193,Gene_160
Gene_193,Gene_161
Gene_193,Gene_162
Gene_193,Gene_163
Gene_193,Gene_164
Gene_193,Gene_166
Gene_193,Gene_167
Gene_193,Gene_168
Gene_193,Gene_170
Gene_193,Gene_171
Gene_193,Gene_172
Gene_193,Gene_173
Gene_193,Gene_175
Gene_193,Gene_176
Gene_193,Gene_178
Gene_193,Gene_179
Gene_193,Gene_183
Gene_193,Gene_184
Gene_193,Gene_186
Gene_193,Gene_187
Gene_193,Gene_188
Gene_193,Gene_189
Gene_193,Gene_191
Gene_193,Gene_192
Gene_193,Gene_193
Gene_193,Gene_194
Gene_193,Gene_195
Gene_193,Gene_196
Gene_193,Gene_197
Gene_193,Gene_198
Gene_193,Gene_200
Gene_194,Gene_0
Gene_194,Gene_1
Gene_194,Gene_4
Gene_194,Gene_5
Gene_194,Gene_7
Gene_194,Gene_8
Gene_194,Gene_10
Gene_194,Gene_11
Gene_194,Gene_12
Gene_194,Gene_13
Gene_194,Gene_14
Gene_194,Gene_15
Gene_194,Gene_16
Gene_194,Gene_17
Gene_194,Gene_19
Gene_194,Gene_20
Gene_194,Gene_21
Gene_194,Gene_22
Gene_194,Gene_23
Gene_194,Gene_24
Gene_194,Gene_25
Gene_194,Gene_26
Gene_194,Gene_27
Gene_194,Gene_28
Gene_194,Gene_29
Gene_194,Gene_31
Gene_194,Gene_32
Gene_194,Gene_33
Gene_194,Gene_34
Gene_194,Gene_35
Gene_194,Gene_37
Gene_194,Gene_38
Gene_194,Gene_39
Gene_194,Gene_41
Gene_194,Gene_42
Gene_194,Gene_43
Gene_194,Gene_44
Gene_194,Gene_45
Gene_194,Gene_46
Gene_194,Gene_47
Gene_194,Gene_49
Gene_194,Gene_50
Gene_194,Gene_51
Gene_194,Gene_52
Gene_194,Gene_53
Gene_194,Gene_54
Gene_194,Gene_56
Gene_194,Gene_57
Gene_194,Gene_59
Gene_194,Gene_60
Gene_194,Gene_61
Gene_194,Gene_62
Gene_194,Gene_63
Gene_194,Gene_64
Gene_194,Gene_65
Gene_194,Gene_67
Gene_194,Gene_68
Gene_194,Gene_69
Gene_194,Gene_70
Gene_194,Gene_71
Gene_194,Gene_72
Gene_194,Gene_73
Gene_194,Gene_75
Gene_194,Gene_76
Gene_194,Gene_77
Gene_194,Gene_78
Gene_194,Gene_79
Gene_194,Gene_80
Gene_194,Gene_81
Gene_194,Gene_85
Gene_194,Gene_86
Gene_194,Gene_87
Gene_194,Gene_88
Gene_194,Gene_89
Gene_194,Gene_91
Gene_194,Gene_92
Gene_194,Gene_93
Gene_194,Gene_94
Gene_194,Gene_95
Gene_194,Gene_97
Gene_194,Gene_99
Gene_194,Gene_101
Gene_194,Gene_102
Gene_194,Gene_103
Gene_194,Gene_105
Gene_194,Gene_106
Gene_194,Gene_107
Gene_194,Gene_108
Gene_194,Gene_109
Gene_194,Gene_111
Gene_194,Gene_113
Gene_194,Gene_115
Gene_194,Gene_117
Gene_194,Gene_118
Gene_194,Gene_120
Gene_194,Gene_121
Gene_194,Gene_122
Gene_194,Gene_123
Gene_194,Gene_124
Gene_194,Gene_125
Gene_194,Gene_126
Gene_194,Gene_127
Gene_194,Gene_128
Gene_194,Gene_129
Gene_194,Gene_130
Gene_194,Gene_131
Gene_194,Gene_132
Gene_194,Gene_133
Gene_194,Gene_134
Gene_194,Gene_136
Gene_194,Gene_137
Gene_194,Gene_138
Gene_194,Gene_139
Gene_194,Gene_140
Gene_194,Gene_141
Gene_194,Gene_142
Gene_194,Gene_143
Gene_194,Gene_144
Gene_194,Gene_145
Gene_194,Gene_146
Gene_194,Gene_147
Gene_194,Gene_150
Gene_194,Gene_151
Gene_194,Gene_152
Gene_194,Gene_153
Gene_194,Gene_154
Gene_194,Gene_155
Gene_194,Gene_158
Gene_194,Gene_159
Gene_194,Gene_161
Gene_194,Gene_162
Gene_194,Gene_163
Gene_194,Gene_165
Gene_194,Gene_168
Gene_194,Gene_170
Gene_194,Gene_171
Gene_194,Gene_174
Gene_194,Gene_175
Gene_194,Gene_176
Gene_194,Gene_177
Gene_194,Gene_178
Gene_194,Gene_179
Gene_194,Gene_181
Gene_194,Gene_182
Gene_194,Gene_184
Gene_194,Gene_185
Gene_194,Gene_186
Gene_194,Gene_188
Gene_194,Gene_190
Gene_194,Gene_191
Gene_194,Gene_192
Gene_194,Gene_193
Gene_194,Gene_194
Gene_194,Gene_196
Gene_194,Gene_197
Gene_194,Gene_198
Gene_194,Gene_199
Gene_194,Gene_200
Gene_195,Gene_0
Gene_195,Gene_1
Gene_195,Gene_2
Gene_195,Gene_3
Gene_195,Gene_4
Gene_195,Gene_5
Gene_195,Gene_6
Gene_195,Gene_8
Gene_195,Gene_9
Gene_195,Gene_10
Gene_195,Gene_11
Gene_195,Gene_12
Gene_195,Gene_13
Gene_195,Gene_14
Gene_195,Gene_15
Gene_195,Gene_16
Gene_195,Gene_19
Gene_195,Gene_20
Gene_195,Gene_21
Gene_195,Gene_22
Gene_195,Gene_23
Gene_195,Gene_24
Gene_195,Gene_25
Gene_195,Gene_26
Gene_195,Gene_27
Gene_195,Gene_28
Gene_195,Gene_29
Gene_195,Gene_32
Gene_195,Gene_33
Gene_195,Gene_34
Gene_195,Gene_35
Gene_195,Gene_36
Gene_195,Gene_37
Gene_195,Gene_38
Gene_195,Gene_39
Gene_195,Gene_41
Gene_195,Gene_42
Gene_195,Gene_44
Gene_195,Gene_45
Gene_195,Gene_48
Gene_195,Gene_49
Gene_195,Gene_50
Gene_195,Gene_51
Gene_195,Gene_53
Gene_195,Gene_54
Gene_195,Gene_56
Gene_195,Gene_57
Gene_195,Gene_58
Gene_195,Gene_59
Gene_195,Gene_60
Gene_195,Gene_61
Gene_195,Gene_62
Gene_195,Gene_63
Gene_195,Gene_65
Gene_195,Gene_66
Gene_195,Gene_67
Gene_195,Gene_68
Gene_195,Gene_71
Gene_195,Gene_72
Gene_195,Gene_74
Gene_195,Gene_75
Gene_195,Gene_77
Gene_195,Gene_78
Gene_195,Gene_79
Gene_195,Gene_80
Gene_195,Gene_81
Gene_195,Gene_84
Gene_195,Gene_85
Gene_195,Gene_86
Gene_195,Gene_87
Gene_195,Gene_88
Gene_195,Gene_89
Gene_195,Gene_90
Gene_195,Gene_91
Gene_195,Gene_92
Gene_195,Gene_93
Gene_195,Gene_94
Gene_195,Gene_95
Gene_195,Gene_96
Gene_195,Gene_97
Gene_195,Gene_99
Gene_195,Gene_101
Gene_195,Gene_102
Gene_195,Gene_103
Gene_195,Gene_104
Gene_195,Gene_107
Gene_195,Gene_109
Gene_195,Gene_110
Gene_195,Gene_111
Gene_195,Gene_112
Gene_195,Gene_113
Gene_195,Gene_115
Gene_195,Gene_116
Gene_195,Gene_117
Gene_195,Gene_118
Gene_195,Gene_120
Gene_195,Gene_121
Gene_195,Gene_122
Gene_195,Gene_124
Gene_195,Gene_125
Gene_195,Gene_126
Gene_195,Gene_127
Gene_195,Gene_129
Gene_195,Gene_130
Gene_195,Gene_133
Gene_195,Gene_134
Gene_195,Gene_135
Gene_195,Gene_136
Gene_195,Gene_137
Gene_195,Gene_138
Gene_195,Gene_140
Gene_195,Gene_141
Gene_195,Gene_142
Gene_195,Gene_144
Gene_195,Gene_145
Gene_195,Gene_147
Gene_195,Gene_148
Gene_195,Gene_149
Gene_195,Gene_150
Gene_195,Gene_151
Gene_195,Gene_153
Gene_195,Gene_154
Gene_195,Gene_155
Gene_195,Gene_156
Gene_195,Gene_157
Gene_195,Gene_158
Gene_195,Gene_159
Gene_195,Gene_161
Gene_195,Gene_162
Gene_195,Gene_164
Gene_195,Gene_165
Gene_195,Gene_166
Gene_195,Gene_167
Gene_195,Gene_168
Gene_195,Gene_169
Gene_195,Gene_170
Gene_195,Gene_171
Gene_195,Gene_172
Gene_195,Gene_173
Gene_195,Gene_174
Gene_195,Gene_175
Gene_195,Gene_176
Gene_195,Gene_177
Gene_195,Gene_178
Gene_195,Gene_179
Gene_195,Gene_180
Gene_195,Gene_181
Gene_195,Gene_182
Gene_195,Gene_183
Gene_195,Gene_184
Gene_195,Gene_185
Gene_195,Gene_186
Gene_195,Gene_187
Gene_195,Gene_188
Gene_195,Gene_189
Gene_195,Gene_190
Gene_195,Gene_191
Gene_195,Gene_193
Gene_195,Gene_194
Gene_195,Gene_196
Gene_195,Gene_197
Gene_195,Gene_198
Gene_195,Gene_200
Gene_196,Gene_0
Gene_196,Gene_1
Gene_196,Gene_2
Gene_196,Gene_3
Gene_196,Gene_4
Gene_196,Gene_5
Gene_196,Gene_6
Gene_196,Gene_7
Gene_196,Gene_9
Gene_196,Gene_12
Gene_196,Gene_13
Gene_196,Gene_14
Gene_196,Gene_15
Gene_196,Gene_16
Gene_196,Gene_19
Gene_196,Gene_21
Gene_196,Gene_22
Gene_196,Gene_24
Gene_196,Gene_25
Gene_196,Gene_26
Gene_196,Gene_27
Gene_196,Gene_28
Gene_196,Gene_29
Gene_196,Gene_30
Gene_196,Gene_31
Gene_196,Gene_32
Gene_196,Gene_33
Gene_196,Gene_34
Gene_196,Gene_35
Gene_196,Gene_36
Gene_196,Gene_37
Gene_196,Gene_38
Gene_196,Gene_39
Gene_196,Gene_40
Gene_196,Gene_41
Gene_196,Gene_43
Gene_196,Gene_46
Gene_196,Gene_47
Gene_196,Gene_48
Gene_196,Gene_49
Gene_196,Gene_50
Gene_196,Gene_51
Gene_196,Gene_54
Gene_196,Gene_55
Gene_196,Gene_56
Gene_196,Gene_57
Gene_196,Gene_58
Gene_196,Gene_59
Gene_196,Gene_63
Gene_196,Gene_64
Gene_196,Gene_65
Gene_196,Gene_67
Gene_196,Gene_68
Gene_196,Gene_70
Gene_196,Gene_71
Gene_196,Gene_72
Gene_196,Gene_73
Gene_196,Gene_74
Gene_196,Gene_75
Gene_196,Gene_77
Gene_196,Gene_78
Gene_196,Gene_79
Gene_196,Gene_80
Gene_196,Gene_81
Gene_196,Gene_82
Gene_196,Gene_83
Gene_196,Gene_84
Gene_196,Gene_86
Gene_196,Gene_87
Gene_196,Gene_88
Gene_196,Gene_89
Gene_196,Gene_91
Gene_196,Gene_92
Gene_196,Gene_93
Gene_196,Gene_94
Gene_196,Gene_95
Gene_196,Gene_96
Gene_196,Gene_97
Gene_196,Gene_98
Gene_196,Gene_99
Gene_196,Gene_100
Gene_196,Gene_101
Gene_196,Gene_102
Gene_196,Gene_104
Gene_196,Gene_105
Gene_196,Gene_106
Gene_196,Gene_107
Gene_196,Gene_108
Gene_196,Gene_109
Gene_196,Gene_113
Gene_196,Gene_114
Gene_196,Gene_115
Gene_196,Gene_116
Gene_196,Gene_118
Gene_196,Gene_119
Gene_196,Gene_122
Gene_196,Gene_123
Gene_196,Gene_126
Gene_196,Gene_127
Gene_196,Gene_128
Gene_196,Gene_130
Gene_196,Gene_133
Gene_196,Gene_137
Gene_196,Gene_139
Gene_196,Gene_140
Gene_196,Gene_141
Gene_196,Gene_143
Gene_196,Gene_144
Gene_196,Gene_145
Gene_196,Gene_146
Gene_196,Gene_147
Gene_196,Gene_148
Gene_196,Gene_149
Gene_196,Gene_150
Gene_196,Gene_151
Gene_196,Gene_152
Gene_196,Gene_153
Gene_196,Gene_154
Gene_196,Gene_156
Gene_196,Gene_157
Gene_196,Gene_158
Gene_196,Gene_159
Gene_196,Gene_160
Gene_196,Gene_161
Gene_196,Gene_163
Gene_196,Gene_164
Gene_196,Gene_165
Gene_196,Gene_167
Gene_196,Gene_168
Gene_196,Gene_169
Gene_196,Gene_170
Gene_196,Gene_171
Gene_196,Gene_172
Gene_196,Gene_174
Gene_196,Gene_176
Gene_196,Gene_177
Gene_196,Gene_179
Gene_196,Gene_181
Gene_196,Gene_182
Gene_196,Gene_184
Gene_196,Gene_185
Gene_196,Gene_186
Gene_196,Gene_187
Gene_196,Gene_188
Gene_196,Gene_189
Gene_196,Gene_190
Gene_196,Gene_192
Gene_196,Gene_193
Gene_196,Gene_195
Gene_196,Gene_196
Gene_196,Gene_197
Gene_196,Gene_198
Gene_196,Gene_199
Gene_196,Gene_200
Gene_197,Gene_1
Gene_197,Gene_2
Gene_197,Gene_3
Gene_197,Gene_4
Gene_197,Gene_6
Gene_197,Gene_8
Gene_197,Gene_10
Gene_197,Gene_11
Gene_197,Gene_14
Gene_197,Gene_16
Gene_197,Gene_18
Gene_197,Gene_20
Gene_197,Gene_22
Gene_197,Gene_23
Gene_197,Gene_24
Gene_197,Gene_25
Gene_197,Gene_26
Gene_197,Gene_27
Gene_197,Gene_30
Gene_197,Gene_31
Gene_197,Gene_32
Gene_197,Gene_33
Gene_197,Gene_34
Gene_197,Gene_36
Gene_197,Gene_37
Gene_197,Gene_38
Gene_197,Gene_39
Gene_197,Gene_41
Gene_197,Gene_42
Gene_197,Gene_43
Gene_197,Gene_44
Gene_197,Gene_45
Gene_197,Gene_46
Gene_197,Gene_47
Gene_197,Gene_48
Gene_197,Gene_49
Gene_197,Gene_50
Gene_197,Gene_51
Gene_197,Gene_53
Gene_197,Gene_54
Gene_197,Gene_55
Gene_197,Gene_56
Gene_197,Gene_57
Gene_197,Gene_58
Gene_197,Gene_59
Gene_197,Gene_61
Gene_197,Gene_62
Gene_197,Gene_63
Gene_197,Gene_64
Gene_197,Gene_66
Gene_197,Gene_67
Gene_197,Gene_68
Gene_197,Gene_69
Gene_197,Gene_70
Gene_197,Gene_71
Gene_197,Gene_72
Gene_197,Gene_73
Gene_197,Gene_74
Gene_197,Gene_75
Gene_197,Gene_78
Gene_197,Gene_79
Gene_197,Gene_80
Gene_197,Gene_81
Gene_197,Gene_82
Gene_197,Gene_84
Gene_197,Gene_85
Gene_197,Gene_86
Gene_197,Gene_87
Gene_197,Gene_88
Gene_197,Gene_89
Gene_197,Gene_90
Gene_197,Gene_91
Gene_197,Gene_93
Gene_197,Gene_94
Gene_197,Gene_95
Gene_197,Gene_97
Gene_197,Gene_98
Gene_197,Gene_99
Gene_197,Gene_100
Gene_197,Gene_101
Gene_197,Gene_102
Gene_197,Gene_103
Gene_197,Gene_104
Gene_197,Gene_105
Gene_197,Gene_106
Gene_197,Gene_107
Gene_197,Gene_109
Gene_197,Gene_111
Gene_197,Gene_112
Gene_197,Gene_113
Gene_197,Gene_114
Gene_197,Gene_115
Gene_197,Gene_116
Gene_197,Gene_117
Gene_197,Gene_118
Gene_197,Gene_119
Gene_197,Gene_121
Gene_197,Gene_122
Gene_197,Gene_123
Gene_197,Gene_124
Gene_197,Gene_125
Gene_197,Gene_126
Gene_197,Gene_127
Gene_197,Gene_129
Gene_197,Gene_130
Gene_197,Gene_131
Gene_197,Gene_133
Gene_197,Gene_134
Gene_197,Gene_135
Gene_197,Gene_136
Gene_197,Gene_137
Gene_197,Gene_138
Gene_197,Gene_139
Gene_197,Gene_140
Gene_197,Gene_141
Gene_197,Gene_142
Gene_197,Gene_143
Gene_197,Gene_145
Gene_197,Gene_146
Gene_197,Gene_147
Gene_197,Gene_148
Gene_197,Gene_152
Gene_197,Gene_153
Gene_197,Gene_155
Gene_197,Gene_157
Gene_197,Gene_158
Gene_197,Gene_160
Gene_197,Gene_161
Gene_197,Gene_162
Gene_197,Gene_163
Gene_197,Gene_164
Gene_197,Gene_165
Gene_197,Gene_167
Gene_197,Gene_169
Gene_197,Gene_170
Gene_197,Gene_171
Gene_197,Gene_174
Gene_197,Gene_175
Gene_197,Gene_177
Gene_197,Gene_179
Gene_197,Gene_180
Gene_197,Gene_183
Gene_197,Gene_184
Gene_197,Gene_185
Gene_197,Gene_187
Gene_197,Gene_189
Gene_197,Gene_190
Gene_197,Gene_191
Gene_197,Gene_193
Gene_197,Gene_194
Gene_197,Gene_195
Gene_197,Gene_196
Gene_197,Gene_197
Gene_197,Gene_199
Gene_197,Gene_200
Gene_198,Gene_0
Gene_198,Gene_2
Gene_198,Gene_3
Gene_198,Gene_4
Gene_198,Gene_5
Gene_198,Gene_7
Gene_198,Gene_8
Gene_198,Gene_9
Gene_198,Gene_10
Gene_198,Gene_11
Gene_198,Gene_13
Gene_198,Gene_14
Gene_198,Gene_17
Gene_198,Gene_18
Gene_198,Gene_20
Gene_198,Gene_21
Gene_198,Gene_22
Gene_198,Gene_23
Gene_198,Gene_24
Gene_198,Gene_25
Gene_198,Gene_26
Gene_198,Gene_27
Gene_198,Gene_28
Gene_198,Gene_29
Gene_198,Gene_31
Gene_198,Gene_32
Gene_198,Gene_33
Gene_198,Gene_34
Gene_198,Gene_36
Gene_198,Gene_37
Gene_198,Gene_38
Gene_198,Gene_39
Gene_198,Gene_40
Gene_198,Gene_42
Gene_198,Gene_43
Gene_198,Gene_44
Gene_198,Gene_45
Gene_198,Gene_46
Gene_198,Gene_47
Gene_198,Gene_48
Gene_198,Gene_49
Gene_198,Gene_50
Gene_198,Gene_53
Gene_198,Gene_54
Gene_198,Gene_55
Gene_198,Gene_56
Gene_198,Gene_57
Gene_198,Gene_58
Gene_198,Gene_59
Gene_198,Gene_60
Gene_198,Gene_61
Gene_198,Gene_62
Gene_198,Gene_63
Gene_198,Gene_64
Gene_198,Gene_67
Gene_198,Gene_68
Gene_198,Gene_70
Gene_198,Gene_71
Gene_198,Gene_72
Gene_198,Gene_73
Gene_198,Gene_74
Gene_198,Gene_75
Gene_198,Gene_77
Gene_198,Gene_78
Gene_198,Gene_79
Gene_198,Gene_81
Gene_198,Gene_82
Gene_198,Gene_83
Gene_198,Gene_84
Gene_198,Gene_86
Gene_198,Gene_88
Gene_198,Gene_89
Gene_198,Gene_90
Gene_198,Gene_92
Gene_198,Gene_93
Gene_198,Gene_94
Gene_198,Gene_95
Gene_198,Gene_96
Gene_198,Gene_98
Gene_198,Gene_99
Gene_198,Gene_100
Gene_198,Gene_101
Gene_198,Gene_102
Gene_198,Gene_103
Gene_198,Gene_105
Gene_198,Gene_106
Gene_198,Gene_107
Gene_198,Gene_108
Gene_198,Gene_109
Gene_198,Gene_110
Gene_198,Gene_111
Gene_198,Gene_112
Gene_198,Gene_113
Gene_198,Gene_114
Gene_198,Gene_115
Gene_198,Gene_116
Gene_198,Gene_117
Gene_198,Gene_120
Gene_198,Gene_121
Gene_198,Gene_122
Gene_198,Gene_123
Gene_198,Gene_125
Gene_198,Gene_126
Gene_198,Gene_127
Gene_198,Gene_128
Gene_198,Gene_129
Gene_198,Gene_130
Gene_198,Gene_131
Gene_198,Gene_132
Gene_198,Gene_133
Gene_198,Gene_134
Gene_198,Gene_136
Gene_198,Gene_137
Gene_198,Gene_138
Gene_198,Gene_140
Gene_198,Gene_143
Gene_198,Gene_144
Gene_198,Gene_145
Gene_198,Gene_146
Gene_198,Gene_147
Gene_198,Gene_148
Gene_198,Gene_152
Gene_198,Gene_153
Gene_198,Gene_154
Gene_198,Gene_155
Gene_198,Gene_157
Gene_198,Gene_158
Gene_198,Gene_159
Gene_198,Gene_160
Gene_198,Gene_161
Gene_198,Gene_162
Gene_198,Gene_165
Gene_198,Gene_167
Gene_198,Gene_168
Gene_198,Gene_169
Gene_198,Gene_172
Gene_198,Gene_173
Gene_198,Gene_174
Gene_198,Gene_176
Gene_198,Gene_177
Gene_198,Gene_178
Gene_198,Gene_180
Gene_198,Gene_181
Gene_198,Gene_182
Gene_198,Gene_183
Gene_198,Gene_184
Gene_198,Gene_185
Gene_198,Gene_188
Gene_198,Gene_189
Gene_198,Gene_190
Gene_198,Gene_191
Gene_198,Gene_192
Gene_198,Gene_193
Gene_198,Gene_195
Gene_198,Gene_196
Gene_198,Gene_197
Gene_198,Gene_198
Gene_198,Gene_199
Gene_198,Gene_200
Gene_199,Gene_0
Gene_199,Gene_1
Gene_199,Gene_2
Gene_199,Gene_4
Gene_199,Gene_6
Gene_199,Gene_7
Gene_199,Gene_8
Gene_199,Gene_12
Gene_199,Gene_14
Gene_199,Gene_16
Gene_199,Gene_17
Gene_199,Gene_18
Gene_199,Gene_19
Gene_199,Gene_20
Gene_199,Gene_21
Gene_199,Gene_22
Gene_199,Gene_24
Gene_199,Gene_25
Gene_199,Gene_27
Gene_199,Gene_30
Gene_199,Gene_31
Gene_199,Gene_32
Gene_199,Gene_33
Gene_199,Gene_34
Gene_199,Gene_35
Gene_199,Gene_36
Gene_199,Gene_37
Gene_199,Gene_38
Gene_199,Gene_40
Gene_199,Gene_41
Gene_199,Gene_43
Gene_199,Gene_44
Gene_199,Gene_45
Gene_199,Gene_48
Gene_199,Gene_49
Gene_199,Gene_50
Gene_199,Gene_51
Gene_199,Gene_52
Gene_199,Gene_53
Gene_199,Gene_54
Gene_199,Gene_55
Gene_199,Gene_56
Gene_199,Gene_57
Gene_199,Gene_58
Gene_199,Gene_59
Gene_199,Gene_60
Gene_199,Gene_62
Gene_199,Gene_63
Gene_199,Gene_64
Gene_199,Gene_65
Gene_199,Gene_66
Gene_199,Gene_67
Gene_199,Gene_68
Gene_199,Gene_69
Gene_199,Gene_70
Gene_199,Gene_71
Gene_199,Gene_72
Gene_199,Gene_73
Gene_199,Gene_74
Gene_199,Gene_75
Gene_199,Gene_76
Gene_199,Gene_77
Gene_199,Gene_79
Gene_199,Gene_80
Gene_199,Gene_81
Gene_199,Gene_82
Gene_199,Gene_83
Gene_199,Gene_84
Gene_199,Gene_85
Gene_199,Gene_86
Gene_199,Gene_87
Gene_199,Gene_89
Gene_199,Gene_92
Gene_199,Gene_93
Gene_199,Gene_94
Gene_199,Gene_95
Gene_199,Gene_97
Gene_199,Gene_99
Gene_199,Gene_100
Gene_199,Gene_101
Gene_199,Gene_104
Gene_199,Gene_105
Gene_199,Gene_107
Gene_199,Gene_108
Gene_199,Gene_110
Gene_199,Gene_111
Gene_199,Gene_112
Gene_199,Gene_113
Gene_199,Gene_114
Gene_199,Gene_115
Gene_199,Gene_118
Gene_199,Gene_119
Gene_199,Gene_120
Gene_199,Gene_121
Gene_199,Gene_122
Gene_199,Gene_123
Gene_199,Gene_124
Gene_199,Gene_125
Gene_199,Gene_127
Gene_199,Gene_130
Gene_199,Gene_132
Gene_199,Gene_135
Gene_199,Gene_136
Gene_199,Gene_137
Gene_199,Gene_138
Gene_199,Gene_140
Gene_199,Gene_142
Gene_199,Gene_143
Gene_199,Gene_144
Gene_199,Gene_145
Gene_199,Gene_148
Gene_199,Gene_149
Gene_199,Gene_150
Gene_199,Gene_152
Gene_199,Gene_153
Gene_199,Gene_154
Gene_199,Gene_156
Gene_199,Gene_158
Gene_199,Gene_159
Gene_199,Gene_161
Gene_199,Gene_162
Gene_199,Gene_163
Gene_199,Gene_164
Gene_199,Gene_168
Gene_199,Gene_169
Gene_199,Gene_170
Gene_199,Gene_172
Gene_199,Gene_175
Gene_199,Gene_176
Gene_199,Gene_177
Gene_199,Gene_179
Gene_199,Gene_180
Gene_199,Gene_181
Gene_199,Gene_182
Gene_199,Gene_183
Gene_199,Gene_184
Gene_199,Gene_185
Gene_199,Gene_186
Gene_199,Gene_187
Gene_199,Gene_188
Gene_199,Gene_189
Gene_199,Gene_191
Gene_199,Gene_192
Gene_199,Gene_193
Gene_199,Gene_194
Gene_199,Gene_195
Gene_199,Gene_196
Gene_199,Gene_197
Gene_199,Gene_198
Gene_199,Gene_200
Gene_200,Gene_0
Gene_200,Gene_1
Gene_200,Gene_2
Gene_200,Gene_3
Gene_200,Gene_4
Gene_200,Gene_5
Gene_200,Gene_7
Gene_200,Gene_8
Gene_200,Gene_9
Gene_200,Gene_10
Gene_200,Gene_11
Gene_200,Gene_12
Gene_200,Gene_14
Gene_200,Gene_16
Gene_200,Gene_17
Gene_200,Gene_19
Gene_200,Gene_20
Gene_200,Gene_22
Gene_200,Gene_23
Gene_200,Gene_24
Gene_200,Gene_25
Gene_200,Gene_26
Gene_200,Gene_27
Gene_200,Gene_28
Gene_200,Gene_29
Gene_200,Gene_30
Gene_200,Gene_31
Gene_200,Gene_32
Gene_200,Gene_33
Gene_200,Gene_34
Gene_200,Gene_35
Gene_200,Gene_36
Gene_200,Gene_37
Gene_200,Gene_38
Gene_200,Gene_39
Gene_200,Gene_40
Gene_200,Gene_44
Gene_200,Gene_45
Gene_200,Gene_46
Gene_200,Gene_47
Gene_200,Gene_48
Gene_200,Gene_49
Gene_200,Gene_50
Gene_200,Gene_51
Gene_200,Gene_52
Gene_200,Gene_53
Gene_200,Gene_54
Gene_200,Gene_56
Gene_200,Gene_57
Gene_200,Gene_59
Gene_200,Gene_60
Gene_200,Gene_61
Gene_200,Gene_63
Gene_200,Gene_64
Gene_200,Gene_65
Gene_200,Gene_68
Gene_200,Gene_70
Gene_200,Gene_71
Gene_200,Gene_72
Gene_200,Gene_73
Gene_200,Gene_74
Gene_200,Gene_76
Gene_200,Gene_77
Gene_200,Gene_78
Gene_200,Gene_81
Gene_200,Gene_82
Gene_200,Gene_83
Gene_200,Gene_84
Gene_200,Gene_85
Gene_200,Gene_86
Gene_200,Gene_87
Gene_200,Gene_88
Gene_200,Gene_89
Gene_200,Gene_91
Gene_200,Gene_92
Gene_200,Gene_94
Gene_200,Gene_95
Gene_200,Gene_96
Gene_200,Gene_98
Gene_200,Gene_100
Gene_200,Gene_101
Gene_200,Gene_103
Gene_200,Gene_104
Gene_200,Gene_105
Gene_200,Gene_106
Gene_200,Gene_108
Gene_200,Gene_109
Gene_200,Gene_110
Gene_200,Gene_111
Gene_200,Gene_113
Gene_200,Gene_114
Gene_200,Gene_115
Gene_200,Gene_116
Gene_200,Gene_117
Gene_200,Gene_118
Gene_200,Gene_119
Gene_200,Gene_120
Gene_200,Gene_121
Gene_200,Gene_122
Gene_200,Gene_123
Gene_200,Gene_124
Gene_200,Gene_126
Gene_200,Gene_127
Gene_200,Gene_128
Gene_200,Gene_129
Gene_200,Gene_131
Gene_200,Gene_132
Gene_200,Gene_133
Gene_200,Gene_135
Gene_200,Gene_136
Gene_200,Gene_137
Gene_200,Gene_138
Gene_200,Gene_139
Gene_200,Gene_140
Gene_200,Gene_141
Gene_200,Gene_142
Gene_200,Gene_143
Gene_200,Gene_147
Gene_200,Gene_149
Gene_200,Gene_150
Gene_200,Gene_151
Gene_200,Gene_152
Gene_200,Gene_153
Gene_200,Gene_154
Gene_200,Gene_155
Gene_200,Gene_156
Gene_200,Gene_157
Gene_200,Gene_158
Gene_200,Gene_160
Gene_200,Gene_161
Gene_200,Gene_162
Gene_200,Gene_163
Gene_200,Gene_164
Gene_200,Gene_165
Gene_200,Gene_167
Gene_200,Gene_169
Gene_200,Gene_171
Gene_200,Gene_172
Gene_200,Gene_174
Gene_200,Gene_175
Gene_200,Gene_176
Gene_200,Gene_177
Gene_200,Gene_178
Gene_200,Gene_179
Gene_200,Gene_180
Gene_200,Gene_181
Gene_200,Gene_182
Gene_200,Gene_183
Gene_200,Gene_184
Gene_200,Gene_185
Gene_200,Gene_186
Gene_200,Gene_187
Gene_200,Gene_189
Gene_200,Gene_191
Gene_200,Gene_192
Gene_200,Gene_193
Gene_200,Gene_194
Gene_200,Gene_195
Gene_200,Gene_196
Gene_200,Gene_197
Gene_200,Gene_198
Gene_200,Gene_199
Gene_200,Gene_200
